tick,t_int,lat,lon,alt,heading,callsign,is_attack,n_sv,cn0_mean,cn0_std,cn0_min,cn0_max,doppler_std,pseudorange_std,error_flag_any,sqm_peak_mean,sqm_peak_std,sqm_asym_mean,sqm_asym_max,sqm_sec_peak_mean,sqm_sec_peak_max,sqm_left_5_mean,sqm_right_5_mean,power_2MHz,power_4MHz,power_8MHz,clock_error_m,clock_drift_mps,position_drift_m,speed_ecef,clock_error_d_dt,Carrier_Doppler_hz_ch0,Carrier_Doppler_hz_ch1,Carrier_Doppler_hz_ch2,Carrier_Doppler_hz_ch3,Carrier_Doppler_hz_ch4,Carrier_Doppler_hz_ch5,Carrier_Doppler_hz_ch6,Carrier_Doppler_hz_ch7,Pseudorange_m_ch0,Pseudorange_m_ch1,Pseudorange_m_ch2,Pseudorange_m_ch3,Pseudorange_m_ch4,Pseudorange_m_ch5,Pseudorange_m_ch6,Pseudorange_m_ch7,Carrier_phase_cycles_ch0,Carrier_phase_cycles_ch1,Carrier_phase_cycles_ch2,Carrier_phase_cycles_ch3,Carrier_phase_cycles_ch4,Carrier_phase_cycles_ch5,Carrier_phase_cycles_ch6,Carrier_phase_cycles_ch7,EC_ch0,EC_ch1,EC_ch2,EC_ch3,EC_ch4,EC_ch5,EC_ch6,EC_ch7,LC_ch0,LC_ch1,LC_ch2,LC_ch3,LC_ch4,LC_ch5,LC_ch6,LC_ch7,PC_ch0,PC_ch1,PC_ch2,PC_ch3,PC_ch4,PC_ch5,PC_ch6,PC_ch7,PIP_ch0,PIP_ch1,PIP_ch2,PIP_ch3,PIP_ch4,PIP_ch5,PIP_ch6,PIP_ch7,PQP_ch0,PQP_ch1,PQP_ch2,PQP_ch3,PQP_ch4,PQP_ch5,PQP_ch6,PQP_ch7,TCD_ch0,TCD_ch1,TCD_ch2,TCD_ch3,TCD_ch4,TCD_ch5,TCD_ch6,TCD_ch7,CN0_ch0,CN0_ch1,CN0_ch2,CN0_ch3,CN0_ch4,CN0_ch5,CN0_ch6,CN0_ch7
0,0,52.165,20.967,9500.0,327.0,LOT283,0,11.0,46.0305,2.8315,41.8363,51.694,90.3885,2.1358,0.0,0.9874,0.0707,0.0171,0.0695,0.4073,0.5196,0.4066,0.4257,-44.7428,-45.0478,-48.4369,-2.7913,-0.2935,1.717,218.2248,-0.3173,-1694.4396,411.0361,-577.5234,1332.5615,795.646,-1999.1174,748.6443,1858.6191,22645053.7043,20694334.3424,21015424.2053,20896055.719,20742684.0193,22341109.7431,23168308.0322,21534193.7212,-113798.7906,-1267761.2044,375973.9756,-1114601.9865,331417.477,1472059.6023,-535207.2641,745771.1392,838.8665,727.6877,900.577,784.4454,833.8703,816.1138,1062.3405,711.2896,768.3795,970.9851,705.8195,722.838,951.918,935.6215,981.4963,838.7771,1585.498,1332.7478,1398.8523,1447.5117,1690.7049,1430.2958,1605.0202,1517.1706,1505.6018,1403.1854,1425.8173,1458.8408,1620.22,1443.0974,1705.8951,1351.7724,-28.0249,-81.8612,-66.8217,-159.0745,-270.4319,-80.0908,137.7501,-184.6143,0.0357,-0.0737,-0.0516,-0.0355,-0.0316,0.0311,-0.091,-0.004,48.9524,43.3861,41.6873,45.0083,44.7183,44.893,47.4339,43.3314
1,1,52.17612,20.95443,9520.0,327.0,LOT283,0,10.0,44.7745,1.9694,40.1831,50.3157,77.0899,2.3863,0.0,0.9933,0.0493,-0.0011,0.1273,0.5197,0.5104,0.396,0.4638,-44.8444,-47.3038,-50.2928,4.0071,-0.2599,1.4111,218.454,0.0739,824.5268,-3474.2026,616.965,1020.6597,1835.3978,-692.9799,-46.9966,-1133.9212,22985597.0559,21785572.7372,20819636.5531,22040779.1085,22167439.4838,24392926.0904,22677843.0609,20521444.4728,-99688.2061,-493065.2268,-421586.1411,602807.2481,482711.7735,1340952.4112,1340301.8752,-137389.7007,789.3106,673.1811,671.3876,879.2577,879.2228,922.7339,646.943,956.7054,860.4063,789.011,697.0614,760.0667,796.5203,944.5602,891.729,706.1427,1308.9001,1432.0781,1428.4729,1449.854,1298.6643,1510.3436,1454.2849,1575.128,1744.6968,1427.7973,1569.0737,1582.0707,1619.5115,1150.1687,1320.3498,1641.7331,-100.6904,175.5936,257.5012,-191.4331,60.1324,138.8529,-209.2329,-67.4167,-0.0621,0.0098,-0.0027,-0.0069,0.0433,0.0638,-0.0078,-0.1247,45.5714,44.4278,42.5261,45.0226,43.3082,49.9979,42.4006,44.3688
2,2,52.18724,20.94186,9539.7,327.0,LOT283,0,10.0,48.3952,1.8192,44.234,52.462,78.9461,1.9763,0.0,1.0012,0.0448,0.014,0.052,0.3703,0.5656,0.4062,0.4356,-42.5899,-46.1185,-48.5303,-3.3415,-0.41,1.7975,223.6195,-0.2233,1803.0342,659.0079,-1980.5268,-2458.598,178.6517,-1355.6657,1327.9714,1434.2509,23909185.7203,23422763.5885,19413851.7134,20544279.3299,23312750.2705,22261273.9896,21325336.3455,21107960.3989,1077309.6303,694887.7493,906554.0939,662403.1955,1760065.7707,881611.1737,-421008.9497,-903824.2722,778.8436,744.7479,756.8256,751.2914,872.2812,785.6046,657.3155,846.7216,857.2559,960.145,839.0077,701.9971,817.8231,660.9938,846.0024,804.4366,1600.0045,1693.4246,1290.7005,1564.8408,1480.6879,1585.0878,1499.8124,1722.75,1779.1463,1440.7742,1726.9178,1120.5675,1548.0658,1794.4553,1575.7222,1267.1048,194.3304,-234.1683,0.5957,37.7381,30.7077,-56.8404,58.2259,-134.78,-0.0516,-0.0171,-0.0387,0.0666,0.0437,-0.0389,-0.0633,0.0594,45.3089,45.9383,46.5827,42.9089,42.6883,46.7195,47.4585,44.5974
3,3,52.19836,20.9293,9559.1,327.0,LOT283,0,11.0,42.8354,2.1737,38.4586,47.7036,84.5556,2.1786,0.0,1.0027,0.0652,-0.0033,0.0375,0.5576,0.5205,0.357,0.4141,-42.3765,-45.5342,-47.3886,-6.5739,0.485,1.649,218.8117,0.1751,-553.3624,1213.5789,2191.3883,-1705.8595,-1906.2494,1420.602,917.4439,278.0308,24762316.2772,21784532.9818,20571996.8819,24547598.6494,22604288.3977,24883056.3281,20326611.6565,22487358.5629,-1069371.9297,636721.4188,-295386.596,-222247.7387,440178.8152,-1116448.7667,-1083568.5948,443977.8175,582.9924,707.7835,978.6435,930.269,954.0154,883.8542,641.9656,575.7201,841.2345,744.8046,817.0127,645.2809,724.3635,828.7975,618.1271,922.0366,1552.238,1526.9248,1542.1192,1283.384,1553.8719,1691.6003,1760.0594,1532.3939,1431.6084,1873.4024,1841.883,1551.3186,1409.9203,1425.1374,1476.4458,1570.8674,-5.4754,-7.3011,163.1638,243.3463,122.91,197.4572,143.8771,72.9386,-0.0384,0.0038,0.057,0.0762,-0.0319,-0.0809,0.0036,0.016,42.8921,45.3901,43.9561,49.4186,44.3428,45.3519,45.9627,45.5678
4,4,52.20948,20.91673,9577.9,327.0,LOT283,0,12.0,45.0544,2.5756,39.5993,49.9511,79.9246,1.3907,0.0,0.9795,0.0536,0.038,0.0693,0.4406,0.5542,0.4066,0.4145,-43.1289,-45.1766,-46.6849,-2.3031,-0.3239,2.0181,217.483,-0.1166,-939.3684,152.5476,630.2004,851.8154,-2757.5115,-24.5378,-2287.4945,-1886.6297,21631977.6095,20715465.8053,22102415.9171,22020573.8158,22301295.2238,24410273.8457,22549788.8571,22184501.986,-632158.6714,111199.8829,-2003827.694,-1547093.0824,689625.5816,358152.8155,923092.305,2144362.4499,795.4218,700.271,884.7642,845.5468,892.7729,1027.6072,686.3394,753.5997,1027.9452,760.8102,828.3297,526.7353,677.1203,855.843,852.737,678.9118,1124.0609,1334.4505,1571.683,1492.5588,1526.4217,1692.2831,1573.7672,1484.2517,1440.0725,1621.1972,1418.5504,1617.3766,1395.8254,1157.804,1704.0864,1479.2413,140.2663,-119.8518,-313.9382,-283.3958,-40.1996,-304.1098,-84.3825,-99.444,-0.0897,0.0413,0.046,0.0149,-0.0458,-0.0912,-0.0307,0.0134,46.9815,42.093,42.6399,43.7659,43.8534,43.3209,50.3253,44.5194
5,5,52.2206,20.90416,9595.9,327.0,LOT283,0,11.0,44.2022,2.5207,38.9338,48.5998,69.5397,2.3994,0.0,0.9939,0.0646,0.0767,0.0617,0.5171,0.6836,0.3345,0.3646,-45.8138,-45.5828,-51.64,-4.9647,0.1939,0.87,224.2515,0.003,1851.1105,448.2413,323.8667,-3568.8689,-18.3801,-993.7638,-1482.66,564.2521,20712146.0535,22251326.7255,21667190.8374,20641679.5711,20561569.9098,21411828.1641,23562669.2614,20829343.203,322508.6838,637494.9535,-205096.2091,-233698.0203,-556554.3032,-122650.8271,852880.7738,-845816.8305,713.0536,796.4971,794.3361,632.7322,785.1604,762.6209,760.0791,752.3689,952.9185,837.4128,649.7178,657.8972,863.9123,791.1095,842.8248,879.1027,1904.9312,1472.1844,1207.7043,1485.855,1465.7333,1583.2226,1474.2085,1729.5233,1490.9677,1384.0472,1393.9423,1371.2016,1524.4076,1549.1649,1812.5871,1356.3019,-58.3574,46.6836,-18.6876,-40.7063,46.6848,312.0912,69.2304,-142.3604,-0.0132,0.0652,-0.0554,0.0995,-0.0646,0.0049,0.0146,-0.0173,48.0857,42.7089,44.2436,46.4061,45.9976,45.2451,47.5866,45.2302
6,6,52.23172,20.89159,9612.9,327.0,LOT283,0,10.0,47.9506,2.7053,43.0538,53.5286,64.366,2.6667,0.0,0.9984,0.041,0.0074,0.1031,0.4286,0.6095,0.3589,0.3827,-42.4916,-46.0346,-49.1708,0.8041,-0.1138,2.9111,220.5707,-0.0261,-1063.4986,34.3273,-383.5571,618.4742,-2714.4356,2544.866,-2244.6539,-675.2993,24297338.8585,21032285.7955,20891326.3345,20109228.4997,22272430.8228,22418042.3605,18315814.0671,21716910.798,980450.9741,-578025.0706,92331.144,-84980.2586,-1194684.6099,-11843.4985,97027.0199,1511462.6514,707.2226,667.8699,748.7304,734.8407,841.5014,678.4683,647.8353,714.1318,743.9715,882.4352,811.9365,611.5911,764.4105,965.2607,916.4309,793.0318,1681.0343,1565.5768,1313.1882,1346.9968,1600.8405,1526.7353,1476.9481,1200.8067,1462.4934,1461.6815,1539.5042,1293.9459,1577.5668,1764.6104,1726.8154,1326.3398,-223.971,-107.9421,301.3659,475.5891,16.5249,-260.6897,58.1271,239.6806,0.0441,0.0436,0.0082,0.0118,0.0488,0.0472,0.0069,-0.0006,42.7573,45.5027,48.8051,44.7135,45.3188,45.0995,44.228,47.3403
7,7,52.24284,20.87903,9628.8,327.0,LOT283,0,12.0,43.6322,2.4359,39.2083,49.1668,76.7092,1.5107,0.0,1.0532,0.0466,-0.0142,0.0666,0.4189,0.5566,0.4484,0.3977,-42.5197,-47.0287,-46.7894,-5.2589,0.3555,1.4534,222.6317,-0.1838,2091.0197,675.3624,512.0646,107.7058,-673.3375,1048.833,-271.2151,1323.7635,20050534.3173,23509553.6157,21299353.4491,21412227.5424,20589867.4288,20244156.2308,22108279.654,22188568.953,-179478.5271,309557.4317,1623803.0163,-876964.8583,264210.6076,-715892.8548,-903934.5637,1030747.6943,931.0376,594.1406,742.3622,941.9318,843.5424,735.7348,768.7773,667.5834,834.2837,672.0451,775.195,1200.3976,870.668,735.3971,801.1401,708.997,1514.5618,1211.2795,1654.046,1457.8424,1520.4397,1553.712,1835.7443,1383.2642,1658.6724,1364.1968,1377.1043,1336.8584,1429.7286,1299.6499,1356.735,1388.4054,-194.6469,-49.4515,208.792,-112.2862,88.3636,147.2442,-2.1218,37.4147,-0.0499,0.052,-0.0214,-0.0879,-0.0655,0.0421,0.0557,-0.0406,45.9171,48.3039,43.9032,44.8681,41.6074,42.7378,44.1856,44.5326
8,8,52.25396,20.86646,9643.5,327.0,LOT283,0,12.0,47.2834,2.3941,42.9623,52.0581,45.1828,1.6704,0.0,0.9937,0.0516,0.0004,0.0568,0.4192,0.5581,0.3862,0.4339,-45.5608,-43.8953,-47.8097,4.1596,0.304,2.9292,220.7678,-0.295,-925.5313,-1136.4893,335.2203,-2434.9026,386.4363,1158.1424,-1063.1859,-1042.0518,22054780.4614,24065248.39,21494904.9625,20785170.1286,22587328.0618,21483309.4031,19248142.067,19963403.0453,841675.6987,42813.1687,-192933.7639,-1810454.245,-1508220.4478,35851.0851,-1365228.8843,1594012.3759,824.2926,811.9741,710.2855,928.3009,822.4299,897.2316,645.4172,804.7771,817.8633,969.8701,831.9697,686.1424,714.8858,668.9941,910.9625,897.4299,1717.7541,1550.322,1742.2365,1658.248,1395.9352,1566.4915,1645.3075,1480.7125,1568.4737,1475.2469,1476.3252,1423.7755,1320.3998,1191.6851,1382.9806,1625.0171,245.4293,115.2121,-191.5473,187.6648,42.9239,-71.085,27.919,-189.9731,0.0069,0.0265,-0.042,0.0472,0.0032,-0.0506,-0.0235,-0.094,44.5554,47.4752,42.8317,47.0208,46.0545,46.2771,44.9593,47.6677
9,9,52.26509,20.85389,9656.7,327.0,LOT283,0,11.0,47.3294,1.9055,43.3063,52.1684,95.5465,1.6271,0.0,1.0309,0.0485,-0.0066,0.1152,0.5104,0.5296,0.4424,0.3802,-45.8935,-44.1888,-47.8413,-0.1516,0.063,0.0219,214.2488,0.0239,435.2675,-2241.2019,-1824.6664,626.8871,-722.5789,-1355.6268,-1871.6398,-1151.8281,21348801.3463,22182606.7479,22202738.8948,22683044.6295,23557866.1783,26229184.4496,24776859.6444,24120892.6333,-183891.0032,-335857.2163,-445806.6962,704039.4169,803793.5962,-772341.5418,-543158.0176,-183881.4967,774.7637,691.0435,875.5037,775.3003,885.9697,820.9204,889.8183,859.1598,723.6578,694.0363,776.6498,1014.8396,836.514,900.4132,686.3588,867.0319,1584.7576,1453.9294,1523.3526,1188.3327,1247.0698,1603.9194,1679.5862,1224.9981,1187.0703,1232.0047,1729.9702,1870.8176,1409.5287,1491.0249,1225.2177,1570.3737,-248.1647,-225.8115,-29.5605,-97.1769,295.4198,-62.3335,175.8518,121.2892,-0.0546,-0.0292,0.0659,0.0618,-0.0268,0.036,-0.0456,0.0639,44.2241,44.3684,45.9894,43.1991,46.1458,44.1062,47.1731,43.0014
10,10,52.27621,20.84132,9668.3,327.0,LOT283,0,10.0,45.246,2.3937,41.024,49.8639,75.5996,2.3061,0.0,1.0307,0.0423,0.0181,0.0926,0.4408,0.5399,0.4223,0.4831,-43.8563,-46.7182,-47.6372,-2.2169,0.1244,0.9009,223.3748,-0.0278,-834.0445,-1714.4118,-666.892,-938.632,391.0608,2955.8732,3130.1565,316.2382,20792319.2541,22502186.013,22780599.1811,24639407.9044,21982265.0462,20880708.9857,20985387.8991,20660024.6852,-753887.0455,-261113.7948,620668.6787,-13049.6551,737442.9945,-89536.5326,1203520.4653,181102.6665,701.2463,665.468,729.1059,888.6075,957.6134,905.6314,870.9658,780.8468,868.5886,732.865,626.6045,818.537,679.9512,685.4976,804.0667,682.1068,1665.748,1430.7765,1411.3124,1692.3521,1625.5444,1630.7316,1285.2595,1461.8662,1566.6056,1789.7519,1468.4473,1598.9879,1517.3132,1434.3855,1603.1878,1468.2808,76.4716,-384.5305,-92.4547,82.4638,216.1593,-294.7144,94.6656,-420.37,-0.0411,0.0274,-0.0213,-0.0783,-0.0871,-0.0552,0.0215,0.1012,46.0058,46.6011,47.6422,44.3711,44.2621,48.189,44.9143,46.0937
11,11,52.28733,20.82875,9678.2,327.0,LOT283,0,12.0,44.8015,2.5315,39.9523,49.3715,98.1268,2.5056,0.0,1.0062,0.0564,0.0427,0.1086,0.4645,0.5032,0.425,0.3797,-44.4299,-47.0782,-50.3425,-0.6454,-0.3118,3.5978,222.7472,-0.2963,-1215.7849,-3505.3821,980.2535,321.3301,-354.8206,2660.6418,-2347.8409,838.3718,24474024.982,22036545.5264,20637746.9321,21781639.903,18987006.9678,21456854.7805,21308355.3986,19989279.6325,372772.2258,1448117.9106,-481831.726,-765736.6704,661347.7548,-878478.7374,549192.7987,155550.8405,823.2258,881.4958,850.9028,838.2819,704.7402,737.6679,960.2569,774.778,858.9156,796.9818,593.302,986.0915,669.3999,700.5147,551.0587,724.5013,1593.1768,1613.3724,1372.3945,1489.2506,1519.4887,1443.8633,1585.614,1778.5241,1509.9603,1240.3625,1323.3125,1254.1436,1401.2211,1245.6285,1574.5795,1600.9625,-2.6148,463.5752,-58.4748,128.0934,-4.9821,86.9632,-118.1498,-8.624,0.0153,0.0162,0.0182,0.02,-0.0534,0.0555,-0.0105,-0.0115,44.9089,45.4263,47.8674,44.1933,46.4409,48.5251,46.7253,47.3485
12,12,52.29845,20.81619,9686.4,327.0,LOT283,0,9.0,45.139,2.7648,39.1879,49.8768,86.8518,2.8434,0.0,1.0101,0.0483,0.0216,0.0691,0.5197,0.4253,0.3784,0.4248,-43.8552,-48.1476,-47.7915,-0.3614,0.481,1.9798,219.1999,-0.2992,-638.2246,-1627.1625,2235.6095,-872.429,-978.3368,-887.5658,528.7197,2586.2751,21709522.3918,20566378.4065,20445566.6219,20642034.0698,20918459.3584,21482265.8425,24514618.8181,23893852.7521,-600312.7571,-35566.1091,-202853.6435,2067979.4847,524451.4593,836649.6963,773885.3244,780216.7338,824.7424,652.6211,810.3356,786.0924,826.2755,893.7658,777.4245,1090.8457,863.5415,817.0532,1045.649,808.7092,801.1926,866.971,765.1354,837.6921,1282.3412,1434.6727,1677.2026,1628.1449,1685.3619,1425.0095,1571.6478,1535.3834,1361.0254,1924.5473,1878.6191,1602.0527,1875.5363,1514.3343,1489.0083,1637.7241,153.0902,177.4649,-292.5479,-138.0054,-479.0721,-470.4211,209.1346,-99.4001,0.0092,-0.0768,-0.0673,-0.0147,0.0782,-0.0008,-0.0561,-0.0046,47.8599,44.8582,45.7717,44.8372,46.5506,45.8336,44.3534,47.6466
13,13,52.30957,20.80362,9692.7,327.0,LOT283,0,9.0,44.7097,3.0589,40.1362,50.068,89.9057,1.5907,0.0,1.0145,0.0433,0.0244,0.0794,0.4694,0.4998,0.4175,0.394,-44.2131,-43.8354,-47.7449,7.0919,-0.0401,3.2726,225.2013,-0.4143,1992.5469,699.4073,-3438.8154,155.3549,-1209.0203,-1449.3624,1146.7248,-836.4899,22586598.8023,21491004.4579,20910272.1758,21514778.8317,22009828.9766,20985509.2573,23787732.7341,20088620.2785,-1269857.3117,733360.65,429170.9878,1800850.9814,81350.6238,38613.8526,252112.6647,935228.0987,846.8516,979.4592,877.4585,851.3728,888.9232,731.3724,686.6772,839.42,811.017,851.2735,780.9427,715.6313,789.6348,875.8373,869.8224,864.686,1824.7815,1595.7895,1461.3473,1518.3459,1429.8526,1654.9404,1493.5543,1437.5599,1596.1011,1385.6981,1385.8219,1578.8421,1456.1235,1275.1319,1770.8228,1335.5359,-177.8236,-413.1666,-19.6813,21.5222,173.5369,15.7497,-257.0185,87.1209,-0.009,-0.0026,-0.0153,0.0839,0.0535,-0.0386,-0.019,0.004,47.5172,46.8051,45.3432,45.3642,43.9929,45.7332,43.1279,44.3767
14,14,52.32069,20.79105,9697.1,327.0,LOT283,0,10.0,42.4868,2.1301,37.0941,46.861,74.5997,1.7961,0.0,1.0377,0.0362,-0.0091,0.1327,0.5303,0.6097,0.3557,0.3548,-45.0224,-45.4404,-48.5508,0.6661,-0.2486,2.2522,219.7081,-0.1562,1060.9524,-2420.9562,-1308.0955,1443.643,-3012.2729,860.6797,2393.6634,-610.585,19019818.343,22868584.0904,22272917.7883,23358063.3014,24474859.4955,21243651.931,21654830.2122,20882267.1558,-16645.037,-974100.5422,607658.3719,-83921.8116,-1231126.2457,469173.3998,-1500691.8346,1255541.9993,761.7718,843.5537,797.5478,882.0684,844.3617,843.3453,730.7351,733.8442,728.9535,850.2792,977.4513,851.4502,655.3263,799.6252,935.0179,811.4533,1518.0909,1621.4436,1445.7793,1631.688,1534.3523,1807.6813,1471.3622,1530.6237,1385.064,1557.2093,1274.8651,1273.7945,1533.077,1509.8456,1512.3956,1553.7031,-82.3443,-374.6153,99.9267,-294.2921,316.0366,-58.4779,-59.7384,7.4901,0.029,-0.0057,0.0625,-0.0693,0.0073,-0.0617,0.0748,-0.0012,46.5246,45.4603,44.6168,46.0215,43.5077,44.0954,45.274,46.2398
15,15,52.33181,20.77848,9699.5,327.0,LOT283,0,9.0,43.8984,2.7293,38.2659,48.4165,92.9331,1.5923,0.0,1.0018,0.0363,0.0098,0.1372,0.5097,0.6018,0.3529,0.3807,-44.3128,-47.3154,-49.4298,-0.8845,0.5119,1.6437,219.7653,0.3995,1141.1684,-1155.5455,-678.9284,-2859.1717,3645.9501,-970.1134,-1378.5691,-831.9724,22560835.947,22696587.9282,24196541.9236,22037487.4441,23242034.5226,22522748.2235,20173701.3236,22014644.1934,-318504.4706,-419616.3542,659229.0901,39445.1698,964335.7507,-630020.7889,-329338.5054,-1257980.7511,783.2443,816.0747,778.9723,857.0031,711.5524,945.3479,823.2037,857.3349,570.3067,701.9332,731.2147,967.063,774.7636,702.183,756.7182,741.3641,1554.383,1415.3358,1894.1668,1524.8407,1439.6877,1649.1259,1505.9429,1464.1255,1890.2941,1700.8065,1155.3901,1445.1298,1287.4346,1358.0251,1460.799,1575.92,510.4289,345.5663,-88.0937,-270.0239,-97.2796,-127.4487,-201.6582,-139.5909,-0.0122,0.0189,0.0257,-0.042,-0.0295,0.0121,-0.0021,-0.0757,42.9259,46.9716,43.2223,45.0297,40.28,44.6023,43.475,44.1445
16,16,52.34293,20.76591,9699.9,327.0,LOT283,0,12.0,44.4768,2.3431,39.3227,48.9259,74.9786,2.7682,0.0,0.9711,0.0719,-0.0024,0.0961,0.4723,0.5351,0.3923,0.4478,-45.7039,-47.7173,-49.8545,-5.2759,-0.1878,1.7744,220.945,0.278,-280.2545,324.187,857.7659,1747.3031,664.169,1420.0202,-6.1575,-296.9372,21852963.7103,23245745.2919,21133608.5203,20811858.3894,21906445.4849,17703228.1307,22223090.8995,18897968.2489,327555.3139,-2486076.4135,1346480.2284,897024.4925,-337961.7584,1734410.4584,628893.1789,1240453.0067,788.8605,815.8033,851.131,651.976,585.4297,821.1323,757.0553,830.1699,826.3611,738.0977,619.947,743.7973,884.7344,913.7955,819.8854,909.402,1466.612,1646.3645,1404.3583,1362.6801,1471.6312,1463.1955,1358.1694,1249.817,1767.1629,1703.0003,1888.7369,1777.2623,1500.8119,1339.8641,1612.7895,1720.5014,-210.589,-81.8344,-26.4649,-316.6659,9.4609,-53.304,-8.946,-123.6053,-0.0469,-0.0446,-0.0347,0.0494,-0.0547,0.0561,0.0546,0.0225,44.588,47.8127,44.303,43.3427,45.1538,46.067,42.6772,42.5382
17,17,52.35405,20.75335,9698.3,327.0,LOT283,0,9.0,45.5719,2.5002,41.1155,50.2216,70.8322,0.9889,0.0,1.0304,0.0212,0.0191,0.0928,0.4802,0.5178,0.3546,0.3799,-43.1294,-44.1875,-46.655,1.9897,-0.3677,0.8422,212.8244,-0.2096,62.072,-1126.5188,-1645.0501,1393.7486,-956.2929,2030.159,1042.9515,32.3327,23107753.0897,23535106.0469,21765253.5721,17776924.5251,21165121.0425,20876943.5292,22948911.4278,18259414.1304,274137.1925,-1410266.0693,440902.7707,1735082.2339,12664.8632,377195.0635,286689.3773,1106697.6526,931.6598,444.1741,889.9659,541.1712,705.1552,864.3134,818.8907,668.4713,931.2824,695.5749,662.469,850.745,802.8005,603.4244,657.0895,762.5893,1558.9732,1824.6009,1780.0157,1435.7981,1428.6555,1512.4928,1559.7007,1297.4806,1582.3831,1642.0839,1478.0143,1287.2266,1424.6965,1635.9934,1439.9556,1279.8538,67.9637,336.0026,-270.5972,-152.9299,-400.2922,-377.0303,-308.8792,-194.0594,0.0589,0.1001,0.0103,0.0399,-0.0285,0.0063,-0.0163,-0.0563,45.5549,44.8956,45.6885,47.2044,42.7759,42.9425,41.7902,40.1163
18,18,52.36517,20.74078,9694.8,327.0,LOT283,0,12.0,44.6044,2.7101,40.4068,50.4739,85.0062,1.7596,0.0,1.013,0.0393,-0.0513,0.1338,0.4459,0.606,0.4231,0.3534,-44.0996,-48.5975,-45.933,-2.6195,0.09,2.6124,219.0509,0.0864,-230.3125,-1904.113,-1330.2444,2278.4372,288.9961,-1738.472,307.3601,-379.6619,22467959.0225,22358419.0945,23467099.3009,21177059.5535,21890501.0193,23154381.8865,21986824.7198,22662000.5206,336896.7226,-1356355.9369,349743.7227,-1201418.6742,-941622.8552,1361336.4378,512540.7336,808176.8066,841.3861,783.2482,687.5297,938.8321,812.0943,691.8047,833.6081,800.9108,768.3188,668.052,872.7689,977.7872,839.8889,718.3331,748.3734,695.7709,1688.7985,1714.5277,1360.9303,1453.8948,1454.6068,1122.4182,1569.0588,1405.8904,1196.9121,1780.5469,962.6998,1653.9338,1019.2375,1530.6545,1555.9328,1533.9799,310.4238,-422.1878,-106.475,-65.1575,226.2458,-180.1829,121.4509,147.9637,-0.0091,0.0215,0.083,-0.0037,-0.0258,0.0314,-0.0053,0.0362,46.0901,42.6825,45.6907,44.175,43.0979,44.0934,46.5151,45.4467
19,19,52.37629,20.72821,9689.3,327.0,LOT283,0,10.0,45.9266,2.0608,41.6772,51.7191,88.6445,2.6805,0.0,1.0157,0.0415,0.0325,0.1159,0.4847,0.5405,0.3992,0.3905,-46.2257,-46.0509,-47.2874,-0.3326,-0.5066,3.7766,230.6102,-0.1695,-852.0826,-1311.838,1044.2148,137.1604,-258.4019,477.6048,762.3674,-869.9698,21415367.2227,22077098.0503,23027798.5174,23349997.5438,22016458.6024,22217240.0746,23509555.7587,21135941.802,1167306.7985,-101752.2056,241954.0521,-545166.0947,-1302643.0699,-1008914.9565,-23783.1002,-400329.0948,1034.0019,754.2185,886.076,1004.9884,808.8149,736.6583,882.3002,791.7109,738.4458,977.8821,727.48,747.8614,787.5194,778.175,882.577,906.8003,1674.5612,1413.1024,1329.7035,1511.8825,1528.794,1409.3535,1516.1196,1473.4374,1752.3748,1643.793,1533.0336,1327.1903,1300.6336,1237.3812,1581.2667,1439.4989,25.0068,16.0794,-60.7732,189.708,146.6589,-375.129,-186.3639,-227.3623,0.0886,-0.0126,0.134,-0.0042,0.0428,0.0669,-0.0291,-0.0389,45.3645,47.0007,44.2845,49.2134,44.3375,43.4439,46.2907,44.0567
20,20,52.38741,20.71564,9681.9,327.0,LOT283,0,11.0,43.8521,1.9873,39.4657,48.667,94.6415,2.4249,0.0,1.0272,0.0677,-0.0157,0.0974,0.5062,0.6283,0.3877,0.3929,-46.3488,-46.3573,-46.114,0.1489,0.2787,1.938,223.4337,-0.2601,-1118.0664,2479.3292,1461.4168,-1471.6411,1567.4734,1579.8176,498.4622,-1383.0419,23423480.8198,24750672.614,24860466.4234,25899529.6003,18498964.8565,23522351.4003,20814940.8499,22647048.7011,1395549.2211,785370.1399,-109619.8758,-1658079.9788,1344289.2986,212974.9351,935297.8532,-790189.8823,830.7487,925.2072,748.3344,752.5005,692.7418,838.6084,662.301,787.8157,770.3716,840.005,775.9818,979.2667,932.4841,784.5013,826.5244,815.6975,1257.9133,1695.537,1589.159,1557.9174,1627.0879,1357.8761,1321.227,1695.9585,1611.2798,1372.2941,1753.5041,1677.2756,1463.3372,1245.8703,1700.1282,1784.2061,354.4012,-18.8836,502.171,-68.3132,125.9078,198.2227,-174.0034,287.7008,-0.0129,0.0138,-0.0233,-0.0092,-0.0417,-0.0032,-0.0055,-0.0567,42.2236,43.2944,45.5924,46.7893,45.1883,43.6976,45.236,43.661
21,21,52.39853,20.70308,9672.6,327.0,LOT283,0,9.0,46.1547,2.5406,41.7832,50.5467,97.6884,1.4725,0.0,1.0042,0.0609,-0.0052,0.1148,0.4835,0.5091,0.4281,0.3861,-46.4237,-45.3915,-49.2088,-1.6338,-0.2511,2.9864,220.7306,-0.0889,-533.3978,1860.2468,-194.5012,-436.3688,-556.0971,-703.1696,753.6436,-1391.667,23302680.7446,22119229.586,20191151.0109,19267925.1385,22401723.5695,20075212.1261,24170748.2452,22218813.3531,1318302.9893,-470640.9226,-624587.7146,-236329.1025,-450663.7256,-648233.4606,1069324.9577,648011.4307,817.7316,755.7015,750.0503,905.6156,832.3606,757.4819,798.4812,917.6527,830.2622,753.9773,742.2138,818.8444,789.4918,827.193,749.7356,876.2316,1588.9648,1283.4792,1496.1386,1319.8635,1286.3909,1432.1639,1615.7881,1248.2135,1376.1248,1324.6241,1167.0874,1497.4398,1647.4041,1304.1989,1521.5335,1300.3773,-258.6776,-241.336,-25.8744,107.744,345.552,-23.7045,214.7257,338.8283,0.0121,-0.0078,-0.0401,0.0238,-0.0849,0.0025,-0.0319,-0.0173,44.2874,47.5221,46.185,41.9535,45.8207,45.0059,46.5227,40.9238
22,22,52.40965,20.69051,9661.7,327.0,LOT283,0,10.0,44.0031,2.2916,39.5473,49.4741,93.5776,1.4585,0.0,1.0116,0.0469,0.0549,0.0349,0.5128,0.5667,0.4027,0.3961,-44.6582,-41.912,-49.647,2.2627,0.1845,2.2416,220.5361,-0.3253,-554.681,1157.5361,1210.2911,-14.4794,-472.1555,4007.3643,514.2816,-878.8779,22497555.0824,23496618.0522,23022508.7184,23476739.2244,22966987.0984,20896364.7518,24497361.0407,22299510.8169,63891.5135,1172597.2652,-507131.6109,-144350.4062,-419934.9128,-285982.8909,161676.8483,754352.3781,837.2242,737.5647,663.2921,931.2912,862.3464,708.7586,824.9565,911.2643,857.8112,918.3058,780.6904,869.6951,628.8416,579.9521,887.7339,732.7667,1897.9516,1483.5,1541.4005,1402.6181,1563.3596,1398.136,1422.1061,1412.0187,1496.9778,1502.5023,1609.3122,1341.1616,1574.177,1495.0489,1689.9992,1009.3364,98.2354,-67.645,153.8178,270.1143,-283.1769,-62.4042,-170.2115,-115.2035,0.1124,0.002,-0.092,0.0252,0.0492,0.0414,0.1262,-0.0551,45.2351,41.9708,45.6626,48.8064,46.5892,46.9634,45.2173,41.272
23,23,52.42077,20.67794,9649.1,327.0,LOT283,0,11.0,44.9535,3.1647,40.1985,49.2841,80.5839,3.1885,0.0,1.0072,0.0652,-0.0269,0.112,0.4248,0.5505,0.4428,0.4061,-44.6021,-46.6714,-47.4765,-2.4184,0.4365,0.6057,219.646,0.1657,501.651,-1087.5859,-17.4595,-502.0154,2905.4108,2950.0483,-1909.3952,62.2449,21431403.7949,21142229.5188,22199064.5518,23458579.768,24273084.2777,21394121.5407,23787473.4398,21637000.3625,-119977.9771,2449312.1604,-211458.4421,406761.6213,-2413371.2893,2457254.9041,850097.1069,785033.0005,814.931,702.5591,804.8399,747.1822,866.0569,981.929,865.0645,701.7294,861.2835,911.2783,680.0264,846.7637,708.1335,957.1371,799.8807,870.9406,1503.4805,1310.3218,1421.301,1813.8123,1501.5053,1382.5421,1628.387,1359.3843,1670.539,1499.1431,1326.2208,1794.287,1616.0496,1337.5585,1763.5735,1380.0828,226.8276,33.6246,64.0893,-153.1507,57.3686,-55.237,-309.5467,43.2529,0.0106,0.0575,0.0443,-0.0276,0.0524,0.013,-0.0606,-0.0567,43.7483,44.1566,47.7677,46.8536,44.308,45.6858,39.9204,48.5034
24,24,52.43189,20.66537,9635.1,327.0,LOT283,0,10.0,44.0669,2.8084,38.4734,49.3966,85.643,2.2022,0.0,1.0003,0.0354,-0.0171,0.0879,0.439,0.5533,0.405,0.3859,-44.7198,-45.8682,-50.3774,4.6784,-0.1698,1.095,222.5415,-0.0687,-3229.1502,81.5508,-1651.0292,1967.4462,2038.6238,-1052.198,-935.3182,-226.7658,22445801.3269,23717662.9141,20491332.0863,22256534.2935,22042361.3915,22492342.3228,21732881.3485,21929232.7526,-243617.6638,1908503.9631,-135464.874,1067174.29,791370.1018,-860438.6248,217151.4229,362389.6237,756.5447,656.3812,1004.0543,864.5879,774.1096,725.201,704.3164,693.7899,851.0652,780.5732,818.7912,738.2502,887.0982,766.7396,803.4301,628.8579,1572.6517,1598.6971,1533.5227,1459.6072,1422.8787,1543.0183,1403.26,1498.7842,1396.2833,1647.7921,1801.7296,1461.9034,1650.1937,1510.5409,1150.4263,1303.5987,208.7956,-210.2538,-135.2074,-162.3939,-197.1172,274.7299,-25.5241,-98.9481,-0.0045,-0.0186,-0.0451,-0.0311,-0.0277,-0.0107,0.0017,0.043,45.0298,49.3313,44.2388,45.5698,46.3786,44.197,45.5661,46.6326
25,25,52.44302,20.6528,9619.7,327.0,LOT283,0,12.0,43.4081,2.7284,39.1756,49.0262,100.9946,2.319,0.0,1.025,0.0386,0.0136,0.1297,0.5058,0.4934,0.3975,0.3727,-47.6619,-44.277,-45.9676,-3.6749,0.1309,1.7721,215.703,0.0683,-443.2311,3076.4027,551.8215,2394.7976,-3079.1072,884.7693,2387.8184,-490.6117,23737693.8163,23068591.4187,22520737.8144,21880811.0766,22955072.1575,22400323.4741,21384165.468,24190096.1728,506506.5493,1023171.537,-922408.4376,592045.9011,1729124.7626,833110.613,1608532.3814,-1066769.8825,994.7212,543.4441,659.3075,786.9445,770.1432,884.5917,724.2712,776.9032,867.567,848.8887,709.44,804.262,769.905,881.5324,782.6924,772.9018,1667.0434,1544.9398,1698.2099,1409.78,1607.4212,1677.0854,1644.0658,1552.8805,1700.4751,1621.8753,1745.2144,1592.4487,1387.5836,1598.8845,1460.5351,1347.3229,-147.9606,-235.1453,253.2393,-26.4704,-110.3985,-161.296,113.8352,-119.3375,0.0275,0.0085,0.0308,-0.1277,0.0141,0.1012,0.0389,0.0302,45.4489,43.3679,45.8942,45.2985,45.0915,45.0278,44.2317,46.5116
26,26,52.45414,20.64024,9603.1,327.0,LOT283,0,12.0,45.4839,2.7586,40.8581,50.4469,76.7121,2.6617,0.0,0.9984,0.0561,-0.0394,0.0857,0.4056,0.5537,0.3432,0.3649,-44.9649,-45.3937,-45.4302,-1.8881,0.4018,1.0184,220.3228,-0.2415,2071.2209,-589.6678,541.7777,-444.9489,-3731.4748,666.7051,-472.5007,-762.7824,21843369.2775,21367299.8978,21833016.0841,21596663.8219,23275502.3242,21522067.8232,24621429.1883,21507190.9383,1234530.567,1187094.593,-89100.4478,-254766.3904,-882021.4677,-257583.1758,213987.3902,-382596.5917,780.3329,686.3321,828.9812,787.1892,1150.0511,715.367,778.3535,911.8025,962.5898,785.6192,886.9711,813.1777,709.611,805.6291,780.4596,783.9861,1488.4438,1183.3096,1494.6699,1538.285,1584.44,1418.4035,1123.7539,1267.5976,1860.9143,1369.8414,1223.5397,1606.1728,1240.6665,1749.0317,1001.0124,1613.4412,38.3499,58.3362,-135.7419,386.4147,82.9977,151.7382,-9.4284,-142.9913,0.0066,-0.0116,0.0277,-0.0484,-0.1106,-0.0257,0.0243,0.0428,43.4018,41.7064,45.0948,46.6659,49.9266,48.6893,44.4001,45.8141
27,27,52.46526,20.62767,9585.5,327.0,LOT283,0,9.0,42.2014,2.4797,37.678,47.3206,80.3482,2.2777,0.0,0.9612,0.0568,0.0843,0.0765,0.4845,0.5546,0.4282,0.4183,-46.2862,-43.8895,-47.7157,2.8529,0.2262,2.7042,222.2082,-0.1213,-1483.4124,-933.9545,-506.1251,-4829.8118,2701.5999,-984.106,371.7084,-238.5292,21778788.4459,24831361.6744,19980383.275,21377879.0422,23165805.611,21155401.7552,23996422.8942,20061863.2913,-1249392.3129,798885.2919,-68275.825,-913975.8792,865050.7367,-1259153.5992,802576.698,-976304.8424,951.9896,799.029,775.1904,790.6161,652.7598,716.6903,927.041,771.7005,724.7363,951.5481,711.7971,991.9335,849.4155,799.736,827.8532,869.94,1499.3667,1561.0039,1413.0393,1672.7193,1091.3082,1430.5795,1253.6039,1443.9693,1098.5085,1519.1742,2020.3581,1613.4078,1824.3974,2130.7658,1474.0692,1603.0731,-226.657,43.135,-54.0295,-258.1336,-84.3692,86.9715,-63.4536,70.4032,-0.0845,-0.0472,0.0229,0.0372,-0.0247,0.0184,0.0203,0.0915,43.9514,45.4395,47.0571,44.3849,45.2744,48.954,42.3403,42.3479
28,28,52.47638,20.6151,9567.0,327.0,LOT283,0,12.0,45.4104,2.9204,39.8711,51.2797,76.683,2.3934,0.0,1.0083,0.0487,0.0021,0.1896,0.4529,0.4899,0.393,0.4455,-45.9374,-44.6776,-49.916,-2.7643,-0.0952,1.754,223.6204,0.1365,71.8788,-349.5521,-124.242,-3634.5524,-2031.1247,1465.6395,4050.4713,-3238.4085,21692298.4908,24109754.5901,20199781.2423,21815509.4538,21870809.2752,22280973.2826,20514420.2786,19410438.2924,217914.8712,176032.4642,-1489784.5997,-202077.3147,-688538.015,580347.9658,456379.8725,526680.0202,887.1229,827.4706,629.9625,857.2988,862.3531,768.0247,951.985,935.1403,658.4257,769.3546,843.2482,618.8499,800.3003,664.1233,771.757,723.8779,1556.3128,1559.2644,1658.3261,1421.7251,1704.1313,1468.5232,1408.4891,1677.571,1234.6802,1501.8634,1618.1013,1511.4898,1215.5442,1279.8597,1528.8837,1859.0203,-34.2427,179.6296,13.8638,145.7362,-224.9594,-96.8025,-53.4828,48.5777,0.0687,0.0189,-0.0867,-0.0542,0.0323,0.0432,-0.0339,-0.0696,46.1818,48.0854,44.7131,45.7139,43.3821,45.3003,45.3638,45.3487
29,29,52.4875,20.60253,9547.8,327.0,LOT283,0,10.0,44.8345,2.9262,40.1574,50.2124,84.5606,2.3988,0.0,0.9876,0.0417,-0.0317,0.1033,0.4296,0.5656,0.3734,0.3975,-47.2469,-46.2492,-48.671,-0.8664,-0.1704,1.0427,217.35,-0.1362,-3130.0562,105.8163,-829.3129,867.933,-1718.5222,-640.2799,-475.5645,919.709,22513181.0742,20766941.4598,22647236.7992,22591175.1134,23620024.2316,23911303.9203,22027824.2697,20100289.4546,-521908.1178,884046.017,-658643.8468,-2400654.5619,-1339568.0379,322917.1754,-360940.8055,226513.3939,798.7622,715.5024,796.0939,901.191,646.3343,893.1971,655.0844,762.6862,1035.2521,750.8069,864.8229,845.4122,867.7005,899.9794,768.5712,830.7957,1643.0811,1400.1774,1370.6136,1680.516,1196.8003,1452.7272,1652.062,1453.0419,1471.1472,1443.5479,1437.5811,1226.7956,1683.1967,1427.4581,1585.4133,1571.2535,465.449,-105.1738,101.0419,120.5122,-1.4435,-99.4158,-8.9183,-116.2691,0.0804,0.029,-0.0467,0.0022,-0.0186,0.0465,-0.0358,-0.0269,46.4122,44.9059,44.0192,43.748,43.5177,44.8958,41.7598,45.8813
30,30,52.49862,20.58996,9528.2,327.0,LOT283,0,9.0,47.4251,2.7978,42.6635,51.7212,66.3154,2.409,0.0,0.9854,0.0457,-0.0309,0.0692,0.4411,0.5329,0.4032,0.402,-45.4176,-46.337,-47.3776,-4.213,0.3859,2.6967,217.4073,-0.257,-1684.6577,116.5962,1789.4977,502.8691,1250.9926,2044.2205,2171.7367,-661.8822,21428514.8695,23275540.6313,22807139.6459,20400546.7023,23156483.0479,21189991.0034,21482142.8398,17932960.913,-948696.3093,1453238.5961,948187.1363,562339.6806,-209040.3557,1318335.0999,562349.2791,26204.5139,777.2873,858.9813,649.0416,886.1619,803.9568,999.2836,650.9432,819.5673,748.5887,902.6653,739.8447,670.8038,880.6099,799.3342,604.624,733.021,1515.6352,1519.4701,1485.3349,1504.9447,1491.694,1416.2008,1368.9376,1411.026,1570.0642,1454.6496,1732.6227,1757.2575,1825.6322,1517.1251,1133.8745,1913.1774,83.7116,-251.8616,-75.7596,10.1384,166.5158,211.0572,278.2033,-134.8263,-0.0762,-0.0119,-0.0231,0.0269,0.0401,0.0401,-0.0045,0.0543,44.3847,45.8999,40.9094,47.1162,43.5387,42.5003,45.251,45.9146
31,31,52.50974,20.5774,9508.3,327.0,LOT283,0,9.0,43.847,2.2521,38.5079,49.2632,72.4013,1.4257,0.0,1.0084,0.0538,0.0071,0.0909,0.455,0.5227,0.4372,0.3817,-44.8026,-48.8346,-50.3549,2.0084,0.0121,2.6327,211.1877,0.0854,1999.1448,-2776.8205,-984.5643,-1015.2282,-402.5062,1316.3573,-250.1701,-1081.567,21487956.7837,21387583.4853,20983002.3351,18554879.1434,19888736.179,22492156.6793,23211702.4047,22552657.9362,596987.0197,-1402.885,-682796.7228,-486711.3811,2568001.1715,-497497.5979,224553.2018,-43217.0389,579.9178,833.6633,756.3565,1105.9822,769.8756,642.1249,649.2559,655.4116,1107.657,698.4767,590.8373,812.1954,673.6766,832.8037,831.1677,972.2107,1624.9666,1332.6036,1643.1424,1266.2786,1362.2333,1357.2733,1327.3239,1514.4506,1405.9454,1649.8802,1151.7868,1618.5576,1242.0687,1399.2721,1625.7442,1560.7217,-249.6485,188.0988,65.6132,238.8559,38.9001,-11.1588,-33.1853,-210.0634,0.0126,-0.0649,-0.0472,0.0237,0.0356,-0.0174,-0.0184,-0.0057,45.5811,48.5904,41.2006,42.2707,43.5078,43.3541,43.8244,44.472
32,32,52.52086,20.56483,9488.3,327.0,LOT283,0,12.0,46.4492,3.0681,40.6805,51.0724,87.2616,0.9144,0.0,1.0,0.0655,-0.0271,0.0665,0.5726,0.5021,0.3988,0.4099,-46.338,-47.5475,-47.5897,-0.055,-0.1092,2.3374,218.7534,0.0905,-845.6288,1072.5237,-1785.0785,2275.5568,-786.2302,546.011,2623.9888,-476.8312,20811743.7977,20463825.4344,19373642.1077,21499270.9873,23625890.8418,21438774.3975,21438677.9228,22634327.9227,-930046.7222,-1786040.5248,-22234.5648,-1018102.9776,187571.6598,-523015.7523,-1436135.9443,438252.5921,977.2147,918.1574,892.9454,627.4922,881.3391,830.226,839.8478,951.8695,889.3437,755.7507,761.271,780.2246,705.1264,599.1369,499.9515,899.5249,1315.7683,1530.6031,1494.1286,1399.1789,1334.0009,1500.6489,1518.1441,1652.5055,1506.2885,1517.541,1474.0949,1344.3915,1356.0718,1423.1439,1402.4382,1570.8308,-152.6728,152.2297,204.8867,-49.8544,-114.0501,-55.7944,267.9821,-192.5214,-0.0529,0.0948,0.0013,-0.1374,-0.0208,-0.0154,0.0529,0.0532,44.5291,44.5334,42.6053,44.3122,44.8797,43.964,44.0761,43.5664
33,33,52.53198,20.55226,9468.5,327.0,LOT283,0,9.0,44.2328,2.7785,38.6334,48.741,84.8313,1.7524,0.0,0.991,0.0543,-0.0143,0.0972,0.4199,0.5489,0.3959,0.3991,-45.3679,-47.2462,-47.4898,1.3426,0.2766,3.2364,230.9188,0.2439,-2287.0164,-1003.7378,1373.1046,2601.3984,211.2994,660.0184,-1132.3517,1650.6354,22076313.3421,20738593.1049,25205506.3638,23729131.3476,20821356.3854,20460205.6092,23519254.5125,23367376.7161,-977770.2526,-670894.9466,805239.5167,425301.9282,256172.1528,-1163662.3914,-1740314.026,957031.2882,760.5701,753.6874,897.1027,794.405,842.1848,732.1298,963.3747,760.5745,841.6386,673.0114,810.8311,836.0545,702.2934,763.1314,936.4271,765.0421,1249.23,1690.6108,1410.227,1613.761,1531.46,1427.4083,1656.4562,1421.6236,1560.8221,1668.7681,1460.9281,1433.8355,1221.0652,1362.0072,1988.8727,1809.9422,-37.5968,208.1819,-143.559,91.4448,-75.2737,252.068,-141.0477,-345.233,0.0484,0.0189,0.0051,-0.0683,0.0171,0.0631,-0.0481,0.0114,46.8118,46.1376,46.8755,45.7139,44.7797,43.466,40.7719,49.8527
34,34,52.5431,20.53969,9448.9,327.0,LOT283,0,11.0,44.5099,2.6111,38.7189,49.2824,64.8198,2.4572,0.0,0.9854,0.04,-0.059,0.1039,0.4334,0.6104,0.3858,0.3978,-46.8954,-44.106,-52.7303,1.9467,-0.3453,1.4497,212.891,0.2759,-833.7568,457.5299,37.1947,-709.0478,-1780.5918,-1049.5841,1721.7097,1795.368,20357349.4113,21409927.4297,21759438.7934,22148484.7684,23140959.8072,21912796.1837,24004919.2305,23697882.4241,292469.9846,-773095.1933,938809.8374,732595.4822,544942.3958,-485822.6441,1224556.2748,-752922.257,855.8514,927.1121,837.7576,825.2539,598.2563,730.8946,868.423,781.2609,694.037,814.7468,927.0864,783.8445,887.8915,738.7412,961.1392,933.1819,1630.9205,1521.5364,1688.2094,1662.2578,1481.4633,1468.1281,1184.0149,1711.341,1344.4668,1652.3737,1416.0518,1316.1067,1696.5591,1496.4949,1641.3553,1479.3937,-161.6972,-166.7638,-17.3348,142.0608,-82.6084,-93.0401,-165.0583,2.1531,0.0158,-0.0514,-0.0815,-0.0141,-0.0178,0.0088,0.0087,-0.1033,44.7969,48.0138,44.1447,47.3252,43.7635,45.2803,43.8514,48.2632
35,35,52.55422,20.52713,9429.8,327.0,LOT283,0,11.0,44.9032,3.3358,39.4091,49.4518,84.2381,1.2052,0.0,0.9764,0.0524,-0.0183,0.1584,0.5022,0.5003,0.3999,0.4697,-44.4578,-44.1248,-48.0004,-3.0264,0.5487,1.3232,220.3006,0.3464,-78.6491,416.5778,-315.9896,722.0602,71.8943,-1092.2061,1226.2503,1877.1533,22129536.6999,24798148.6007,22473473.179,23623069.0309,20470586.6811,26476232.6807,23208064.7695,19643282.0437,2179483.5425,-694400.9163,-2060259.8618,-6472.915,-1183583.9729,-1134373.956,1134134.6069,-519110.9425,723.2527,759.5173,678.9555,836.1264,769.1274,724.5049,884.9801,822.6152,652.9413,757.5174,624.443,952.2314,742.1685,813.1292,663.5285,922.7012,1488.8863,1713.6163,1514.601,1622.9062,1518.6321,1495.7392,1181.8503,1485.8632,968.5168,1474.7754,1760.3843,1401.8965,1597.8724,1681.3798,1454.1747,1710.8994,152.1165,-176.7425,-153.857,177.58,-4.5308,-560.1241,41.6114,-330.8132,0.0037,0.0571,0.0645,-0.0309,0.0139,0.0635,-0.0249,-0.0042,43.2825,40.3838,42.3052,43.4182,46.5422,42.8155,44.9761,45.6651
36,36,52.56534,20.51456,9411.5,327.0,LOT283,0,12.0,46.8061,3.2012,41.6943,51.2005,72.5243,1.9297,0.0,0.9983,0.055,0.0391,0.0787,0.4597,0.6031,0.4276,0.4278,-44.5903,-47.4083,-48.632,1.7227,-0.5447,2.2886,218.5453,0.1907,3696.5101,-332.9004,80.2645,2122.6078,-1675.2964,165.142,-1900.6614,-340.0317,22000717.7052,21071995.4702,21439414.7354,22917227.5956,22616342.7027,20102637.9878,21275866.0593,23004968.7707,-213914.7314,1091591.7409,139286.9722,-78432.7461,188589.5385,1317985.6403,219887.8632,801037.3775,740.5695,771.3689,815.9062,869.2761,824.2916,775.5747,846.6787,856.3899,809.1755,833.5859,949.191,1013.061,1008.2094,703.5222,733.5029,725.1332,1338.1295,1323.7514,1494.556,1325.5475,1321.7383,1353.8136,1696.0616,1690.0063,1526.3345,1938.2632,1301.1061,1293.4018,1822.6397,1715.38,1729.3855,1298.6143,194.5352,178.623,-323.4159,-165.2756,-212.1682,124.9262,18.4238,-57.312,0.0656,0.0605,-0.0301,-0.0339,0.019,-0.0019,-0.0159,0.003,42.3893,45.4885,44.4514,49.1463,44.2063,45.5974,45.6041,41.8054
37,37,52.57646,20.50199,9394.0,327.0,LOT283,0,9.0,45.427,2.2678,41.2082,49.742,65.5553,3.2861,0.0,0.9723,0.0473,0.0437,0.1332,0.3983,0.5511,0.4313,0.4149,-44.7368,-46.5672,-48.7294,1.6346,0.1034,1.3981,221.6922,0.1626,-42.1582,1033.2426,1016.7106,1007.0889,369.2549,1342.2288,2206.6968,2737.8962,22171031.212,25164116.2441,19767661.1795,26182179.0891,22411887.3419,20701288.6584,20439146.2572,20506993.6621,-113591.2969,746622.9797,1109817.4736,511037.2778,-665787.5875,1634635.103,-1706823.2161,-617639.0689,776.7729,837.2383,754.2911,979.9063,730.1317,715.9427,808.7215,717.2552,1031.541,884.5119,921.4315,899.6505,676.9214,840.6704,837.5269,868.9908,1582.4526,1389.7423,1725.5782,1389.7809,1402.8913,1342.5945,1639.1212,1581.1406,1839.9752,1241.7033,1535.1813,1335.0369,1312.0867,1552.4356,1720.8629,1560.554,-54.6609,-341.2783,-50.2443,115.3993,-66.9392,239.8187,-92.2027,-38.2235,0.0103,-0.0083,-0.0512,-0.0866,0.0562,0.0552,0.0681,0.1228,44.1447,43.8636,45.4667,48.6565,45.5683,46.5601,45.8714,51.4832
38,38,52.58758,20.48942,9377.6,327.0,LOT283,0,9.0,44.2745,2.2284,39.5719,49.9091,78.3488,1.2621,0.0,1.0279,0.0501,-0.0207,0.1413,0.408,0.4393,0.3732,0.4206,-45.4028,-44.7509,-50.2939,-2.3255,0.8178,2.3138,222.2807,-0.1059,977.3452,2386.3635,-568.6059,3861.3703,-1197.5369,2987.894,2307.1861,521.0837,22460532.4085,21946224.2102,21393955.564,22090462.722,23297299.1146,21974648.1108,21329001.4212,23664990.272,419736.7935,-17580.4832,-897548.6171,766772.3313,-1000159.6821,1026016.7518,-300147.0149,98219.6724,835.5922,778.9168,659.9702,1072.1998,643.3925,910.0824,721.1587,650.3758,752.9767,732.2594,827.3166,780.2539,884.4372,769.6747,813.8807,981.3574,1574.4837,1602.8341,1686.9336,1535.657,1477.0528,1531.5221,1299.9395,1649.1465,1194.9421,1423.6894,1393.126,1575.2947,1785.5077,1377.3855,1510.5755,1235.8798,90.6038,413.0231,-339.174,-116.1234,88.8719,-138.2574,-140.4068,273.1757,0.0567,-0.0174,-0.0299,-0.0178,-0.0018,-0.0014,0.0385,-0.0448,44.4114,44.8822,45.3859,46.09,42.6735,45.1119,46.2589,44.9513
39,39,52.5987,20.47685,9362.4,327.0,LOT283,0,9.0,45.2585,2.2843,41.2561,49.9221,73.4854,2.3977,0.0,0.9897,0.0613,-0.0169,0.0575,0.4317,0.5732,0.404,0.3848,-43.1042,-47.1151,-50.1182,0.6176,-0.2861,3.0697,217.0826,0.0129,-2747.2402,786.3385,557.0184,732.5675,-2263.1127,286.3816,2723.1174,1767.0614,24652538.0157,21801183.5659,22590329.5169,24314898.4224,20488796.1134,22486107.7476,22846811.0698,19042767.0232,644271.483,-560176.4327,-808691.2151,151525.5311,218668.4589,2334958.0869,-1275004.4113,1457266.4938,840.3184,834.3887,828.3322,778.7573,902.3409,961.9957,916.6898,677.1225,918.834,840.412,789.2734,754.9665,835.1848,703.5206,909.9556,853.3242,1576.7677,1665.0707,1684.8899,1621.5326,1529.8098,1407.8925,1635.9253,1555.5146,1337.7901,1375.3197,1526.8824,1239.9625,1673.5655,1393.7689,1695.4952,1958.2416,-255.3562,100.1793,-337.6866,7.6623,-159.2011,-480.9303,153.607,13.9399,-0.0395,-0.0074,-0.042,0.013,-0.0803,-0.0045,-0.0216,0.0217,45.0835,44.2963,45.4278,42.0433,44.4442,44.5517,47.4433,45.6261
40,40,52.60982,20.46429,9348.6,327.0,LOT283,0,9.0,43.7211,2.6935,39.5674,48.0715,63.4324,2.2308,0.0,0.9895,0.0501,0.0,0.1523,0.3326,0.5997,0.4118,0.3887,-44.5719,-45.6145,-46.103,1.4386,-0.1089,2.9822,222.1722,-0.0004,-1457.5406,-964.9773,-1327.0006,2090.2589,-512.6311,-758.2298,747.9624,-31.3019,26112459.1565,24823911.3113,23642876.4094,23787466.6098,23965683.0806,20990409.1425,24126174.1081,21885904.7092,2043704.1025,1037429.7218,929172.3898,1362791.934,-57354.8635,1012619.7746,530287.6484,284474.3161,980.1319,699.9105,852.17,759.6551,723.9516,763.1252,640.826,825.2419,899.9476,800.9962,858.0973,827.7783,847.6978,767.3819,808.376,803.3399,1716.8149,1362.107,1525.5692,1284.2434,1481.6185,1776.372,1421.1691,1551.7983,1622.914,1519.0783,1571.7664,1423.3431,1391.1875,1561.486,1703.4178,1244.5796,-169.3014,158.8141,423.8166,103.1228,-250.0572,-255.5524,-28.0381,0.5075,-0.0257,-0.0758,-0.0709,0.1073,-0.0845,0.015,-0.0036,0.0217,44.6819,46.3031,42.447,41.077,44.3293,42.3403,44.5792,46.3689
41,41,52.62094,20.45172,9336.3,327.0,LOT283,0,12.0,42.9592,2.3982,37.9802,48.3514,83.7945,1.9593,0.0,0.9636,0.0435,-0.0082,0.0863,0.4039,0.5689,0.3828,0.3641,-45.1817,-45.6732,-47.5553,-2.5627,-0.5337,3.4533,217.2656,-0.0375,-1475.4113,-81.5995,-1531.7403,1306.679,-365.525,-672.4516,-1453.7585,2356.0327,20666477.848,21723814.8863,23490676.2002,19976526.565,23220018.8673,22972149.0964,24701018.1593,21708161.8858,1567920.7846,-321930.7848,400396.2277,-253407.3632,-254510.4338,-859607.9039,-809847.5276,1141206.0036,947.4806,742.8045,705.2251,703.7538,727.8008,808.6578,681.4296,660.058,846.097,769.7738,759.7124,731.0347,768.0431,829.0479,946.4026,830.2028,1270.2528,1432.2432,1471.26,1675.0398,1644.3448,1468.7137,1590.4171,1486.5286,1708.7267,1390.6908,1708.7234,1578.6172,1553.9199,1682.9567,1603.1355,1722.7031,-128.935,-45.4536,-54.9037,-88.9865,272.3937,-413.9591,-393.0619,165.3055,-0.1129,-0.0228,0.0043,-0.0169,0.0425,-0.051,-0.0426,-0.011,43.6726,45.4441,41.8691,45.9992,42.6278,45.9129,44.8795,47.1464
42,42,52.63207,20.43915,9325.7,327.0,LOT283,0,12.0,45.8529,2.5469,40.6221,50.1461,86.2161,2.4781,0.0,1.0291,0.0489,-0.0522,0.1134,0.4723,0.5223,0.4174,0.4164,-45.2296,-45.9724,-52.3572,-5.6742,0.3011,3.0059,217.5281,0.1634,-431.1123,-2629.1303,515.5948,-43.0537,1869.2182,2492.9835,-381.2099,1470.476,23796151.9181,20221438.294,21625206.7222,20616354.2302,21915614.0691,24105004.4377,20951829.8433,20708174.7552,-151920.086,-691573.017,-497173.71,113384.1092,-2643276.0795,-1297264.8567,-315998.2398,951163.5647,814.7526,1000.4746,910.4067,760.4314,921.0596,699.0093,677.4125,874.3365,876.4557,854.3471,856.7045,700.2871,584.2907,852.6765,651.4098,703.5072,1204.219,1582.728,1283.3402,1486.3843,1569.8572,1308.1425,1697.8234,1630.6937,1671.4172,1553.8375,1410.0366,1709.4409,1575.7501,1575.35,1466.4641,1134.7624,-61.9691,-280.3108,-6.1532,-49.27,76.5534,202.5087,-245.5251,105.4776,0.0501,-0.0038,-0.0316,0.0501,-0.028,0.0005,-0.0631,0.1119,43.4295,45.8076,44.8258,45.1549,48.7287,44.8339,47.8519,46.381
43,43,52.64319,20.42658,9316.8,327.0,LOT283,0,10.0,45.0307,2.8604,39.7002,49.0374,74.2494,2.6503,0.0,0.9968,0.0501,0.0655,0.0485,0.4613,0.583,0.3801,0.3565,-46.1697,-43.6163,-47.5858,-1.0219,-0.604,3.6387,221.4943,-0.2485,-46.8268,811.7769,1440.8276,-1941.2954,1407.4894,3457.4095,-1311.4541,-748.0882,22888508.8118,24150231.3975,22830129.8918,23361348.0264,20210535.0995,19468237.4853,20608722.7478,20465715.0386,244204.2548,-667472.9623,760085.921,119556.0194,1454564.7753,-679291.2224,-1640138.8505,479404.1491,959.9122,866.2977,830.9789,653.1656,774.0527,917.8077,845.7674,744.5695,843.6695,945.9664,694.8835,699.4372,690.4372,696.1103,856.5767,671.4371,1629.0952,1492.3362,1520.1456,1257.9112,1573.9012,1516.0793,1669.0763,1427.1822,1484.1506,1560.4912,1612.6143,1642.9438,1629.5356,1648.5311,1409.7298,1881.849,-109.2292,40.4233,-303.88,-24.0413,358.1253,110.4443,422.5669,216.1086,0.0084,0.0272,0.0134,-0.012,0.0946,0.0234,-0.0217,-0.065,44.01,41.8322,43.7579,42.7658,43.4496,45.0178,43.0087,47.285
44,44,52.65431,20.41402,9309.7,327.0,LOT283,0,12.0,45.781,2.0066,40.9139,51.6764,73.9857,2.0568,0.0,1.0022,0.0476,0.0371,0.0733,0.4676,0.5687,0.4351,0.4204,-41.6258,-44.3393,-46.0658,1.0972,0.1736,1.934,219.0117,-0.2716,-1211.8138,1487.9204,-704.6498,1064.517,-283.6868,96.4384,443.1405,1120.2957,22494705.4919,21236285.8299,21274889.0941,23944687.9518,20994755.3622,21571593.5998,21449795.1589,21040863.2108,-1738398.5015,-752904.2726,-669036.811,-216868.5024,-1943669.0303,-1223937.0574,-191586.8443,-74571.3039,815.8558,672.7624,847.7846,721.1072,742.8804,678.0439,653.7064,709.3007,1001.1872,1167.2781,772.8018,820.1393,850.1592,907.4849,740.6863,677.9969,1260.8142,1933.2469,1416.6528,1400.3166,1267.1363,1327.8526,1472.0746,1381.4713,1893.0538,1377.1357,1443.7352,1662.2804,1403.1781,1684.6694,1440.6243,1510.2125,23.341,215.653,428.306,82.7842,179.4504,161.1585,-43.821,197.5388,0.0171,-0.0131,-0.0455,0.0649,-0.1027,-0.062,-0.0491,-0.0823,44.0735,45.2269,42.5281,45.0577,45.1266,48.4647,49.1245,48.4427
45,45,52.66543,20.40145,9304.5,327.0,LOT283,0,10.0,46.1373,2.7584,42.1359,50.7443,92.2924,1.5507,0.0,0.9839,0.0573,0.0214,0.1,0.4323,0.5788,0.3785,0.3702,-45.7413,-43.9243,-44.4529,0.6847,0.0217,2.6455,221.1056,-0.089,-102.3777,342.9948,-2007.1049,-2570.0115,-867.1943,-754.7658,1040.9993,2507.78,22778358.2167,23090953.9437,23821481.5004,21016516.0098,19995848.1765,25022894.3162,22860216.9931,20919266.4119,-1492642.5266,-1174756.87,-1047477.1547,1171731.795,-368051.2394,786350.5313,-1754740.9059,873079.2708,742.365,750.8621,870.093,675.9238,638.2412,948.7864,871.918,795.256,854.1535,731.2495,925.8851,919.8471,812.2312,763.1875,584.9023,885.39,1461.8659,1472.0131,1517.3078,1662.7746,1216.1339,1442.9935,1256.3151,1625.3457,1146.4119,1230.928,1405.7151,1278.298,1434.7377,1353.1796,1419.9372,1650.7803,-203.9112,210.9294,-246.3658,-117.5916,47.1911,-297.5109,113.3797,99.268,-0.0883,0.0055,0.0245,0.0303,0.0182,0.0838,-0.0103,-0.0334,46.5803,45.668,41.8975,42.6877,46.7264,47.819,47.6323,44.1272
46,46,52.67655,20.38888,9301.3,327.0,LOT283,0,12.0,45.3463,2.7642,40.2556,50.601,77.4838,1.7376,0.0,1.0053,0.0421,-0.0147,0.1165,0.495,0.5678,0.46,0.391,-43.2938,-45.2559,-46.1602,2.3475,0.3935,1.5334,220.224,-0.3557,-546.204,1206.1768,273.3619,649.7222,559.8798,2492.1843,-687.0528,61.7882,21169704.8887,23648151.8825,23218661.9579,21066002.7871,22172436.8807,21400480.5876,22919237.3392,21606488.2393,1343314.902,429420.4729,63593.4906,677278.0046,-127142.9073,-312130.2973,-2057842.105,-946728.5263,795.5401,626.8183,790.8768,842.7593,734.1209,853.2145,849.4713,744.8721,877.6217,951.3283,822.1122,801.6002,944.5533,672.8058,770.4031,867.9675,1454.3306,1330.5881,1757.1346,1591.3566,1438.9081,1695.9922,1646.0277,1546.7522,1684.803,1426.4466,1268.8713,1507.3313,1498.9569,1422.2663,1304.5948,1507.8572,-176.34,-76.0899,200.0633,129.123,-8.9796,-38.356,175.0098,-117.0895,-0.0499,0.0719,0.0273,-0.0039,-0.0424,0.0234,-0.0525,-0.096,42.7984,45.2784,44.1064,47.5012,42.3819,48.392,45.2962,46.0004
47,47,52.68767,20.37631,9300.0,327.0,LOT283,0,10.0,45.7466,2.7534,41.4537,50.4409,74.6981,2.2398,0.0,1.046,0.0402,0.0442,0.0624,0.5949,0.5402,0.4038,0.3981,-45.9976,-47.4174,-49.0525,0.151,0.1743,1.9127,213.3525,0.205,354.6293,1734.5711,2819.024,-609.7714,-9.5173,759.476,5.403,-707.3802,21139939.1631,19695099.6084,22000816.3429,20247875.4663,21445313.6649,21627535.3912,22379115.1593,23073592.448,176586.1752,860824.5442,16799.1591,1234302.2259,-208669.9191,-311853.0563,24966.514,217383.3563,891.2634,700.5053,802.8865,755.6487,740.634,839.1771,737.929,750.592,749.5875,709.3556,766.7418,732.4422,820.8453,973.3981,628.4178,854.6077,1675.5894,1628.2109,1639.0877,1531.1955,1565.4685,1381.039,1552.9458,1706.4338,1541.9777,1436.9074,1375.9606,1869.4828,1422.7879,1492.9483,1352.4154,1767.9482,-31.5135,174.5903,-281.0902,52.2667,-245.2106,-426.5656,239.8812,-81.6383,-0.0697,-0.0638,-0.0289,0.0129,0.0283,-0.0654,-0.0522,0.0036,42.0734,39.052,46.4136,39.2616,45.4019,44.9397,45.876,43.1386
48,48,52.69879,20.36374,9300.8,327.0,LOT283,0,11.0,42.9686,2.827,38.1615,48.5379,79.5972,2.5605,0.0,1.0348,0.0312,0.0065,0.0605,0.4011,0.5549,0.4007,0.3733,-45.2303,-46.2009,-48.5222,6.1739,-0.2353,3.867,220.5051,-0.0951,943.5318,285.6533,740.4593,2342.0216,544.7899,-2330.4826,1574.5528,1829.4626,21859111.7411,23290376.3699,22575181.0071,20949348.4956,21729969.5624,21284454.2924,22882587.6203,21215506.628,-254041.5501,-688235.7022,1828858.8248,181579.2168,798107.1746,-1485617.524,-633354.0971,-608831.8389,945.9792,788.2772,788.5868,836.0335,642.5511,758.5944,903.5037,680.0864,723.5999,844.9647,812.9094,806.6287,747.4066,765.2654,834.7678,782.7963,1538.7929,1191.7857,1674.4762,1550.9121,1395.5657,1455.7557,1710.7247,1477.9107,1801.1833,1943.1743,1161.027,1389.4009,1320.714,1241.2169,1389.5609,1068.7094,-141.5528,76.7994,-124.1098,59.7464,-275.7505,322.2756,-27.8614,25.1851,0.0044,-0.0331,-0.0149,0.1208,-0.0069,0.0814,0.0401,-0.0295,39.7521,42.224,46.197,45.4526,45.4036,42.6836,43.8269,44.9175
49,49,52.70991,20.35118,9303.5,327.0,LOT283,0,9.0,45.3829,2.0032,39.3887,50.7364,77.8606,1.7251,0.0,1.0175,0.071,0.0101,0.097,0.4396,0.4974,0.3813,0.3896,-44.0241,-46.9,-46.8576,-1.7533,-0.1126,2.8621,222.9636,0.1353,-1052.1808,289.8599,2405.7136,1818.089,545.8531,502.9698,-3271.8831,562.9171,21706534.6797,23658135.8945,21930539.0443,21989227.408,21838109.0392,19366873.8007,20863030.0757,22539922.0176,166059.2043,552803.8769,-2030582.6975,-731069.3315,120102.9883,838938.4496,1418033.54,-261703.5668,686.6834,789.3688,775.0667,831.8223,719.3936,702.091,909.9986,1001.7576,972.9933,1045.2918,796.8589,739.4605,772.7524,730.9901,767.5128,738.363,1645.0696,1419.2668,1563.7147,1549.1232,1708.7991,1676.3283,1628.479,1555.864,1461.0889,1552.4273,1605.8159,1318.7659,1798.5002,1321.73,1489.9255,1415.718,-473.9913,-72.3773,120.4913,21.5798,52.927,234.8222,105.3524,-78.9577,-0.0231,-0.0913,0.0097,-0.0007,-0.0185,-0.0758,-0.0221,-0.0954,46.8741,43.0285,45.0857,41.8414,45.8843,40.2232,44.1341,47.9038
50,50,52.72103,20.33861,9308.2,327.0,LOT283,0,10.0,44.5992,2.7856,38.8303,49.9965,79.0714,1.7119,0.0,0.9858,0.0442,0.0279,0.1288,0.4672,0.5433,0.4513,0.3955,-45.0288,-46.3289,-48.7836,-1.1036,0.215,1.2884,220.7271,-0.2264,-2247.195,698.7703,1037.3,-1136.6062,83.9519,-428.9761,1404.0096,-244.4786,22930538.8421,22768192.0049,21369581.2327,20013806.0462,21492775.9169,20078280.5506,22394939.5237,20873507.9187,-637376.0962,-819480.1674,376590.8003,182809.3744,-723654.5237,67967.2825,804890.878,2036030.0735,825.9296,633.5004,899.9855,965.965,755.5524,843.182,843.2049,627.2572,856.8758,759.3894,789.1535,837.4206,904.2555,866.3511,757.1152,855.374,1520.0858,1368.6053,1719.759,1526.456,1524.2855,1441.2904,1218.5883,1711.4354,1308.869,1785.3037,1404.8387,1283.0309,1235.5034,1794.7756,1668.878,1251.259,92.6832,314.2724,422.2077,-302.5046,-131.4841,-384.3112,-32.7012,39.2102,0.0295,0.0062,0.0162,0.0568,-0.0006,0.0228,0.0013,-0.072,42.6973,42.6017,42.5189,41.8473,45.6894,45.4944,46.132,44.833
51,51,52.73215,20.32604,9314.8,327.0,LOT283,0,12.0,46.427,2.6998,40.6485,52.0346,60.5112,3.0237,0.0,0.9775,0.0445,0.0386,0.1508,0.4969,0.4999,0.4138,0.4261,-44.9117,-44.9955,-48.8274,3.2564,-0.2163,2.6441,227.3494,0.3204,39.1711,2813.5877,1314.763,820.848,1190.382,427.5569,1199.2602,370.066,20561765.3257,22377294.4706,19721216.742,22520942.2859,23417456.8078,21499296.8484,19379932.462,18151654.7836,-218394.0767,-188563.733,1308436.3104,-475750.2447,-769335.4814,-407926.4337,-212330.2692,-483412.9467,793.8398,834.4026,821.8334,748.3664,581.2068,775.7841,833.1297,809.718,728.5541,787.7197,805.2489,904.8292,968.2543,718.1546,654.8776,833.65,1443.0132,1248.5913,1568.585,1089.7251,1241.4901,1582.1975,1507.1159,1427.0025,1341.0565,1551.0897,1891.2894,1729.8007,1169.9692,1364.639,1622.2815,1593.0476,53.7627,-165.9738,133.1722,85.9137,16.5424,-189.2656,60.0465,-100.8126,0.017,0.0035,-0.0878,-0.0598,-0.0015,0.0318,-0.0428,0.0827,43.6065,45.8829,45.813,47.3268,43.7873,45.2058,44.3657,47.3572
52,52,52.74327,20.31347,9323.3,327.0,LOT283,0,9.0,46.8402,2.4621,42.7599,51.2548,89.9155,2.6144,0.0,0.9983,0.0569,-0.0202,0.1289,0.4668,0.5051,0.4284,0.4134,-44.997,-48.5886,-47.0386,-0.1517,0.0669,2.6955,219.5827,0.2803,-4066.309,-126.6356,2337.6401,-2247.1679,3802.8161,-331.0766,-888.3337,-3586.1196,23838927.1889,20455558.7848,19774549.0205,24311220.5268,24484205.8914,22339720.4665,23242460.6821,21189854.5933,-247209.2193,1372783.3756,19352.7761,-284339.27,303015.1366,34155.2569,-1118599.2736,1082254.0104,845.6717,701.4101,877.5024,672.4798,816.568,865.8361,788.0294,767.2277,839.302,770.9587,930.9904,1008.7587,755.8452,787.8471,740.6661,736.4494,1417.2695,1365.4574,1587.4155,1769.5815,1459.0078,1407.1761,1793.1449,1514.5087,1625.0746,1230.3366,1380.1954,1629.4758,1391.4957,1563.9451,1558.6185,1252.1129,-226.1377,-32.7628,-475.1444,-29.1398,92.176,90.3126,190.2116,-83.9999,0.0009,0.0382,0.1141,0.0007,-0.0717,-0.0137,0.009,0.0777,47.5769,46.9473,46.9685,46.0472,45.8867,45.3107,43.5203,41.066
53,53,52.75439,20.3009,9333.5,327.0,LOT283,0,12.0,46.5064,2.6793,41.3796,51.7227,86.399,2.424,0.0,1.0054,0.027,-0.033,0.0544,0.4823,0.4946,0.3801,0.3757,-43.5938,-48.0631,-46.7568,-0.288,0.4031,2.5528,223.5035,0.0254,672.7156,-541.2376,-1609.7092,-1695.9561,894.8299,-95.3579,-226.5207,1097.571,21278938.9691,21144181.1048,22322177.8929,22236607.9033,22005747.2703,22098128.8546,22277886.4781,21194313.5664,-498222.7839,-432465.4069,828559.139,37224.4961,-77505.5946,-309730.1184,-1712988.236,786343.5327,816.501,894.7804,688.2843,839.256,711.2746,881.0618,785.4542,796.889,772.232,836.6108,909.4078,711.2772,712.6547,519.8417,750.6464,822.0994,1260.4636,1616.3914,1501.5019,1601.2984,1540.6407,1330.2571,1673.0942,1486.5849,1716.4169,1300.385,1410.6221,1464.4156,1309.9673,1357.9424,1556.3433,1584.5542,-142.169,39.296,-195.1992,17.9516,447.3529,-49.1611,-147.6012,290.0016,0.0262,-0.0081,0.0058,0.0062,0.0799,-0.0069,0.001,0.0444,43.2677,44.0614,44.6564,45.9852,42.3827,44.0232,43.659,47.3812
54,54,52.76551,20.28834,9345.4,327.0,LOT283,0,12.0,44.9684,2.6936,39.5609,50.469,84.711,2.0259,0.0,1.0041,0.037,-0.0072,0.0864,0.4495,0.5675,0.4469,0.3762,-45.3619,-43.1099,-49.0743,0.0585,-0.1403,1.8805,219.4818,0.0727,-593.8189,2299.8803,2372.9328,-1490.1131,-1750.2701,-94.6926,-1059.8055,201.8939,22641312.0231,24638619.5448,22269794.1172,21610538.1375,20502540.5544,22997459.3694,22852962.6505,24274340.1647,-402117.3017,-1303399.6297,-938129.8209,-2745177.8406,1256284.5234,-1207444.8597,470154.8172,-2232556.5522,802.2258,746.3404,854.0791,990.8212,902.9978,966.4254,872.3268,714.8256,820.4685,780.4629,855.8275,833.4475,956.5703,702.6065,803.326,763.4276,1606.7501,1506.3573,1311.0814,1493.4294,1397.127,1574.6986,1491.4797,1280.2563,1793.6736,1619.0372,1641.6205,1562.0714,1818.2037,1533.6339,1736.0196,1833.4826,-193.5183,-55.6388,-94.0547,-6.386,12.9258,358.1783,128.1067,40.0156,-0.0464,0.0496,-0.0928,-0.0408,0.0474,-0.0222,-0.1041,-0.069,45.0625,43.7974,42.82,46.1486,46.8704,41.9312,45.7954,44.5343
55,55,52.77663,20.27577,9358.9,327.0,LOT283,0,9.0,43.3325,2.3739,38.179,48.1257,56.2574,1.301,0.0,0.9954,0.028,-0.0633,0.0811,0.5246,0.5395,0.4108,0.379,-43.8176,-46.2539,-48.6407,-2.5238,0.049,2.1982,221.9946,0.2237,-524.7882,1214.6811,-2199.1733,-977.7074,2204.5045,69.9769,1052.2821,2566.9072,21116639.8846,24083671.5731,23680324.6231,22010355.4949,22155431.1393,20696067.5174,21465746.0061,20694485.6278,-1286599.5921,748730.0723,-19794.5028,-2011528.3399,522990.8207,159554.7302,1127520.506,442052.9476,925.9495,941.2844,893.8316,802.887,856.5408,638.4414,774.7969,878.6134,871.1046,826.8264,764.7452,896.8178,866.1969,815.3146,757.3109,763.4552,1601.2604,1488.1912,1381.2769,1503.2219,1484.6966,1556.2965,1479.0652,1658.8607,1566.2993,1642.4721,1622.8233,1627.1797,1372.0223,1794.0972,1213.6545,1614.9901,163.5701,-23.8451,197.8051,244.7283,-69.0885,-312.1031,187.8264,59.4438,-0.0324,0.1745,-0.0051,-0.0087,-0.0756,0.1137,-0.085,0.0276,44.8524,43.1827,42.7964,46.6747,45.9705,44.7435,46.5774,45.163
56,56,52.78775,20.2632,9373.7,327.0,LOT283,0,12.0,44.7011,2.5265,40.3712,49.7914,81.6817,2.5039,0.0,1.0378,0.0394,0.03,0.0966,0.4201,0.5637,0.3577,0.4234,-44.5221,-43.8195,-46.5355,7.2361,0.1368,1.8774,226.7739,0.0754,-1223.714,2151.1154,-1115.7826,735.8318,-447.8542,1186.0588,-510.1867,353.2362,21146098.2466,20403041.2015,20858949.3485,20903340.312,19739225.3551,21958436.1883,21230565.2136,25213225.913,171673.2576,-1189016.072,-360828.6247,-1962.2934,225502.281,947979.8266,-1036274.3558,1725779.738,790.4655,849.7255,662.7212,787.6582,860.5775,815.7008,833.5755,852.9461,963.521,987.03,781.2443,773.6128,672.2846,713.6057,1011.454,670.268,1607.658,1647.6777,1653.3441,1152.8179,1460.5627,1331.0238,1560.7594,1453.1023,1425.7936,1252.5709,1432.1919,1364.6785,1304.7976,1461.6576,1516.0225,1515.2353,2.426,-337.2249,-138.855,-27.337,-40.9375,-34.957,-64.2853,78.4087,-0.0115,0.0516,-0.027,-0.0565,0.1015,-0.0561,0.0382,-0.0526,41.6732,42.1383,41.4895,44.1308,44.6838,43.9015,44.8466,47.3084
57,57,52.79887,20.25063,9389.9,327.0,LOT283,0,9.0,44.4696,2.6819,39.3128,49.161,82.4061,2.2321,0.0,0.9758,0.0513,0.0107,0.0903,0.4261,0.5713,0.3762,0.4029,-46.0196,-45.9134,-48.3236,-2.126,-0.1833,1.5923,218.6393,0.1148,-18.0801,-3098.2045,671.9195,-57.8107,199.4637,-359.0913,-570.5828,-2170.9124,22021709.5653,22685313.8537,24117866.0322,25143194.7577,23386363.6837,23723377.02,21290582.2357,22990787.1425,914651.3469,-887390.6687,-450048.627,205792.946,-297667.2786,-1164928.3975,1426812.3829,-1679709.7729,868.3596,694.5634,827.0563,843.3364,768.1862,875.3485,813.8038,793.6146,844.165,702.9863,951.1382,617.2591,663.5047,764.1179,788.1053,648.1626,1651.0737,1421.5026,1557.0448,1670.2619,1309.9856,1535.7516,1712.1418,1648.3641,1380.9719,1594.9433,1931.7276,1132.6286,1305.0195,1438.5838,1648.9789,1757.1223,-67.7697,100.4542,61.2736,-94.2061,217.3656,-79.2401,57.1019,-150.0338,0.0199,0.0042,0.0653,-0.029,0.0139,0.0272,0.0162,-0.0633,44.4056,43.8806,48.2212,44.7287,48.2468,43.3559,42.4058,43.8001
58,58,52.80999,20.23807,9407.1,327.0,LOT283,0,11.0,47.2802,2.2632,42.0449,51.4946,99.2187,2.3587,0.0,1.0282,0.0389,-0.0905,0.0247,0.5004,0.431,0.3614,0.4381,-44.1747,-45.1339,-51.5222,-3.0619,-0.0139,1.4841,221.4433,0.2207,-2667.7211,410.1785,-1237.5546,-1119.7875,121.0766,-892.8881,105.5424,-246.1596,21495197.1769,20279696.9576,22782239.2731,22906082.7619,19085825.2065,23410111.6872,17869149.4239,20881873.6186,1377211.7687,23025.8871,1756336.0352,1694609.2615,1934622.1752,444643.1565,674128.6561,-275550.2025,827.673,792.6051,644.3236,659.2338,790.8243,742.1515,810.9649,818.7281,796.3098,512.1546,811.8842,891.6198,851.1818,747.0934,864.8757,955.0922,1444.3649,1601.6343,1381.214,1698.7617,1501.2243,1456.9473,1531.1149,1435.6998,1595.9962,1726.5374,2035.5773,1745.4546,1693.9278,1530.3185,1497.5867,1721.6371,29.2105,93.1386,-60.6115,113.0398,231.3701,322.2215,272.0583,-228.4979,0.055,-0.0424,-0.0701,0.0509,-0.0666,-0.0098,0.0756,-0.0149,43.9449,42.8493,44.2325,48.2649,43.9616,47.852,44.1528,46.1709
59,59,52.82112,20.2255,9425.2,327.0,LOT283,0,10.0,43.6774,2.8566,38.656,49.5386,72.4736,2.6872,0.0,0.9596,0.0424,-0.0251,0.1941,0.4631,0.6209,0.4273,0.3937,-44.8909,-47.4258,-45.8933,-0.0901,-0.0972,2.0165,208.3842,-0.2343,383.1978,967.3238,2516.1465,427.7069,-2844.2859,-144.3848,-432.514,-831.6931,21792700.6454,19894180.2286,24718087.0312,23061461.868,22720561.4652,19302498.1704,23281820.4127,21641461.6455,1334769.6437,-890175.3696,-327185.6703,-315366.2765,569537.7593,-286812.045,-249425.1874,-234372.3599,847.838,589.196,790.6494,1002.4337,842.1828,763.4686,832.4071,765.4846,795.1772,997.15,1009.7653,844.6257,777.8111,647.9253,935.0668,806.8108,1537.6817,1589.1837,1196.5825,1510.8493,1660.155,1391.2964,1546.6768,1212.6061,1392.0093,1489.0699,1403.0935,1232.6547,1392.147,1524.6572,1528.3961,1455.4876,-47.5242,-87.4064,386.4731,-33.5586,-284.5608,122.1472,-98.4815,82.0682,-0.0332,-0.0273,-0.0026,-0.0633,0.0197,0.0759,0.0252,-0.0709,47.3334,47.2568,43.9438,42.3154,45.7656,46.1418,43.087,44.9829
60,60,52.83224,20.21293,9444.1,327.0,LOT283,0,10.0,45.7213,2.2191,40.1357,50.9213,93.7806,1.9712,0.0,1.0179,0.0475,0.0481,0.0623,0.4395,0.5632,0.4111,0.3255,-45.1874,-46.0064,-47.7463,-1.4341,0.2411,2.4828,222.6711,-0.1265,-639.9457,-1459.7255,-1040.0951,-443.4605,125.4632,1327.7707,-935.5085,38.1582,20786091.2464,21507166.5987,22933622.3995,22714273.9703,21158869.5521,22448303.2017,22799417.5528,20204864.8919,-409485.9866,195604.3103,19184.1857,-5034.0512,-559663.5445,-749107.1311,-153689.0195,-719705.6927,657.9558,729.4402,708.2721,744.5902,815.4922,739.8348,862.3605,841.8415,637.0579,730.881,756.2028,805.5138,768.2852,674.7932,833.1779,625.7658,1674.7762,1360.915,1580.4905,1630.1513,1694.3305,1619.6109,1555.6963,1522.6287,1192.3988,1441.6107,1795.5708,1601.0213,1317.0222,1737.1569,1671.2712,1620.0892,2.5119,-111.1788,2.1639,193.7159,-29.1856,-282.3331,14.7096,-165.9423,0.0462,0.033,0.0526,-0.0471,-0.009,0.0107,-0.0838,-0.0468,45.4126,44.9304,46.9013,48.2425,45.8596,45.2483,48.0172,40.1051
61,61,52.84336,20.20036,9463.6,327.0,LOT283,0,10.0,43.5076,2.4502,38.6659,49.4841,73.8261,2.0739,0.0,1.0223,0.0497,0.0259,0.1719,0.4209,0.5985,0.3849,0.3955,-44.0357,-49.5051,-50.2528,-4.6418,0.4234,1.1584,220.9608,-0.1636,979.77,-1064.6587,2386.3589,-1805.5252,-619.3184,1041.3919,-1990.1097,-2147.0958,24930148.2418,20934466.0669,21122041.6054,21366830.5863,24077375.7373,20697493.3453,22170798.9977,20538613.2362,-287420.0993,-1741436.3579,-746585.6729,-76913.0876,181168.3,-123269.6858,-1568788.8788,-1483450.9011,1014.6494,755.1941,778.5698,997.7527,996.5384,898.1701,799.1849,729.3231,710.3486,878.6956,762.6194,664.8734,711.3855,899.7972,742.7862,722.4167,1349.7863,1386.8473,1352.7291,1243.7802,1616.432,1307.9091,1297.315,1407.8065,1403.6396,1755.9184,1161.9262,1697.6275,1418.8056,1272.0789,1762.9238,1854.2454,337.3349,19.1053,-168.0319,-27.7716,-82.035,9.1102,-59.0633,-27.5387,0.0615,-0.0466,0.0418,0.0192,0.0624,-0.0254,0.1031,0.0317,42.2253,40.3249,45.3775,46.7599,42.9495,45.9044,49.8434,43.4589
62,62,52.85448,20.18779,9483.4,327.0,LOT283,0,9.0,46.8822,2.8456,42.5113,52.4075,84.495,1.4188,0.0,1.0203,0.0648,0.0736,0.1212,0.4652,0.539,0.3705,0.3783,-44.6792,-46.1581,-49.2818,2.6473,0.2073,0.7749,217.2461,0.1137,-2065.904,-682.4709,-70.7993,1036.4268,848.5774,2265.4727,-757.5958,1270.2939,21915726.0153,20348884.4213,23398086.5071,20348032.9587,20882464.6197,22629195.0739,19935692.5148,23179482.043,-916934.8771,-1810033.4682,-1318336.245,329976.8937,744245.8288,-740781.6172,560836.9063,936650.1167,868.9468,776.0248,723.9408,856.6494,986.1848,854.4197,745.4183,867.3364,888.36,867.5991,954.9068,685.5131,708.5207,842.8651,700.5493,763.0624,1419.487,1336.2388,1201.0194,1583.5499,1356.8542,1425.7282,1343.3384,1495.4261,1527.6799,1494.7644,1805.5693,1572.0496,1332.0119,1245.6583,1688.4439,1338.19,142.2041,102.534,33.1997,125.0857,428.1877,268.3331,-7.253,-90.7447,0.0617,-0.0805,0.0753,0.0332,-0.1127,0.0127,-0.0721,-0.032,43.1576,41.5768,43.8426,43.4962,42.5019,42.4291,42.2301,41.7041
63,63,52.8656,20.17523,9503.4,327.0,LOT283,0,10.0,45.3782,1.9189,40.2061,50.4941,77.9378,1.4317,0.0,1.0285,0.0743,-0.0434,0.1003,0.4563,0.612,0.3879,0.3549,-43.1126,-45.6044,-46.839,0.7066,0.4485,1.1883,224.9596,-0.2674,-171.658,-623.5749,-576.9165,-1332.3066,-295.887,-1452.9311,-820.1627,-1266.7264,22417077.4432,21297394.783,23042484.9674,21146148.9537,21406053.849,21550688.5258,24041236.4016,21486448.6088,1178425.0131,888923.7174,-1783794.9044,973145.9403,365582.9062,-869125.3455,-155883.0203,1429288.0165,796.7185,890.0729,811.9629,814.2468,814.8468,855.3638,832.2765,954.4502,844.406,677.0595,830.7155,867.3129,848.3531,886.5805,896.3493,701.5322,1543.7263,1195.1908,1592.8723,1576.9433,1168.131,1556.0445,1464.6125,1560.1836,1487.5509,1609.5098,1550.0547,1792.615,1551.4122,1351.6976,989.7925,1582.5382,154.7095,68.65,-188.811,-246.1936,-276.6886,107.0011,-353.2421,15.1443,-0.0143,0.046,0.1189,-0.0103,-0.0163,0.1102,-0.0212,0.0894,45.9507,44.4182,45.5419,41.6262,47.7325,41.4352,44.9197,43.8301
64,64,52.87672,20.16266,9523.3,327.0,LOT283,0,12.0,46.6374,2.9026,41.06,51.784,85.0372,1.1413,0.0,0.9854,0.043,-0.0239,0.0755,0.4586,0.5295,0.3846,0.3606,-44.059,-48.8744,-48.9884,4.2476,-0.0298,2.3552,214.532,-0.2175,1030.3183,-623.8346,2187.3465,-1195.5486,539.0453,120.8684,-425.9725,1892.3525,23820193.4146,21726525.1338,23338263.2283,20909973.6231,23226480.9082,21971829.3717,23104190.954,22780277.1871,-671468.1848,217020.752,736102.6678,377309.0714,35124.2416,-900469.6442,-810457.7514,-755558.7836,809.8492,915.9856,791.1134,842.3692,636.254,694.3117,627.2209,842.32,857.0228,858.7966,735.2163,869.9817,866.0466,912.1993,624.0084,1051.6514,1751.9335,1486.6874,1551.9503,1369.9081,1407.2454,1738.1567,1472.9266,1373.9622,1328.592,1248.1796,1451.0807,1181.3949,1371.8257,1795.7197,1488.8279,1623.9767,126.6779,436.1842,-132.7849,-0.6115,11.1746,-203.0591,-148.8776,124.4901,0.0549,-0.0268,-0.0129,0.0127,-0.0421,0.0586,0.0298,-0.0552,43.6706,43.0908,46.5899,42.212,45.9569,42.6573,46.4556,43.8554
65,65,52.88784,20.15009,9543.0,327.0,LOT283,0,10.0,44.6457,3.1226,39.7718,50.4157,85.9537,1.5607,0.0,1.0099,0.0633,-0.0039,0.0721,0.4587,0.6201,0.4128,0.4235,-44.2964,-46.382,-48.6376,1.8795,-0.2893,2.8934,213.9847,0.0367,1750.5572,1190.871,-2504.3516,710.7751,-106.068,-1230.5071,-266.9009,335.9726,21206127.1201,24449486.2933,22024333.4518,19569604.7086,23931079.9839,21422130.7247,21202530.6615,20274087.0254,-306449.8358,-349952.3439,-1082061.9463,891541.9547,-633112.4232,-101104.1517,1124962.9709,1061966.5927,698.6893,832.6488,728.4245,592.3146,944.9931,957.1804,907.1333,858.5704,798.5322,566.0984,592.0849,877.0395,955.0638,778.4876,709.0577,869.1256,1552.4283,1514.0761,1500.3158,1357.3262,1337.5099,1402.5185,1752.5175,1391.4035,1465.0864,1327.6212,1577.974,1224.9415,1365.2064,1568.7054,1651.985,1224.4516,-299.2983,-240.3063,140.4945,-133.4626,-158.2593,249.8439,-307.782,-227.5487,0.0325,-0.1054,-0.0203,0.0042,0.0143,0.0075,0.0077,-0.0866,46.4402,45.8664,47.4831,45.265,46.0413,47.515,43.2561,42.5603
66,66,52.89896,20.13752,9562.3,327.0,LOT283,0,11.0,46.1999,2.7743,42.0404,50.8246,78.9635,1.7526,0.0,0.9914,0.0499,0.022,0.1136,0.5021,0.5338,0.4073,0.4592,-46.9947,-46.0533,-48.3126,8.2555,0.1487,1.189,217.7567,-0.0152,1772.413,1044.4212,-2003.9795,1089.7249,784.8137,466.8832,-1579.8273,1140.7676,22346259.4705,21101048.3929,21713151.7612,23574177.4044,21609200.7898,21653722.9797,20531076.8209,23747203.5311,-1211478.1167,242108.0874,1133986.4902,517225.4151,-770744.5505,160999.1825,-97270.9774,-1254384.2033,737.1336,865.6527,968.2753,581.9583,784.4473,876.0921,835.2299,674.2258,693.9788,779.8779,822.9987,722.6707,842.2507,814.1074,718.1484,737.9974,1491.9614,1724.7251,1537.301,1340.3366,1423.3771,1625.7392,1682.2596,1552.5989,1522.0009,1279.5462,1253.7749,1294.1498,1433.4441,1315.3006,1399.6659,1536.5564,-173.8908,102.1699,-15.2324,-380.8928,84.2734,-65.1981,-196.0929,-334.4671,0.0397,0.0756,-0.0478,-0.0201,-0.0231,0.0503,0.0861,-0.0543,47.8416,44.3723,46.1678,44.6634,46.0108,44.2209,45.6316,49.0233
67,67,52.91008,20.12495,9581.0,327.0,LOT283,0,11.0,44.851,2.8539,39.8206,49.4896,73.4215,1.2449,0.0,0.9952,0.0516,-0.0424,0.1131,0.4667,0.5298,0.4487,0.4672,-45.7627,-47.7734,-45.2808,2.3486,-0.3124,2.4292,222.8715,-0.1962,878.186,3094.0609,639.2182,579.0171,4391.8772,1519.2133,566.1344,99.68,22601446.5153,21749143.4625,21224572.3239,20330319.2236,24182117.9932,20635474.5443,22680554.4139,22726897.044,1502512.7613,-76673.4504,3546545.3019,686335.5072,-401712.5614,-1178134.9895,1861960.1646,-1162371.6131,898.0631,754.155,686.2234,723.1308,765.2902,858.0128,667.5792,792.8061,841.1693,758.8193,805.3849,814.7346,939.1578,830.85,806.7325,698.7544,1474.0702,1531.1289,1644.4971,1558.7454,1367.5704,1529.7307,1749.8073,1573.7538,1429.7012,1549.5175,1779.969,1561.0562,1341.6697,1355.2806,1601.3319,1935.9643,-224.7726,132.752,206.8151,-103.4024,-21.1265,-32.3309,-213.768,171.6522,0.0833,0.0363,-0.0462,0.0334,-0.0161,-0.0135,0.013,-0.0943,44.6803,45.8328,45.8693,46.0552,45.5983,44.343,43.9011,43.3902
68,68,52.9212,20.11239,9598.8,327.0,LOT283,0,11.0,45.004,2.2977,39.9919,50.0685,68.6294,1.8176,0.0,0.997,0.0586,0.0067,0.1454,0.4339,0.5667,0.3554,0.3707,-48.1198,-43.3156,-50.7057,6.5115,-0.0512,2.2229,217.7291,0.1166,-413.6688,2757.5018,37.7383,730.4539,-1732.3229,1330.3971,776.7428,-1727.4001,21675901.3389,19740731.9042,21968804.3254,20612794.2512,20656911.9148,20291721.587,17526047.3669,23610548.2084,-966963.975,383905.304,582570.2308,-1328483.3317,-2828906.9066,-127880.2089,1260695.0244,465126.0093,811.4681,977.3445,815.8907,744.4479,831.284,956.0523,892.0452,738.8667,736.3401,813.5799,973.6892,752.5422,827.3289,1050.4688,881.6175,738.2177,1549.6773,1553.4561,1527.5653,1587.1839,1615.1771,1494.2321,1725.783,1566.2383,1504.6673,1607.9067,1367.7249,1227.5306,1328.4432,1572.2964,1609.0764,1283.0382,419.8847,88.4002,-9.947,165.3584,-244.7634,-17.104,-276.0788,71.5566,0.022,-0.0031,0.0887,0.0011,-0.0131,0.0174,0.0262,-0.03,44.5402,45.7669,45.7871,40.4854,48.36,44.9614,44.9012,43.2888
69,69,52.93232,20.09982,9615.7,327.0,LOT283,0,9.0,44.712,2.3498,40.4941,49.9801,80.8418,1.7137,0.0,1.0274,0.0477,0.0015,0.1378,0.4674,0.5553,0.3803,0.3849,-44.8576,-46.8382,-48.7808,-2.9333,0.5487,2.4016,222.1987,0.234,435.3184,765.4552,731.2543,-102.086,10.2539,493.1514,-2682.2423,357.9705,21354886.3311,20401689.5968,23082800.3594,23556346.3932,23992871.4646,21918664.506,22645123.6554,20590919.3304,1002469.26,1842373.2846,-1171033.3528,-1388760.2757,731901.283,-281987.6748,2015967.7036,689790.1376,912.2531,693.1593,825.497,818.567,742.0042,862.9183,864.9819,847.5316,842.5087,892.262,638.5566,779.3139,613.301,854.2968,615.445,966.7396,1885.5492,1386.0731,1477.4934,1726.4989,1597.309,1636.6195,1692.3307,1295.3145,1504.6366,1588.3014,1779.2551,1496.8162,1773.0066,1297.056,1612.8817,1379.8631,-158.0179,301.0491,110.6841,-229.5398,-160.374,105.3641,46.3755,-72.2698,-0.0129,-0.0207,-0.0385,0.008,0.1031,-0.0767,-0.0938,-0.0249,44.1114,48.0657,46.8469,47.5132,40.7788,47.1605,46.148,43.3009
70,70,52.94344,20.08725,9631.4,327.0,LOT283,0,12.0,46.5614,2.5647,40.9285,51.1826,84.0251,2.498,0.0,1.0044,0.0467,0.0338,0.0764,0.4466,0.5895,0.3925,0.3886,-45.3521,-46.7419,-47.0459,1.9209,-0.6865,1.8777,226.2322,-0.1517,130.8498,-2547.974,2993.3824,-881.0759,-1263.3697,1420.3991,-912.266,-4990.7639,21520246.1603,21075408.4239,23186228.6846,23353263.6905,19191434.591,21659477.7803,23124418.5314,23303579.7886,1174474.5734,1923914.624,2255541.262,-1076242.51,445913.1012,-73465.2576,257223.6595,-795569.3734,870.0572,703.3174,726.7236,782.3114,681.2098,864.3048,876.5164,939.7323,689.7549,743.3338,814.5611,641.27,809.3534,890.4284,931.1056,815.648,1505.7896,1557.4211,1631.9,1643.5598,1653.5289,1653.2038,1423.107,1720.1908,1544.0936,1402.112,2028.6355,1402.7625,1469.124,1180.2712,1698.9335,1943.4588,-124.8626,-157.3417,84.9062,109.121,-35.148,-116.4969,232.1868,145.5903,-0.0301,-0.0782,-0.0662,-0.0271,-0.0398,-0.0099,-0.0478,0.0226,41.8261,45.1995,46.9129,45.3465,45.3011,46.2304,44.3867,40.4454
71,71,52.95456,20.07468,9645.8,327.0,LOT283,0,10.0,44.4721,2.444,40.1065,48.9116,77.169,1.97,0.0,1.023,0.0648,0.0284,0.125,0.4065,0.6228,0.396,0.3971,-45.4933,-46.1013,-47.704,1.3389,-0.3219,0.8553,216.8011,-0.0792,-639.3404,-416.6968,555.7579,-3230.6811,-957.9377,2644.1887,1610.6463,2449.4827,21605717.2086,21493907.8572,22052009.8637,21516760.423,21580339.3326,21652464.3429,21698128.1755,22165998.1606,172146.7864,329528.8687,-276144.6707,-305575.6274,-2206624.1791,770346.2222,1274014.7076,65420.4477,890.3535,689.4528,795.712,714.4836,933.2012,850.1942,720.2577,859.6148,781.2311,878.742,818.1246,1058.5063,654.8111,819.0372,981.1105,649.9394,1576.7177,1312.0053,1414.2966,1401.5096,1465.4009,1454.5465,1462.9072,1406.9257,1587.6595,1512.5152,1628.4752,1442.6162,1676.7029,1295.7702,1848.8643,1504.4478,-99.6367,152.6236,92.8641,185.4125,242.433,106.2057,-58.8869,16.4251,-0.0598,0.0921,0.0661,0.0016,0.1018,-0.0909,0.0313,-0.0154,42.7508,48.7881,44.6696,43.8495,44.5509,47.0618,46.5216,45.5346
72,72,52.96568,20.06212,9658.7,327.0,LOT283,0,11.0,44.5425,3.2005,39.528,49.4423,81.8562,1.8892,0.0,1.046,0.0601,-0.0144,0.089,0.5019,0.5556,0.4306,0.3976,-46.9772,-47.6857,-48.6237,-2.0812,-0.0227,3.7452,223.2681,-0.1713,-662.2869,-1101.5291,-1144.5864,127.5968,1015.5818,-2948.5987,679.1934,1173.2702,21472300.3329,20925838.9,20570324.7664,21415163.2685,22504833.3545,24049390.6002,21276640.9475,23689601.5873,773479.7472,-696340.7081,491247.0698,734564.0645,447271.7282,280381.0923,260726.9989,8788.3632,703.0759,800.2425,823.4369,748.875,977.5848,629.718,757.7197,689.1016,964.7922,669.4662,670.2223,649.5312,738.4777,849.1069,704.8453,658.2097,1127.2961,1723.7348,1141.269,1644.3288,1440.0364,1504.3966,1530.2413,1627.1304,1692.212,1554.6267,1437.9661,1491.3932,1809.3602,1626.4933,1590.0511,1700.7685,-4.0848,-13.8026,273.6254,39.0886,47.527,-195.7081,19.0624,106.3734,-0.0991,0.0681,-0.0397,0.0283,0.0169,0.0716,-0.0252,-0.0117,45.7362,47.7324,42.9616,46.5126,45.569,42.7481,47.0778,44.1766
73,73,52.9768,20.04955,9670.1,327.0,LOT283,0,11.0,46.106,2.1252,40.5457,51.6758,83.7118,1.9589,0.0,1.0112,0.0429,-0.027,0.1241,0.3732,0.5811,0.397,0.3969,-44.3825,-47.8977,-47.7429,-1.1029,0.0855,2.608,217.5656,-0.0449,2374.3329,-264.5994,57.1993,-2241.5462,-961.7392,1811.0179,-861.1445,1893.5685,19580066.5289,22260736.8999,22240066.8578,22676217.4547,23757075.5661,23127332.7649,18416854.3179,22797072.3005,1202078.0784,-790922.8995,17911.921,297914.3598,-1739.605,15247.5585,830229.2231,294492.1852,789.7575,711.8354,838.8705,930.6429,764.848,960.1642,828.7492,882.0467,672.4731,687.2664,812.6198,784.3295,857.0021,755.1497,813.9557,871.5735,1217.3218,1505.6904,1528.7298,1474.1607,1383.3671,1500.8504,1668.5514,1614.694,1652.239,1443.2349,1357.2098,1573.1178,1151.4392,1826.0696,1648.257,1360.3947,424.4916,-222.4438,-133.8546,-221.2915,-9.3804,-13.3268,-99.0221,-238.0938,-0.0277,-0.0278,0.0642,-0.0291,-0.0667,-0.004,-0.0104,-0.029,44.4976,42.913,45.8898,42.4304,42.3033,42.7134,48.2547,46.8848
74,74,52.98792,20.03698,9679.7,327.0,LOT283,0,9.0,43.4912,2.5229,37.8118,47.7592,68.7347,1.5973,0.0,1.0019,0.05,0.0224,0.1371,0.3952,0.5327,0.4609,0.3862,-45.4157,-46.6106,-46.2254,-0.8056,-0.0871,0.5004,215.906,-0.3598,-2458.6258,1495.6519,287.117,-662.9152,-631.2906,2555.1019,1215.9897,1310.7075,23030595.7823,19182943.1465,21241259.3222,22138657.7511,21432910.0765,23299448.3913,23408746.7554,20449536.747,-110510.1949,-571858.8416,-389287.8401,1782246.2416,-503656.1237,284556.5803,52497.8395,-590926.9915,678.5331,670.2241,749.3796,663.9874,809.4421,749.6756,829.8651,727.2822,734.4472,963.2357,858.717,750.4596,750.5969,860.2863,694.887,940.2997,1208.5475,1657.0378,1491.5444,1749.0073,1697.9096,1485.8848,1476.0565,1434.7033,1329.4451,1597.9693,1764.969,1453.2483,1689.107,1626.8368,1763.2322,1577.8574,-116.5875,-46.3723,173.5047,-373.4743,-353.2106,163.2432,71.9744,271.1294,0.1285,0.0152,-0.0321,0.0771,0.0312,-0.0887,-0.0338,0.0274,44.8347,43.4218,46.5008,44.3255,40.4021,41.5754,43.1164,43.7159
75,75,52.99905,20.02441,9687.6,327.0,LOT283,0,11.0,47.5795,1.9853,41.912,52.325,77.6617,2.1799,0.0,1.0204,0.0533,0.0127,0.0709,0.4482,0.5912,0.421,0.4049,-45.8714,-45.1162,-49.0731,1.1423,0.1116,2.4107,215.1241,0.2099,717.7,-126.9135,472.4361,627.5296,-1603.307,1461.1481,-497.4864,-695.9335,21629827.1942,21311616.9379,22940003.653,22633637.3868,22700950.1564,21661451.1814,20769653.8103,19916311.6531,535397.1482,658304.0262,-727006.2962,-59495.7894,-1626301.9092,-1238640.9299,532570.892,157946.3142,797.7845,712.6877,836.07,785.9453,871.1731,636.2405,761.9989,687.6567,881.0548,795.0887,618.3619,970.6443,760.127,802.0513,766.4804,699.4651,1437.3227,1437.4992,1511.4176,1390.2054,1706.5413,1497.464,1563.6381,1529.0361,1108.8418,1629.7263,1609.5297,1582.5575,1545.5386,1430.9013,1491.5587,1875.6049,267.6886,275.1887,230.6627,-168.8357,-8.3752,-85.0814,-93.5161,6.7106,0.063,-0.0458,-0.001,0.0027,-0.0238,-0.0292,0.0082,0.0236,42.1798,46.5375,41.5292,44.1731,43.977,43.6839,49.1641,49.3686
76,76,53.01017,20.01184,9693.6,327.0,LOT283,0,12.0,45.3786,2.5559,39.4856,50.6475,91.4053,1.6103,0.0,1.0311,0.0606,0.0385,0.1193,0.3586,0.5536,0.3799,0.4269,-46.4171,-49.0546,-48.6149,0.7903,0.3407,1.6743,227.1126,0.1478,801.8802,162.8515,579.4746,-1725.3993,-448.8837,1198.5025,126.3147,1899.827,22312286.1784,21179377.3287,21594779.853,19851130.5017,25271328.8151,24014046.3624,23288402.9552,22252740.6886,1071245.9476,-655827.4236,-1021690.4225,-167501.545,-2192475.7963,1995074.1026,826019.6705,-1542561.2948,812.3431,658.7015,816.7936,757.4669,638.4638,818.2815,834.6985,894.6663,789.267,728.7864,736.9117,838.6028,800.3711,835.4605,641.2315,997.551,1558.1169,1531.2958,1581.8499,1515.2153,1474.4847,1706.7212,1406.2804,1559.8838,1524.163,1505.5852,1493.6056,1577.3008,1252.8838,1505.8979,1637.9892,1648.8559,-115.7213,42.4792,36.0341,40.9352,-113.1654,-147.2377,-208.496,41.5056,-0.1031,-0.0059,-0.0444,0.0183,0.0052,0.0457,0.0592,-0.0299,47.1279,43.6288,45.3515,43.7511,44.3173,42.4649,51.4462,44.3771
77,77,53.02129,19.99928,9697.6,327.0,LOT283,0,12.0,41.7005,2.0664,36.8173,46.4328,93.7315,1.2636,0.0,1.0315,0.0551,0.0059,0.103,0.4749,0.5423,0.3582,0.3967,-44.0401,-45.7528,-49.773,1.6993,-0.0236,1.4559,218.8731,0.1331,-1128.7363,1427.3563,861.9176,283.9737,-1.5352,-417.8897,-1573.361,744.458,22877029.7553,22315859.5354,21249991.6865,25129746.1883,22067284.5391,22377006.0249,21846290.9641,23422480.8913,-237751.7398,-278968.1234,-555912.5443,-285225.5169,1723866.7023,-403278.6369,-146445.9749,-947614.7645,786.5011,838.4443,710.1884,794.2828,614.7289,825.326,775.9923,788.0004,890.3171,837.3589,744.1289,880.1028,887.1863,883.7124,896.0809,885.2492,1439.2144,1622.2406,1528.4356,1519.402,1509.2312,1654.1119,1594.0194,1581.9903,1322.4081,1415.7614,1655.3134,995.4654,1498.1932,1464.494,1404.1107,1517.9531,-200.1714,307.2244,309.1803,115.2972,30.1704,-167.9404,-227.7048,-158.4009,-0.0016,-0.0419,0.0247,-0.0404,0.0096,-0.0076,-0.0336,0.0175,45.9353,48.1729,44.16,42.1162,45.1649,46.6769,44.6399,44.3362
78,78,53.03241,19.98671,9699.7,327.0,LOT283,0,11.0,45.9638,1.8331,40.4352,50.4509,71.744,2.5061,0.0,1.0103,0.0511,-0.0842,0.0679,0.4226,0.5451,0.398,0.4181,-46.9103,-47.0334,-47.6445,-1.689,0.5209,1.8091,214.7122,0.2138,-340.5331,1394.765,2476.6755,-1814.5525,-819.2548,-1875.9104,-1722.9947,-917.257,23568560.9991,21570677.3951,22328964.148,17833255.2396,23613927.5357,20049161.6685,20545818.745,22957551.0306,52943.7151,-1025736.484,706488.5675,-807810.9172,1023245.1915,-1547683.6217,-1254384.6393,255734.4211,907.8114,874.7113,900.1959,987.7579,753.818,930.5709,717.1078,798.0646,912.737,687.8735,696.7929,876.6726,857.9487,954.4835,738.2582,800.0849,1617.0887,1545.1318,1406.6613,1587.591,1513.7658,1478.5376,1579.6599,1487.2259,1129.4285,1663.0539,1552.7831,1265.7419,1601.804,1524.0688,1511.3602,1275.89,-26.2402,-139.6931,202.5701,197.5967,99.219,-28.532,-11.0433,-30.6117,0.0516,0.0278,-0.0358,-0.0617,0.0235,0.0312,-0.0058,0.0166,46.6788,49.493,41.7274,41.2363,43.7273,45.9366,44.9762,43.7119
79,79,53.04353,19.97414,9699.8,327.0,LOT283,0,10.0,45.7836,2.2245,41.5317,50.6754,88.916,2.3689,0.0,1.0146,0.0523,-0.0103,0.0836,0.4763,0.5889,0.4272,0.3824,-44.7348,-47.5539,-48.5229,-2.2307,-0.0562,1.3351,219.1923,0.3621,928.5567,-548.0425,-336.4431,-353.6783,1601.3869,-675.3554,-1385.5877,-963.7907,23004338.2275,25397339.6073,20505016.0408,21560648.0852,20730333.0799,19551426.2688,19666292.2824,21701145.0417,2016643.2008,276969.626,-1281510.332,217897.5238,184258.454,-59415.4254,392688.5467,-191077.5251,871.3136,810.7841,816.1143,748.6995,898.5068,875.671,717.3027,777.79,951.6152,707.4356,700.3091,814.5521,928.947,935.4433,1038.4509,708.2092,1511.5704,1627.0625,1853.6929,1521.5639,1596.397,1668.272,1554.2977,1689.8946,1437.6241,1573.1705,1891.3507,1334.0965,1400.578,1949.0159,1494.9091,1643.4434,-25.9388,-197.9438,80.5338,81.041,114.5562,268.1513,-74.0606,-62.6476,-0.0396,-0.0074,0.0261,0.0072,0.0557,-0.0433,0.0186,0.0706,41.0284,49.3304,44.1253,42.6563,50.2048,46.5295,42.4833,43.1192
80,80,53.05465,19.96157,9697.9,327.0,LOT283,0,11.0,45.5602,2.6079,41.257,50.1184,72.3225,1.8444,0.0,0.9946,0.0621,-0.0469,0.1451,0.4199,0.5327,0.4086,0.3755,-47.5603,-42.1702,-47.1289,1.1467,-0.2572,2.1823,216.9148,0.3303,573.3209,1100.0995,-177.4584,1733.5874,1384.766,2711.3836,-227.7254,2708.9985,21351386.7564,21650403.8097,21411227.9886,20792836.1744,23017617.6464,19957650.4137,24293354.7365,21213703.3756,-1240324.4306,-620043.5451,636121.4383,-114075.7326,-872463.7861,-703946.3909,344563.9214,429664.9076,730.4834,794.9982,818.3744,915.5498,647.9171,823.4891,864.3418,818.8327,924.0813,897.0829,823.3879,921.5097,616.8922,920.1222,808.6955,819.7766,1476.4152,1377.2532,1685.6473,1433.0732,1524.9188,1681.5941,1284.9172,1547.2525,1370.7626,1597.7471,1259.4866,1171.4644,1600.3087,1442.3666,1374.356,1455.7886,217.2449,102.0058,-318.1159,195.7624,239.0777,-108.499,1.4349,-115.3625,0.0227,-0.0006,0.0823,0.0288,0.0686,0.0085,0.0541,0.0133,43.0686,44.6816,41.8746,41.987,44.9657,43.1209,43.5671,41.8965
81,81,53.06577,19.94901,9694.0,327.0,LOT283,0,11.0,47.7144,2.6056,43.6594,52.2187,87.6112,2.0043,0.0,1.0395,0.0556,0.0137,0.1069,0.4396,0.5589,0.3524,0.4319,-44.7991,-47.4758,-46.4768,0.6181,0.0845,1.2876,220.8374,-0.089,-574.5224,208.9114,-2290.6583,-528.0335,-1164.428,620.4526,-1855.7693,286.4575,22615716.8859,21934826.0083,24511863.1731,21960977.4495,22514241.6281,21905674.9059,23683692.4256,18730403.4298,-1010449.2578,1754632.0955,55583.4538,1149487.2643,327056.5412,969327.9424,-238217.8712,157432.7146,712.5385,850.1614,756.5242,780.0241,655.0351,815.7212,757.2558,771.2979,635.551,817.9304,872.6073,570.2014,738.5691,845.8098,746.5826,924.0807,1505.9846,1505.7263,1451.9265,1574.9128,1594.9503,1369.1107,1516.582,1634.8244,1549.1494,1143.4553,1490.5015,1560.0497,1355.887,1908.6221,1693.038,1484.5334,-231.3854,-71.176,-254.2793,36.3509,-110.185,365.6888,-212.7471,201.5154,-0.0528,-0.0397,0.0396,0.0213,-0.0062,-0.0781,0.0078,0.0193,48.4114,43.3761,46.238,43.296,43.2604,49.2679,49.0138,41.8361
82,82,53.07689,19.93644,9688.1,327.0,LOT283,0,12.0,46.1398,2.2182,42.0987,50.7328,69.8958,1.6158,0.0,0.974,0.0648,-0.0016,0.0763,0.3818,0.5333,0.3941,0.3973,-44.7506,-44.2693,-47.1908,-0.6909,-0.1638,1.0422,220.5614,-0.0434,-185.6818,-2670.6828,-1825.6059,-389.6413,61.9639,-1645.4543,-837.6349,2064.1257,22798841.0066,19790894.7782,20745904.0392,22304016.9684,22985223.8993,22679824.0661,23519623.6199,21476268.7625,-1343245.5929,1525445.7988,3086.3393,-481632.8205,317173.7038,2089608.8624,892878.9338,347949.4966,682.5296,889.4374,780.9754,870.5302,901.007,814.0351,771.0821,828.7722,792.5944,862.8397,916.2571,779.3638,839.9667,739.0568,668.915,786.794,1450.525,1307.6072,1729.2916,1361.7697,1618.2274,1816.2153,1340.6559,1461.7346,1706.4282,1465.4699,1949.4532,1536.3184,1765.3786,1263.8698,1174.1454,1552.2472,100.2178,227.5318,-36.113,90.7841,159.0957,-29.5725,-213.5848,150.9163,0.0528,-0.1246,0.0181,-0.0103,-0.0334,0.0008,0.0873,0.0284,48.3702,47.1814,47.2975,42.1422,46.3707,45.9682,41.9183,47.15
83,83,53.08801,19.92387,9680.4,327.0,LOT283,0,9.0,47.2211,2.4381,41.5012,52.0303,80.1891,1.9808,0.0,1.0156,0.0475,0.0079,0.0573,0.574,0.5714,0.3899,0.4652,-42.0269,-46.2464,-45.9066,3.0555,0.5159,1.6274,223.4613,0.1177,3091.6382,-1189.4348,956.12,-815.5278,-1891.2639,662.7608,-489.3795,3044.4083,21768723.005,21631424.5586,22582490.4578,21606617.9082,24926405.9371,19691250.1807,22492138.9852,21543937.4465,1365833.0805,-211054.3474,-1039515.8846,-737581.759,-1304020.7274,-1402506.9346,353326.8523,220885.8736,746.9985,755.8093,847.9624,853.7257,973.5363,896.852,810.3462,539.8392,560.9143,912.4366,791.2608,907.2624,958.9371,818.8693,752.8572,870.0107,1354.8716,1577.0403,1645.2895,1461.0372,1594.674,1353.5873,1386.0566,1632.1966,1511.5621,1477.2602,1609.476,1531.0249,1336.1094,1237.4436,1686.4279,1146.2027,219.7529,477.9837,-158.0863,-74.9465,218.8695,-201.8767,-7.9948,-435.1617,-0.0583,0.0305,0.0206,0.0428,0.1207,-0.0297,0.0892,-0.0073,44.9212,44.1566,42.7348,45.0465,42.9092,45.8555,45.5536,45.1824
84,84,53.09913,19.9113,9670.9,327.0,LOT283,0,9.0,46.3378,2.4444,40.6898,50.9041,66.7725,0.9443,0.0,1.0045,0.0573,-0.0037,0.1291,0.4785,0.4442,0.421,0.394,-45.5743,-46.7017,-47.8821,-7.6486,0.6081,0.5705,217.7191,0.0228,-698.0188,275.0806,-1132.9239,1631.5085,-1828.5746,773.3798,-1081.4511,-971.5554,23365141.2875,18133682.6948,20017945.9076,23353111.4167,21348092.8354,20202526.2429,22443113.1586,23908028.7479,675270.4249,-1363940.1242,127742.2642,1880841.3285,-624713.3997,-900000.5743,121705.814,872552.3709,867.507,786.7343,749.3297,989.3577,781.9297,749.4318,781.3827,666.6884,680.242,751.8878,944.5684,644.8476,880.0349,773.1143,575.0962,734.8915,1789.4722,1769.4958,1523.0341,1722.5616,1660.7347,1472.2589,1495.7552,1632.8371,1515.4943,1410.8623,1039.8129,1830.6645,1609.12,837.945,1253.3658,1104.0414,155.6555,-302.4806,11.275,234.472,-102.1005,64.7193,238.3857,311.4733,0.0557,-0.0609,0.0441,0.0228,0.0052,0.0028,-0.0395,0.0793,46.8284,50.1309,46.9054,44.2655,44.7141,45.3698,42.3692,45.2306
85,85,53.11025,19.89873,9659.7,327.0,LOT283,0,9.0,45.3541,2.3659,40.0355,50.0303,90.8844,2.6211,0.0,0.9866,0.0502,0.0377,0.1412,0.4867,0.4962,0.3339,0.3772,-44.2012,-45.3551,-49.9569,0.2367,-0.055,1.9446,222.7684,-0.2308,1211.7369,-1777.6883,767.8925,-462.1091,-529.3136,-782.7215,-1516.8687,-1222.0147,21996761.2772,24707639.2981,20745503.9909,22276779.8745,20747272.8067,21632949.042,24058943.0605,18450556.135,2907616.548,-15250.271,-1011443.0227,2031387.0305,-1263514.3103,21596.9916,-39515.3796,464944.4155,940.2938,758.1976,1041.3663,849.8154,921.4251,746.243,849.5554,952.6862,823.1741,972.4601,715.2141,728.6843,827.5235,914.1534,874.6483,1082.5292,1623.7945,1293.3824,1454.7352,1302.655,989.7338,1568.5542,1470.2712,1256.84,1411.2113,1331.6308,1625.8419,1556.56,1470.8547,1498.4824,1622.7923,1209.9689,-76.2867,-75.3255,77.4422,-148.2118,36.1426,-106.4827,1.4021,163.0313,-0.0744,0.0011,-0.0662,0.0325,-0.033,-0.0079,0.0382,0.0071,46.5394,44.8644,47.2276,47.8668,47.387,45.068,44.002,44.8354
86,86,53.12137,19.88617,9646.9,327.0,LOT283,0,9.0,43.991,3.2591,39.9737,48.7318,76.4117,1.0965,0.0,1.0134,0.0449,-0.0257,0.1096,0.46,0.5268,0.4199,0.3531,-46.2738,-46.4157,-48.4517,1.8887,0.33,2.9596,218.1816,-0.0271,728.503,-1773.6962,-787.1046,2606.3555,2282.1838,-488.6003,-1271.7312,-1168.0879,20099484.2749,22296346.7093,25803668.0805,23754583.7541,24411705.8715,22715322.9366,24458421.6934,25932182.6834,1157328.6966,-1516114.1054,1789966.9757,1920595.9631,-453960.2486,323492.2802,1034291.8771,-811517.7482,687.8348,740.9438,852.4776,848.6787,713.8864,751.3798,792.3177,813.7017,793.0533,759.7699,942.2067,980.2989,870.3998,836.424,770.0619,681.8685,1491.6261,1655.1573,1512.8289,1654.047,1468.8755,1456.305,1688.2633,1578.7244,1748.5662,1767.1994,1541.5709,1418.2829,1256.941,1266.7181,1604.9302,1642.0752,-129.1996,163.4713,-183.1881,-64.4858,94.7492,-191.1248,16.7578,-311.0077,-0.0873,0.0925,-0.0539,0.0186,0.0134,0.0524,0.0346,-0.0434,47.8129,45.8403,38.662,48.4668,47.0001,44.7846,44.2844,47.642
87,87,53.13249,19.8736,9632.6,327.0,LOT283,0,10.0,44.0572,2.6051,39.8513,49.5725,98.1814,2.5304,0.0,0.9873,0.0652,-0.0064,0.1132,0.5434,0.5436,0.4353,0.3797,-45.6894,-44.5779,-45.8063,-7.1489,-0.2826,2.6176,221.4902,0.0914,-571.3166,-2655.3183,-26.1177,231.0084,1596.969,76.7922,-1859.7211,546.1082,22048052.1184,20213564.4685,21112762.1759,22507003.8142,20861238.0868,17877967.541,23564283.4992,22687622.3873,-333445.6389,-911715.1252,-1643336.9121,-686761.8616,237993.0898,-904053.3738,550621.2227,-1056473.8864,1019.0647,727.8536,978.6812,716.5028,755.6688,589.8979,751.161,894.0505,907.0888,745.7815,839.243,693.0917,885.848,764.8279,838.4416,891.0164,1600.776,1653.4668,1684.2307,1472.3891,1773.0046,1562.6644,1240.1357,1195.6314,1649.1326,1514.2389,1560.0486,1499.4822,1189.8482,1860.2667,1260.2844,1571.3253,-178.0189,-64.3259,58.844,256.1231,-449.8111,-120.1924,18.5635,252.1813,0.0223,0.0421,-0.0293,-0.0463,-0.0032,-0.0114,-0.0425,0.0477,47.6424,45.5606,41.9079,43.7256,46.1771,44.8369,49.3617,47.8428
88,88,53.14361,19.86103,9617.0,327.0,LOT283,0,11.0,45.9736,2.1289,40.0986,51.0152,87.0379,1.9443,0.0,0.9743,0.0456,-0.0052,0.0828,0.542,0.4547,0.4304,0.4282,-44.6163,-44.0991,-50.4315,-0.4927,-0.1461,2.2313,217.8235,0.3002,788.6006,-979.4201,-410.257,-2164.4244,-209.2609,-856.9956,-538.1483,-971.2143,21548331.8459,21905758.1978,24432609.7299,23424990.943,21901250.2435,19190164.3325,20490881.1358,25614542.741,10904.023,-137580.9699,-963483.0285,-911612.0959,1186008.7009,-867458.0394,522708.2319,914467.8332,696.2475,706.3736,830.3707,807.0205,833.0928,882.7152,760.1,868.9731,762.9863,1012.7887,789.5238,827.2016,1034.5315,792.3266,783.7652,834.2359,1467.4667,1676.9239,1379.5414,1600.5484,1308.5405,1527.7234,1074.3186,1551.6749,1396.5983,1315.5438,1503.2716,1449.5871,1594.7789,1381.196,1530.578,1525.8246,299.4302,44.2101,-73.166,-209.0648,-132.1184,-94.4318,-299.4721,37.6355,-0.0031,-0.0471,-0.1168,-0.0875,0.0017,0.0402,-0.0215,0.0823,43.9995,45.3774,47.6292,44.1208,48.9518,45.6936,44.8899,43.7093
89,89,53.15473,19.84846,9600.2,327.0,LOT283,0,10.0,45.3154,2.946,40.507,50.7828,81.8004,2.7933,0.0,0.9915,0.0406,-0.0154,0.0992,0.451,0.5585,0.3844,0.392,-44.6298,-45.6896,-47.573,0.5716,-0.2519,1.6163,219.3436,-0.0936,-636.3489,-474.3989,-468.597,-920.6289,1592.4767,-110.1419,3283.9709,-645.4482,22441525.8521,19655262.5312,21843496.6318,21328084.8465,19807495.1941,23143094.2897,22265886.2323,23340864.6323,441012.8842,877943.8527,238524.3107,1226945.3987,154537.7837,-1299514.1685,-188562.0754,1368768.568,737.7322,959.7128,774.3481,707.8148,708.8372,734.775,702.1436,699.9922,695.3432,777.5266,785.1697,579.95,750.6204,881.2839,810.9851,748.9221,1685.5131,1818.5381,1621.259,1478.2225,1681.1441,1159.3727,1560.6235,1649.197,1460.0514,1665.3392,1678.4412,1651.1102,1511.6685,1073.2511,1468.3514,1180.929,257.3802,319.1711,-91.8778,-110.3886,278.9637,-199.2995,41.7181,267.6427,-0.0884,0.06,-0.0251,-0.0019,-0.007,-0.0423,-0.0309,0.0359,44.2574,46.1928,47.8859,46.3248,46.9318,45.7933,43.9704,47.9053
90,90,53.16585,19.83589,9582.4,327.0,LOT283,0,11.0,47.2043,1.9098,42.3606,51.5158,76.0253,2.2432,0.0,0.9941,0.0402,-0.0139,0.0546,0.4569,0.6304,0.368,0.4401,-45.1898,-47.8829,-49.3685,-1.6177,-0.0069,2.3679,225.3545,-0.144,897.491,-1005.9307,317.2207,-1961.4082,1090.5096,648.3864,850.957,-804.2866,23071714.4036,21021322.2399,21616947.4925,19818317.7539,24126136.1776,20948452.5211,20137802.5489,23858317.7773,-356429.5336,-762116.0476,-33167.5242,1997170.5295,-541774.7683,-210776.9769,-819921.7175,-325616.8548,813.302,825.6749,870.0727,758.3902,604.6571,816.9578,798.8293,810.2358,821.8178,693.1754,794.8991,819.7763,773.1368,843.2474,851.4421,869.8536,1571.0465,1539.4198,1403.3099,1286.5392,1278.3044,1552.0482,1359.6904,1513.666,1421.8996,1401.694,1390.7531,1377.6277,1574.9389,1713.6696,1305.2379,1543.9052,-136.487,-62.6806,-58.1555,-392.1912,55.1839,259.3281,-110.1434,-98.4634,0.0249,-0.0027,-0.0036,0.0433,-0.1224,0.0003,-0.0397,0.0671,46.29,44.3103,45.9927,42.2452,46.4028,42.6922,47.842,47.5736
91,91,53.17697,19.82333,9563.8,327.0,LOT283,0,10.0,45.4447,2.1372,41.3716,50.5189,54.1123,1.299,0.0,0.9983,0.0458,-0.0055,0.1373,0.4599,0.5204,0.4243,0.4044,-45.4621,-45.8097,-46.8606,-0.4344,0.1991,1.0556,217.912,0.2145,-1390.372,2535.4691,1561.7611,-986.3383,1064.9932,223.2435,1221.7223,-640.6488,23998636.0897,22527015.2643,20015886.5842,21533506.9529,25562692.4208,23381757.1333,20860809.4721,23034426.0663,-671857.6544,-566032.963,-218826.7711,515871.79,-407808.4422,-1426946.9188,-652321.4362,893556.4969,943.4578,718.6863,815.1054,790.2645,814.7166,723.258,834.3379,837.8433,782.5367,792.5394,660.5866,582.5868,759.3397,890.1095,911.898,932.0104,1566.9737,1594.379,1460.3184,1639.1316,1536.5345,1580.0457,1560.7576,1287.2572,1603.0753,1685.0938,1601.3615,1307.1185,1514.208,1563.0991,1341.3389,1426.66,62.8241,-162.9044,-260.8694,21.4663,-54.4712,229.3253,-25.2781,-10.0767,-0.0078,0.0061,0.0566,-0.0702,0.028,0.0174,-0.0256,0.0821,47.1031,45.2101,43.5229,41.9662,50.3708,45.5146,42.3291,43.8081
92,92,53.1881,19.81076,9544.6,327.0,LOT283,0,10.0,44.3919,2.6045,38.8815,49.5355,77.7793,1.0688,0.0,1.0137,0.0479,-0.0055,0.0624,0.4441,0.5718,0.3814,0.3961,-43.8945,-45.89,-47.2438,-3.7468,0.1131,2.063,217.0157,0.0365,-2018.5217,367.9825,84.9653,-2411.2191,17.3829,868.6983,-1127.1954,-2525.7811,23525782.2511,21104097.0427,22237693.0508,23707028.6221,22006508.6219,24829928.491,22644851.6868,24780805.3093,610184.1779,141624.0866,1334575.6291,-1132602.7759,-744636.6682,322238.0423,691588.5339,-2893992.5664,694.2332,748.5393,875.2462,867.8314,729.0254,762.9426,763.158,788.2924,763.3906,962.2664,905.3036,789.5689,973.7978,522.6709,889.1142,800.7373,1326.6765,1626.0961,1071.4481,1899.7863,1515.4483,1533.0058,1545.5844,1331.2032,1608.6815,1534.2044,1514.0201,1684.0881,1259.7025,1355.6542,1617.3331,1731.366,-135.9749,-31.9212,73.3947,-248.7185,-201.0971,-17.5247,-256.7024,-191.2249,0.0556,-0.0151,-0.0585,-0.0028,0.0985,-0.0222,-0.0329,-0.0494,47.8292,47.8924,44.044,43.1029,41.3185,47.1872,44.289,45.6811
93,93,53.19922,19.79819,9524.9,327.0,LOT283,0,12.0,44.11,2.3881,38.1254,50.0952,80.253,2.7706,0.0,0.9571,0.0585,0.0151,0.0915,0.5742,0.529,0.4016,0.3854,-44.8226,-46.1847,-48.5733,-4.3444,0.0641,2.4195,226.8306,0.3359,1548.373,905.0942,885.8793,-747.5559,331.9605,-793.7558,1169.6203,-524.0782,23340235.4588,23550819.6318,22058357.2633,20967788.9352,22647615.3434,23562654.8718,22986780.7826,23481253.9396,-1995334.2904,-1107701.9241,-1911918.0092,258014.3488,-1405128.2392,286320.6476,71850.0148,1356462.7576,720.1605,798.4978,801.8563,798.9728,754.9183,842.2277,772.524,890.2015,805.8052,726.3893,741.5097,657.9386,857.2649,640.2994,1022.8632,665.738,1396.4678,1440.4273,1485.2978,1291.2083,1464.0711,1638.6798,1627.7394,1593.1902,1409.2637,1860.552,1190.0594,1401.0801,1646.4622,1416.3396,1162.0783,1401.9171,-51.1769,-13.5826,-0.1698,-25.1201,-138.2001,117.8522,-7.747,-147.1782,0.0297,-0.0055,0.0269,-0.0612,0.0488,-0.0595,-0.0176,-0.0381,45.5668,45.845,45.4076,45.7095,43.8598,49.8416,45.9244,47.1827
94,94,53.21034,19.78562,9505.0,327.0,LOT283,0,10.0,47.0091,2.4387,42.9362,51.2991,68.6946,2.4485,0.0,1.0142,0.0503,0.0541,0.0909,0.4397,0.5147,0.3532,0.4055,-44.7184,-45.0396,-47.0724,4.2018,-0.0305,1.3371,216.8372,-0.0216,-1948.7261,1595.297,2587.3601,-628.0991,-631.5318,1366.7814,17.9405,-1065.9733,19735951.6317,20886141.9347,23152436.4501,21779923.7905,19836215.2503,21090933.5228,22730069.0235,20845457.7145,-371591.171,52071.1489,-1344871.9155,936669.375,-83407.5869,-56697.5996,-1680944.1697,-270974.7257,830.234,921.6845,634.5586,748.5813,728.652,776.4102,823.9112,884.3408,831.6173,950.039,629.1693,896.3992,647.019,985.1447,763.653,602.0798,1954.406,1608.9866,1678.9316,1539.577,1436.0849,1849.3493,1447.3805,1421.5804,1470.5336,1474.4346,1462.5552,1437.1508,1569.5582,1780.7517,1413.5186,1019.0292,-4.3442,-31.7181,181.6458,86.5077,129.2195,-60.268,156.2963,-36.2738,-0.0266,0.0175,-0.0374,0.0612,0.0148,-0.0093,0.0187,-0.0067,42.7351,43.1477,43.0563,42.8608,43.7567,48.1803,44.4041,47.7735
95,95,53.22146,19.77306,9485.0,327.0,LOT283,0,10.0,44.9771,2.0984,39.2273,49.059,89.1394,1.6868,0.0,1.0187,0.0511,0.0182,0.0832,0.4281,0.575,0.4012,0.3954,-47.6053,-47.1175,-46.6284,-0.6537,-0.2791,2.7592,218.4597,-0.4125,-2882.1503,276.6386,3101.0692,1788.4545,2385.9073,-873.8987,-419.3423,1426.1683,19533726.0914,22961776.5808,20788689.5784,24693148.647,22783111.4532,23043298.2908,19446515.3381,23210958.8281,2339169.6261,-823516.6914,-3059.6472,-503140.6013,-1198753.7681,-453129.057,831021.3906,-577035.7675,908.4739,912.255,617.7429,760.866,654.247,732.9308,679.4403,716.1721,581.8934,920.8657,721.4418,699.709,815.4957,740.3035,773.392,806.6924,1419.9131,1263.7886,1270.5887,1527.1585,1487.5422,1437.2603,1618.6088,1191.561,1527.7455,1451.092,1497.1652,1413.5553,1499.7076,1528.9843,1472.3148,1423.8184,-141.3399,118.2812,370.7299,-95.4425,-441.0748,-33.8406,305.4225,-249.652,-0.0596,0.0244,0.068,0.0068,-0.0263,-0.0475,-0.0439,-0.0105,46.8342,43.5906,44.6518,45.1304,47.6074,47.9037,46.6743,46.7457
96,96,53.23258,19.76049,9465.1,327.0,LOT283,0,9.0,46.4481,2.4215,41.1523,52.3103,79.2946,2.1626,0.0,0.9951,0.0491,0.0102,0.0931,0.5103,0.5741,0.474,0.373,-45.2826,-45.4135,-50.1077,0.9561,-0.0882,0.9047,217.4185,-0.1732,-104.2783,-2054.9165,-1801.8574,-533.2438,1842.3734,1114.6848,-1096.8266,-1497.2806,20665217.416,22322700.6657,22630275.1556,22449847.6966,22479740.4566,20250012.101,23546865.9151,22797570.9734,1601684.0364,230302.3701,860400.9151,-486703.6359,982405.8718,-1252433.2411,-1170219.7648,209608.3529,806.7225,680.3281,739.3672,783.8766,1023.2061,812.2098,815.499,787.286,893.9044,965.0592,776.6032,928.6472,749.0461,801.9983,623.8963,737.9953,1593.6264,1500.063,1363.7982,1470.5706,1628.3089,1408.1428,1752.0808,1464.38,1638.5618,1519.5552,1760.8907,1573.8942,1559.6484,1208.9304,1523.3866,1691.2498,463.2205,-403.7131,-329.941,-109.5012,197.8858,197.8395,652.7727,232.9049,-0.0173,-0.0411,-0.0077,-0.0455,0.0338,0.0019,0.0303,-0.0568,43.2828,46.252,44.7257,45.9284,43.1109,51.1788,44.938,42.3607
97,97,53.2437,19.74792,9445.6,327.0,LOT283,0,12.0,45.6163,3.1126,40.0218,50.9346,74.6542,2.1065,0.0,1.0353,0.0488,-0.04,0.0966,0.489,0.6071,0.4018,0.3434,-43.6879,-45.4403,-48.2886,3.6331,-0.3704,3.4883,221.9069,0.0808,-2198.6734,-2792.6176,759.2909,-1266.9947,-1862.5085,-945.82,2216.2574,-2006.6355,24358232.4702,20234508.1517,21087785.3737,23823076.1036,23315695.9473,23285185.3148,19476157.0169,23735409.5884,-1773697.1635,951030.865,349092.1183,459889.0601,-1732212.6607,-915957.7933,804360.0299,13181.7559,864.5348,867.4972,894.3727,1059.3931,964.8913,958.9237,662.1959,912.0157,850.0868,717.1214,751.7686,812.1852,751.5791,877.9957,860.5086,815.9141,1478.5141,1559.23,1605.2889,1354.6574,1573.1142,1208.45,1586.0506,1500.5417,1829.762,1662.6602,1431.3751,1391.6388,1083.5972,1502.8664,1575.2659,1293.7716,75.2205,-262.1503,-14.8188,-301.9669,-14.4163,69.0063,69.3423,210.6703,-0.0068,-0.0134,-0.0489,-0.0381,0.1155,-0.0427,0.055,0.0431,43.2624,42.5234,45.0369,48.3818,41.5879,46.1567,47.9072,47.7987
98,98,53.25482,19.73535,9426.7,327.0,LOT283,0,10.0,44.9188,3.248,40.4516,49.4359,86.1551,1.209,0.0,1.0131,0.0682,-0.0249,0.1096,0.4617,0.5904,0.4301,0.3846,-45.6889,-47.0836,-45.5283,0.983,0.2044,1.3274,218.2444,0.5339,765.0037,-1951.1602,684.4766,59.7967,-1026.1248,167.1835,1206.0853,-1286.461,23856038.5674,21463385.7724,24012583.7205,21490890.0551,21477920.2174,22086739.0275,19484641.202,21667701.8388,775717.1236,1527270.0719,1258353.1932,326019.249,59492.5965,-409268.3211,264790.9659,-1511090.5549,902.508,764.1613,640.4315,673.3415,882.404,807.732,668.006,699.3234,715.4766,1012.8797,787.5213,764.9445,746.0991,795.0833,903.6721,745.6872,1515.7555,1421.3098,1722.015,1300.102,1529.3033,1370.3297,1336.3707,1231.6094,1553.4251,1763.3231,1734.5679,1652.4088,1736.574,1550.5397,1615.5293,1693.3273,149.192,195.4736,-112.2398,69.8179,-90.1521,164.1874,-178.4465,-150.3518,0.0163,0.0017,0.0007,0.0215,-0.012,0.057,0.0036,0.0088,48.0676,44.005,44.7872,46.6322,46.3219,45.5464,40.7779,47.0268
99,99,53.26594,19.72278,9408.5,327.0,LOT283,0,11.0,45.4543,2.1286,40.9942,51.4168,79.6636,2.4133,0.0,0.9871,0.0411,-0.0048,0.0954,0.4517,0.5201,0.4002,0.4015,-42.3579,-44.6024,-49.2155,-1.147,-0.5948,1.814,223.0139,0.1547,-1058.3083,-373.7857,1120.2592,-1126.1409,481.9985,319.9457,2704.0127,2653.6926,21589772.4477,21375622.3181,24514079.1088,23206479.94,21757374.1977,21883332.1784,20601193.3683,20982331.2189,1330304.2426,-205768.9138,1305109.4777,-861147.4395,810407.4104,-209654.1481,-262455.3289,3101965.5373,593.7484,794.0328,599.2153,589.3312,604.357,914.2263,636.3024,792.2868,848.8354,888.2114,685.6998,915.5759,859.84,772.8859,661.7421,738.3872,1239.9226,1322.0338,1665.0235,1578.8823,1532.9165,1999.3426,1555.7894,1166.4017,1562.2626,1678.528,1395.3484,1203.7386,1504.0997,1694.7718,1389.2179,1388.3508,-55.1846,-49.152,281.5244,53.4185,3.4759,59.8124,-73.1746,-33.2288,-0.049,-0.0272,-0.1029,-0.0529,-0.0829,0.0098,0.0409,0.0409,41.6362,44.8561,44.4102,44.4662,44.6289,43.2388,46.038,47.8529
100,100,53.27706,19.71022,9391.2,327.0,LOT283,1,9.0,45.6858,2.3964,39.9917,50.4451,55.0761,1.7942,0.0,1.0352,0.063,0.0017,0.1115,0.4135,0.6111,0.4107,0.4038,-47.201,-47.4299,-46.0868,5.4974,-0.236,3.2129,217.3158,-0.0125,-1183.0937,927.0027,213.2597,1497.6762,1847.5932,2991.212,-1753.1498,195.8331,21268334.1558,23844457.9605,21551392.5103,24043815.2756,22627192.4151,20717712.8812,21035083.5861,24129707.4141,-617570.3022,-1238033.1537,57569.9548,1550463.6622,586023.448,-1170904.3523,-225816.1082,597279.798,929.5691,538.0342,775.8496,727.5229,805.663,697.9434,852.9595,945.8513,905.893,789.2877,852.6192,942.5667,791.9664,866.6911,788.2592,780.2136,1678.7307,1358.6619,1438.1276,1283.942,1489.1043,1627.8074,1480.2745,1541.9717,1375.4051,1836.7115,1566.9605,1544.1977,1423.1506,1698.1428,1505.9068,1528.1587,117.7581,-22.3495,-294.12,-78.9362,105.9128,-164.7185,-532.9479,107.3024,0.0698,-0.0184,0.0358,0.1093,0.0107,-0.0171,-0.0901,0.0183,44.9084,40.4174,45.5294,47.7074,47.0817,43.3617,46.003,45.7508
101,101,53.28818,19.69765,9375.0,327.0,LOT283,1,12.0,45.0647,2.9155,39.7401,50.6465,90.6729,1.5455,0.0,0.9936,0.033,0.0395,0.1195,0.4278,0.6232,0.3371,0.4297,-43.1344,-45.9743,-48.1673,-3.1433,0.2743,1.0605,220.3064,-0.0125,-3213.9049,250.5727,-1932.6559,-1072.406,2145.8897,1792.2485,-1016.7522,827.8534,20873257.0907,20318888.0088,20073892.175,23460301.8357,22462718.4762,23962400.6574,25506755.2656,22722935.8725,-358148.0815,-1687905.7464,478656.5394,-722803.301,31926.994,-143583.8096,330006.4419,-657495.6462,872.4795,950.2502,784.6885,983.5102,832.0487,891.8857,906.5346,763.6559,717.2217,854.5461,858.3912,729.5893,620.4203,933.1039,802.6471,790.0998,1512.7009,1576.9685,1500.1628,1522.8605,1578.3436,1223.7948,1396.6792,1812.1351,1646.2558,1719.7592,1563.6213,1765.7788,1641.7386,1602.2988,1788.9524,1926.6236,183.1228,303.3638,57.7575,-400.4265,-104.3881,24.4217,-13.9823,-86.5281,-0.0071,-0.0841,-0.0032,-0.0582,0.029,-0.0267,-0.0492,0.0256,46.3911,48.0339,42.3179,43.8412,47.5667,41.6143,43.3598,41.3686
102,102,53.2993,19.68508,9360.0,327.0,LOT283,1,10.0,47.4091,2.5672,41.6081,52.4935,90.9565,2.324,0.0,1.0062,0.0579,0.0279,0.1392,0.4859,0.615,0.3763,0.4542,-45.4197,-47.4968,-50.434,7.3058,-0.0825,2.2876,213.3846,-0.0096,-867.5719,-1911.1163,-870.8196,1049.7434,1396.4618,830.4745,-1756.9353,237.1367,20722099.3078,22646558.9763,21668547.1799,20846019.0681,21392940.2211,19911863.209,21498870.3793,21367142.5952,939140.8836,-262150.5471,-607451.1852,205005.0324,1146995.6939,-270381.3023,-698539.3672,223241.0631,740.3945,698.8089,728.5932,568.8617,811.6196,680.2617,779.9779,966.4836,815.7103,874.3731,861.6919,732.0698,845.8227,815.6032,768.9311,990.8798,1363.605,1264.0578,1692.4672,1773.4457,1433.0067,1708.5148,1375.6,1228.8943,1747.0964,1581.6351,1977.8431,1739.4645,1657.4472,1468.1318,1562.7081,1473.3253,113.1366,-275.3079,-9.262,88.7741,-128.8939,109.994,-124.4854,-344.9052,-0.0389,0.0247,-0.0353,0.0407,0.0553,0.0383,0.01,0.0018,46.0851,45.6493,44.6947,47.7672,46.0431,42.0161,46.3906,44.8312
103,103,53.31042,19.67251,9346.5,327.0,LOT283,1,10.0,45.3527,2.9487,40.0896,50.0146,73.1583,1.6344,0.0,0.9832,0.0478,0.0156,0.0817,0.4892,0.6613,0.4211,0.4154,-45.8498,-44.8451,-47.1659,0.0088,0.5824,2.427,220.3033,-0.2736,-1397.4893,-2523.0109,1714.8904,-3.1549,-2114.7412,3442.4066,-1001.7048,1911.2137,22539631.2901,22496223.1098,21905652.6906,23450226.7437,22503167.9017,20046638.8301,19266661.0831,21134537.6197,817368.7678,110348.1339,-948706.2827,868871.7365,503988.189,1031347.1563,1313501.1497,119389.2493,932.4475,834.1789,861.4193,712.3306,872.2589,697.7391,800.5673,708.1777,822.3066,790.7403,904.7102,768.697,803.5421,831.7562,732.857,841.7975,1400.7408,1278.2359,1299.4147,1595.9055,1555.3833,1771.5355,1327.0879,1464.2048,1360.3732,1545.762,1808.6529,1529.1478,1659.742,1538.6905,1763.9321,1335.4464,251.0751,290.3762,-5.3413,-61.7449,-198.5153,139.0735,196.3322,-105.8091,0.0513,-0.043,-0.0477,-0.0477,0.067,0.0987,0.0631,-0.0598,44.8967,41.207,43.8138,47.1527,39.8472,45.8507,45.1292,44.3943
104,104,53.32154,19.65994,9334.4,327.0,LOT283,1,9.0,44.2745,2.5614,39.3344,49.9648,91.9658,2.7797,0.0,0.9848,0.0615,0.0986,0.0989,0.4716,0.5062,0.4573,0.4091,-42.609,-44.5212,-46.0836,-3.0775,-0.2415,2.309,219.9292,0.2954,1682.6102,353.0111,524.4921,889.6306,-434.2199,2034.3946,105.787,-1368.9725,19935919.5167,19039811.1567,20881255.3145,23016817.6895,21418879.3141,23083963.2583,19012391.369,22980703.4049,155133.9328,-2140095.5958,677087.6395,-176205.0544,501029.1604,884380.0556,-344968.1397,739637.0588,748.9201,841.6104,793.6531,908.2226,633.2159,797.3142,771.5036,656.5661,922.2855,884.3251,885.6134,686.9311,928.9727,643.5512,602.7755,961.8646,1461.3819,1595.6563,1459.4761,1475.7811,1476.3052,1319.8021,1540.2562,1272.9618,1360.8316,1453.4124,1334.6861,1892.7465,1474.8553,1346.7435,1439.8801,1368.5033,-83.4089,15.271,538.4256,374.1723,-285.496,381.8044,46.5837,217.9628,-0.0786,0.0281,-0.0823,0.0018,0.0312,0.0035,-0.0178,-0.0411,45.287,44.4392,46.3603,48.0971,40.7266,48.2464,42.9749,45.0972
105,105,53.33266,19.64738,9324.1,327.0,LOT283,1,12.0,44.4016,1.7463,39.5262,49.5166,77.8567,2.3188,0.0,1.0108,0.0363,0.007,0.0913,0.4057,0.4124,0.4574,0.3665,-46.0095,-46.6842,-48.167,-2.8609,-0.4846,2.4633,223.3834,0.2029,435.988,2215.6946,-991.7742,376.8559,-1533.4883,2718.027,-1177.8665,1517.3116,19473397.4674,18874975.8513,21901339.3474,19515731.546,22706544.2852,23102925.4569,21792235.9293,22590149.9697,-1522645.5786,468675.1938,-896436.7594,-628485.3348,-1515837.7916,5626.7044,331868.5533,358107.4288,706.4292,683.4004,725.2514,800.8502,771.6638,754.7956,679.4273,829.288,799.2121,779.3842,677.9499,776.742,804.797,695.6352,935.0622,692.6617,1432.6502,1606.7635,1348.6078,1540.2783,1402.1767,1517.4956,1536.0177,1474.0414,1987.6839,1505.01,1707.7995,1269.5021,1370.9139,1802.2821,1464.8917,1544.5452,315.8514,-133.3179,-227.037,-2.8868,-268.3366,289.2075,34.4996,-0.7786,0.0634,0.0083,0.0289,0.0374,-0.0259,-0.0228,-0.004,-0.0443,44.5672,46.2128,45.0181,48.9868,46.703,46.1476,44.9291,41.6122
106,106,53.34378,19.63481,9315.4,327.0,LOT283,1,10.0,46.0224,2.367,41.8294,51.5248,75.2779,1.8883,0.0,1.0013,0.0557,-0.0007,0.0986,0.4879,0.5563,0.4045,0.3947,-45.2001,-47.067,-50.4918,4.6115,0.0866,2.5058,223.861,-0.1621,246.4154,-2187.7164,-315.5835,1163.0744,1323.6561,-732.0748,1442.7028,1594.8927,20966208.9303,22452247.0417,20866745.7433,22520348.0473,23177289.3028,20489869.5918,24232346.6044,23512030.2737,-33907.9056,1335961.1148,-339217.2652,676331.7006,1727310.9876,740098.7263,-524678.2907,1685300.8958,821.1099,642.8656,902.8261,913.6741,682.156,920.3399,869.7211,763.5367,659.0257,629.2217,809.9854,846.8448,868.2554,613.3314,868.8268,794.2444,1383.6852,1635.9938,1606.8529,1614.4674,1498.2736,1624.2269,1755.8839,1595.3165,1392.504,1214.5056,1299.7453,1873.9704,1622.0611,1779.2976,977.9096,1432.2313,-17.4222,192.8282,-113.7272,633.6877,368.2245,-77.6057,332.1163,64.3417,-0.0883,-0.0379,-0.0088,-0.0106,0.0082,0.1,-0.003,-0.0194,48.1574,44.0641,47.883,49.8615,44.237,47.3911,43.2802,47.5829
107,107,53.3549,19.62224,9308.7,327.0,LOT283,1,12.0,45.3618,2.8382,39.7352,51.0835,76.4538,1.2724,0.0,0.9937,0.0563,-0.0022,0.0951,0.4625,0.5454,0.3854,0.3612,-46.0674,-45.7816,-47.9243,-2.737,-0.2673,1.0536,216.5865,0.1788,-719.2738,508.9608,286.3095,3117.2206,1416.2601,3580.4029,385.1524,-3108.1899,21999368.8831,19647175.8383,21737926.9617,23204591.916,19248993.2652,23558270.2748,21214460.4487,22498176.2659,-150560.3615,-1364638.7651,553000.2305,527393.9607,1292807.9836,-140633.2922,954483.9343,-206511.7366,705.8704,837.3069,671.4781,945.1224,803.8161,1014.8492,555.7932,997.6407,824.3729,792.2263,740.3621,974.0071,647.2109,619.6189,942.8366,995.9364,1237.0757,1614.9787,1304.5467,1352.9565,1443.7393,1482.1056,1496.9809,1659.7871,1491.601,1271.6752,1537.5597,1836.9233,1647.9974,1516.4955,1546.7085,1529.2504,-32.9072,238.0044,-14.7387,388.2318,-133.5671,432.2641,258.7707,458.9813,0.0307,-0.0085,0.0011,0.0737,0.0087,0.0369,0.0964,0.0388,44.5017,45.7758,44.8986,49.9342,44.2579,49.8002,48.4517,43.9788
108,108,53.36603,19.60967,9303.8,327.0,LOT283,1,9.0,44.2258,1.6225,38.2654,48.7006,84.0524,1.1933,0.0,1.0025,0.041,0.0204,0.1032,0.4298,0.5537,0.4217,0.4192,-45.7691,-44.3435,-47.1511,-2.4388,-0.1255,2.5587,224.0543,-0.1085,1548.2815,904.8162,346.8003,286.7762,2377.3824,2295.2493,-705.4589,-1873.3856,21550669.4028,22304244.9112,21755818.9573,21116765.4292,18945891.9325,22903711.6109,21426259.3114,20411041.0002,-444790.9779,772041.5961,957366.3051,-467578.2082,1221337.281,782299.771,563591.6603,-525386.9014,743.0341,945.9029,1005.105,986.4803,777.7309,967.5335,728.2199,815.6784,944.8034,722.8886,888.9089,627.0815,1070.8729,790.7055,763.6667,779.9185,1515.6411,1468.9022,1652.7935,1619.917,1630.7451,1341.0033,1369.2511,1326.6045,1532.2299,1788.9641,1548.5593,1402.8609,1579.8274,1981.2105,1464.611,1269.5838,-295.5164,136.9057,-222.1202,112.6402,-226.2955,-30.859,-57.1369,-53.1949,0.023,0.0339,-0.0181,0.0772,-0.0361,-0.0023,-0.0399,0.012,47.0233,42.2949,46.5978,47.9713,42.1574,47.8248,44.5056,45.4824
109,109,53.37715,19.59711,9300.9,327.0,LOT283,1,9.0,45.4156,2.9962,40.64,50.6549,92.9765,1.4833,0.0,0.9917,0.0306,0.0507,0.1333,0.4835,0.5599,0.4237,0.3691,-44.2001,-45.5828,-48.5543,-1.4565,0.225,1.514,219.944,-0.2213,2237.5284,-1224.5448,-56.8047,154.4925,471.6992,452.6662,68.2184,798.0865,22748097.8246,22493980.6509,21050504.2871,21390459.5437,25140204.5526,19910111.1516,24486967.9458,22520272.2781,-794780.9412,1169632.0872,1893510.6423,707608.9764,1206067.4008,1424818.3243,706634.7428,3302972.3085,710.4311,776.3296,835.0621,966.2101,614.4461,971.949,755.7564,875.0987,845.3981,849.3488,758.7032,868.042,864.7928,747.1091,769.1349,734.7635,1320.478,1426.4532,1209.5534,1317.4042,1310.3921,1544.1582,1291.4261,1470.2737,1655.2409,1133.0544,1580.2714,1757.973,1577.3153,1393.3704,1503.8164,1413.0749,-30.3186,-216.7901,-113.0494,449.1782,-305.805,305.5804,231.8133,243.6777,-0.0679,0.0338,-0.0155,0.0204,0.009,0.1361,-0.0145,0.0835,43.4832,46.2216,48.8426,50.2225,47.3335,49.088,42.4194,45.4885
110,110,53.38827,19.58454,9300.0,327.0,LOT283,1,10.0,45.7411,2.2595,40.4733,50.1535,65.9124,1.8449,0.0,0.9897,0.0509,0.014,0.0692,0.4334,0.5117,0.4095,0.3966,-45.4194,-45.1322,-49.105,-4.5816,-0.5186,2.7648,219.9461,-0.2159,-350.3227,215.605,-1144.2812,1790.6647,-2001.1967,1078.9931,-499.7814,-136.1416,22100385.5057,20754331.1642,22038328.1237,20040979.6357,21464586.6778,22393791.6212,20643944.1162,23312992.3446,-353361.7313,565403.0839,1933402.1076,1275976.2013,-1323084.4369,561063.6567,525251.5035,-1293858.8624,801.4943,805.9874,983.3406,918.2767,682.247,1005.5553,668.021,774.6765,830.9608,750.5498,729.417,602.3545,742.4898,666.1347,726.9573,655.9837,1158.6007,1565.1254,1629.1903,1285.2271,1384.3468,1407.7676,1610.6872,1517.8098,1210.7428,1268.6107,1375.2484,1542.8192,1331.2039,1739.7105,1480.0473,1278.3589,-67.1014,-190.454,355.5926,-3.1915,-102.0843,145.43,148.5132,176.6223,-0.0111,-0.0157,-0.0005,0.0804,0.0242,0.1069,-0.0456,-0.0057,43.2854,48.1636,44.0251,45.5062,44.0924,49.5639,46.9447,47.0069
111,111,53.39939,19.57197,9301.1,327.0,LOT283,1,12.0,45.5946,2.4422,41.0509,51.1931,76.2033,2.4684,0.0,0.9748,0.0656,-0.0028,0.1036,0.4,0.5966,0.4564,0.4043,-44.6978,-44.9064,-49.9009,3.7794,0.4005,2.692,219.123,-0.0208,329.9962,-595.5781,5.3016,637.9905,-2776.6893,202.0736,112.4466,-900.8726,21919704.9011,23937271.4896,21255438.6561,22297819.3743,23174571.6475,21734655.0587,19849742.0039,22657092.8201,-1531221.9074,-735664.7635,-733006.7069,1789801.8862,-715972.1199,188483.1627,136045.8192,1456040.161,922.9122,727.2477,733.441,794.0189,789.1429,914.0273,793.0469,683.9437,782.4437,982.1679,873.4528,748.6664,777.7807,688.6504,687.1749,796.7258,1389.7667,1378.9439,1710.4196,1199.2979,1784.6215,1437.5336,1600.2907,1520.6011,1315.3121,1087.4408,1530.7115,1930.7048,1800.2671,1658.6434,1592.3336,1699.7059,-18.3555,-101.4165,-249.41,188.4574,-82.205,92.0128,-263.0732,-136.9908,0.0376,0.0639,-0.0384,0.1709,-0.0529,0.0701,-0.0382,-0.032,43.2715,46.6235,45.8741,46.7611,42.5106,45.6107,48.3173,42.9718
112,112,53.41051,19.5594,9304.2,327.0,LOT283,1,10.0,43.2741,2.5624,37.3227,48.7826,92.2471,1.8974,0.0,1.0267,0.0595,-0.0444,0.0441,0.4501,0.5266,0.3408,0.3842,-43.947,-46.1887,-50.542,-1.2427,0.3383,1.9314,220.3306,0.0693,276.1858,1142.6978,-766.8792,1498.6946,1239.1371,-454.8947,1191.4177,-1986.0971,22426429.1791,21080648.9461,23596937.5322,18961772.092,21276547.2329,25284355.1639,19239375.7314,25239999.5156,219275.3804,-149295.4992,240998.6094,699011.613,-519535.2875,1019971.9968,77269.6814,-1476930.6079,791.6426,869.5536,1088.7721,1084.2136,713.1339,841.586,867.9672,775.1705,675.439,826.2239,892.5625,749.5124,741.2902,695.6845,727.1583,815.364,1585.2218,1590.0887,1600.3935,1413.7978,1368.9892,1272.8083,1522.861,1513.1499,2081.1531,1251.8645,1383.2755,1975.1611,1523.5637,1842.4757,1644.885,1619.4617,199.0279,-90.6534,-82.0436,194.7204,155.0709,206.7686,-247.2372,78.6913,-0.0764,0.015,-0.0984,-0.0035,0.0356,0.0356,0.0334,0.0458,41.2477,45.4653,45.0892,50.2739,46.5052,47.5153,46.1908,45.8088
113,113,53.42163,19.54683,9309.2,327.0,LOT283,1,11.0,46.8848,2.3416,41.2663,50.9698,75.7943,2.7304,0.0,1.0357,0.0411,-0.0326,0.075,0.417,0.5438,0.3801,0.3824,-43.5776,-45.1734,-45.4562,-1.1016,0.05,3.8204,213.502,0.0022,-3008.5311,861.0352,1248.6115,3736.0812,1013.2182,3778.9886,-1624.6468,603.5167,23286835.9559,21819080.1355,21733621.0092,19298439.2418,21120302.0245,21635480.2189,22368049.3888,22536271.8795,574797.2371,-475063.4948,-112172.4284,-809674.0114,-237483.5925,130522.5891,-321843.2404,244199.0166,954.6441,734.5468,715.8621,1006.7645,660.6037,1046.1992,934.1435,844.9024,853.032,789.9476,779.5835,702.0882,756.6537,557.3132,845.0424,972.3672,1707.6177,1661.6284,1421.6985,1514.2147,1250.9124,1527.1687,1371.9385,1303.4061,1476.4214,1643.7469,1281.9208,1969.7075,1605.6987,1923.2944,1142.6228,1658.3955,-7.0869,239.0279,469.8154,274.3867,163.1389,463.1508,-82.4917,0.6284,0.0171,0.0479,-0.0375,0.1479,0.0281,0.042,0.0701,0.1337,44.4179,48.5999,47.296,44.6958,46.6711,55.0614,43.1298,40.5952
114,114,53.43275,19.53427,9316.1,327.0,LOT283,1,11.0,45.2981,3.026,40.4969,49.3715,85.6094,2.3725,0.0,1.0067,0.0676,0.0234,0.0773,0.5426,0.5966,0.386,0.356,-43.9505,-45.1092,-45.1118,-2.4986,-0.4985,3.4963,218.2695,-0.0375,-490.4159,-2499.969,-669.6118,2361.6816,-711.5143,2879.8026,480.4139,-1777.9555,22018709.3081,21935101.2601,22737190.7688,21838729.1663,23112938.9999,23294663.0257,21254367.0967,24936864.2067,778427.214,-1598558.0922,-479421.2414,-137619.1043,-1245506.402,173243.88,2001224.9885,-955568.7297,816.7369,820.2715,746.6347,858.7317,895.9562,1130.0248,746.8107,887.4991,829.4541,859.8221,503.2158,400.4283,779.2015,672.7328,823.5094,699.0378,1369.7306,1387.2481,1500.6345,1427.8653,1312.4494,1602.0555,1292.2173,1433.1156,1177.1337,1317.9014,1439.2251,1717.0264,1603.211,1892.4598,1653.0816,1038.889,228.3721,-64.6436,-17.8757,347.9162,-134.1249,117.6215,113.4564,230.9042,-0.121,0.0159,-0.0394,0.0824,-0.086,0.0632,-0.0366,0.0214,47.3077,45.6688,47.8696,44.9586,46.208,50.5942,48.4834,42.9492
115,115,53.44387,19.5217,9324.9,327.0,LOT283,1,10.0,45.1034,3.0846,40.2708,50.1324,74.5783,1.6031,0.0,1.0183,0.0743,-0.0015,0.1492,0.4003,0.4849,0.3633,0.3783,-47.6814,-44.5647,-50.6105,1.6985,0.445,3.0674,211.0704,0.2032,-1729.05,785.5516,-5279.0694,1910.628,694.4393,2531.4072,-865.124,-3018.787,23255399.8851,22822944.4703,19366117.977,20667825.6742,24173661.3833,21481686.89,23868068.4894,18558244.3228,-699669.7819,550678.3897,145668.3512,1431062.5967,175148.4796,-1569163.3561,328405.692,224097.584,786.8748,867.6836,810.3108,932.2987,861.8066,924.6451,889.4135,764.4467,810.9818,640.9188,1085.6644,678.0834,851.879,654.4864,883.569,757.1018,1768.5147,1179.6336,1606.5264,1549.5549,1553.6463,1332.0715,1573.711,1572.3548,1480.9997,1333.5875,1658.0243,1882.7212,1739.1341,1662.3937,1792.3424,1716.6119,26.6457,250.6304,222.8684,293.2774,409.5133,747.8208,112.2011,177.2971,-0.0413,-0.0504,-0.0197,0.1478,-0.0646,0.1876,-0.0555,-0.0064,44.2412,46.6722,45.5811,51.2223,45.803,52.0967,46.5202,43.2532
116,116,53.45499,19.50913,9335.4,327.0,LOT283,1,10.0,45.0801,2.2462,39.2168,49.5193,80.5706,1.0733,0.0,1.0198,0.0773,-0.0055,0.122,0.4502,0.5579,0.3969,0.3596,-45.2735,-47.4814,-50.8474,-3.7293,0.3195,2.1504,223.5505,-0.3288,849.8181,2185.7946,524.5242,1391.1533,-2341.4196,-3.8709,-363.1844,379.841,20691637.5121,20905252.6487,21487039.4464,22001118.2336,23672443.6174,19441619.6028,21878767.0357,23904260.4192,273492.901,352499.9744,-590025.9583,-69868.4528,-1033119.0123,-1642479.3659,-109496.4416,-494961.4091,846.5737,807.104,889.7325,1112.8545,833.0873,1174.3513,941.4318,675.8549,926.4054,804.1501,823.2979,690.6951,812.3167,741.3484,718.1901,741.9272,1652.1239,1251.2924,1470.3741,1468.357,1384.9679,1339.6357,1360.998,1587.947,1478.0368,1723.6374,1494.9132,2013.6857,1230.2428,1241.9929,1563.4879,2115.5164,73.9309,186.8295,-238.6012,239.9426,-227.5091,43.4198,11.9397,-93.4833,-0.0074,-0.0021,0.0077,0.1642,-0.014,0.0568,0.0047,-0.0018,42.0505,43.4274,43.5801,50.8866,41.7221,47.9428,47.0254,46.6735
117,117,53.46611,19.49656,9347.6,327.0,LOT283,1,10.0,44.4322,2.2273,39.5972,50.225,86.0766,1.3465,0.0,1.0511,0.0528,0.0017,0.109,0.4469,0.5037,0.4134,0.432,-46.5165,-46.4647,-49.2218,-0.578,0.3266,1.9642,223.5727,-0.3225,-789.7156,1568.4808,126.3328,2120.592,-2957.4261,1118.5605,975.5839,938.0189,21023873.0796,20952248.0227,20434330.5351,23049040.2705,23908316.6806,20983121.8179,23509230.8189,19970162.1866,-726167.5374,-578206.2594,1459021.9527,496322.6342,-373360.1761,732981.8505,-306637.1121,-1554545.0307,848.1894,728.3731,668.9142,1071.7577,831.2667,1152.258,978.9237,783.5773,779.8682,567.4913,593.4909,686.4843,1009.7683,686.5956,651.3919,829.7083,1357.4211,1081.1696,1587.696,1602.8923,1523.7915,932.9512,1638.3166,1337.0046,1660.4033,1344.4254,1657.4802,1834.1495,1553.0401,2158.1553,1600.1916,1311.1291,-45.2123,291.6746,-14.78,966.5573,-184.3428,90.8086,18.4503,206.2273,-0.0007,-0.0229,-0.0521,0.1144,0.024,0.0503,-0.0007,0.0748,45.668,44.5349,47.1427,48.304,43.0148,47.3698,46.6139,45.7865
118,118,53.47723,19.48399,9361.3,327.0,LOT283,1,10.0,43.1359,3.0269,37.6412,47.4231,83.6012,1.5931,0.0,1.0046,0.0681,-0.0275,0.1314,0.4581,0.5715,0.3961,0.37,-44.4299,-44.8469,-47.2861,4.1416,0.5328,2.4203,218.931,0.2312,825.9492,-12.3093,-2796.3422,2494.6119,-403.4491,-568.7857,84.8706,1855.3477,24137328.3921,20688481.0227,24195502.5458,22248850.8232,24089645.8092,23532007.9372,22647869.1363,22137091.8905,1110955.397,-19476.3275,-17062.3429,2528744.1059,499635.0931,187282.832,-904064.5985,1496923.0762,751.5991,871.5,701.2815,1140.2117,919.9019,888.126,864.3407,954.1923,886.8587,723.8705,920.2827,647.549,734.0569,529.4505,826.9698,738.2626,1741.8524,1269.0347,1363.6905,1415.3891,1422.5014,1460.1272,1617.1051,1422.6236,1323.7046,1546.1469,1544.3832,2226.6426,1594.5772,2253.637,1474.3588,1464.7964,-121.7777,41.3541,608.3657,527.4839,-150.2491,460.7518,-255.01,-219.149,-0.0746,0.0291,-0.0495,0.1683,0.0163,0.0547,-0.0649,-0.021,44.4107,47.7798,44.2834,43.1026,42.9878,49.8784,43.8823,41.4532
119,119,53.48835,19.47143,9376.4,327.0,LOT283,1,11.0,47.0885,2.3917,42.3961,52.2197,80.6424,2.5413,0.0,0.9961,0.0394,-0.0558,0.0918,0.5989,0.5836,0.4246,0.4306,-44.3343,-46.6598,-46.5949,1.0087,0.2647,1.44,226.7194,0.0106,1041.5971,-145.4044,-990.7755,699.8958,436.7109,4009.6557,-2013.3677,2188.892,21340439.8362,23285722.7335,22980505.2453,23409982.1541,19699054.0274,24271303.6585,20435681.2298,19795061.7827,20200.0193,189834.6759,-1298215.9359,-379613.456,-330630.3173,-1315659.5506,1894285.2923,-105899.3736,886.3842,906.5647,882.8002,980.3781,508.4881,1044.6636,840.9529,780.9726,653.9058,899.031,910.6942,665.4171,771.9776,735.3771,879.2433,699.1032,1300.7375,1373.9431,1384.9495,1206.1117,1218.5822,1480.4769,1340.1667,1565.5258,1555.4302,1473.8666,1690.8645,1808.0644,1544.2254,2227.9725,1731.5678,1773.0741,316.6908,48.0066,82.5973,281.3992,25.1844,161.4736,-156.8133,351.9343,-0.0792,-0.0752,0.0383,0.068,-0.0129,0.1314,0.0324,0.0339,45.124,43.2754,43.8346,47.2716,44.1999,44.0361,46.7612,45.697
120,120,53.49947,19.45886,9392.7,327.0,LOT283,1,11.0,46.9057,3.0068,42.7454,51.52,69.9212,2.0773,0.0,1.0056,0.0615,0.0067,0.0887,0.4497,0.5923,0.3984,0.3678,-45.681,-44.0354,-46.1718,3.2616,0.0021,1.5359,212.7412,-0.0141,-957.7353,-886.4257,-937.6877,3116.2592,1871.7775,4807.9532,1165.0456,-1278.1795,22701672.4398,21536304.3841,21731558.1755,20902616.3028,24011666.0132,21690980.4738,24353760.0198,19960371.0686,628372.065,31252.7679,1739538.2322,363834.0519,-319169.6086,-528785.3021,-1731398.1023,-707720.7189,711.2,760.1279,859.549,1178.5168,824.0015,1191.4977,701.9017,670.4063,824.4028,729.4542,764.6669,655.7037,702.4915,649.8677,975.977,740.4888,1541.2177,1357.6998,1624.4607,1811.1379,1533.2147,1816.6861,1348.2275,1375.3841,1763.9062,1577.1356,1740.038,2064.4578,1628.4276,2119.9949,1497.4626,1493.4844,336.019,-28.4019,31.9692,541.9352,354.3188,452.2457,-206.1276,84.0838,-0.0622,0.1076,0.06,0.212,0.0304,0.1876,0.0328,-0.0273,46.7285,44.4516,44.7156,47.6274,44.3792,49.6212,43.7116,44.7368
121,121,53.51059,19.44629,9410.1,327.0,LOT283,1,10.0,45.129,2.2658,40.6284,49.6616,89.023,1.5566,0.0,1.0382,0.0467,-0.0146,0.0758,0.4503,0.5831,0.4225,0.4382,-43.6245,-46.9206,-47.9955,-2.5874,-0.3139,0.9611,209.9327,-0.0103,1697.9617,-2210.6103,339.1855,2656.4237,-1479.7368,3051.2412,-1003.6061,-2307.6579,21675747.5736,20913365.4478,21805445.1336,22387585.2465,23724638.4214,22521624.4427,22005523.5008,21765618.9267,750311.6487,-1085136.6678,-948537.6879,1389993.5784,-740334.7314,-458782.834,-2464569.5257,424342.1188,715.261,986.1758,797.6274,988.0639,869.7204,1106.615,897.2603,873.6875,604.5594,795.5509,853.9673,447.9855,739.3393,707.5351,950.6279,802.9237,1202.941,1563.7252,1604.9676,1771.3382,1549.8353,1463.0639,1499.2556,1332.3205,1222.2956,1633.0935,1500.6686,2188.8811,1052.5422,2032.9417,1712.1072,1571.6773,416.9876,88.6184,145.0777,773.1209,-51.5343,447.9501,226.4481,-80.6401,0.0068,-0.063,0.0079,0.2821,-0.0091,0.1851,-0.0329,-0.0271,43.3527,41.9586,43.3241,54.6469,46.3122,48.5552,40.44,45.242
122,122,53.52171,19.43372,9428.4,327.0,LOT283,1,11.0,43.9493,2.5668,38.218,48.2795,90.67,2.7155,0.0,0.9892,0.0512,-0.0188,0.1334,0.4337,0.4971,0.3677,0.4105,-46.5195,-48.1652,-45.8826,-3.2089,-0.4019,3.9493,216.6746,0.1436,-109.317,85.745,-347.1812,1729.0369,1616.1165,1752.0404,-1429.69,1443.7559,20970430.0824,20033639.0093,21810732.3008,19979868.995,22448295.7351,22463005.4222,22339091.6772,21921608.2472,-162501.5845,-785207.7661,1631888.4436,153977.9042,-86275.3484,1185147.3351,-1719684.3086,-2067199.4746,780.9107,803.1806,929.9567,1146.4805,818.1869,1115.2603,625.6848,820.0301,708.2287,959.2417,866.3059,464.0078,773.5123,563.2287,760.2052,806.3428,1604.1921,1444.5075,1519.5495,1647.329,1804.5803,1375.3681,1374.8786,1640.5422,1619.4775,1166.1351,1435.1638,1757.8929,1562.574,1859.7435,1355.2859,1563.505,-2.3689,-74.4449,242.6986,423.2102,124.6674,538.2847,155.6481,345.0425,0.0387,0.0973,-0.044,0.0063,0.0486,0.119,-0.0452,-0.0845,46.5907,45.4076,47.5413,49.8538,47.2359,55.8128,44.8691,47.7138
123,123,53.53283,19.42116,9447.4,327.0,LOT283,1,11.0,47.3556,3.2078,43.2917,51.601,83.8318,1.9021,0.0,1.0115,0.0513,0.0451,0.1142,0.4406,0.5552,0.3903,0.3751,-47.168,-46.3964,-46.5248,0.9078,0.1917,2.0552,220.0361,-0.0384,-1534.1818,10.5624,392.5114,3217.5136,-1603.7187,3649.3617,1619.2346,-170.8558,19976121.5351,23510276.037,22686358.9941,23402543.9495,23584842.4749,20218439.682,19567732.0894,18380514.6101,-1332381.651,-1532364.5815,2222020.9284,-1260345.8899,-1495021.9505,-277381.0729,949813.9376,171740.7116,732.0165,792.7991,976.6766,993.1549,761.2393,1100.5732,849.0789,694.4196,824.6891,769.0486,867.7706,525.57,826.8373,685.6401,814.0612,765.2932,1516.3547,1247.0209,1633.2899,1512.3975,1334.3936,1348.0416,1221.5714,1424.152,1128.6369,1087.0541,1455.2421,2201.0175,1268.3108,2326.4039,1611.9712,1669.9516,-67.3574,52.8911,142.9181,394.7071,74.9557,423.7977,-8.3273,221.8278,-0.0831,0.0483,0.0061,0.129,0.0023,0.1619,-0.0375,-0.0266,45.8962,43.4801,47.6325,49.1361,46.6301,49.136,43.7097,45.4588
124,124,53.54395,19.40859,9466.9,327.0,LOT283,1,9.0,46.6356,2.5465,41.0556,50.7051,95.491,1.9006,0.0,0.9895,0.0386,-0.0217,0.1005,0.4411,0.5589,0.4065,0.3935,-43.3776,-44.4429,-45.4736,-1.0868,-0.7428,1.3779,219.236,-0.493,-3.9299,1661.5629,212.2265,2663.0473,-581.8332,1307.1695,468.6148,-150.1737,22441026.9343,22560762.3367,18743986.9891,21834922.4924,22090690.1886,20172147.046,24010451.942,21667065.6947,998411.8346,-425845.0694,-696890.462,-1232971.4816,1648793.0184,-189658.05,1069377.3919,382812.0252,882.5034,868.1645,873.9703,1219.129,708.4625,966.7461,639.8273,970.0996,823.5274,740.3181,669.0062,610.7035,900.966,507.4737,822.3208,885.3555,1571.2114,1541.5822,1336.9581,1262.5933,1565.7158,1697.3104,1288.0253,1561.6208,1491.981,1630.2118,1687.6761,2222.9668,1177.4192,2373.2843,1866.3999,1848.1403,55.4875,-6.3055,198.9532,509.1634,160.2863,436.1164,-361.7894,98.3216,-0.0838,-0.0778,0.0024,0.0706,0.0363,0.1866,-0.0303,-0.0494,43.857,43.3011,44.4481,52.0222,41.7674,48.6767,45.5823,42.9791
125,125,53.55508,19.39602,9486.7,327.0,LOT283,1,11.0,46.032,1.575,41.019,50.1289,70.398,1.8555,0.0,0.9942,0.0403,0.0695,0.0647,0.436,0.5268,0.4448,0.3983,-45.6286,-45.4594,-46.4984,2.3533,-0.23,1.7987,224.5935,-0.2402,1982.8722,-1114.9934,1763.6593,3835.2042,532.0641,2179.6899,287.4864,-2381.1552,23335933.112,22349438.835,19049960.9053,22473141.3785,18347930.0676,22057500.3747,21543616.6083,23531577.366,1403918.7697,-1848078.2077,-497956.8147,695697.6256,-1606976.6459,-437583.8451,321836.1472,1693053.8049,965.0084,845.7587,615.4106,1087.2067,728.4467,1204.7406,728.6099,667.1699,872.5244,633.5813,726.1849,626.0909,879.8163,582.4603,886.3004,750.7813,1646.9005,1650.9019,1576.0276,1356.7875,1360.2274,1536.8451,1371.309,1484.2605,1431.9966,1460.2168,1397.1361,2309.1639,1869.9268,2124.0064,1552.8968,1562.4371,-1.9122,398.3686,58.8572,413.9967,-186.0033,501.1106,223.2337,-505.044,0.0391,-0.0986,0.0297,0.0838,-0.1061,0.1444,0.0119,0.0467,47.5846,47.7467,43.3732,50.0192,46.9238,53.2662,46.3159,46.2069
126,126,53.5662,19.38345,9506.7,327.0,LOT283,1,9.0,46.5717,2.5343,42.3329,51.4346,60.4924,2.6915,0.0,1.0074,0.0439,-0.0426,0.1134,0.4126,0.6229,0.3797,0.4436,-45.3587,-44.9788,-49.1699,3.1817,-0.0148,2.4995,223.1736,-0.1187,1683.1738,121.0371,2698.7378,1521.6917,1682.5006,6339.0124,-1256.731,-1257.072,22506813.5324,20548861.0703,21927898.4361,23725247.5511,22857205.3932,21819855.9847,22175955.8064,21275456.7638,585186.617,2083306.8432,-1000389.4595,137636.1517,-9244.1998,-114140.7109,1100075.9533,-1726507.2918,761.4944,676.8817,751.4983,1198.648,865.9236,1106.8231,682.7786,789.6181,719.8083,741.3484,621.3234,465.5533,897.8767,509.0852,817.073,985.329,1417.2972,1622.1511,1908.4012,1343.4124,1455.3978,1521.148,1646.5017,1470.6614,1825.3064,1387.4924,1851.2473,1857.0192,1245.0194,2388.5698,1505.9411,1439.9636,-146.8205,310.6208,114.7454,448.9287,52.0729,611.4515,-223.6261,-10.3844,-0.0184,0.0206,0.0216,0.0905,0.0139,0.2134,0.0051,0.0217,44.7678,42.253,41.3158,48.6607,47.5198,55.0209,46.0119,44.2872
127,127,53.57732,19.37088,9526.6,327.0,LOT283,1,12.0,45.847,1.9599,41.3037,51.2483,81.2281,2.072,0.0,1.0118,0.0423,0.0079,0.0622,0.4944,0.4695,0.4088,0.4104,-47.7,-46.01,-48.583,1.815,0.1821,1.8154,214.7248,-0.1844,874.9385,610.6112,2134.8457,3450.8892,-90.1543,4893.397,3040.3523,-1886.9214,19703176.6625,23867128.1198,20509204.7387,22380941.0972,21025966.791,25335338.2921,21317581.7274,22774652.7849,495577.1113,14245.1411,585944.1795,-401978.346,307803.307,794535.0013,-828370.8071,-275159.0123,703.0817,731.9635,829.6191,1152.4721,1012.0479,1044.5394,955.2705,831.7321,938.0464,716.9147,895.0966,580.5294,783.6665,610.9761,931.2502,757.7928,1514.22,1279.529,1584.1745,1544.4687,1724.4272,1620.1163,1362.0366,1482.3367,1695.9495,1528.5904,1650.2082,2161.002,1250.2435,2329.7699,1583.7442,1426.9017,116.7172,284.1286,61.0103,332.1465,59.0914,569.7566,63.6943,78.5148,-0.0736,0.0115,0.0751,0.1406,-0.0001,0.1369,-0.0104,0.0258,43.7099,45.6485,43.419,49.951,44.544,54.1873,42.1144,45.1942
128,128,53.58844,19.35832,9546.3,327.0,LOT283,1,11.0,45.6327,3.1144,40.3579,50.0217,88.6553,1.7764,0.0,0.9987,0.0497,-0.0177,0.1001,0.4918,0.6076,0.4341,0.3793,-45.4655,-45.1417,-48.2007,1.8386,-0.1456,0.9204,216.7338,-0.2044,2217.4337,811.7225,373.288,3520.3655,-2238.7339,1562.5112,-1636.221,80.8512,22429556.2854,23618228.8116,23275885.6492,21196836.5354,21772615.9108,24340952.0214,22041758.2404,20399227.7692,1405633.2438,295078.8701,-151333.3148,-630322.9082,-292821.3154,532386.3065,-891487.0877,-26506.62,881.4566,787.56,881.7176,1361.0846,721.6306,1318.7187,754.9451,1024.9147,745.7073,863.339,839.2814,357.2854,728.3205,369.0308,794.326,717.7561,1550.2227,1584.2305,1593.431,1265.478,1598.2771,1495.3082,1595.5317,1559.0415,1486.5467,1275.0204,1516.8433,2633.1062,1711.9179,2141.1505,1346.1608,1667.8813,178.616,-40.9467,505.8505,751.3018,545.2967,-23.78,286.9649,183.0809,0.0457,-0.0899,0.0689,0.3486,0.0441,0.1809,-0.0074,-0.0056,46.2293,48.4247,45.557,53.25,44.4379,52.2884,46.1604,42.0556
129,129,53.59956,19.34575,9565.5,327.0,LOT283,1,9.0,44.2322,2.0111,38.2888,49.648,88.3536,2.9319,0.0,0.9778,0.0613,-0.0236,0.1184,0.3839,0.5473,0.374,0.4432,-42.9265,-45.7057,-46.0257,-1.6604,-0.1589,2.2605,225.7599,0.0366,3274.0449,1681.1134,598.9773,3459.5788,636.2628,4115.6534,-991.4133,-19.2454,21638559.7949,22242798.6022,22639537.3414,23950812.0996,24137771.1157,19695780.5545,20773552.6779,23303752.199,636110.1043,255516.1185,-1896735.6626,618050.7421,-631484.9564,1419019.683,-1186353.0761,2015913.8358,862.6769,855.3417,779.9866,1153.4459,811.7288,1201.1676,910.6318,818.0187,798.9956,719.7143,846.3175,534.8706,851.8828,479.405,603.1698,936.9518,1567.5522,1356.7079,1468.3291,1336.0123,1380.159,1601.7365,1256.0336,1363.6225,1553.3196,1374.379,1790.9505,2380.5616,1430.2794,2349.5884,1281.1691,1449.9926,113.0091,-241.1978,24.0134,620.2943,-62.2117,617.0144,98.5043,-2.1959,0.0303,-0.0291,0.0351,0.1803,0.1085,0.15,0.0107,-0.0565,46.9505,50.2354,47.694,55.5167,49.4098,58.626,44.5585,45.5516
130,130,53.61068,19.33318,9584.0,327.0,LOT283,1,11.0,47.4646,2.0595,41.8008,53.1585,78.9454,3.4311,0.0,1.042,0.0516,0.0074,0.1011,0.4437,0.4936,0.4265,0.4152,-43.4805,-47.2078,-51.5016,1.175,0.276,2.3849,218.7538,-0.1079,699.7359,-1942.4097,-710.9393,3359.9161,838.7912,4699.4989,850.444,-115.4001,21694973.3727,22031657.1284,20619322.7788,22241159.2621,23747997.9894,26974158.011,22761966.4335,19373998.1874,295984.09,887233.7553,756374.9759,-368766.2121,1087218.6538,-904325.735,-630147.7377,744406.3834,601.0803,756.9096,736.1169,1079.4046,876.5795,1091.7179,721.109,636.103,723.6155,889.735,879.9428,589.6489,644.9072,500.5766,892.6316,803.8773,1239.1553,1107.1497,1633.2195,1434.6099,1437.9428,1356.1153,1414.8245,1489.3498,1744.3512,1265.4659,1732.4668,2359.707,1594.6031,2727.0292,1527.9596,1370.1234,-29.8421,-100.3348,124.8125,1051.423,6.8759,660.4327,-135.4117,-130.5839,-0.0789,0.025,0.0059,0.0987,-0.0949,0.1959,0.0653,0.0695,48.4983,44.5034,45.5565,55.7972,43.4201,48.6677,43.8266,44.9882
131,131,53.6218,19.32061,9601.7,327.0,LOT283,1,11.0,43.6782,2.5089,37.8314,48.3057,89.9399,1.7591,0.0,1.0241,0.051,0.0119,0.0583,0.5095,0.5608,0.3574,0.4173,-47.1557,-48.3449,-49.6585,-4.5405,0.1638,1.0931,219.4562,0.1933,2174.1847,-434.8734,1919.147,5022.9301,-529.0838,64.9337,-1142.1847,667.0954,21935386.0623,22894823.6326,21875239.3088,21262700.4159,21759312.5511,21555006.4747,21363873.0959,23548752.5477,-191019.0629,-447180.7285,339539.0483,590003.9008,459561.4998,-251189.7477,2803795.4159,463307.413,785.7827,858.1326,835.1601,1200.3236,717.5401,1201.5066,764.8484,627.2422,820.8,907.1522,909.9811,509.8675,608.5471,511.6456,789.1946,1137.0148,1848.5127,1469.6412,1378.967,1547.6296,1403.3474,1453.8138,1470.4572,1570.7107,1203.3976,1669.7535,1248.3887,2484.5956,1680.4429,2647.3233,1613.1921,1650.998,-59.2408,-95.3746,159.5779,381.1492,-34.3154,831.6153,156.1444,180.1612,0.0184,0.0027,0.0338,0.077,0.111,0.257,-0.04,-0.0881,41.6445,45.8694,46.3684,51.79,45.5568,53.7649,45.096,43.9191
132,132,53.63292,19.30805,9618.4,327.0,LOT283,1,12.0,44.1868,1.9046,39.0939,48.3967,83.9493,2.0993,0.0,0.9837,0.0418,-0.0068,0.0491,0.4985,0.4757,0.3788,0.4198,-46.6576,-42.8835,-46.994,7.3719,0.2254,2.0933,219.842,0.1476,-1327.8293,827.6293,-376.8681,1870.3425,175.5571,3529.7851,1785.5957,1500.3959,20483657.9591,23234379.2074,23560018.2803,24286152.5951,20794021.7418,23282480.9593,21119512.4071,21388374.8079,198580.7066,-863035.6767,181856.0043,918275.0999,-344668.0198,722271.0711,552056.162,-2114921.7283,731.3737,954.1815,786.204,1242.4065,757.1183,1103.3369,788.5936,825.4107,551.5657,755.474,967.2517,501.7408,691.3224,472.0123,781.9836,832.4704,1463.1365,1299.3033,1621.715,1425.2078,1538.4377,1673.0401,1545.4505,1554.0367,1674.5785,1520.251,1371.7567,2172.5274,1435.2425,2101.4427,1486.2074,1074.887,155.3333,256.722,-2.9216,1010.8463,-191.3674,594.475,24.2088,-18.5522,-0.0147,0.0486,0.0724,0.336,-0.0141,0.1474,0.009,-0.0479,44.8316,47.0635,44.8573,53.6525,39.8522,51.4344,45.8236,44.0744
133,133,53.64404,19.29548,9633.9,327.0,LOT283,1,12.0,45.0268,2.4766,39.465,49.3776,70.3415,2.1226,0.0,0.9875,0.0513,-0.0194,0.1094,0.452,0.5407,0.3539,0.4295,-45.967,-46.2172,-49.3534,3.1566,-0.3645,2.4153,225.0433,-0.2238,-366.9318,-1125.4256,94.8503,6368.121,1845.5526,3129.5855,1664.8639,-149.9653,21858063.6778,21716914.4979,19971454.628,23942314.9412,21873923.2764,19987214.4147,22185344.8488,22770786.0654,-846127.5322,994996.9516,-248095.2517,-1084129.0554,-1185865.6667,-994682.6393,-581664.3065,632808.6744,680.8167,843.53,1003.9427,1287.4572,924.1343,1006.5269,683.8434,866.1747,675.2133,892.9819,727.4719,515.1065,841.2562,450.195,806.0943,799.5529,1611.6979,1578.7408,1481.2767,1536.2129,1336.7606,1372.4167,1346.2858,1513.493,1537.0348,1341.3492,1167.8684,1971.0732,1281.7226,2188.9757,1080.8624,1663.2169,500.9254,125.4345,-176.7286,748.8276,-141.1514,436.0031,-84.2373,-22.9931,-0.0032,0.0363,-0.0177,0.0626,0.0394,0.2151,0.0294,-0.0503,42.4042,47.1283,50.794,54.1375,44.1945,50.1626,44.8426,43.1391
134,134,53.65516,19.28291,9648.1,327.0,LOT283,1,11.0,46.3942,2.9501,42.2316,51.3427,65.8052,1.4176,0.0,0.9926,0.0525,0.0195,0.0808,0.4004,0.6214,0.3818,0.3982,-43.581,-46.8104,-48.2669,1.5221,0.2369,1.2996,217.1977,0.338,-9.0178,-3586.381,397.7212,2143.24,-1264.0045,2968.5493,-17.0475,673.866,19944383.9372,22565341.0905,21719474.1986,22356793.3562,21592625.3036,22557769.8,27236001.5479,18466744.7082,171155.3196,-415093.9153,-465013.375,-229118.5328,1135694.8142,81443.2228,661893.527,-2608061.2513,915.4726,785.7423,928.5246,1451.3163,938.8427,1293.2063,984.9808,854.7254,721.7243,678.9803,804.1234,622.8822,769.7113,467.7521,680.5557,806.2902,1407.4946,1647.717,1090.3002,1224.6211,1493.3926,1733.9569,1580.6976,1469.2142,1472.2644,1811.6153,1311.0998,2423.1582,1444.8467,2415.9167,1442.6942,1270.5648,137.5976,253.9666,-61.7128,868.9626,-511.12,259.9693,-297.5554,-238.9427,0.0212,-0.0522,-0.1013,0.1606,-0.0498,0.1976,0.0125,-0.0497,43.214,47.0533,42.3137,52.4346,44.0891,52.4202,43.2163,41.6858
135,135,53.66628,19.27034,9660.8,327.0,LOT283,1,11.0,45.1085,2.4505,40.6682,49.3885,87.4881,2.1408,0.0,0.9872,0.0471,-0.0227,0.0984,0.4908,0.5863,0.4053,0.4124,-47.1767,-46.0193,-50.3239,-0.4346,0.0666,2.6439,218.224,0.1311,-3363.4174,347.3505,1997.0218,3554.2044,1509.8264,4346.8807,2253.7458,358.7819,20842731.5046,20323704.727,24003644.8531,22508359.8775,23770116.8048,23666690.2813,21956479.6133,21301473.5416,1857112.2432,-569893.2914,-1501736.9635,-367366.882,148644.5861,-1443200.3471,-861260.9267,-363118.9613,968.7663,568.3195,619.598,1130.1436,904.3278,1363.0195,925.4079,924.5782,754.854,830.8484,950.9307,301.4946,617.5998,554.7597,762.7419,574.1477,1527.8534,1435.6078,1436.6519,1732.5148,1702.0707,1519.5723,1323.4617,1537.0727,1353.7878,1444.5916,1292.8427,2346.9783,1516.3622,2356.4938,1579.0581,1408.9123,371.8457,228.0322,-22.2856,319.9151,332.8855,1383.3601,27.972,-139.9688,0.0976,0.0205,0.0191,0.3043,0.0291,0.1088,0.0443,0.0099,43.0931,44.3337,42.8148,51.7094,47.0555,48.7286,44.8022,47.1571
136,136,53.6774,19.25777,9671.8,327.0,LOT283,1,10.0,43.562,2.1601,38.1937,48.1336,69.8879,1.9437,0.0,0.9883,0.0402,-0.024,0.0865,0.5223,0.6231,0.4268,0.4008,-44.8714,-48.8756,-46.2752,1.1846,-0.06,0.633,216.8885,-0.0518,-459.6211,-752.5672,-1487.5901,3602.7147,-392.8559,5955.392,1060.226,-764.0378,21480453.068,19659937.036,20348578.6586,19862229.3926,22590689.1462,21543053.5552,24342293.9038,23408157.7851,34215.0134,-827719.6582,-473925.9124,1312068.8285,1798783.8036,-1410051.745,316301.1177,135108.7591,809.8777,659.1304,832.1574,1190.4131,711.9806,1315.7431,1018.9836,963.8556,915.0699,637.2917,745.5238,487.0777,838.9272,504.8794,677.1239,872.2382,1457.2166,1507.9977,1498.0654,1703.582,1782.3144,1691.1503,1415.8821,1503.068,1574.2141,1632.9104,1501.3814,2576.7577,1572.9249,2443.0777,1619.1254,1502.5661,12.8858,157.9839,83.052,822.2046,23.5733,368.2712,89.6436,-145.5441,-0.0669,-0.0718,-0.0523,0.2236,-0.0017,0.1758,-0.017,-0.0049,46.5595,42.6505,46.8075,52.4563,50.6975,52.0455,43.9306,46.1566
137,137,53.68852,19.24521,9681.2,327.0,LOT283,1,9.0,45.5203,2.3212,40.5997,51.009,74.5226,2.4581,0.0,1.0029,0.0558,0.0007,0.0785,0.4545,0.5593,0.4414,0.3873,-47.0755,-44.4541,-47.5232,4.0742,-0.3247,1.5745,225.3674,0.0901,833.5653,-711.0033,1201.3026,-132.7609,-633.61,3403.5171,648.9963,602.2784,20936377.6595,21704099.1768,22162361.3511,20016200.5007,20806287.5649,23371121.4073,22757029.0496,20996340.2921,157082.2061,-177867.3785,-1118840.648,168217.8893,769299.2105,766730.2033,-1400295.0154,-891651.9988,714.0671,851.9056,913.2015,1273.2773,804.7749,1172.9777,1018.623,604.3636,923.5886,869.4553,881.5338,529.1925,634.4894,476.3435,803.2393,848.8698,1663.5096,1704.8102,1290.4544,1258.8315,1447.2884,1606.1224,1737.6597,1444.2132,1559.8595,1363.1847,1569.4134,2323.0985,1976.7992,2485.2486,1367.5983,1634.1478,91.5266,227.0689,398.4305,822.4657,282.7237,492.8709,-354.6887,-8.9356,0.0354,0.0902,0.0569,0.1684,0.0341,0.2873,0.0045,0.0043,45.3554,45.1295,43.4635,52.5164,47.524,51.9732,45.323,44.7204
138,138,53.69964,19.23264,9688.7,327.0,LOT283,1,12.0,44.6213,1.7289,38.675,48.8002,81.7718,1.9978,0.0,0.9657,0.0414,0.0267,0.0882,0.4148,0.5496,0.3704,0.4325,-44.5256,-46.3167,-47.5725,-1.5131,0.3349,2.4667,218.9225,-0.1652,2443.6429,-715.7985,1470.1555,5943.6029,-467.9341,5478.7709,2929.3082,-428.294,22239598.7315,22072211.6468,21520947.3696,22953400.839,23460603.6562,23746877.1626,21609996.9214,22408235.4488,-469403.8461,-266500.5548,1319419.5552,1393061.4157,227317.0881,515807.3116,410100.1219,-166345.5929,876.216,708.7606,872.6539,1195.6895,881.5001,1158.1187,842.0071,764.474,793.9806,792.5692,531.9447,588.4294,784.1745,597.8061,825.1996,816.4579,1151.7498,1424.2179,1505.4358,1463.0532,1592.7468,1558.9493,1682.7825,1491.6905,1896.995,1735.4367,1766.4672,2131.7114,1469.3215,2383.5663,1038.5907,1465.8869,81.1302,-83.2771,-150.553,463.9287,162.148,366.7716,-203.0417,-22.3839,0.1046,-0.0267,0.0896,0.1378,-0.0763,0.2554,-0.0193,0.0126,44.7975,46.1931,44.376,54.5007,48.0791,48.5575,45.6686,43.2164
139,139,53.71076,19.22007,9694.4,327.0,LOT283,1,10.0,45.3326,2.6514,40.2951,49.5901,75.2478,2.1757,0.0,1.0228,0.0435,0.0085,0.1081,0.5021,0.5253,0.4353,0.407,-46.7787,-45.1694,-47.4931,-0.8392,0.3991,2.4747,223.9548,0.0197,-1489.7357,-682.9035,-2272.9835,5036.7653,-2627.7934,4243.8773,1803.1951,-1474.4057,22531469.6192,21270433.9745,20662924.1374,22498109.8898,21536458.2362,23095678.413,18336244.4737,20808928.1349,-736588.1539,-1366238.8152,111729.1597,535184.1681,1162052.3191,-215952.5843,1179672.9236,654199.938,806.5948,656.4033,707.9213,1169.3959,797.2494,1155.3037,818.9481,769.5643,807.5573,802.1111,821.8087,573.4115,887.0625,495.6077,659.6166,781.1858,1659.9868,1533.8301,1530.4504,1468.0847,1336.0307,1643.8003,1433.2588,1526.4663,1462.9676,1417.1801,1395.8328,2354.2375,1471.2908,2081.0094,1536.9507,1710.9995,297.434,-14.0672,244.4196,706.9937,9.363,970.0898,-166.5292,-14.8413,-0.0874,-0.0003,-0.0581,0.1936,0.0979,0.2373,-0.0804,-0.0148,46.7694,46.9296,43.7924,51.6751,45.1738,54.9917,42.9871,42.4304
140,140,53.72188,19.2075,9698.1,327.0,LOT283,1,10.0,46.8219,2.181,41.0348,52.0517,78.3866,1.3352,0.0,0.9679,0.0365,0.0594,0.0888,0.4114,0.5065,0.447,0.3425,-45.8055,-46.741,-48.3026,0.9874,0.2733,1.9442,224.3512,0.0359,-482.0974,1483.1775,1403.707,5281.0071,1605.8048,2773.2411,2154.6791,2144.5332,21164772.2618,23827862.0424,21688227.2335,24014462.3612,25808172.5462,21485384.3738,23164296.3891,21479596.876,-498338.7189,660140.5713,-1156685.7238,-446588.2945,-1415025.6216,-1107020.9941,-211019.5665,-1163285.9997,723.3364,695.732,735.057,1315.8408,840.9335,1199.9389,698.5343,651.5309,682.0252,808.6906,848.5891,301.0044,992.3989,618.8345,907.3933,866.9043,1454.4864,1484.1634,1450.2308,1325.0705,1455.9567,1793.2117,1782.7714,1530.114,1463.5294,1780.6412,1074.85,2367.5555,1409.531,2247.2019,1485.1571,1547.0075,273.0035,-242.4189,-84.9324,734.4753,-338.4332,609.5683,-17.652,-140.0675,-0.0403,0.0177,0.0693,0.1855,0.007,0.22,-0.0125,-0.0318,46.0517,47.8539,45.5435,55.2058,43.9733,51.8994,46.7662,44.2358
141,141,53.73301,19.19493,9699.9,327.0,LOT283,1,10.0,45.3891,2.7949,40.7717,49.898,88.8027,2.4023,0.0,0.9828,0.0505,0.0265,0.1014,0.4162,0.5867,0.3941,0.3417,-41.5096,-45.944,-49.647,-5.8846,0.1271,1.1136,217.4529,-0.1891,433.4183,-258.4723,-404.7875,3824.5606,1793.5482,4381.1789,3121.3544,374.2005,22937832.4159,21752390.1817,21868796.8449,23601388.6306,18545416.6742,25217372.9569,21916640.92,23834576.5094,289133.8726,627781.319,1133664.2402,100671.9412,-630201.8812,131210.1527,578378.0588,-642062.6843,860.3915,834.876,912.5108,1173.8162,830.3105,1074.5815,632.121,804.2948,756.2774,733.3276,601.7063,512.2458,603.3652,752.0318,665.7409,966.2984,1200.6463,1413.2616,1776.8717,1518.3992,1562.9415,1590.6893,1560.2391,1553.8658,1439.7224,1385.7264,1720.8158,2214.3386,1179.7753,2881.5843,1632.3459,1307.0181,182.4827,-190.0207,208.0826,578.5152,-231.9122,459.707,-288.9091,80.5087,0.1356,-0.0495,-0.045,0.1642,-0.0336,0.3171,-0.0123,-0.0125,44.0859,43.531,42.2169,52.3012,44.3311,51.4309,47.9061,45.5467
142,142,53.74413,19.18237,9699.6,327.0,LOT283,1,11.0,43.2774,2.7795,38.3589,48.2895,76.6279,2.2663,0.0,0.9942,0.0451,-0.0493,0.1067,0.5446,0.4988,0.4073,0.3528,-44.8601,-46.0243,-49.2888,-1.8874,-0.4131,1.4842,225.6373,0.2859,-93.5224,-186.9299,-651.5844,7116.0118,1972.4381,3835.7656,1298.9304,-500.7438,22581722.273,22661343.1719,22137965.1813,20193302.4289,21479125.1176,21050004.8775,19202136.2303,22484707.0421,-217148.1506,-1992101.2194,1616369.42,-237759.2424,-594953.3372,509064.7184,-502412.7145,80530.4635,614.8698,920.5422,969.3302,1191.7678,820.2428,1189.6807,815.124,804.7358,747.605,850.1673,753.092,463.7156,846.4685,508.7315,697.2379,747.5013,1494.0011,1718.6174,1464.6005,1626.526,1551.9262,1567.4381,1269.0598,1562.5716,1369.5387,1581.0368,1433.8,2231.5205,1086.9588,2352.185,1810.2895,1442.1202,165.7781,-158.0674,-171.2831,660.1509,-121.7913,381.5599,-294.4337,5.6507,-0.0279,-0.0156,-0.0478,0.198,-0.0178,0.1828,-0.0432,0.1116,43.908,43.5818,43.0747,50.962,45.3927,50.8297,42.2995,44.0527
143,143,53.75525,19.1698,9697.4,327.0,LOT283,1,11.0,43.0015,2.5995,38.3388,48.9826,87.241,0.9941,0.0,0.9985,0.0607,-0.0131,0.1102,0.4508,0.4781,0.4472,0.3514,-45.8456,-45.4039,-47.0828,-0.8607,0.0599,1.1761,231.5867,0.3969,-522.2611,1101.4952,-262.1854,1031.7403,-412.1312,4735.1358,-1873.6611,-199.4002,20204729.5245,21089820.7584,19693624.7764,22080899.019,22651095.6314,23289464.2348,25024194.5481,22144791.261,1797419.6988,-186515.5692,-289525.811,-53581.3129,-1407206.182,2251829.5312,-872152.4974,658843.1566,958.6134,700.2824,832.8644,1056.7728,857.3446,1095.5913,910.0147,836.4381,952.459,644.3278,780.9359,495.5634,787.4516,392.0098,779.1774,952.0137,1342.5621,1254.698,1386.8892,1522.3632,1602.5456,1567.3942,1672.779,1678.1326,1531.5416,1760.7944,1492.2131,2055.0693,1483.8769,2154.6125,1334.1748,1515.024,-166.8543,-207.7303,-210.0397,327.5973,202.8633,383.1799,52.5024,193.1958,0.0918,0.0272,0.0115,0.2159,0.0423,0.166,0.0276,0.0687,43.9454,47.1696,43.9585,56.1319,44.8203,52.7372,45.94,44.3988
144,144,53.76637,19.15723,9693.1,327.0,LOT283,1,10.0,45.8812,3.6961,39.9736,51.0051,77.7614,2.0575,0.0,0.9903,0.0574,-0.0598,0.0814,0.4847,0.5733,0.3213,0.3596,-46.5652,-43.5949,-46.345,1.5478,0.1756,2.7733,223.9647,-0.2622,-741.4177,-2649.6568,-2675.7651,4480.6585,174.1299,5072.4845,-376.2913,272.4914,21735584.6996,24231815.8422,22113995.9529,20632689.2946,21376808.7731,21139666.6372,20360635.478,23034148.613,-239383.7897,487091.8898,-946176.9396,-393834.5783,673861.8257,-1724997.7028,321491.2142,-985342.4974,668.1895,743.0243,824.283,1149.1123,892.2353,1163.9672,810.5725,792.037,927.9344,530.3305,1007.8408,501.5493,732.1992,592.3549,817.9056,849.1615,1519.7277,1735.3464,1407.5353,1573.8836,1549.6497,1336.7081,1363.1224,1592.76,1473.8475,1469.4243,1337.6287,2289.989,1179.769,2562.7655,1456.4578,1551.8656,303.734,23.5238,-250.5357,454.1801,-153.3978,556.3842,-41.2654,-153.9095,-0.0017,0.1571,0.036,0.0923,-0.0385,0.1389,-0.0284,0.067,41.8834,45.4007,42.068,56.2064,46.3985,52.8559,42.3214,45.1169
145,145,53.77749,19.14466,9687.0,327.0,LOT283,1,12.0,46.0083,2.6967,40.6254,50.1406,66.6485,2.1785,0.0,1.0207,0.047,-0.0277,0.0583,0.3954,0.6062,0.3756,0.4865,-45.4041,-47.9139,-51.9805,2.3367,-0.0135,1.2062,221.8574,0.1122,-2467.9255,-325.5756,-1067.6729,4756.4935,333.6562,2065.9175,-1389.7624,-1696.9675,21009448.417,22453957.5254,22138305.7267,21428214.9701,19923794.5323,21628421.0465,24396400.5485,22631797.3835,142597.4379,173774.2233,902491.2125,357382.4562,-1137421.5337,1821754.6846,-804345.1872,-1590866.4845,865.1634,912.9298,938.6274,1262.3002,1049.8612,1214.0472,768.8401,950.4059,774.4999,797.9562,732.633,639.5803,775.3109,233.0197,712.2384,680.7228,1556.4267,1536.5552,1429.5668,1525.7976,1538.4765,1292.2632,1638.3517,1345.2507,1372.3656,1321.9563,1593.2532,2208.9259,1518.9129,2253.5817,1872.5642,1459.0879,53.1245,-52.3585,-363.2888,667.9957,-98.3774,693.1844,12.7052,-12.7408,-0.1052,0.036,-0.0094,0.173,0.0603,0.1995,0.0186,-0.0314,46.0055,42.7969,42.1741,52.7661,42.9994,54.3776,42.6616,45.3329
146,146,53.78861,19.1321,9679.0,327.0,LOT283,1,12.0,45.4763,1.6398,40.414,50.3214,94.7211,1.946,0.0,0.9817,0.0351,-0.0136,0.0786,0.5286,0.5442,0.3933,0.3835,-43.0206,-43.3934,-50.7619,-2.8323,-0.1899,1.0645,220.8336,-0.0583,517.2122,-1640.6059,1004.3697,4049.3525,3098.847,5849.0788,1971.4978,4684.8746,23102567.9727,20633749.2079,24498062.9557,22310685.664,22075293.2911,21979350.9964,21522474.301,17858361.8478,-683716.3457,45132.093,595606.0586,-630081.8934,-1284597.7216,-1229859.487,732368.0725,672174.7172,764.8569,811.2261,700.1111,1220.0161,905.3374,1222.1651,825.1339,931.924,724.7286,829.0195,821.2599,539.0431,996.7478,467.0717,727.181,928.3428,1341.7352,1365.5063,1533.6425,1600.1903,1446.0695,1316.3568,1530.7931,1628.5132,1358.8968,1457.5146,1713.318,2536.3522,1679.3373,2434.8958,1462.5986,1745.2413,112.0724,-209.3076,-64.8261,451.5277,-455.8943,569.5018,-127.6286,27.6311,-0.0584,-0.0391,-0.0981,0.2986,0.0065,0.1617,-0.0118,0.0186,44.796,46.1557,46.0965,53.4815,44.087,51.3081,46.0804,47.7402
147,147,53.79973,19.11953,9669.1,327.0,LOT283,1,12.0,46.0792,1.8801,41.7139,50.8819,69.9898,2.5126,0.0,1.0068,0.0583,-0.0127,0.1365,0.4691,0.5107,0.3953,0.3795,-44.1307,-47.8443,-48.078,3.1877,-0.4201,2.6751,218.0356,-0.285,2171.8917,2050.9587,909.8405,7264.5441,877.3354,443.5766,1108.6071,381.9246,23907465.5835,20594169.4974,21694558.3912,22139356.2555,25298272.4649,21779789.6815,21652545.9963,20845272.3564,476759.6267,-940799.8018,-96852.516,-1129047.3421,613657.7394,-255268.3061,-1556634.6567,1517029.5899,812.3717,755.0741,930.2078,1141.9994,915.5446,1232.4507,970.4222,818.9188,711.0919,790.1076,742.1397,558.0242,802.1412,375.1822,701.0939,979.0262,1547.5269,1610.997,1529.2719,1401.204,1411.5153,1430.6392,1383.6314,1642.154,1547.4497,1485.1333,1811.6463,2419.0531,1357.5947,2387.6283,1208.8046,1265.5372,103.2752,-39.679,-49.1591,638.3703,115.3465,743.3445,-127.0001,24.3501,-0.0527,0.0567,-0.0228,0.1994,0.0042,0.2316,-0.0312,-0.1396,45.0191,45.5212,45.5249,55.3008,42.7991,54.3995,44.5397,45.8593
148,148,53.81085,19.10696,9657.7,327.0,LOT283,1,12.0,46.0876,2.9081,42.0304,50.2453,73.2269,3.1317,0.0,1.0083,0.0406,-0.0,0.0904,0.5361,0.5126,0.3744,0.3982,-44.5647,-45.901,-48.6748,-0.0446,0.2937,1.0075,218.0914,-0.1034,-61.4463,-2262.8586,709.1212,3580.4296,-883.2614,2370.1345,556.2046,-297.1319,20404151.4428,24734281.7339,22410966.9147,21286501.4931,22857096.7873,18803845.4067,20698507.9609,23057427.4699,-1096337.55,-157579.9365,571201.9411,-1392890.7955,-1444701.9872,-1339268.4458,-889414.6823,1129607.8661,822.1192,843.9564,839.6063,1134.9742,711.3344,1142.284,832.5275,721.6132,821.962,871.2225,752.584,726.223,783.7326,564.0834,869.2001,937.7263,1365.0839,1689.5624,1254.2347,1410.2192,1587.9226,1268.5504,1677.061,1546.2497,1186.0845,1498.4222,1589.4222,2456.4637,1377.7472,2195.2121,1775.3357,875.4339,44.4026,-119.0776,56.4097,206.5484,167.9397,365.336,-232.3264,22.0302,0.0451,0.0597,0.0653,0.213,0.073,0.0925,0.0254,0.0021,44.5756,46.047,46.5566,55.2874,44.5236,53.6702,45.1171,42.0797
149,149,53.82197,19.09439,9644.6,327.0,LOT283,1,9.0,46.2248,1.7145,40.5583,50.4076,86.0773,1.9632,0.0,0.9888,0.0557,-0.04,0.1198,0.4377,0.577,0.4035,0.4256,-44.6734,-47.9789,-44.4942,-6.6312,-0.3723,0.9067,218.5252,-0.1199,1808.5005,18.7533,4343.1168,1588.2059,2590.6803,3994.0849,-545.6159,-3196.4571,20613975.7182,19584881.726,23003106.5531,22398537.5347,21758106.686,19536809.4372,22318908.2893,22505661.4964,-276054.3613,244898.0774,976038.2602,1703087.7071,44759.9029,-849948.6247,-90987.3946,384037.4748,703.0394,807.7785,878.9155,1208.422,1154.4179,1156.6344,776.8332,842.1408,706.0903,790.9834,709.6295,493.9659,748.7772,503.6451,711.7024,632.59,1570.5701,1381.263,1425.3131,1569.5448,1702.1229,1327.0152,1653.8601,1508.1417,1198.9715,1729.8615,1317.529,2089.0951,1259.6428,2546.934,1521.2608,1563.2942,201.5805,-89.2605,-128.3162,4.4439,-239.4272,557.381,-237.5687,97.2885,-0.0476,-0.0041,-0.0356,0.1907,0.0238,0.2065,-0.0542,0.0093,42.3303,45.4563,45.8762,50.5391,43.6544,55.452,44.3187,44.1274
150,150,53.83309,19.08182,9630.1,327.0,LOT283,1,10.0,45.5218,2.7791,40.4618,49.6858,104.223,1.9014,0.0,0.9949,0.0675,0.0134,0.0817,0.416,0.5795,0.4093,0.4415,-43.3523,-45.973,-47.4191,3.2739,-0.4895,1.2318,218.4592,-0.1497,193.6197,-1595.2085,-336.1322,3851.3359,175.9561,3993.1774,970.0472,-3087.4148,21429080.8647,20176264.5376,23704050.3187,20614099.9568,17135968.6812,20825571.5151,22956248.0508,20831981.327,255351.5154,-707316.8922,594373.0926,204773.3604,-521530.761,-322258.8272,1347745.4415,182863.9975,938.2471,718.2304,846.8784,995.9764,773.9047,1279.8034,680.8445,796.0096,681.6297,846.8314,683.9442,470.0132,715.5768,494.162,880.8205,828.0732,1542.1344,1134.1295,1543.5132,1523.1711,1635.2297,1742.8345,1400.7026,1810.9279,1015.0337,1465.3269,1670.8308,1999.3838,1724.8323,2352.1044,1602.0795,1332.0368,158.338,-232.1983,-50.8121,454.5757,-118.9607,489.6498,-138.0969,-0.8976,-0.0093,0.0111,-0.0141,0.1675,-0.0272,0.2665,0.015,0.0713,42.3687,47.0921,42.3531,54.9932,45.1411,53.9102,42.8703,44.9702
151,151,53.84421,19.06926,9614.2,327.0,LOT283,1,9.0,44.9819,3.5488,40.7339,50.0553,82.7711,1.9578,0.0,1.0328,0.0354,-0.0543,0.1409,0.53,0.5846,0.4457,0.4027,-43.6514,-51.0925,-47.8505,2.6902,0.3406,2.0182,220.9623,0.1588,1990.6894,-191.3843,-3138.1906,2179.9343,2222.7928,4138.5796,-250.3254,379.7147,22815525.0497,23415552.5219,20931928.3637,22381498.6878,20859966.4636,21468155.7672,23470795.4979,20499500.6267,-896605.1121,-208776.2078,-2550776.672,1727318.4371,1472704.6168,-1580778.6536,677744.8373,-1609064.8466,740.9221,819.325,735.7451,1207.9873,737.1614,1332.4577,703.8016,638.068,854.8458,713.0647,796.022,741.9574,930.2957,601.9371,853.078,867.1304,1416.3159,1410.4236,1499.1346,1243.4389,1438.8686,1310.5668,1258.7087,1500.0496,1309.4448,1735.4523,1271.4356,2530.0771,1477.7571,2466.6082,1242.5705,1524.7762,-281.8196,-12.7746,-220.4702,1153.3222,-179.1062,847.5431,-21.5033,46.4576,0.0213,-0.0531,0.0562,0.1529,-0.0302,0.1887,0.0206,-0.0136,46.6887,41.0157,46.21,57.4528,47.5498,55.9027,45.3772,44.7408
152,152,53.85533,19.05669,9597.3,327.0,LOT283,1,9.0,41.7598,2.0489,36.0672,47.1442,65.2323,2.7966,0.0,0.9845,0.0379,-0.018,0.0756,0.4199,0.5376,0.4313,0.4306,-44.9339,-48.2322,-48.9653,-0.2213,-0.3236,2.216,223.3376,0.1349,2674.8206,-1859.5492,-1184.3128,5422.5787,-2737.7784,2291.5133,-299.198,-706.7745,19745481.9002,21385048.3135,21327337.623,22855086.2802,20482644.4142,21872724.8367,21074748.0178,23453817.5037,1072017.4242,527624.9594,-257971.3438,-262378.6956,-197516.7712,883745.502,166029.5928,-682007.9206,780.7977,938.6987,1027.2673,1212.3783,961.0246,1042.0971,793.5877,679.5097,694.0381,504.2119,685.1731,531.2419,654.7843,565.2243,924.4256,900.6793,1539.4182,1529.6614,1715.69,1531.7227,1521.5549,1530.0096,1418.663,1496.2728,1481.6474,1568.6143,1307.8946,2470.1485,1577.6447,2050.6166,1837.4243,1394.8633,-291.8593,90.9724,281.0018,688.7979,29.5048,1097.6396,30.9297,193.4623,-0.0488,-0.0654,-0.0256,0.1785,0.0079,0.1436,0.0069,0.0604,44.4338,46.2632,44.4481,55.9463,45.3007,54.9802,46.4844,42.5017
153,153,53.86645,19.04412,9579.3,327.0,LOT283,1,12.0,45.6582,1.9435,41.1105,51.4729,76.1999,1.4739,0.0,1.0197,0.0527,-0.0335,0.1293,0.4825,0.4951,0.4015,0.398,-44.2714,-45.7461,-45.3469,-7.1094,0.2688,2.5322,223.1374,-0.0686,681.0632,-724.3562,642.4735,3136.3018,-1211.61,3890.5459,1516.9555,1884.6623,24357023.683,22080938.1034,20833220.0986,21025193.3963,22024255.1305,24080537.0254,18933663.4139,22158291.7785,744594.0971,-720472.7912,1908158.0882,1646451.9627,-1540180.7853,636942.119,-814227.9337,-87147.0411,658.1407,792.7232,773.5889,1250.9961,822.3347,1156.7911,665.2457,792.4004,683.5373,860.5844,774.9794,483.9503,787.0511,577.4598,791.4213,799.5726,1614.5103,1633.7797,1477.9218,1311.5283,1639.7656,1481.5275,1208.128,1731.233,1614.4095,1501.7176,1375.3233,1853.6819,1434.8989,2120.0369,1515.0096,1520.5881,-286.124,-552.4715,53.2049,812.0224,-82.1673,648.639,-225.7151,-243.0163,0.1011,-0.0341,-0.078,0.2174,0.0906,0.2261,0.0458,0.0328,46.2937,46.0967,44.3912,53.7924,44.4571,56.732,43.8539,46.3192
154,154,53.87757,19.03155,9560.6,327.0,LOT283,1,12.0,46.2875,1.9439,41.953,52.0105,79.9078,1.9704,0.0,1.0258,0.0336,-0.0029,0.065,0.3479,0.5475,0.4162,0.4173,-45.1105,-46.0276,-47.6346,-1.077,-0.0544,1.9169,217.8569,-0.5438,-2807.1863,-1209.2594,285.0707,3821.5226,753.4109,9638.4032,-1403.1134,745.1624,20363577.5613,24244941.5341,19079677.5014,23386122.6399,20167886.5638,19412896.2153,21591010.2537,21040938.8731,1314951.9081,-1056464.0165,-1196354.6128,92263.4695,-147863.1195,1581014.39,-432780.9757,1322914.9429,890.512,882.1038,941.6458,1229.2507,915.7495,1139.2648,861.4787,804.4438,742.3215,805.959,950.6252,456.7084,627.7358,412.2953,460.7701,868.3208,1419.2161,1609.2448,1542.2444,1457.3082,1478.5478,1267.0442,1434.8686,1693.0238,1483.4673,1581.4775,1576.4978,2258.2013,1159.8472,2259.7444,1474.4948,1600.5029,522.1215,461.999,41.5852,300.5569,-94.7109,215.5476,221.3362,328.6959,0.0157,-0.0279,0.023,0.3136,0.0251,0.1202,0.0163,0.0113,44.0123,46.9948,42.7949,54.0051,46.2823,54.18,47.0017,49.9271
155,155,53.88869,19.01898,9541.3,327.0,LOT283,1,10.0,44.2486,1.969,40.0197,50.024,74.5418,1.4397,0.0,1.015,0.0516,0.039,0.1026,0.4074,0.5975,0.385,0.394,-47.1845,-46.7903,-50.8264,-2.7542,-0.3152,1.1442,212.9665,-0.363,-1435.6717,-153.9938,-213.3286,3941.523,436.0261,2653.3734,1543.762,-149.9402,25737560.5062,22543167.3963,21236700.744,23662480.3629,22783042.7482,22190338.7362,23630060.9748,21609156.2429,1398167.7438,833080.3745,-656166.4127,1945909.7902,-1578001.7863,-490281.0922,-1160463.8235,-450354.5797,776.704,715.7095,821.0676,1127.7782,771.3462,1288.1807,830.4126,734.6098,928.9212,996.1384,744.9339,518.3437,963.8015,501.0848,919.2791,761.6767,1647.8084,1421.4867,1356.9678,2006.2405,1449.1208,1591.2088,1675.7138,1490.4481,1589.2704,1690.7147,1766.3888,2339.3495,1473.0328,2531.1051,1744.2993,1387.7438,392.3105,174.4574,-176.7387,390.2845,189.3086,502.99,-507.9181,283.9301,-0.0221,0.0384,-0.0002,0.3042,-0.0596,0.2659,0.0823,-0.1171,45.9181,43.87,45.8367,55.7722,45.3276,54.2757,46.599,45.8631
156,156,53.89981,19.00642,9521.6,327.0,LOT283,1,12.0,46.5339,2.5369,40.5912,50.7084,81.3448,1.7215,0.0,0.9674,0.0661,0.0127,0.0671,0.4028,0.5489,0.3624,0.3649,-43.8497,-45.0571,-48.713,5.719,-0.5114,2.2979,214.4974,-0.0677,-751.1518,-1460.0269,-1308.371,4335.7262,-93.958,2504.69,-1273.1293,-133.7375,22881455.2381,19105614.8902,22481615.4738,23891510.0933,20725928.606,21208971.7538,17660175.6527,23175305.9639,-1335598.9626,-1143566.5987,1710676.673,-325157.8065,-121782.4604,988659.0809,2151935.5594,-672942.934,932.3724,977.6428,968.9133,1002.6697,860.4818,1457.1269,628.605,869.2883,826.8268,915.0603,687.9216,430.0418,855.1675,684.5122,951.5027,754.6242,1580.15,1612.3079,1594.3531,1434.3742,1397.7002,1316.4781,1276.3686,1739.2401,1311.1036,1617.8359,1270.2742,2126.1254,1531.1318,2466.0311,1489.6175,1704.1466,318.5946,233.3888,131.9527,411.9875,54.8274,312.242,-87.2588,253.8017,0.0409,0.0408,-0.0117,0.2576,0.06,0.2799,-0.0418,0.0126,43.3752,42.7026,45.8623,53.05,43.4756,54.3133,47.2695,44.6168
157,157,53.91093,18.99385,9501.6,327.0,LOT283,1,11.0,44.9812,2.1669,40.543,50.3598,76.631,1.9703,0.0,1.0267,0.0522,0.0114,0.0978,0.4621,0.5813,0.3882,0.4191,-44.2801,-44.7618,-50.4792,0.6861,-0.4812,0.2457,222.4958,-0.1261,536.426,1273.7106,795.0028,5498.93,-133.7259,1977.8421,572.4554,-1087.0217,21891041.0542,21106634.4254,19953694.3796,20657720.1912,21513065.0407,23022955.5764,22138482.3068,17441178.5502,-1334093.3215,-885578.2612,1394244.3308,445154.9077,999645.4749,2088795.5781,-438341.6807,282639.633,632.1213,744.0145,777.9491,1216.9556,845.2947,1169.7062,900.2971,861.8078,752.3089,827.7356,807.7876,523.6886,978.025,570.0665,811.2218,706.0597,1508.9296,1481.9368,1285.3129,1364.354,1492.9179,1538.1741,1224.9467,1365.4234,1419.3482,1622.4055,1663.5825,2823.4371,1842.7325,2209.4961,1921.1527,1267.8401,147.5412,-261.2332,-86.5808,337.1056,-127.6517,1070.6866,77.2553,-194.6493,0.0146,0.0598,-0.0309,0.2434,-0.0582,0.2318,-0.0095,-0.094,45.0536,42.236,49.9133,51.9977,46.2317,55.8283,46.3256,43.6182
158,158,53.92206,18.98128,9481.6,327.0,LOT283,1,10.0,46.7248,3.1872,42.1878,51.1345,73.2601,1.5837,0.0,1.0143,0.0586,0.0021,0.1523,0.4939,0.551,0.3857,0.4084,-44.6545,-43.7748,-48.6027,3.6467,-0.7242,3.4909,223.9355,-0.0745,1446.119,-2713.0161,1757.0826,5191.7894,614.8292,4690.5262,694.2494,646.615,22051235.1311,20622417.5025,20622342.671,20190286.4454,19587333.8132,22674897.8959,23547874.4647,21340113.6512,-1247308.4648,504702.795,1731468.8887,-1263074.2122,-1221980.622,-1651923.0666,922214.1729,-1335661.3344,858.0363,740.2123,738.3999,1175.6537,771.9946,1138.193,810.6815,1003.847,731.0767,939.6001,595.8714,573.0637,569.3809,399.2546,902.2596,742.2038,1360.3646,1741.8513,1341.9394,1649.1572,1576.4485,1304.498,1493.1824,1279.0917,1365.6659,1319.7522,1239.8107,2185.523,1472.1214,2104.1908,1582.2272,1201.0979,-283.3904,187.0853,-53.5064,329.4663,-49.1863,771.3753,253.7014,495.4117,-0.0231,-0.0339,-0.0544,0.1431,-0.0593,0.2163,0.0977,-0.0119,46.0077,43.542,45.9721,48.1287,44.9652,51.2177,48.9968,43.3019
159,159,53.93318,18.96871,9461.8,327.0,LOT283,1,11.0,43.5619,2.183,38.3314,48.664,72.3981,1.7861,0.0,0.9655,0.0344,0.01,0.1081,0.3524,0.4921,0.436,0.4188,-45.2605,-45.1801,-47.2576,3.8209,-0.4041,1.5342,220.9395,0.1176,-2365.7423,-2117.8575,283.4977,2536.6087,-902.1566,2592.4097,3644.6617,696.5695,19114232.1519,21696859.484,20255308.7236,23075856.7334,20942806.535,21081161.0216,20779901.4204,23058414.7578,-143162.125,1205483.8275,303564.5214,-141678.679,-1263011.8788,401157.8311,1157003.8485,2501280.5408,771.3729,669.8557,691.9926,1528.8082,666.4291,1211.262,698.9342,945.2554,617.0897,732.9056,744.1244,395.3703,748.925,525.8506,814.8384,871.8566,1536.3741,1400.9973,1497.4784,1161.1388,1436.0857,1433.4443,1694.6277,1460.0544,1271.3392,1528.0482,1443.4181,2036.125,1681.5313,2031.8159,1557.7517,1515.0486,212.0568,544.7783,67.0677,913.5737,-124.5239,420.6359,373.6267,35.9058,0.0276,-0.0358,-0.0517,0.1138,-0.0132,0.2529,-0.0166,-0.0057,43.3822,45.4961,46.269,52.4294,47.0744,56.1479,42.4969,43.2131
160,160,53.9443,18.95615,9442.4,327.0,LOT283,1,12.0,44.2397,2.3647,39.2398,50.1393,90.3467,1.0398,0.0,1.0265,0.0561,-0.0432,0.1407,0.4685,0.6819,0.4143,0.3379,-44.7641,-45.2593,-48.785,-5.9015,0.074,3.3198,218.827,0.2144,-2647.2767,-1081.5691,2508.2493,3837.3262,-2137.4207,5032.6785,276.1535,-1119.7776,20928932.5531,18826116.2866,20816648.9753,23402405.3633,22537295.3518,21164697.1284,21515481.358,21407983.0125,1462760.605,1426606.012,1414089.5999,-225466.0053,767676.5131,21450.5066,-529874.1038,636753.618,753.4693,709.8632,939.4964,1138.1629,895.6003,1268.3833,832.0596,824.3597,708.84,862.7103,709.2504,380.4318,728.2096,497.7986,900.4327,603.5056,1424.0161,1415.7011,1520.8482,1879.8759,1731.1332,1737.2846,1635.4764,1474.7194,1379.3094,1475.39,1538.3633,2715.8297,1433.9186,2194.9132,1592.1441,1928.9595,-219.3293,113.6988,110.1489,27.0852,-338.672,102.3905,218.9571,77.8961,0.0623,0.0836,0.0227,0.1809,0.0149,0.1636,0.0167,-0.0029,44.9626,46.7438,45.4953,52.3061,48.4935,55.5458,44.3255,44.0523
161,161,53.95542,18.94358,9423.6,327.0,LOT283,1,9.0,43.3474,2.4482,39.2392,49.0306,68.8797,2.0439,0.0,1.0275,0.0379,-0.0328,0.0546,0.5118,0.4907,0.419,0.3831,-46.336,-45.4636,-46.9814,0.5497,-0.4669,1.2133,217.0212,0.0953,-2831.4838,-3824.1541,-175.3211,2333.9081,-666.1568,5894.2221,1031.4322,977.4409,23762444.1545,19261931.9747,24024886.3786,15742442.8824,23399825.9164,22688390.6086,21499005.0198,22580893.8635,534997.1573,2194693.1118,276606.8068,-105625.5531,-224718.0312,509487.9203,-1130576.9915,-885902.2152,848.6245,833.1167,760.644,1180.8924,762.8447,1224.715,976.5428,931.3292,788.0739,792.9149,549.4526,555.1545,657.7939,628.4895,826.3164,640.4535,1477.8483,1431.2453,1667.3265,1466.9409,1413.0426,1572.1461,1603.4335,1620.9992,1414.0229,1606.5981,1314.2988,2204.9388,1307.4746,2153.1866,1812.352,1930.3715,50.7951,40.8488,156.8313,19.9254,-67.2627,437.9098,-34.6461,-147.3373,-0.001,0.04,0.0306,0.216,-0.0315,0.1879,0.0516,0.027,45.0051,46.9865,42.5877,53.4428,46.0801,49.6483,45.7714,44.2409
162,162,53.96654,18.93101,9405.5,327.0,LOT283,1,12.0,44.8454,1.919,40.4874,49.5735,96.7773,2.2981,0.0,0.9996,0.0418,-0.0367,0.1354,0.4145,0.5877,0.4032,0.3688,-43.5783,-45.9545,-46.6576,-1.3216,-0.0353,2.0203,215.2023,0.085,-1097.5854,-1528.6852,2987.1946,3806.3119,883.6039,5326.6377,6.3738,582.244,21874918.8531,20857532.9771,21830055.3553,21989866.1994,20961783.2776,19233748.453,22219094.4402,20653742.589,73956.5851,-18316.2101,1029193.5291,-156588.2518,578967.3223,-708460.5396,717051.4074,1414395.4797,852.1855,899.1678,975.4084,1207.063,836.7474,1289.4653,948.1578,899.12,772.7663,648.8228,1040.3261,405.7911,984.4749,611.1104,566.4717,915.3919,1779.3516,1221.9192,1453.4122,1422.4611,1556.5203,1632.3218,1135.5645,1463.8816,1026.4456,1511.5505,1788.7159,2424.2586,1618.2517,2453.9352,1657.0734,1375.7794,397.581,67.3311,566.2667,430.6666,-21.0829,1014.0501,137.6021,-404.165,-0.017,0.0346,-0.0542,0.1517,-0.016,0.1932,-0.0138,0.0363,44.0742,42.761,45.5327,54.5835,42.5295,54.4442,45.9234,44.7679
163,163,53.97766,18.91844,9388.4,327.0,LOT283,1,12.0,44.3504,3.7709,40.2428,49.125,78.2689,1.6288,0.0,1.0365,0.0472,-0.0048,0.1136,0.4226,0.5076,0.3954,0.3985,-43.9761,-47.0595,-45.6055,2.3296,-0.0577,2.4915,220.9421,0.0174,-1012.5282,-1255.0734,0.5947,4248.9018,293.8599,4965.1565,-366.8326,-377.6652,21836020.2143,21651804.529,18967247.3445,24995459.0914,21536751.1599,22261246.1675,20543719.923,23425780.5538,1317976.3906,945972.5452,757408.1289,971982.6415,57024.3682,-1147412.1902,-117337.4307,-709401.8113,803.3343,851.3306,779.2549,1318.4843,905.9936,1201.0401,869.4513,724.3175,817.3159,790.3142,597.9491,556.0538,714.2155,576.7826,789.2524,940.7314,1372.453,1320.5142,1303.5777,1502.5669,1535.2864,1563.0505,1400.7558,1535.5162,1562.3208,1658.4044,1324.6704,2110.4622,1688.8697,2372.8048,1360.413,1334.0058,81.2823,-133.8579,183.5949,383.1144,-9.4774,395.0354,-108.9057,76.6637,-0.0128,-0.062,-0.0099,0.2576,0.0778,0.2813,-0.0378,0.0064,44.369,41.206,42.8896,56.4267,44.7128,52.9018,42.9125,43.4068
164,164,53.98878,18.90587,9372.4,327.0,LOT283,1,10.0,44.8557,2.0128,39.9017,49.5722,93.7277,1.7459,0.0,1.0038,0.0415,0.0206,0.09,0.4595,0.5982,0.3862,0.3593,-42.794,-47.7978,-48.2507,2.9859,-0.351,2.3997,221.6088,-0.0478,-1183.4817,-105.3005,-1160.9589,1903.7816,931.0632,2304.4334,1138.4734,-193.7059,23890633.9816,21946649.8982,21334001.653,22542248.349,22283634.3421,22131407.1033,20718217.7842,25347020.7207,857457.8718,1045569.1814,675169.7904,426225.1707,-1011160.419,-1563841.944,813219.1583,-359410.2766,775.7863,813.444,922.1249,1124.1502,812.3515,1290.9954,953.9368,696.0977,894.6486,796.9249,963.2871,455.784,763.9085,470.4182,734.0672,616.5031,1424.795,1422.8678,1498.2158,1749.7872,1412.8361,1359.3572,1572.7317,1568.3871,1236.5988,1494.7248,1301.1552,2041.4748,1260.5378,2430.9337,1645.4088,1241.0778,126.6813,8.1813,680.3426,646.1884,213.6703,913.7131,118.5839,417.8437,0.0063,-0.019,0.0342,0.1284,-0.0353,0.0403,0.0006,-0.0429,46.4984,45.3197,47.1609,51.9294,48.5638,50.2811,48.2252,45.1407
165,165,53.9999,18.89331,9357.6,327.0,LOT283,1,11.0,45.2204,2.166,40.2479,49.7177,59.331,2.2899,0.0,1.0068,0.0372,-0.0144,0.1439,0.4085,0.4905,0.4186,0.3995,-44.9594,-44.009,-50.3122,5.7142,0.0988,1.4539,221.5644,-0.0987,-58.5665,256.2051,788.6773,4643.8602,179.8634,6259.6561,-923.2656,427.644,19878449.6424,21863012.8602,21561969.028,21947176.7624,21803854.438,23097169.3644,23267252.6484,20812551.3127,1454757.4356,-730562.0428,351450.7983,-190369.4694,-1929920.6286,417425.7188,674012.1442,1726412.9499,823.9203,768.2409,747.6432,1220.3351,741.768,1126.3764,670.8757,834.7354,711.247,757.6961,896.6431,493.1401,817.8783,547.2582,654.5928,648.5685,1885.3499,1445.3585,1637.2022,1609.3767,1813.7459,1213.6118,1658.2646,1701.9686,1423.0251,777.5429,1610.2224,2272.1798,1699.1736,2334.9009,1702.8022,1661.592,-99.411,-188.0578,-196.8239,326.6105,-164.0533,377.8892,-175.6749,-259.3626,0.009,-0.0423,-0.0594,0.2207,0.0412,0.2085,0.1545,-0.0085,42.5136,45.5599,44.2542,53.9346,44.5074,58.3869,43.8757,44.3457
166,166,54.01102,18.88074,9344.3,327.0,LOT283,1,12.0,45.0454,1.8217,40.6741,49.9354,91.0049,2.7142,0.0,1.0064,0.0527,-0.012,0.0872,0.4208,0.4874,0.437,0.3822,-44.9774,-46.1201,-47.7536,-3.9451,-0.203,1.4922,216.9922,-0.1014,899.6479,-58.0726,-664.982,7540.5459,-1797.4758,4905.1103,-1807.5436,831.9078,22489848.937,21315361.3449,23198485.0377,22049527.6103,23572119.0937,20371410.2795,17776123.8563,22350656.226,613156.7709,18475.104,-1346923.7452,83053.4717,1406834.829,54034.3886,-390634.187,-399736.4359,759.0575,732.4134,780.1086,1080.1826,855.6287,1040.9281,658.0999,827.7343,800.6814,885.2565,864.7203,533.1796,893.1809,374.0438,652.1732,862.8217,1554.9206,1407.0844,1695.038,1349.573,1551.6894,1631.8475,1529.2892,1714.5903,1466.1732,1725.9063,1351.3559,2385.2221,1762.267,2712.9739,1728.7195,1382.7466,36.9752,318.6216,-140.4262,519.4245,-225.7991,304.3244,-402.8377,-313.4539,0.0574,-0.0129,-0.0228,0.127,0.0342,0.2456,0.0054,-0.0298,41.4606,42.883,43.4504,54.9886,46.2238,56.5145,44.9976,43.9165
167,167,54.02214,18.86817,9332.6,327.0,LOT283,1,10.0,45.3033,1.6356,41.139,49.3219,79.5831,2.0906,0.0,0.9754,0.0632,-0.0087,0.1031,0.5246,0.5786,0.4306,0.3537,-42.6141,-44.86,-45.3669,-3.1039,-0.0906,0.5273,220.8873,0.1096,1351.6356,337.4368,-2938.5509,4159.7826,108.2217,3175.5966,2037.2401,138.8727,23702313.1167,20650762.5901,20843134.4324,22816025.5929,24567709.0548,23454835.301,21083535.4956,20323059.6137,1748507.7129,-1325739.3155,654047.4914,714649.8739,-243518.8765,-153941.3039,-254212.5006,-562146.1844,739.7731,767.5373,830.6887,1377.9344,703.6552,973.2155,782.0821,899.5634,721.4083,627.8988,605.5164,384.259,788.1103,358.2892,833.3315,832.8912,1922.7473,1399.5425,1511.8424,1332.1532,1300.5058,1552.5274,1676.0626,1611.5872,1750.1597,1765.5575,1534.4711,2293.4713,1608.6517,2209.8744,1494.7506,1141.2198,-386.9452,-221.2086,-195.4633,513.4435,-16.4586,502.918,61.7419,-177.5681,0.0049,0.014,-0.0371,0.0896,0.0207,0.2415,0.0227,0.0677,45.1225,42.0061,41.6157,53.0035,47.1963,57.2034,47.8692,45.3437
168,168,54.03326,18.8556,9322.5,327.0,LOT283,1,12.0,46.9013,2.4149,42.1822,51.6937,57.6368,1.9994,0.0,1.0207,0.0548,0.0207,0.1393,0.4042,0.5937,0.3291,0.4263,-45.2907,-45.5834,-45.9343,-0.7708,-0.2055,2.2344,225.7791,0.1723,470.8782,6.5369,-581.7061,2557.9556,-458.5761,5914.0341,1156.1875,1468.344,21685659.0055,21602805.3131,19796747.7451,25403647.8045,19743585.8639,20767485.6235,26010497.5417,21827733.1294,1674262.0667,1945596.1632,-62005.712,-1029089.4299,-935124.926,546777.5216,856648.063,249340.2137,835.3558,662.9009,894.5373,1316.173,868.7208,1258.361,876.4133,1003.4749,762.438,777.0784,824.4775,500.0562,829.8909,372.2697,718.0884,791.3135,1434.9025,1474.151,1751.2016,1666.797,1490.8665,1437.2676,1303.1241,1504.9713,1360.7516,1605.9294,1544.8842,2280.0596,1747.9541,2157.2489,1481.5924,1209.4949,-67.8037,-104.5625,5.1136,444.8941,27.746,660.1185,49.4341,234.5003,-0.0944,0.1101,0.0751,0.1292,-0.0766,0.1794,-0.0739,0.0006,42.1015,44.4235,44.6881,55.0131,45.885,55.5284,43.9388,45.361
169,169,54.04438,18.84304,9314.2,327.0,LOT283,1,10.0,45.6218,2.2268,40.7927,50.8821,75.3915,1.728,0.0,0.9841,0.0345,0.0113,0.0514,0.431,0.4874,0.3964,0.3765,-45.221,-44.1684,-47.511,-0.3379,-0.0316,1.2867,215.0242,0.0443,-425.6454,919.5993,-1444.5007,2343.0147,95.3147,6114.5701,-2044.3578,1679.2641,21926813.206,23844582.7326,20454613.0663,20640051.9812,23047801.9743,22866689.9317,19109966.7029,22098536.3902,-1264653.9023,2301992.2014,46538.4178,-1367250.9591,1942850.1522,-257988.4685,-204843.1753,1569148.085,921.7444,629.2639,818.746,1173.0403,775.7704,1302.5905,788.9256,719.1529,738.1823,778.7269,790.3991,523.1814,886.0557,616.7272,748.5931,733.638,1489.6746,1383.1795,1255.2986,1613.4443,1605.7239,1510.2961,1493.6155,1399.1211,1572.1395,1371.0696,1383.5608,2097.4532,1649.3986,2211.4169,1317.6812,1638.5411,13.4646,434.4908,-240.4436,678.5081,-5.6789,152.1536,-173.5208,-143.1383,-0.053,-0.0488,0.1267,0.1836,0.0412,0.1274,-0.0015,0.0281,45.4445,46.2112,42.284,56.9309,44.8165,55.5899,44.7516,45.2117
170,170,54.0555,18.83047,9307.7,327.0,LOT283,1,10.0,42.733,2.9187,36.9105,47.2342,83.7291,1.994,0.0,0.9872,0.0599,0.0284,0.0915,0.4396,0.5045,0.3919,0.4276,-44.024,-45.7895,-47.336,0.4885,0.0911,1.1734,213.7382,0.0955,1428.6053,956.0656,1624.7274,2746.6507,-385.7923,3459.4121,-1238.0195,728.389,22892844.9187,23196951.2891,20403716.1452,23038186.2011,22074924.9366,24555782.7012,21359198.6362,19787922.8663,1101195.3662,-2083275.3612,704631.3754,169350.0645,-968363.1704,1362794.749,-311930.7839,-465107.3792,569.4958,810.8632,869.0539,1384.7087,772.0559,1199.267,922.9053,748.9497,833.3693,753.6347,860.0054,429.927,803.8158,519.1684,656.1297,693.5586,1471.5301,1639.0451,1317.2171,1561.2537,1406.2277,1602.3709,1487.0368,1157.7958,1492.6069,1490.5682,1480.8333,2529.4117,1656.6046,2691.0181,1673.5821,1745.3552,18.6104,-384.4649,151.7627,703.9683,305.0184,965.8991,662.9082,59.8599,-0.0171,0.0539,-0.087,0.1521,-0.05,0.077,0.0021,0.0738,45.3611,44.1979,45.2876,50.7726,45.8623,50.6605,41.706,44.0852
171,171,54.06662,18.8179,9303.2,327.0,LOT283,1,12.0,44.236,2.2888,38.4501,50.1094,82.6699,2.2667,0.0,1.0207,0.046,0.0089,0.1051,0.468,0.5135,0.3565,0.4332,-44.3477,-45.8258,-45.4528,5.0839,0.3671,3.3811,212.796,0.4906,1442.0427,-2510.4549,-162.1323,3057.3993,-470.7787,6870.6502,509.5483,771.8709,20653260.0056,24186246.5866,23423717.5554,22923324.517,20784852.8536,20712126.3568,20729948.3597,19874993.9349,1473077.489,1309102.4678,55232.8392,-507857.0103,195835.7102,53360.2046,-1171960.1518,-163154.3238,712.5112,770.496,691.5851,1180.6074,787.0394,1259.1127,775.335,678.7358,844.6989,851.9337,854.4455,167.2789,785.3513,393.6479,930.0106,714.8367,1548.8952,1745.3296,1180.9053,1458.8314,1484.8381,1352.9869,1367.2545,1474.6755,1234.7232,1789.2196,1311.3953,1846.6701,1217.4564,2320.5083,1355.1544,1407.3676,27.636,-360.6194,-7.1034,788.9528,40.8946,883.2382,196.096,-36.0778,-0.0649,-0.0081,0.0793,0.2661,-0.0201,0.0786,-0.0434,0.053,46.024,44.9756,47.4639,50.2557,47.7013,50.976,44.5741,43.0909
172,172,54.07774,18.80533,9300.6,327.0,LOT283,1,12.0,48.1822,3.0798,42.986,53.3021,78.1575,2.0902,0.0,0.9972,0.0563,0.0043,0.1233,0.5072,0.4988,0.4212,0.3811,-45.5278,-44.1118,-48.0861,6.6573,0.2062,2.1728,228.5306,0.2113,343.3268,1181.633,-1602.2485,843.4993,760.8241,2716.1274,346.0957,-444.0487,22341384.0408,20341692.9812,20957845.0251,21534370.4024,21009728.0773,22653263.3722,20325299.4546,20073636.4802,1571834.024,1708685.7989,48665.722,-443982.0289,1376841.2824,827015.5196,-1159920.6324,922350.4082,693.702,836.5161,789.9246,1319.2527,803.8254,1217.7276,655.1801,870.7478,921.3932,832.102,791.6756,374.8512,672.8439,404.6633,883.9153,820.2101,1466.9233,1515.5103,1444.4983,1379.8599,1493.606,1424.1999,1422.7259,1344.3063,1551.8695,1586.1573,1665.1362,2482.0298,1367.3823,2017.199,1413.014,1450.6595,424.1864,-55.9457,34.7136,853.5612,-93.8031,822.0509,58.8625,305.7651,0.0734,-0.0672,0.0117,0.0878,0.0218,0.1539,0.0454,-0.0144,45.5101,46.4184,44.5808,49.8191,43.679,52.7611,45.7142,44.5485
173,173,54.08886,18.79276,9300.0,327.0,LOT283,1,10.0,43.1978,2.6515,38.6492,48.8052,75.3614,2.4994,0.0,1.0324,0.0542,0.0127,0.0698,0.4703,0.5011,0.4124,0.3744,-44.1147,-45.1855,-50.9477,0.144,-0.1401,2.3261,231.1902,-0.2102,-2245.1025,203.651,-3724.413,5137.1759,-1148.5361,6050.7192,-84.2179,-2073.502,22964820.5443,21362281.7882,23747232.6737,24254278.8845,24502495.6245,20894830.8466,25250900.2097,23272639.2037,-311412.2273,-1052306.4484,-522491.541,761308.762,2833764.5956,-409591.8717,1169306.6211,467921.2104,862.2705,761.1849,662.8424,1465.3727,743.7139,1357.4811,756.2177,598.9024,728.5735,740.8862,744.7156,599.9392,838.1535,464.061,839.0793,904.5067,1331.4783,1560.507,1697.8211,1678.2969,1557.0463,1295.3666,1548.9634,1351.4759,1567.5307,1858.1749,1212.2256,2263.4443,1606.1843,1980.7398,1167.488,1266.5425,-191.4762,-66.9016,-13.6496,616.146,106.6085,441.2966,158.7087,-58.4001,-0.0676,-0.0076,0.0058,0.2136,-0.0696,0.1613,0.0488,-0.0143,44.2379,47.0589,48.8994,49.9902,43.0002,55.1205,45.4464,45.4165
174,174,54.09998,18.7802,9301.5,327.0,LOT283,1,12.0,42.785,2.5041,37.3852,47.8237,72.4078,2.2805,0.0,0.9847,0.0444,-0.012,0.0645,0.3645,0.5988,0.42,0.406,-44.2547,-44.2115,-48.6835,10.2839,0.6911,1.4565,217.6548,0.3406,-494.0544,-700.0223,-1150.3243,1804.4547,1265.7826,5454.376,-1097.0594,1272.1978,21862943.4278,20821449.9724,21796655.1273,18803355.6447,22736651.0453,25300800.5196,23001068.498,23008803.3242,1375628.8748,694574.5363,-243308.1464,1485312.5577,-569487.5889,1468240.8078,-267204.6911,1338756.0768,927.555,925.2384,777.1315,1299.0324,647.8726,1153.6744,850.1619,861.8383,740.4315,675.9206,749.7379,621.3944,700.7188,576.4751,755.8247,855.655,1444.8975,1224.6887,1429.1996,1355.7781,1696.908,1516.9071,1579.4002,1555.6105,1443.5238,1735.9859,1536.8139,2573.4673,1613.8825,1781.0749,1569.1838,1649.7128,-33.5724,-13.3651,-111.8234,579.3644,5.625,676.6274,-396.7394,38.3317,-0.0073,-0.0594,-0.019,0.1364,0.0316,0.0636,-0.01,0.0126,42.8628,44.6829,45.1333,54.4136,42.5448,57.6731,45.7706,47.4593
175,175,54.11111,18.76763,9304.9,327.0,LOT283,1,9.0,45.4572,2.2091,40.1719,49.5563,89.3569,1.7749,0.0,0.9831,0.0477,-0.0092,0.091,0.4844,0.5806,0.3957,0.4187,-45.7653,-46.7397,-48.1787,-1.9785,0.8981,1.5911,225.7833,-0.0213,-103.525,611.5484,853.0793,2536.734,603.3328,4040.7166,-904.4163,-3051.4162,21204371.8171,21340639.5047,23957579.6325,22116405.2629,22797669.2449,21496513.2606,20104250.5708,23257859.4472,497277.8863,-43266.4524,430693.0446,1337581.6351,498833.9728,704968.2915,661866.5162,849482.1407,669.4546,819.9652,881.9066,1156.9643,847.4548,970.0257,819.2023,719.5818,721.1441,827.4613,826.1076,280.6206,875.0971,590.1168,1010.6702,836.6162,1526.0927,1462.3852,1168.2362,1580.756,1620.0317,1364.4811,1272.5764,1424.7862,1556.7459,1464.3013,1264.7563,2329.4594,1822.0356,1908.1682,1257.6564,1593.5001,96.381,59.6641,-36.3891,241.5511,95.5631,726.469,-3.6253,13.3956,0.0052,0.0286,-0.0103,0.1998,-0.0051,0.1888,-0.0297,0.007,46.4846,40.5122,45.3855,54.1404,42.9692,53.5486,45.3282,47.3217
176,176,54.12223,18.75506,9310.2,327.0,LOT283,1,10.0,44.1471,1.9235,39.9707,49.1772,91.4848,2.3262,0.0,0.9897,0.0588,0.0067,0.0974,0.484,0.5231,0.371,0.4143,-43.494,-45.7568,-42.4912,-0.0039,-0.0659,2.0112,219.2951,-0.1187,435.893,2882.8255,-2879.7317,2907.6892,-1640.2146,985.7557,-2970.2189,568.5378,22561484.8016,21967767.2566,20732603.6773,23403485.2817,20502983.7557,19118277.9523,18803216.1453,20655133.4106,-225404.512,-1170199.9036,490001.0509,859268.8888,-559668.1317,-61068.7205,-1426132.8611,-1896157.1852,810.7549,993.7766,990.5433,1286.4418,793.5363,1367.6018,951.2026,862.1366,713.9344,669.6562,766.7469,384.2317,750.4061,553.5274,853.9356,888.3177,1686.5218,1538.722,1421.9908,1310.88,1425.1921,1497.6237,1417.8756,1538.9798,1307.6215,1401.6028,1133.7011,2035.8558,1639.4155,2313.768,1284.1138,1619.556,-27.1904,6.0773,-82.9877,563.1812,-103.5776,529.5168,-206.9997,-185.6578,0.1155,0.0405,-0.0216,0.0998,-0.004,0.192,-0.0221,-0.0097,47.5781,43.0845,41.7226,48.6224,46.4107,58.9705,43.8093,44.6764
177,177,54.13335,18.74249,9317.5,327.0,LOT283,1,10.0,44.8725,2.2419,40.1169,49.0529,73.4097,2.8087,0.0,0.9962,0.0435,-0.0068,0.094,0.4632,0.6148,0.3961,0.4294,-44.186,-43.652,-49.9883,-2.2274,-0.1261,2.4019,221.4919,-0.3121,-2522.0577,-2551.9868,-1728.5614,6685.9216,-643.4122,-589.28,612.0539,-1123.0516,21709533.735,21187079.8119,22352483.4008,21247865.523,22236429.6861,23742706.9461,22641247.6066,20401599.248,-1492289.0799,-577784.854,-504882.3504,371913.6529,-1049835.1467,1166321.6067,1126916.6421,-636518.4151,783.815,796.6932,682.2429,1255.4577,827.3963,1264.387,771.5827,652.8036,972.868,719.3847,881.9765,522.9509,776.7902,573.2688,736.1361,632.8733,1535.1498,1420.5949,1542.2108,1757.5885,1349.7414,1725.5375,1420.5907,1465.107,1706.1373,1488.6847,1493.8101,2225.6986,1419.7969,2388.1627,1550.7059,1473.5407,362.9443,-38.0135,-55.5871,802.8097,-191.4827,526.48,-116.919,101.1629,-0.1319,-0.0567,-0.0799,0.2807,-0.0488,0.1336,-0.0224,-0.0221,45.9186,48.8442,45.1627,50.9576,44.7191,56.7293,45.2159,49.1396
178,178,54.14447,18.72992,9326.6,327.0,LOT283,1,12.0,46.0832,2.9415,40.2342,52.0575,84.603,2.5106,0.0,0.9919,0.0475,-0.0106,0.0938,0.5184,0.539,0.3969,0.4347,-47.579,-44.2837,-47.6086,2.0202,0.0541,2.5559,225.1888,-0.2719,2168.3173,1868.5444,-958.1406,3952.3441,885.2149,2521.2588,3990.3924,-1371.476,23045439.4626,22077230.5094,26351970.2027,24986062.146,24804055.9691,21317271.7062,22434939.0982,22077907.9677,-303683.9744,126607.7446,-172227.951,-1425848.4306,-1153864.881,308268.0813,-654751.5129,-235778.043,778.0662,799.7871,640.1207,1146.5318,729.5031,1160.2672,958.5744,779.4626,805.8941,860.8853,850.721,155.5063,834.0861,546.0348,870.8967,716.295,1443.4125,1582.539,1510.0494,1522.6791,1491.8951,1896.927,1566.6589,1370.4188,1120.0661,1744.117,1127.9003,2133.9905,1767.9546,2303.1301,1624.3342,1522.7391,70.6427,-205.5238,131.3372,195.0316,504.6881,480.8053,31.9336,-203.1756,0.0559,0.0141,-0.0113,0.2487,0.1263,0.2524,-0.056,-0.0045,46.0556,43.2536,44.8982,51.9785,44.0636,56.4227,44.8717,46.6637
179,179,54.15559,18.71736,9337.4,327.0,LOT283,1,12.0,44.8382,3.0831,40.7142,49.4016,86.2714,1.5304,0.0,1.0222,0.0577,-0.0662,0.1163,0.4387,0.5033,0.4209,0.3467,-45.534,-44.1941,-47.2515,-1.2234,-0.6311,0.5799,219.6254,0.0527,1342.2009,-1470.6182,-3650.0875,4336.4265,-292.6032,1552.0264,819.9639,-398.5302,21348756.1831,21229203.3068,22903728.1651,21072955.7469,19442827.6753,22131221.1045,25361278.3449,23755823.8234,-839976.2859,-659686.8219,-881334.7224,264690.3479,-1340287.172,1653803.2714,1143534.5273,-1450.6984,844.6632,671.4126,807.2531,1111.3341,832.8118,1243.8767,847.7446,770.834,852.9648,652.3771,831.1477,467.0187,773.097,547.4842,833.0207,862.0462,1419.5189,1385.1158,1353.8691,1510.5755,1640.9103,1461.8259,1279.8823,1417.7829,1488.2658,1644.9243,1653.6846,2382.6131,1546.5946,2355.7947,2032.9952,1639.81,231.1565,-113.0068,-91.6509,501.2959,138.8421,607.4366,-20.7078,-344.5045,0.0108,-0.0118,0.0145,0.2251,0.0157,0.2804,0.0549,0.0355,48.6845,43.3863,44.4929,48.809,44.9477,54.2191,40.9482,48.5346
180,180,54.16671,18.70479,9349.8,327.0,LOT283,1,11.0,44.6102,2.2804,39.8949,49.5197,63.3257,0.9734,0.0,1.0291,0.0614,0.024,0.098,0.4324,0.5397,0.3989,0.3478,-43.4541,-47.2069,-48.4902,6.4521,0.3175,3.1018,225.428,0.0945,1706.3504,-1809.4097,660.3232,2486.4406,865.871,2662.6787,-1483.4099,-2024.9099,21148899.3156,18667181.8019,21708471.5071,24259112.4843,20030667.0036,21722494.9601,22968680.6463,22260190.1911,-173378.9177,-1227305.2234,518186.68,702170.6119,93397.5072,461076.7737,708540.7992,282694.383,595.7556,725.2237,543.5395,1206.2206,873.9407,1272.9877,666.1102,742.198,989.4356,753.1874,897.299,454.0097,903.3719,406.8123,836.0185,873.6829,1805.8733,1695.9422,1437.9991,1640.0844,1591.6084,1164.7836,1474.5129,1502.0524,1466.8153,1316.5728,1749.1023,2320.7274,1895.9684,2193.8167,1570.5143,1349.1626,-40.7297,-226.7805,-70.277,518.0637,-246.5556,570.8762,-398.3365,329.1823,0.0358,-0.0079,-0.0692,0.2381,-0.023,0.1959,0.014,0.0204,41.802,43.9934,43.3772,56.8486,47.0892,54.0064,43.4696,45.3585
181,181,54.17783,18.69222,9363.7,327.0,LOT283,1,10.0,44.497,2.3006,39.433,49.0871,73.9777,1.7537,0.0,0.9909,0.0462,0.0561,0.0967,0.4746,0.4535,0.4328,0.4769,-45.2811,-42.9166,-49.2221,2.5034,0.1454,2.7765,217.8038,0.0678,-430.6409,-1180.4628,480.5508,5298.1647,542.5237,2633.2724,1519.2534,100.9574,19806167.8003,20454687.848,22337354.2894,22412020.8465,23298564.5162,23949375.8038,23214168.5405,19588328.4395,215811.3694,1811669.9066,-662740.4204,-250627.224,-979106.6914,1055806.2307,-82018.621,-143706.9724,761.6986,880.8095,716.9271,1262.8455,868.5827,1160.4462,670.1691,792.7768,599.2697,831.5802,890.1447,667.5073,799.6891,639.7881,725.279,762.1504,1551.0869,1475.8353,1578.1092,1474.0391,1486.3741,1459.344,1611.6167,1562.3352,1614.6295,1194.8821,1606.0874,2337.4904,1555.4034,1958.2658,1462.156,1838.9521,-184.4448,-332.8224,239.3854,766.8519,-98.8733,576.9803,31.7536,-265.683,-0.0696,-0.0635,-0.001,0.2471,0.0065,0.2644,0.0199,-0.0833,49.4368,46.2136,44.9613,55.7607,47.1581,50.9435,42.679,45.7124
182,182,54.18895,18.67965,9379.0,327.0,LOT283,1,11.0,43.0711,2.2247,37.3515,47.262,78.343,1.4459,0.0,0.9972,0.0512,-0.0319,0.1093,0.4485,0.4802,0.3822,0.4456,-44.5955,-47.9119,-49.284,-2.5158,0.2752,2.9119,220.1371,-0.4191,-47.0133,3980.9699,-1174.12,3107.1948,-1670.9835,2066.5348,1130.9239,-715.2753,20564646.0168,23892435.4574,22109477.8673,21877950.1741,21753531.1491,23705349.4815,23272186.4135,19540300.7381,-762268.0212,-649920.3906,388044.5986,1078438.9572,211572.784,-990458.0513,1058855.095,-1178639.8886,917.9558,777.4196,600.9595,1264.9266,858.0383,1315.7094,926.7666,916.1646,690.5578,800.6361,777.6129,660.1972,731.3758,364.9384,743.2971,894.3674,1440.0303,1751.7443,1514.1375,1396.858,1521.3118,1351.5871,1452.0988,1460.1514,1531.4288,1371.5221,1968.7157,2187.5271,2031.3923,2735.8567,1369.1044,1533.8675,-84.488,56.2062,600.2721,412.3918,-94.4182,506.5061,-79.1266,200.3213,0.1357,-0.0521,0.0407,0.1655,-0.0226,0.1832,0.058,0.0531,47.2462,42.5142,48.5377,50.1016,43.6348,51.7203,44.2961,44.4395
183,183,54.20007,18.66709,9395.5,327.0,LOT283,1,10.0,43.1214,1.7378,37.9255,48.5157,91.8224,1.6781,0.0,1.0243,0.0607,0.0021,0.1379,0.4262,0.5079,0.4384,0.3343,-41.5756,-46.0441,-47.9116,-1.4869,-0.2241,2.1901,217.787,0.0801,-2600.5742,-1130.8056,-811.0791,8462.03,1517.4989,4349.5193,-600.7343,899.9244,20716821.9569,25383873.761,24000112.2618,21706773.8634,22253626.4686,21305886.7463,21914305.2292,23364646.7024,-216825.5874,-274399.8139,1223846.3575,-6459.3576,322770.0667,-423186.2264,1254262.4937,-373035.9921,796.9278,655.0093,595.0531,1220.8278,559.1341,1103.238,710.4711,816.1552,911.2421,891.6123,677.2558,362.9932,772.4505,406.2896,780.7219,995.8618,1496.3446,1506.221,1596.7939,1381.4044,1509.69,1620.3604,1324.5811,1476.1851,1368.1255,1518.592,1456.1593,1980.5899,1347.5985,2509.3428,1495.3984,1349.7421,343.6011,72.9223,-100.906,598.0044,100.8818,378.0787,399.7572,-43.8062,-0.0514,0.0053,0.1094,0.2937,0.0068,0.1202,-0.0128,-0.0399,44.8119,49.2884,41.1198,54.4219,43.6665,53.3845,48.4592,44.0884
184,184,54.21119,18.65452,9413.1,327.0,LOT283,1,10.0,46.2314,2.0198,42.1477,51.5463,93.483,1.566,0.0,0.9951,0.033,0.0343,0.0844,0.3805,0.4974,0.4441,0.3609,-46.2796,-45.4883,-47.2105,1.0165,0.4042,2.2074,215.8868,0.233,-1391.5158,264.9127,936.4433,4652.5358,1433.0058,5205.0872,-701.1625,-393.1834,21250709.0374,21564958.3775,24644691.4412,23496214.5824,24613740.0767,22675894.6332,23757882.6531,23416710.6285,283940.908,-274476.2284,-81336.7706,-313878.3479,44604.6988,-933959.1795,731080.801,961423.9981,558.5581,861.5888,664.2808,1392.426,927.1136,1113.0976,711.4569,772.5163,648.183,760.1805,690.8793,526.5117,733.786,456.389,718.0314,805.5403,1616.7105,1155.0989,1511.1036,1551.4243,1403.5109,1608.5338,1581.4457,1534.0413,1575.9002,1549.3313,1511.2088,2048.8258,1383.4471,1806.6013,1522.0457,1419.5593,1.2356,-36.701,-109.5164,1113.3612,-78.2145,487.4126,212.6452,273.748,0.0245,0.0156,-0.0085,0.2217,0.0091,0.087,0.0104,0.0159,46.3737,47.6413,48.3087,56.3903,44.2265,56.5748,42.4252,43.5058
185,185,54.22231,18.64195,9431.5,327.0,LOT283,1,12.0,46.8543,2.2977,41.4208,51.1925,101.693,1.5969,0.0,1.0185,0.0435,-0.0113,0.1164,0.507,0.552,0.3888,0.4459,-45.1114,-47.1183,-50.3789,5.5228,0.0868,2.8412,228.3903,0.0851,-796.3225,-1024.1126,787.6883,3734.3002,-1463.0869,1646.4605,847.0459,-1477.3819,23605301.9229,20908409.8447,21307884.9868,20824866.3404,22164854.1751,23171526.8678,20483788.9453,23130903.4417,346592.467,821793.6271,417055.3742,678081.1655,-1380846.4123,-471677.0348,1063888.3548,1140070.133,797.3681,1032.6459,886.0319,1244.7887,661.3507,1325.3435,900.9861,758.838,629.4331,726.1437,975.928,539.4614,1016.0673,620.4639,775.7985,843.4367,1512.811,1322.8384,1577.7553,1284.0724,1474.3856,1362.8614,1571.0952,1762.4562,1583.3656,1467.7124,1704.9891,2440.9899,1639.8008,2292.4461,1637.7883,1262.2872,80.7253,220.6214,69.1402,861.3923,-75.0041,784.3328,-312.9829,112.2661,-0.0587,0.0476,0.0399,0.2141,0.0582,0.241,0.0052,0.0751,44.1058,43.3076,46.3888,57.322,45.5225,53.1613,43.7825,43.9852
186,186,54.23343,18.62938,9450.6,327.0,LOT283,1,9.0,43.3096,2.3889,38.568,47.7209,74.7215,1.7254,0.0,0.9915,0.0568,-0.0045,0.0693,0.4628,0.6354,0.4194,0.3958,-45.4129,-45.0504,-48.6439,2.5299,-0.2236,3.1646,225.1146,-0.0607,533.2643,804.7919,547.0224,1467.367,-500.3545,4352.2633,133.1587,-1562.8693,20662744.0818,21629591.7879,22174022.2291,22217924.2241,20708446.6902,23512102.0101,23214588.6763,20870145.0685,1283011.0472,-102109.8905,-606837.719,356983.2376,-1473612.1774,-1586768.0007,-1449593.0364,-323014.3388,864.8906,808.433,876.8588,1313.7716,746.7545,1333.9564,788.2989,779.1755,750.1942,917.9236,919.5819,368.9712,881.4804,440.4427,803.5451,652.2722,1529.2548,1262.0042,1402.2246,1257.5589,1726.2754,1685.2996,1679.2011,1613.4441,1425.707,1429.1348,1497.4938,1871.5673,1492.948,2318.5097,1659.0938,1576.628,-175.6519,133.0845,292.8276,771.8913,-44.4829,355.6619,290.767,82.3365,0.0337,0.0001,-0.0247,0.2562,0.0098,0.0943,0.0099,0.0517,44.1599,41.329,42.7393,52.3997,45.2915,54.7009,45.2173,47.2824
187,187,54.24455,18.61681,9470.2,327.0,LOT283,1,9.0,43.3288,2.042,37.7156,48.8768,68.5279,1.0752,0.0,0.9716,0.0572,-0.0451,0.1064,0.4994,0.5488,0.4029,0.3848,-43.9787,-44.8819,-48.3775,-3.8332,-0.278,1.5125,217.2365,0.2037,-171.3104,-163.6369,1989.8226,2639.7368,4134.8482,3479.2427,-2631.9023,-1928.5469,21285058.6362,24106468.0231,24897428.3836,21877596.5761,22919783.7394,20824939.4904,22179554.3682,22952599.215,-475606.096,1250685.7523,624520.4993,-741173.769,1075591.9149,-135070.6507,177320.9173,-758447.1714,801.88,911.7644,805.7198,1175.3313,609.857,1074.2116,641.6419,823.3665,879.7143,627.2318,635.557,713.027,659.284,583.3804,924.2445,777.3556,1464.8908,1697.3897,1705.2823,1174.4163,1420.8399,1393.6672,1340.9231,1594.9524,1241.8343,1750.4846,1839.015,2406.9588,1460.7033,2385.9937,1910.1653,1787.5527,46.9403,-157.0372,115.4802,653.5397,-452.3651,595.5319,-421.5242,-257.5177,0.0604,-0.0507,0.0679,0.1124,0.0962,0.232,-0.0285,-0.0554,41.78,44.7405,44.0612,54.0592,45.9036,50.5731,48.5353,46.78
188,188,54.25567,18.60425,9490.1,327.0,LOT283,1,10.0,42.0372,1.6697,37.0555,47.8534,67.2905,2.7607,0.0,1.0144,0.0338,-0.0278,0.0736,0.3522,0.4508,0.386,0.3878,-43.9291,-45.5322,-46.7121,-0.2553,-0.4887,2.1083,212.357,0.0625,-428.9946,-176.9028,-1266.1741,3424.9682,-719.4772,2966.7318,1529.0906,-1117.7036,19730287.2058,21467873.5574,22221558.1409,22386146.2526,20023491.2963,22148694.5263,21532915.9861,22261406.879,-313931.6286,-2320306.2691,17889.0358,751541.8278,934050.8225,-227698.4743,976097.1941,1127755.5868,727.1685,664.2829,799.6273,1154.5226,897.6226,1284.9162,902.785,724.1529,858.3306,838.0834,647.9735,523.6139,936.344,545.2767,805.7286,934.3057,1509.7189,1651.4235,1532.0917,1943.5972,1465.9448,1565.4293,1704.6885,1274.5644,1706.6237,1671.5432,1355.4179,1870.5954,1649.0951,2393.0864,1302.7102,1263.1801,-160.7842,-13.7305,-87.2473,636.7321,-327.2773,1161.1802,-97.2563,-216.7414,0.0105,-0.0956,-0.0326,0.1776,-0.0481,0.1686,-0.0024,-0.0119,43.5471,45.7101,43.7882,50.6595,46.5447,52.7951,47.8258,45.5077
189,189,54.26679,18.59168,9510.1,327.0,LOT283,1,10.0,47.2495,2.4702,41.345,52.6175,87.612,1.5581,0.0,1.0271,0.0545,0.0099,0.0847,0.4134,0.5214,0.4242,0.3717,-45.9544,-45.3272,-48.88,-1.6113,-0.0249,1.3664,223.179,-0.2843,149.2681,-2356.0831,1775.5779,4738.6551,2697.2222,538.8418,211.0713,-2684.6422,21602683.0582,22639041.3918,22448254.5068,23272147.5137,22808869.5181,23583461.7196,20135603.6411,21028989.7882,-2110048.5853,18935.6311,-535156.8842,-101325.8375,509018.9336,-2113728.233,378952.4426,137935.7997,603.0534,826.9038,990.8818,1196.16,664.8824,1250.6136,662.9634,892.1743,768.0099,852.313,690.4547,600.8753,792.5256,605.7124,805.0801,947.4963,1640.3264,1404.135,1550.0868,1370.0112,1478.8699,1410.7274,1404.898,1594.0866,1752.2396,1656.8869,1514.7653,2035.4595,1627.6142,2288.9508,1796.0478,1760.0712,130.5063,123.5285,240.7936,678.4339,-127.1981,503.472,310.3902,-284.6873,0.0019,-0.0186,-0.0077,0.1947,0.0157,0.1229,-0.0238,-0.0869,43.2948,43.8251,42.2622,51.9382,40.8005,51.0659,44.6457,45.5393
190,190,54.27791,18.57911,9530.0,327.0,LOT283,1,12.0,45.0997,3.0767,41.0686,50.3155,79.649,1.1892,0.0,0.9843,0.0349,0.033,0.1793,0.4316,0.5239,0.4128,0.3477,-46.9199,-45.5101,-44.4709,-3.7316,-0.1766,2.1822,224.8792,0.2589,-426.5399,372.3947,1283.6362,4085.7251,546.737,3999.1466,-2040.9451,-1408.5066,23370235.7053,20609225.0406,23320284.2358,21344617.8027,19367004.9273,21850555.0592,21476531.2541,21234092.3958,111369.4123,-36425.9429,2087987.0276,857644.5472,162300.262,740256.4235,853103.2065,166883.4677,1064.3026,945.9741,762.4359,1075.8229,772.6074,1122.2066,879.1388,708.1247,885.4303,591.635,755.3972,435.0127,649.614,345.5625,815.5832,934.4727,1620.251,1258.0152,1386.9168,1530.5881,1523.8956,1375.3862,1490.4491,1730.5856,1748.2566,1788.6529,1582.6803,2433.4345,1686.071,2495.5622,1195.5069,1675.2659,305.7241,227.4082,172.1349,638.5507,-222.1025,951.961,232.6053,-220.1045,-0.0415,0.0332,-0.0066,0.2251,0.0275,0.2026,0.0526,0.0272,43.5787,47.4591,46.3581,49.9941,46.1397,48.1319,45.2701,42.1697
191,191,54.28904,18.56654,9549.6,327.0,LOT283,1,9.0,44.3666,2.4487,39.9291,49.1941,82.2495,3.7431,0.0,0.9716,0.0546,-0.0319,0.109,0.5668,0.5768,0.4006,0.4175,-45.8202,-46.6529,-46.0906,2.8019,0.1406,2.3084,223.3875,-0.1364,1614.8942,1559.3906,1284.0761,3874.6618,-47.6732,5623.828,-1990.1148,1125.4726,24999383.1073,21571964.5255,22417581.7798,21298555.8396,21357233.0172,21061411.965,22884387.1015,21218763.7449,-286156.369,637540.0451,-141326.1864,1012706.5949,726285.0184,-867003.6015,-323124.4678,-470530.0621,697.1524,732.541,903.1251,1175.6695,563.9921,1428.4372,609.5598,884.7043,866.2824,882.7706,906.4402,497.3232,859.9,491.9053,620.2419,855.7426,1465.6248,1545.7284,1692.5739,1534.0642,1738.2358,1608.0267,1496.7781,1688.7418,1638.5523,1522.6695,1565.4788,2456.6633,1260.2656,2116.442,1566.4087,1344.1877,196.7753,119.8762,43.0444,358.9355,29.3329,734.2418,-202.4559,-520.9836,0.0736,0.1083,-0.0075,0.2822,-0.0283,0.2606,0.0214,0.0247,46.1024,44.5543,46.9388,52.2028,44.2737,53.2626,46.1441,43.2619
192,192,54.30016,18.55397,9568.7,327.0,LOT283,1,12.0,47.7738,1.7227,42.8256,52.812,88.6273,2.7601,0.0,0.9805,0.0348,0.0312,0.1193,0.4338,0.6355,0.4353,0.4262,-43.0849,-45.1748,-47.6851,2.4346,-0.0633,2.938,224.5447,-0.1561,-797.5897,733.1146,-1576.7996,3404.5041,529.3555,2245.167,-2577.4578,1259.4772,21213996.0496,23182656.2226,22475119.6591,24793482.9238,19912408.3738,24636036.7237,20202940.1386,20462255.1517,144638.2606,202897.0501,-715105.1664,-987842.5431,2505444.5039,-125452.6608,388622.5495,-373912.1913,753.8045,780.3975,947.8177,1208.9007,785.006,1361.6127,732.9817,771.0554,788.8313,636.9654,872.8559,660.2939,668.4011,468.148,697.3856,863.7523,1752.863,1490.7043,1627.6629,1386.937,2048.1543,1731.3773,1449.77,1592.6259,1121.1253,1728.9385,1654.8509,1952.7279,1402.486,2750.8619,998.0385,1403.2849,513.7386,-43.0883,205.8332,942.6222,118.1882,293.4906,172.3998,-41.5007,0.0567,-0.0003,-0.0211,0.2669,0.0149,0.1985,-0.0388,-0.04,46.983,44.2364,47.2299,51.2624,46.8932,55.7812,45.1089,43.518
193,193,54.31128,18.54141,9587.1,327.0,LOT283,1,10.0,45.7207,2.1388,40.1847,51.3843,76.9266,1.9213,0.0,0.998,0.0347,-0.0085,0.1354,0.4485,0.625,0.3906,0.3974,-45.1742,-46.4051,-48.793,0.3142,-0.4065,2.2927,224.4764,-0.3433,2151.7725,97.5141,223.7792,4726.1956,-703.8066,2655.6627,222.6806,-828.195,24484700.7881,26022842.54,21847769.4019,23103048.1269,22782107.6142,21207782.4837,21443516.8368,19994658.448,-672205.738,-619060.3557,563677.9348,-1098488.0603,248616.0891,244455.9573,631196.96,-15502.4237,878.5754,790.6852,840.4918,1284.8773,706.8383,1246.9761,636.0025,908.3925,995.1073,881.0207,1014.2988,559.9071,773.0636,530.8099,757.6546,721.9298,1806.9326,1502.2055,1597.9993,1510.7367,1567.6918,1274.21,1517.9735,1517.3141,1363.3541,1349.0734,1567.5237,2587.712,1471.2096,2454.338,1232.5548,1744.1365,-283.4161,0.4865,293.5591,212.0953,-54.5685,656.9014,-127.1266,201.7118,-0.128,-0.0329,0.0244,0.2794,0.0039,0.2474,-0.0127,-0.0194,46.4981,43.7336,43.0469,45.9104,46.5211,51.5592,44.8949,45.613
194,194,54.3224,18.52884,9604.6,327.0,LOT283,1,12.0,43.4934,2.651,38.8743,47.8275,86.5338,2.9334,0.0,1.0194,0.0652,-0.0226,0.1115,0.4337,0.5291,0.4515,0.3963,-43.7645,-46.4105,-47.3812,2.1125,0.2409,2.8388,212.3264,0.2005,579.2726,-1293.6649,-2881.4115,5907.8779,-1096.4813,5655.6645,335.0738,-17.8155,23714594.9169,22890271.8598,22905955.9297,21250288.5966,20808771.6667,20805868.9593,24006172.7114,19960769.493,362778.9283,964601.3221,-1015576.8968,988101.0583,627067.289,-40177.4209,1197982.088,-877320.6713,876.8992,836.4778,896.3708,1358.444,780.2369,1332.2622,750.3599,689.4698,848.6383,706.581,829.5454,657.8743,722.2216,404.3922,775.4816,733.4509,1436.5606,1619.9807,1627.022,1529.2871,1456.4084,1658.9367,1639.3168,1550.242,1192.5918,1606.1963,1901.8029,2342.8316,1546.729,2006.3406,1241.2639,1570.3085,94.092,-134.7168,-172.3496,494.5326,47.7515,483.3867,-261.9059,-192.2107,-0.0569,-0.0287,0.0159,0.2956,0.0154,0.1831,-0.093,0.0185,44.077,46.6398,46.4457,56.7159,45.7074,56.8184,45.0424,46.2858
195,195,54.33352,18.51627,9621.1,327.0,LOT283,1,10.0,43.6252,2.7505,37.8487,48.8287,82.4152,2.8556,0.0,1.0159,0.0635,0.0333,0.1157,0.4637,0.648,0.4323,0.4131,-46.2085,-46.2297,-49.2076,3.1754,0.4061,1.3435,216.1787,-0.2663,-75.5668,-124.5601,-1393.4423,2646.6077,603.8047,1538.6725,111.3165,1388.9806,19507731.2843,22405644.8159,22773913.3354,22377336.8694,23572551.4518,21272128.7288,21043140.118,23219510.1138,331240.3792,1056579.8189,1135420.4184,174924.8052,-1775403.6775,-1045665.4319,-421167.1462,-2655972.9116,778.6073,843.1617,671.6341,1076.173,752.6492,1157.3933,752.9747,1025.7134,839.6719,892.261,787.24,344.5272,805.3373,500.3432,757.5365,683.8411,1626.2735,1309.1608,1431.7311,1505.0387,1399.7162,1536.8766,1630.7921,1253.5456,1735.9549,1492.9608,1324.681,2611.3727,1270.7612,2377.6276,1212.0071,1383.2361,88.4778,311.5493,-33.1102,1044.6591,117.2615,501.745,175.9768,170.3806,-0.0025,-0.0232,0.0237,0.2363,0.046,0.21,-0.0688,0.0432,43.114,45.7034,47.729,55.0362,43.9312,52.808,44.652,45.514
196,196,54.34464,18.5037,9636.4,327.0,LOT283,1,9.0,44.1235,2.5722,38.6697,49.2764,88.3218,1.0022,0.0,0.9846,0.0505,-0.0435,0.0897,0.5263,0.587,0.3707,0.4108,-45.1666,-43.2457,-49.6542,0.3192,-0.3203,2.1667,223.2994,-0.3203,1286.965,1496.9,796.7083,3196.1375,-352.1192,4725.3945,-2458.3249,1140.6186,23556079.3251,18581873.2161,22106631.0915,21754166.0251,20977189.4285,21723728.2447,21741222.2055,22722215.9407,-1651381.3241,1108963.7183,-772512.1077,-1290458.9207,336825.3929,1408998.6198,-1851454.1155,1101424.4359,737.2823,757.3122,818.1857,1150.8257,762.6764,1156.2463,834.7843,919.3311,634.837,944.6622,748.7152,154.0673,1027.471,548.649,797.225,875.3963,1508.852,1418.8645,1522.9738,1718.4679,1599.3299,1274.2361,1866.7126,1326.5499,1356.8539,1351.4648,1616.1383,2635.5223,1433.2015,2484.444,1449.7741,1456.7597,56.5816,89.4649,-8.1248,1030.5467,-68.6222,826.9799,34.7266,-270.4747,0.0034,0.0895,0.1034,0.2351,-0.0585,0.2149,-0.0654,-0.0451,45.9968,45.9756,45.7586,54.5786,44.1757,55.6178,41.485,45.753
197,197,54.35576,18.49114,9650.3,327.0,LOT283,1,10.0,44.911,2.3155,40.1043,49.1918,94.2444,1.428,0.0,1.0197,0.0458,-0.0333,0.1226,0.427,0.5096,0.3835,0.3932,-43.6895,-45.663,-45.7638,3.7612,0.0187,1.9435,223.8309,-0.0615,901.5788,-908.3621,1032.7831,3247.8184,-662.3315,5023.9951,-1034.0128,178.1581,20385277.793,17435655.6668,24280456.206,18733996.5541,22759652.8812,22587256.0747,21005593.0689,23792957.8636,-168059.5866,-234584.2901,1018601.6062,-15739.4588,131390.0572,655776.1305,-569038.2547,-274603.9187,811.6482,625.6722,850.696,1131.0681,793.6405,1173.5353,823.7559,694.6018,919.4745,686.4906,823.4684,559.1241,1097.0138,511.8667,746.6262,910.6042,1496.6892,1477.118,1472.581,1525.1786,1407.9171,1538.7829,1321.6313,1609.5916,1632.7266,1501.8238,1356.9011,2432.9382,1861.9407,2451.7125,1223.5283,1434.9706,-176.221,212.7065,8.2167,516.4742,-97.0982,464.4184,-218.6955,49.2891,0.0376,-0.0386,0.0196,0.2342,0.0138,0.1548,-0.0045,-0.0768,43.5177,46.7207,40.5661,52.0245,43.6625,52.1315,45.5692,45.594
198,198,54.36688,18.47857,9662.7,327.0,LOT283,1,12.0,44.0699,2.5884,38.9704,49.3473,75.6331,1.9269,0.0,1.0126,0.0333,0.0336,0.1014,0.3091,0.5879,0.4311,0.3422,-46.1356,-46.7385,-47.4184,6.7564,0.0993,2.0417,222.8746,0.3,-261.819,-456.9425,-2980.1303,2611.8049,-97.3012,2775.9054,-407.2832,-681.6648,22580338.0292,23489703.1752,22213094.1391,22472562.3005,21465225.815,24112081.3977,21690174.947,21755698.5051,1516523.8991,-1867910.1861,885.9389,-1872143.4635,-363308.5117,1039021.9785,330260.5875,-1424650.2778,904.8037,790.7142,889.5979,1213.0494,918.4427,1290.2087,748.0301,831.9728,818.4976,889.2022,701.6894,446.3072,762.6456,656.2748,699.8941,771.3824,1453.3655,1450.7659,1552.1307,1433.2072,1591.4461,1442.5555,1525.9349,1520.2756,1583.8388,1531.4103,1303.3433,2441.6972,1656.4269,2863.6672,1584.0505,1741.2422,38.5839,-124.843,307.8043,398.311,350.5104,163.7131,-30.5386,201.2915,0.0549,0.0768,0.0254,0.2145,-0.0512,0.2158,-0.0067,-0.012,48.4205,44.8548,44.6814,51.0382,44.9455,50.5266,46.4452,44.2997
199,199,54.378,18.466,9673.5,327.0,LOT283,1,11.0,47.6094,2.1186,42.9102,53.4883,84.1196,2.3539,0.0,1.0114,0.0455,-0.0027,0.1113,0.4397,0.4716,0.3969,0.4916,-44.8249,-47.1477,-51.5109,3.3608,-0.1731,2.3342,214.8438,0.0222,757.0717,-124.7348,-242.564,4735.0059,-247.8655,4532.1138,-518.2643,-1303.067,21321764.8127,19791124.3023,24241276.1877,25432549.1079,21628503.5637,22008424.7588,23293891.5074,23999610.4683,-1155548.7774,391205.0632,-12793.1884,348052.7528,-1314162.582,1543084.2926,1925153.3846,-601122.0451,738.5231,879.4307,865.7438,1011.2502,841.6847,1219.2424,749.4374,789.1966,846.7643,926.041,839.3166,395.9136,781.3125,587.5841,619.8044,699.1235,1592.8253,1168.8491,1447.7326,1712.8543,1578.9234,1552.3049,1358.3543,1528.2339,1827.3206,1501.786,1504.4688,2434.455,1187.8178,2143.4393,1203.0873,1355.332,293.3521,-72.2751,28.2171,521.6913,-95.604,292.7954,43.5491,150.9773,0.0748,-0.0756,-0.0077,0.1719,-0.0512,0.2192,0.0361,-0.0188,42.7875,45.9428,47.0241,56.7073,42.2747,58.1962,42.7882,42.7205
