tick,t_int,lat,lon,alt,heading,callsign,is_attack,n_sv,cn0_mean,cn0_std,cn0_min,cn0_max,doppler_std,pseudorange_std,error_flag_any,sqm_peak_mean,sqm_peak_std,sqm_asym_mean,sqm_asym_max,sqm_sec_peak_mean,sqm_sec_peak_max,sqm_left_5_mean,sqm_right_5_mean,power_2MHz,power_4MHz,power_8MHz,clock_error_m,clock_drift_mps,position_drift_m,speed_ecef,clock_error_d_dt,Carrier_Doppler_hz_ch0,Carrier_Doppler_hz_ch1,Carrier_Doppler_hz_ch2,Carrier_Doppler_hz_ch3,Carrier_Doppler_hz_ch4,Carrier_Doppler_hz_ch5,Carrier_Doppler_hz_ch6,Carrier_Doppler_hz_ch7,Pseudorange_m_ch0,Pseudorange_m_ch1,Pseudorange_m_ch2,Pseudorange_m_ch3,Pseudorange_m_ch4,Pseudorange_m_ch5,Pseudorange_m_ch6,Pseudorange_m_ch7,Carrier_phase_cycles_ch0,Carrier_phase_cycles_ch1,Carrier_phase_cycles_ch2,Carrier_phase_cycles_ch3,Carrier_phase_cycles_ch4,Carrier_phase_cycles_ch5,Carrier_phase_cycles_ch6,Carrier_phase_cycles_ch7,EC_ch0,EC_ch1,EC_ch2,EC_ch3,EC_ch4,EC_ch5,EC_ch6,EC_ch7,LC_ch0,LC_ch1,LC_ch2,LC_ch3,LC_ch4,LC_ch5,LC_ch6,LC_ch7,PC_ch0,PC_ch1,PC_ch2,PC_ch3,PC_ch4,PC_ch5,PC_ch6,PC_ch7,PIP_ch0,PIP_ch1,PIP_ch2,PIP_ch3,PIP_ch4,PIP_ch5,PIP_ch6,PIP_ch7,PQP_ch0,PQP_ch1,PQP_ch2,PQP_ch3,PQP_ch4,PQP_ch5,PQP_ch6,PQP_ch7,TCD_ch0,TCD_ch1,TCD_ch2,TCD_ch3,TCD_ch4,TCD_ch5,TCD_ch6,TCD_ch7,CN0_ch0,CN0_ch1,CN0_ch2,CN0_ch3,CN0_ch4,CN0_ch5,CN0_ch6,CN0_ch7
0,0,52.165,20.967,9500.0,327.0,LOT283,0,9.0,44.2306,3.0948,39.0119,48.2368,93.3945,1.834,0.0,0.9868,0.0532,0.0201,0.0983,0.4666,0.5216,0.3645,0.3157,-44.8697,-44.3091,-46.6705,3.651,-0.2863,1.5022,223.639,-0.0637,-1613.3517,1365.8894,-1635.3846,2914.7338,1267.5911,1968.3608,-1068.7546,-987.9243,20057473.1898,21417193.6582,21236183.9343,21022110.4422,22786496.5215,20510676.9753,22314318.9742,22010404.2501,741216.685,-1739558.1117,-91701.5274,-499972.269,-505220.3879,-453589.0811,1502596.8976,1558748.0177,999.9259,947.7901,902.0644,916.6095,838.169,727.1441,852.5371,688.8683,771.0412,868.2037,813.0553,867.4909,682.5229,818.5952,765.0774,656.3452,1443.9303,1713.9005,1850.9334,1770.9897,1303.1216,1427.3662,1276.9328,1479.1108,1462.0497,1510.6666,1629.4427,1537.4682,1504.3594,1634.9059,1431.3844,1543.6012,-330.7099,120.1317,-98.2276,347.3031,172.9456,-458.0825,-60.0954,83.1922,0.026,0.0548,0.0088,0.1248,-0.0779,-0.0285,-0.0707,-0.063,44.0964,43.4034,43.2563,44.9943,45.0677,43.3147,43.848,46.7574
1,1,52.17612,20.95443,9520.0,327.0,LOT283,0,11.0,46.3877,2.6683,41.4391,51.7067,90.2019,2.4068,0.0,0.9777,0.0475,0.0054,0.1447,0.5264,0.4819,0.3865,0.4183,-47.274,-43.8184,-45.5594,-2.1581,-0.4048,4.5974,221.0967,0.5675,-1140.6022,817.039,-776.2938,-1801.5436,903.6881,2172.4565,-1456.0771,-1138.7544,23295458.2169,23900613.9979,21020333.9711,22170697.0455,24282338.5397,20600737.7566,17575076.2389,21073501.4429,-460529.3332,-608386.3743,-1859304.2112,-1736072.3098,1368442.5927,-2135421.6669,884299.5938,10982.0454,837.2535,686.7502,825.5766,558.8157,885.4447,825.8137,811.8304,833.682,881.7591,895.0316,859.1906,757.4411,817.0642,848.8286,964.5209,708.1868,1428.5741,1501.1034,1556.4162,1744.423,1530.5466,1425.8968,1184.6335,1372.6229,1654.6376,1604.6301,1457.5896,1693.0017,1375.8197,1754.0534,1753.1538,1147.7073,135.9387,-169.6742,35.5269,111.3387,6.1769,-8.8561,206.4071,3.8638,0.0203,-0.0092,0.046,0.0133,0.0069,0.0064,0.0131,0.0279,45.5933,45.731,47.5288,45.2862,42.8026,42.8553,45.0464,42.3992
2,2,52.18724,20.94186,9539.7,327.0,LOT283,0,9.0,46.2616,2.4532,41.9617,51.6517,81.6649,1.2237,0.0,1.0093,0.0524,-0.0049,0.0699,0.4171,0.5177,0.3606,0.4278,-46.2291,-48.1082,-48.6905,-2.8081,0.2101,0.4868,213.9421,-0.4021,-1138.0697,608.5538,-1813.6394,3299.8144,-508.4077,311.0765,1015.7862,642.5885,22706139.7705,23200950.5195,22351354.3426,22446587.3377,22967458.4984,22015368.4309,23925473.9752,21195875.947,108384.5229,64561.1496,-486655.3457,1689358.7281,332400.6697,-870209.4793,-2200848.4929,1830500.1719,645.9343,689.8587,883.5802,717.2536,678.5723,885.7973,900.1144,759.7446,685.07,670.187,777.1795,836.8931,729.1057,703.888,789.3102,758.2675,1415.1938,1566.2678,1497.1316,1060.3348,1634.0288,1569.7744,1353.7677,1410.735,1348.4334,1845.9233,1499.4712,1622.074,1651.2922,1552.9537,1444.2218,1604.6973,-282.8358,66.3496,-51.8415,205.5859,-95.6003,157.6786,-211.0951,-225.2624,0.0347,0.0354,-0.0357,0.1369,-0.0386,0.0287,-0.0527,0.0265,44.0427,42.9305,45.0069,45.3441,41.5224,46.5362,41.9389,44.4109
3,3,52.19836,20.9293,9559.1,327.0,LOT283,0,10.0,43.7142,2.2951,39.657,49.5251,76.8829,2.1732,0.0,0.9624,0.0558,-0.0147,0.1309,0.4504,0.5367,0.4088,0.3583,-44.8947,-45.114,-47.9879,0.5955,0.271,1.4476,217.9099,0.2265,391.6994,1187.6931,-921.377,355.8124,406.9409,353.3778,2933.1128,-1991.8094,20683713.2028,19975185.0859,21443781.6932,21842042.0196,22777087.6832,22416309.0713,19546861.261,22165862.1092,978857.9161,-201861.3346,-858111.7358,-447465.4364,1793726.2844,477282.4413,927040.4976,28840.2909,634.4861,581.0679,676.7074,645.3502,824.6396,789.9997,869.3006,847.0144,974.8435,862.0039,969.6545,946.9943,740.6067,984.0786,836.6155,816.9076,1426.0686,1322.4516,1462.3316,1444.9366,1549.0462,1475.6063,1732.9275,1271.4752,1761.0003,1604.7935,1597.9087,1322.6308,1268.6551,1538.7801,1374.0866,1636.706,65.5803,-206.1238,-204.1781,273.7657,-152.4206,-40.4148,260.8953,8.2196,-0.0534,0.0002,-0.0512,-0.0185,-0.0103,0.0111,-0.035,-0.0422,42.7691,43.8609,45.7686,44.2091,43.9425,41.516,48.366,46.4275
4,4,52.20948,20.91673,9577.9,327.0,LOT283,0,11.0,44.4638,2.2887,39.7895,49.7394,70.6267,1.587,0.0,1.0055,0.0535,-0.0284,0.0642,0.5353,0.4741,0.3821,0.4037,-48.8399,-46.3503,-47.799,-0.0423,0.2331,1.7853,216.3723,0.2377,1809.9769,399.837,2136.8028,-883.4087,2020.1464,707.3759,650.7011,-610.5642,19632018.4521,21363395.4931,20475010.8474,22667415.5941,21111394.8127,24744881.3411,23720122.67,20486670.1671,1211826.32,1638972.5015,935843.3612,1734495.1749,359089.8499,-1563687.6279,-127613.0425,-328915.9701,682.7691,702.6911,829.1355,854.8425,611.3743,790.4479,711.7071,713.6613,870.5273,691.0297,664.6648,642.7381,800.4306,809.3249,876.7108,693.4846,1360.1066,1350.4858,1445.1084,1583.9519,1417.538,1347.117,1668.3751,1442.9081,1564.1348,1319.5017,1549.9355,1689.2968,1661.0034,1210.4207,1675.3664,1118.9702,-261.5508,-83.8259,3.5953,-243.5009,-172.7935,49.9644,-91.7111,-155.993,-0.041,-0.0692,0.0295,0.0561,0.051,-0.0061,0.0469,-0.0654,42.6758,47.0281,44.2694,50.0135,43.611,46.9824,45.1438,43.7638
5,5,52.2206,20.90416,9595.9,327.0,LOT283,0,12.0,46.8589,2.4973,42.3866,51.5279,108.2204,2.3242,0.0,0.9934,0.074,-0.0269,0.1153,0.3956,0.6123,0.4088,0.4072,-43.6532,-46.7489,-45.5507,0.7061,-0.2948,1.894,229.3845,0.3631,-1336.1404,2285.3318,-2597.8525,1326.1925,2304.4318,-246.5177,-1077.9942,704.4567,22238541.1014,21947635.3547,23174929.9499,21446783.4709,21198066.5968,19704127.2732,20862957.5937,21488689.2843,-782486.3434,54981.2857,392016.7718,419212.9345,-216060.0615,-735193.7343,-340221.7087,-138508.4307,713.0825,708.3084,657.8601,800.5883,628.9223,777.0931,669.6295,692.4511,789.5589,796.752,817.2267,827.4338,694.2547,796.8031,745.4495,859.41,1464.9033,1748.4807,1688.5057,1364.367,1626.0718,1519.8263,1641.3512,1371.3122,1481.4403,1552.1595,1759.8223,1145.3114,1402.5659,1843.5964,1830.0925,1762.0307,-6.8295,85.0516,-285.018,-3.7318,166.5409,-255.8112,442.6115,8.6827,0.0094,0.0036,-0.0122,0.0451,0.0326,-0.0291,0.065,0.0738,44.7108,44.5032,39.1748,42.1165,46.9082,46.9287,44.0394,46.6712
6,6,52.23172,20.89159,9612.9,327.0,LOT283,0,11.0,41.1289,2.9648,35.5138,45.8598,63.4825,1.7045,0.0,0.9826,0.037,0.0029,0.0996,0.37,0.5379,0.4318,0.4198,-43.6878,-48.5573,-45.388,-4.1095,-0.2698,1.7303,217.8734,-0.1528,167.7458,-1486.3378,223.7571,-952.12,1335.5532,-84.5184,586.6919,-8.7877,21629737.3282,22235761.8344,22190255.3224,22192961.8588,20436048.0779,21672365.1354,24723015.2302,20106978.831,-364010.9643,-374463.8318,-376078.5696,585208.8877,1102555.1013,1515936.406,-1062502.275,-1458538.8118,680.1172,808.7762,926.1302,857.7848,698.1095,825.6358,980.7038,761.2279,602.5945,815.0522,766.0835,902.634,827.7045,839.7331,819.6068,828.5144,1414.2322,1479.9813,1657.2112,1570.8105,1328.0777,1437.5946,1319.8459,1487.1344,1459.8287,1182.7927,1607.9834,1243.3597,1005.2831,1303.2105,1473.0043,1484.1515,-6.3031,60.5721,221.015,-117.7754,2.447,-238.0218,133.8067,-111.022,0.0039,-0.0611,-0.0946,0.0334,-0.0695,-0.0317,0.0104,0.1002,47.1611,44.4964,44.224,47.3429,42.4455,45.7978,47.0793,46.9005
7,7,52.24284,20.87903,9628.8,327.0,LOT283,0,10.0,43.945,2.2461,38.1909,49.944,77.7476,1.5953,0.0,0.9738,0.0385,-0.0292,0.0905,0.4155,0.4826,0.405,0.3763,-45.179,-45.7764,-47.9188,4.204,-0.0042,3.7144,219.0562,-0.2761,-726.4395,3073.9417,648.1645,-257.5302,556.8074,-1115.7538,-1020.3081,-627.5817,22147420.5838,20817322.0013,21670229.9251,21083882.2066,22559431.9897,20795937.378,23285267.8792,23095643.7459,-1051014.3711,-696736.4375,56354.2368,667095.5275,430016.2729,477021.7494,1361188.898,1064645.9613,819.6442,807.896,701.718,735.7233,851.0362,637.1673,730.0537,738.2101,795.2108,854.0609,721.3881,944.8926,810.572,883.4182,772.3742,833.5863,1222.8733,1318.7191,1427.0744,1618.9519,1385.521,1776.3705,1506.2886,1660.7217,1310.949,1379.1065,1103.6604,1623.66,1493.4226,1831.6557,1340.5261,1499.2029,-317.8007,-166.6789,-182.6968,97.3914,-42.6218,58.5506,86.8822,-57.4088,-0.026,0.0507,0.0328,0.0787,0.0329,-0.0118,-0.0566,-0.0465,42.3834,42.8432,45.4563,44.605,44.7019,45.5496,43.1807,44.3687
8,8,52.25396,20.86646,9643.5,327.0,LOT283,0,10.0,46.2134,2.462,41.0696,51.4368,73.9594,2.5342,0.0,1.0294,0.051,-0.0145,0.0346,0.4591,0.5402,0.4564,0.4703,-44.8504,-47.1847,-49.5688,7.1494,-0.2908,1.6594,221.5987,0.4465,893.4929,815.4146,1182.8981,-1848.0977,-973.923,-1088.2809,3419.1212,-2538.4263,20486995.4332,21520471.7082,22022053.7692,21843399.7191,21987341.8372,23731744.7929,20685795.5146,24195382.1345,-327259.0396,476421.0529,439647.2269,-73120.0984,1722171.4471,74679.6586,-603414.5209,576931.1955,992.9845,713.0184,891.1905,759.0443,779.6923,769.6618,686.6269,863.5302,785.3435,831.4444,688.0809,638.6632,719.6296,738.3729,753.5709,971.9025,1594.5018,1478.9966,1594.1149,1565.2946,1591.8116,1677.7566,1463.831,1511.1927,1809.4975,1682.2752,1570.3799,1887.7732,1523.111,1431.592,1320.6533,1625.7241,-338.9789,163.3331,-385.6614,221.9634,170.6365,114.9321,347.1203,339.0827,-0.0443,-0.0234,0.0149,-0.0147,-0.0172,-0.0515,0.0224,0.0173,46.2285,45.5833,46.8047,42.1097,45.8547,45.0003,47.1709,43.7417
9,9,52.26509,20.85389,9656.7,327.0,LOT283,0,12.0,48.3658,2.2865,43.4242,52.677,70.5157,1.9206,0.0,0.99,0.0422,0.0309,0.0977,0.4071,0.5543,0.3753,0.3968,-43.4839,-47.3975,-48.5065,-1.3153,-0.3949,2.9175,216.1766,-0.2168,725.9002,-41.8708,1502.8007,-2218.7129,1553.6426,-1648.983,-261.0506,-641.3917,24000863.3439,21279752.0324,24214108.0552,22590899.935,23939921.4851,20803197.9801,21861007.4742,21743720.4428,-278124.3408,-827236.8553,278623.2459,-2427242.5941,707873.3163,1548965.4778,-1486920.2566,-725499.5563,809.4515,799.9477,905.0864,726.5874,805.4076,809.7579,766.671,910.4946,615.1751,859.0475,739.9543,758.6668,883.7728,663.8407,740.2592,804.9295,1261.8911,1749.4943,1537.8458,1517.2346,1634.3714,1705.5647,1671.7448,1610.558,1639.1501,1440.6773,1453.497,1482.5138,1575.4795,1493.9622,1654.7839,1438.2929,-251.6291,-65.3467,177.9818,58.8004,216.6036,-346.5131,-103.6837,-116.063,0.0374,0.0001,-0.0197,0.0534,-0.0064,-0.016,-0.0401,0.0364,49.8997,45.0696,44.0271,51.4365,46.2838,43.7947,42.5204,46.9541
10,10,52.27621,20.84132,9668.3,327.0,LOT283,0,12.0,45.8241,2.0797,41.2685,51.1097,70.692,2.4768,0.0,1.0403,0.0511,-0.0574,0.1071,0.3549,0.5323,0.3925,0.4007,-46.4664,-46.4274,-49.5615,4.0241,0.2003,3.4194,222.5991,0.001,2339.6234,1012.7497,-433.0757,1366.2925,1244.2352,677.7751,101.7419,-139.7646,21464735.4017,21489408.085,20780235.8321,19935132.8293,20310252.6268,20956721.4591,23090380.9407,23154624.2189,1188842.5354,-402866.738,344449.6591,-556797.0725,-615115.6945,506463.2259,184757.8008,-943278.2545,931.6981,743.2328,515.6509,989.2644,718.4502,815.9862,594.2835,749.911,888.0889,773.8902,834.282,886.8133,668.5091,838.8646,852.4356,716.0878,1272.0551,994.7245,1518.4208,1646.5683,1729.8719,1666.1844,1304.2808,1516.3031,1659.4061,1307.8515,1013.1958,1517.8517,1502.7477,1831.2327,1166.5229,1579.7821,-134.8584,-116.6744,-264.2694,29.6115,-157.1441,86.5331,-1.2645,-310.9966,0.0418,-0.0316,-0.003,0.0297,0.0182,0.0472,-0.0461,0.1004,48.4493,49.61,44.5436,43.0997,46.8902,43.5467,47.6251,44.2255
11,11,52.28733,20.82875,9678.2,327.0,LOT283,0,10.0,44.471,2.4618,39.7006,50.0191,87.4544,1.4938,0.0,0.9824,0.051,0.0282,0.0759,0.4285,0.5895,0.3986,0.3831,-42.5545,-45.9863,-48.628,4.5592,-0.4266,2.0697,214.6618,-0.1474,150.1948,3051.9611,845.1493,608.7282,357.2492,-627.4151,-815.7159,292.1467,22523224.341,20317022.2169,22628510.8491,23801138.468,20071273.8075,20684380.8378,23191323.8639,23033336.9926,1431693.0305,-1647179.9857,-709033.4345,-1124092.885,-1525435.9165,-458715.0147,1098382.7727,2068097.6596,668.0286,632.9756,798.2486,722.6604,846.8454,918.2003,909.1387,763.6379,771.711,691.1631,632.0426,746.0652,866.0715,632.4506,815.48,769.8406,1357.5476,1481.5024,1405.4911,1468.9968,1587.7625,1556.981,1493.4635,1356.1952,1236.2495,1640.4821,1655.9473,1591.4949,1463.0303,1395.4409,1422.9567,1705.9991,110.3128,-192.7075,164.0245,41.0528,-5.6584,48.4936,-255.3655,-133.9106,0.0401,0.0326,0.0139,-0.0516,0.0553,-0.0033,-0.0228,0.0977,45.2674,43.6686,42.2909,42.0621,45.3988,44.5023,44.4624,46.4006
12,12,52.29845,20.81619,9686.4,327.0,LOT283,0,10.0,46.6462,2.1937,42.2278,51.4782,82.0294,2.494,0.0,1.0019,0.0702,-0.0263,0.0686,0.4263,0.502,0.3524,0.4176,-43.7035,-46.2674,-50.9006,1.3824,0.3648,1.3351,224.3353,0.0053,1628.1676,-1337.608,-2212.6817,1232.1639,-93.5502,713.1789,551.8491,-824.7458,21870141.4441,22504075.088,23425277.529,19632082.4695,22094990.9555,19154807.334,22687360.5632,24335260.9505,-1182452.3175,-222519.848,-2099300.9832,415651.6854,782384.1787,1393953.6877,-2422639.632,-950673.186,598.2431,859.7298,703.1442,932.9654,874.1069,731.8313,980.8508,820.7145,735.0488,962.4176,900.9222,935.3003,937.6669,991.0536,652.9098,907.3135,1598.426,1405.0544,1330.8418,1260.2209,1404.7471,1716.4183,1803.5606,1559.8968,1202.0775,1493.5739,1681.0719,1714.5757,1563.5647,1631.381,1571.2259,1840.4685,65.6458,268.0104,418.2337,-112.5876,-183.0527,115.5849,-24.1274,-39.4819,0.0362,0.0353,-0.0164,0.0606,-0.0719,0.0569,-0.0436,0.0405,43.4528,45.25,45.411,45.7462,42.4135,43.8665,48.4228,44.8651
13,13,52.30957,20.80362,9692.7,327.0,LOT283,0,9.0,44.2869,1.7947,39.8379,49.812,77.5479,2.2053,0.0,0.9634,0.0634,0.0064,0.1421,0.424,0.4974,0.3497,0.3851,-43.8154,-44.0611,-48.1162,-3.2045,-0.3727,1.0492,218.1996,-0.1216,321.2019,-341.1397,1472.0125,-1152.4462,645.026,-1695.164,352.65,-647.335,23369637.3137,21529190.1791,20415184.7059,21564437.0267,22594712.0067,20261265.7881,20211314.1829,24583760.9,255100.8622,1636670.2237,-914147.1529,753494.4291,102679.4321,946669.425,1025341.0546,1443111.011,642.4373,906.0073,914.1118,782.9621,901.2093,717.2566,756.7266,732.3669,814.2316,726.8198,975.6597,729.501,636.1662,700.6529,643.232,912.1358,1483.6641,1661.1418,1509.5738,1390.8973,1327.062,1580.9978,1363.3033,1258.0691,1150.1777,1207.5815,1579.0036,1381.027,1745.3161,1231.7815,1365.8038,1513.8601,-387.7897,-175.0041,297.9194,-281.2428,-53.3862,-68.1819,-112.7983,28.8379,0.0706,0.0034,0.0484,0.0621,-0.0243,-0.0337,-0.0362,0.075,46.864,47.1824,43.985,42.4932,49.9101,44.7304,43.2507,43.363
14,14,52.32069,20.79105,9697.1,327.0,LOT283,0,9.0,45.5056,2.9151,41.4925,50.8365,86.0103,1.9519,0.0,0.957,0.0356,-0.0309,0.0866,0.4645,0.5671,0.4002,0.3482,-46.2745,-46.5869,-48.8119,-2.063,-0.3891,1.0421,218.2099,0.3085,-976.923,-843.0205,-148.1077,1489.1841,21.0826,945.3902,2842.5243,1091.7786,22007791.4783,24150427.5938,24522246.0452,23391995.8135,19035450.0511,19216489.5568,22724245.8744,20876687.3984,-320991.1958,922873.4918,-99229.4264,-1092808.6246,1337054.2201,-346043.8321,694029.3454,-1247909.228,836.9507,825.6306,803.4943,813.111,751.2261,885.8596,832.0674,815.9713,954.0159,831.6801,623.0629,884.2095,722.017,781.07,813.9608,879.2442,1800.3339,1436.5273,1272.1634,1087.8886,1647.1709,1677.3824,1566.941,1437.6012,1784.3904,1245.8393,1328.5751,1316.8132,1704.6247,1622.7284,1587.4337,1350.8669,386.2607,185.4199,-343.8574,-88.5762,186.7505,-213.3803,184.1264,226.6624,0.0919,0.046,0.0623,-0.1117,0.017,-0.0672,-0.019,-0.0274,46.3758,49.2317,46.162,41.5717,42.4939,44.3082,42.4099,42.9951
15,15,52.33181,20.77848,9699.5,327.0,LOT283,0,10.0,44.1344,2.4094,39.918,48.7557,97.7464,1.7133,0.0,0.996,0.0465,-0.0135,0.1031,0.4712,0.5466,0.439,0.3674,-44.1149,-48.8105,-47.9849,2.7595,-0.1351,1.7945,219.6398,-0.4796,-2827.1795,37.0991,744.0388,-755.3439,-154.2369,-153.342,-79.8574,159.9256,24421851.0219,22259185.0336,22207281.0568,20626684.7741,20059711.8561,21636244.2445,22847864.3504,21386849.8656,-33559.9077,-979305.4251,-824465.3305,668133.5411,1518786.6744,-458251.8709,-650667.4025,-396544.1345,795.8924,775.7168,797.2989,962.2759,912.4581,861.2604,773.8272,904.4517,902.2871,817.904,887.743,657.3672,846.0008,726.6732,694.3682,750.9319,1295.5092,1503.4125,1615.3337,1644.5062,1577.8691,1492.4884,1574.3177,1457.5286,1557.3192,1445.9632,1384.3931,1774.8813,1416.5523,1386.2706,1404.1077,1524.8377,-97.6546,215.9099,230.2702,138.8506,81.3138,227.6184,51.1158,-158.8285,0.0331,-0.0525,-0.0392,0.0804,0.0223,-0.0288,-0.0401,-0.0553,42.1703,43.0825,46.5099,44.4816,44.5256,44.335,46.5606,43.0795
16,16,52.34293,20.76591,9699.9,327.0,LOT283,0,10.0,44.1856,1.9307,38.893,49.9825,83.8495,2.2091,0.0,0.9787,0.0436,0.026,0.0975,0.4765,0.5361,0.3569,0.4368,-45.7057,-48.8411,-48.3097,-0.5469,-0.2311,2.0936,216.4598,-0.0627,-628.9848,1470.1669,515.6715,-889.6901,1846.2906,-419.4008,-1220.0896,-809.6109,19773801.8147,23706376.3882,21478067.8624,21538083.2266,22726827.9444,22596241.3725,23487068.0033,22014691.8139,1091076.3236,-1166666.9243,-532138.2022,-1462526.8805,-1150636.0387,637471.0595,-1078360.5396,-649125.6215,875.5974,833.5936,964.0018,676.9087,759.1721,847.341,704.255,806.8734,968.4261,970.7357,795.0446,787.2321,771.8429,810.0482,1013.7644,1050.9059,1237.3389,1354.3198,1479.9546,1580.7314,1146.5122,1482.8087,1596.0409,1871.5407,1573.0731,1387.7561,1345.4936,1607.74,1692.6969,1593.6457,1707.224,1701.3631,343.0651,373.0949,31.5508,131.8521,261.1732,369.6055,-163.8744,72.0356,-0.023,0.0165,-0.0823,0.0005,0.0101,-0.0279,-0.0317,0.1083,45.2246,43.9622,44.8899,43.9549,41.7983,43.8589,45.4022,44.3453
17,17,52.35405,20.75335,9698.3,327.0,LOT283,0,11.0,43.8683,3.0353,38.8705,49.5731,75.7493,2.2267,0.0,1.0234,0.0695,0.0363,0.168,0.4686,0.5441,0.3925,0.4372,-42.8393,-41.7684,-47.4983,0.299,0.3575,1.9486,227.3933,-0.1533,-453.3506,889.6155,-4915.8424,-90.2255,-2662.9735,-381.7009,1088.0865,-1261.9215,24012787.0559,21172627.6868,21841021.949,24099077.9126,21738513.681,22675876.5216,23536353.5924,23160577.1783,653653.6972,-1471836.0955,-1471000.799,1598299.2716,-584825.5953,-1184936.3851,1635429.8302,-556086.5521,852.6064,767.2322,671.0288,872.6218,814.0374,836.071,982.7189,816.9395,835.3497,793.0915,812.8613,1018.2635,577.9587,1031.194,813.1182,827.207,1167.5059,1194.1315,1604.3187,1503.3839,1443.3336,1376.5939,1465.7382,1579.7238,1504.1153,1429.8551,1254.5668,1896.946,1478.4052,1617.0643,1374.3245,1345.1014,1.9378,-235.3584,188.983,-192.9339,-6.5555,0.7714,77.1087,114.0723,-0.0056,-0.0524,0.001,-0.0473,-0.0203,0.0061,-0.0368,0.0231,44.4921,41.4037,45.5607,45.0282,42.097,48.0813,45.3682,43.1215
18,18,52.36517,20.74078,9694.8,327.0,LOT283,0,9.0,45.075,2.4744,40.8352,50.55,87.6942,2.6703,0.0,1.0042,0.0421,0.0409,0.1175,0.4604,0.5177,0.3962,0.468,-43.8658,-48.3519,-48.1227,2.5889,-0.1959,1.6649,226.043,-0.0612,-1443.9861,2594.5323,-442.8313,-3715.8997,979.8975,619.313,51.5837,-38.1481,18966266.7601,22522015.2211,22115976.4382,22662249.9116,21399907.7783,23818982.5565,23994432.6734,22463601.3611,961906.3346,392283.6611,114355.9075,-1913200.2233,1560508.2505,1440550.2137,320947.0966,-3161195.3202,723.7295,830.0113,816.6783,784.2264,859.2727,954.937,957.8233,759.34,870.8429,869.249,890.6603,787.2168,957.6231,812.8879,612.4799,892.3678,1336.8417,1765.024,1375.4154,1484.3546,1751.6949,1378.6344,1403.1589,1328.9248,1420.3744,1496.0722,1377.8128,1037.0546,1113.5802,1572.1059,1328.0959,1233.126,1.9582,-229.3117,-267.5538,321.8647,45.2528,-209.7743,-262.052,-86.3813,-0.0051,0.0681,0.1156,0.0119,-0.0161,0.0608,-0.0827,-0.0993,47.4809,44.2695,42.6627,48.0566,40.7795,43.9234,45.8115,49.1998
19,19,52.37629,20.72821,9689.3,327.0,LOT283,0,9.0,44.6941,3.007,39.8896,50.6872,85.7794,2.9129,0.0,0.987,0.0465,0.0105,0.062,0.4773,0.5221,0.4499,0.3955,-43.6874,-44.6165,-48.0121,1.7158,0.1853,2.9319,223.9099,0.2644,425.7601,10.6958,-195.5333,-929.1523,135.379,975.3984,-517.3846,1268.1776,23488953.4795,22721828.5499,22759770.5137,24205435.2767,23466394.7168,20284314.0596,21847220.7971,20349030.6966,72908.595,1492071.969,2980912.9206,-898310.5762,-297014.4917,-850227.5038,84564.136,-561304.1388,809.8124,778.2178,798.8368,901.4835,878.4233,834.891,662.2363,873.1758,819.6941,801.4545,809.678,748.9193,713.9567,795.33,750.4687,845.491,1461.4061,1806.6298,1720.7843,1504.2055,1597.2564,1356.4335,1836.3581,1685.9358,1401.3078,1656.7698,1360.3212,1509.3174,1169.6076,1443.383,1748.8146,1580.8212,470.7655,60.2953,350.8243,-46.1606,27.9497,-244.375,-15.0177,-72.9538,-0.0494,-0.0056,-0.0054,-0.0332,-0.0558,-0.0873,-0.0135,0.0188,45.7985,48.025,48.1796,44.4448,44.9493,46.5178,42.8125,44.6675
20,20,52.38741,20.71564,9681.9,327.0,LOT283,0,11.0,43.54,1.9461,38.7365,47.7568,82.7419,1.9607,0.0,1.0055,0.0658,0.0047,0.0551,0.4193,0.5815,0.4185,0.4269,-45.1546,-49.2397,-49.9574,1.3145,0.4932,1.7486,219.0425,0.1189,-259.5519,59.0037,-444.2252,-1563.0337,-221.5931,449.1867,-1527.2784,563.1217,22759983.1956,19535163.6039,21571311.0204,22696371.0857,23557639.2517,22531347.2037,23104346.6331,20840677.1827,946822.5983,-338838.9644,-629640.2634,48108.682,-1001810.921,674746.8003,-746798.9438,903589.9626,890.581,650.0207,863.0708,871.643,662.8674,828.8479,891.1651,786.9864,837.3557,669.1591,750.882,785.0874,893.0235,617.2728,773.3747,784.3045,1682.8574,1297.2585,1402.795,1437.0805,1427.2135,1456.0025,1553.5317,1372.9656,1422.374,1339.086,1506.9842,1582.3781,1354.2696,1473.6879,1183.9293,1622.6658,-93.338,24.1305,-221.988,352.0253,125.0477,199.3659,1.916,-169.9197,0.0796,-0.0045,0.0024,-0.0147,-0.0742,0.0254,0.0513,-0.0621,47.5348,42.0056,44.7759,41.8574,46.5448,44.179,44.4336,45.535
21,21,52.39853,20.70308,9672.6,327.0,LOT283,0,10.0,46.4422,2.506,41.4634,50.5624,82.5712,3.2634,0.0,0.9746,0.0419,0.0567,0.1323,0.4826,0.4647,0.398,0.3273,-46.0448,-46.7292,-48.4912,-1.3884,0.2291,2.3143,220.3456,-0.1783,307.9253,-508.0128,1614.78,-2951.9234,-920.8652,-1579.5862,-1356.4885,-993.586,21953020.3469,23980953.4902,22177498.3952,22394136.5618,18350243.0596,21404925.3489,21941690.4895,23486202.7793,-224682.1325,538309.6568,-716467.3058,-1048169.1608,-383538.6353,-1923298.7306,-1052531.4455,-419470.6491,732.5885,870.9655,794.9498,638.4658,972.4881,748.7687,822.7438,898.4203,792.4677,717.5172,689.6221,926.1673,924.7779,811.502,848.0516,892.1365,1612.1605,1691.6181,1477.5078,1451.9158,1540.2746,1399.6753,1478.1009,1267.3807,1517.6968,1708.0526,1099.295,1567.9978,1665.2824,1653.4549,1529.1638,1522.6904,-132.5499,-375.1625,-209.0634,-190.4281,312.6809,-99.5014,70.7096,-8.5816,0.0071,0.0032,-0.0104,0.0982,0.0091,0.06,0.0493,-0.004,42.9764,39.961,42.7238,44.1866,45.6588,44.0476,43.0088,45.3448
22,22,52.40965,20.69051,9661.7,327.0,LOT283,0,9.0,43.1987,2.4941,38.9477,48.1312,95.1696,1.9134,0.0,1.0214,0.0655,0.0103,0.128,0.4815,0.5436,0.389,0.4301,-45.8404,-44.1612,-47.9361,-6.7271,-0.2467,1.7289,217.0989,0.159,1159.4469,1245.7136,-490.4723,-706.5802,-142.5916,-1090.6021,1.1947,-2933.5343,21762044.8203,22570896.4728,23304762.9567,23816524.5467,22986079.2318,22101676.012,19258820.1229,22785638.1516,1395835.4985,152939.0461,107911.7534,142982.838,-29133.8575,359027.7205,-741747.2213,901063.1134,703.0174,671.0691,751.5877,884.0103,722.5032,863.1508,826.0896,720.0075,921.7342,881.0985,673.0952,652.1401,732.6839,796.414,791.78,774.363,1381.4766,1484.4865,1358.7472,1247.4948,1516.8634,1597.1482,1334.9887,1541.1161,1728.6978,1733.1525,1656.5694,1508.741,1355.8495,1614.3977,1782.1698,1125.4061,58.9227,29.0991,-11.7597,-44.5251,-190.0472,-85.1508,60.2594,-40.0294,-0.0602,0.0846,-0.0803,0.1702,-0.059,0.0157,-0.0181,-0.1129,40.7044,40.7566,44.1078,44.3439,47.8458,44.6011,45.3193,47.8011
23,23,52.42077,20.67794,9649.1,327.0,LOT283,0,9.0,48.0552,2.9883,43.3417,53.5946,76.994,1.7681,0.0,0.9822,0.0527,-0.006,0.069,0.4152,0.6084,0.3618,0.3231,-45.4337,-45.729,-47.2267,-5.9108,0.1317,0.4878,218.3595,-0.3422,1317.2237,379.13,-688.4706,-279.0375,61.2475,-144.9476,-250.4261,-495.892,20798461.8009,20501460.287,23959020.7545,23604658.2164,20900618.8916,19435589.353,23516060.2247,20909667.5093,-124374.4516,894713.3542,-630565.8287,650053.0817,747859.7165,253841.0567,-475048.7099,569220.2218,915.292,875.6458,718.1308,834.7885,868.5589,901.2113,791.6732,811.0237,856.5654,809.5193,804.8195,720.7513,745.7374,565.4595,689.7764,788.2026,1666.7858,1480.7416,1468.0019,1611.6984,1609.8473,1663.19,1493.7524,1871.407,1218.4551,1279.3782,1278.1976,1649.913,1628.1938,1441.0335,1741.711,1341.1609,-87.8905,-93.7462,234.8737,103.6531,-38.2579,96.3706,-175.3399,73.0193,0.0678,0.007,0.0648,-0.101,0.0679,0.0084,0.023,0.0602,46.0023,44.3059,43.6761,46.5203,47.9208,42.7704,43.8716,44.4971
24,24,52.43189,20.66537,9635.1,327.0,LOT283,0,9.0,44.1315,2.2241,40.1105,49.3956,83.3083,1.6753,0.0,1.0251,0.0537,-0.0103,0.1205,0.3665,0.5156,0.429,0.3754,-43.5662,-45.2397,-47.2217,2.3332,0.0857,1.498,222.8155,0.2726,-1006.381,1630.2154,330.2878,-1169.1258,500.4645,-614.0208,-202.1022,61.8597,21942863.2319,19582188.9529,20601169.5001,23156785.1963,22494983.4044,22324234.3138,23582463.0903,21288576.1348,-1252101.8849,-842099.8061,-1422453.483,-696613.486,568151.7139,110005.0445,-576076.8769,445325.4627,910.6957,611.8213,930.7009,759.8991,701.3397,825.3905,829.4445,735.1379,717.4595,713.0482,685.6617,805.7915,771.647,835.9822,781.996,930.2475,1563.7481,1576.0601,1099.3291,1345.2534,1591.0176,1571.5288,1361.1508,1502.0871,1784.2202,1137.4133,1341.9891,1437.5262,1639.9157,1694.1892,1471.0192,1518.4861,-114.9234,5.456,75.5452,-179.3408,62.5212,-133.5376,-263.2286,-94.0438,0.0113,-0.0192,-0.0721,0.0079,0.018,0.009,-0.0039,0.0091,44.318,42.1013,44.7236,43.8953,48.8779,40.7722,45.8184,47.9954
25,25,52.44302,20.6528,9619.7,327.0,LOT283,0,12.0,46.565,2.7108,41.7401,51.9285,71.2478,1.3096,0.0,0.9956,0.0365,0.0013,0.1265,0.4523,0.5431,0.359,0.38,-42.6867,-46.276,-48.8742,1.1846,-0.1051,3.0913,212.9162,0.1597,-7.8457,-807.8661,-1892.8161,159.9467,-801.8111,-499.7558,1234.3973,2044.3828,21513460.6996,24472109.6397,19708969.1115,22698050.8426,19948723.1642,21456252.3683,19678237.2655,21290492.6377,-320446.7732,538560.4426,2248958.0115,-946727.7503,-1128724.0616,390264.6464,-1918609.9193,104363.9058,853.9727,837.3801,810.2106,584.1674,791.2448,839.2516,865.9213,875.9928,743.0763,845.9183,785.0039,968.5097,810.4048,588.9332,752.7393,693.2272,1823.6413,1375.0374,1512.3528,1174.1247,1455.5183,1317.2623,1637.741,1555.6252,1804.4732,1544.8945,1698.0779,1684.2471,1534.4571,1591.5351,1164.5675,1794.2244,16.1626,88.7199,-311.3618,-187.3854,268.7945,-91.8683,82.5405,102.0788,0.0956,-0.0072,0.0885,0.0563,-0.0237,-0.0423,0.0376,-0.053,46.2468,49.2236,43.3347,45.0279,44.9326,46.0877,43.929,46.6926
26,26,52.45414,20.64024,9603.1,327.0,LOT283,0,12.0,43.9585,3.3502,39.5691,49.232,91.6022,2.5173,0.0,0.9956,0.0534,0.0581,0.1123,0.4366,0.5993,0.3589,0.4091,-46.6311,-47.5577,-47.4056,-2.819,-0.1105,1.6844,218.4906,-0.2092,-1296.0016,465.1132,-2260.083,2173.1422,-1195.1768,293.1163,16.6378,1868.4471,20888802.1192,21671424.1467,22621332.8951,20883900.8337,22569747.0019,19404762.0614,19626025.2904,24369924.5131,854702.3097,1724465.3043,-298882.2027,2872461.5148,-1447167.2908,-15229.9798,247312.066,514850.1159,789.1007,760.2164,851.0047,716.0645,920.0309,822.0833,1070.2024,937.8281,825.6629,757.2948,799.6511,722.5311,842.7921,794.0816,763.8794,979.3593,1216.1968,1336.3241,1559.0154,1305.4003,1221.2094,1267.5025,1496.7371,1394.8848,1309.4223,1725.6964,1417.1917,1577.0111,1441.2243,1280.7227,1555.2283,1828.3101,27.0668,91.6897,-184.3209,92.8746,-467.8251,122.1848,135.9229,152.9731,0.0918,-0.0743,0.0117,-0.0465,0.1119,-0.0208,-0.0174,-0.0127,49.3081,44.7365,47.2774,44.2395,43.8818,45.4073,41.7596,46.0367
27,27,52.46526,20.62767,9585.5,327.0,LOT283,0,10.0,45.8498,2.5403,39.8794,51.0871,70.3943,1.8713,0.0,1.0238,0.0524,-0.0085,0.1497,0.401,0.4945,0.3538,0.4358,-48.0205,-46.9024,-50.2959,-0.533,-0.2183,1.5717,216.204,-0.0834,1905.8432,518.0865,-2446.4323,5.0467,-5.4993,-2373.8394,-1756.0131,292.515,22831352.2719,20609016.1058,22856350.6077,21317719.6165,22389707.9963,25737378.3013,21862376.7608,21137583.8312,-164599.8107,107641.3456,-1361510.1684,1120159.626,-1137381.0486,-436206.9286,1058774.1179,2003327.9078,903.4646,828.3134,812.3574,746.3182,698.3714,865.0102,869.2501,894.4804,857.6198,807.08,934.0275,870.2482,796.2259,804.9069,703.522,682.1577,1590.8609,1607.9622,1610.6373,1497.1324,1499.4546,1339.553,1296.7003,1666.4572,1484.9518,1384.3666,1161.7322,1513.6488,1324.5131,1524.4573,1536.4063,1491.7866,108.833,-263.7008,-341.0173,112.2805,-397.0619,-477.3662,-5.7895,-195.1428,-0.0229,-0.0174,-0.0519,0.0752,0.0278,0.0298,-0.0322,-0.0332,45.1783,48.9185,46.0648,46.4207,44.2485,46.2469,43.4718,47.8394
28,28,52.47638,20.6151,9567.0,327.0,LOT283,0,11.0,43.8157,3.1337,39.2423,48.2512,91.5141,1.4938,0.0,0.9921,0.0435,-0.0024,0.1128,0.4508,0.5105,0.4044,0.3787,-44.2717,-48.7183,-46.8276,-0.5421,-0.051,2.3884,228.8449,-0.0009,-332.0773,916.4727,430.5753,915.5726,-136.3185,-26.782,-385.3842,-484.7667,21058655.0596,21701529.3113,21290522.0901,21458350.3847,22190315.6693,21526575.0448,21785104.2996,22570802.8135,-356024.3868,-933534.7226,-220970.3133,72884.463,-829856.8703,-313466.9964,-405104.6083,-644660.2689,809.6787,737.2173,728.2993,837.1371,767.5163,666.672,832.0664,733.841,910.1476,968.9496,995.7744,801.9722,832.4033,630.7474,567.9295,821.2127,1477.301,1661.0703,1547.0622,1732.6489,1491.1026,1471.4474,1449.4848,1592.2743,2042.7173,1718.7775,1197.1175,1509.1739,1579.5285,1639.562,1580.2284,1614.1703,76.6151,69.476,-22.72,114.6902,123.4005,105.7955,269.538,-140.595,-0.0127,-0.0311,0.0752,-0.0106,-0.0515,-0.0578,0.0303,0.0202,44.0426,42.4005,42.5987,48.127,43.931,44.0461,46.9636,44.7966
29,29,52.4875,20.60253,9547.8,327.0,LOT283,0,9.0,43.6223,1.9045,39.5091,48.9199,74.0346,2.1579,0.0,1.0138,0.0616,-0.0115,0.0934,0.4261,0.5819,0.4163,0.3868,-44.572,-46.0296,-45.4876,0.6948,0.1666,1.3138,219.3328,0.0465,-1885.325,702.259,908.3357,688.2495,-34.3083,-86.5518,19.2629,843.084,19938548.0526,22202893.9152,22517348.6398,25845311.9292,21935899.7059,19138483.9815,20642550.0087,22400211.3254,83910.51,152964.2158,1783523.358,782534.6946,1011447.1478,879383.5859,-1227487.1881,-1549810.4747,1001.6056,721.7071,742.8238,769.2769,828.9517,838.9887,867.7753,722.0422,804.052,689.0888,875.2353,772.8222,963.4792,758.8325,811.6129,740.2867,1430.3367,1320.8961,1370.4665,1544.3594,1572.0907,1417.397,1750.0775,1948.7689,1641.2495,1491.2724,1607.2387,1420.7543,1444.9778,1772.2389,1443.1766,1415.6406,-198.4863,-85.0398,-312.4227,-124.2293,40.9308,-139.2736,-338.5859,-114.5356,-0.0345,-0.0221,0.0624,0.1369,0.0462,-0.049,0.0504,-0.0703,45.3174,45.7426,45.1941,48.2307,40.8905,47.41,45.6139,44.4909
30,30,52.49862,20.58996,9528.2,327.0,LOT283,0,10.0,41.0888,2.5526,36.0063,46.1417,69.5059,1.7234,0.0,1.0033,0.051,0.0661,0.0394,0.4775,0.4113,0.4026,0.3921,-48.3317,-43.3804,-49.1742,-3.8856,-0.336,2.0404,212.151,-0.1693,-1500.49,-120.2285,3012.5953,332.1512,-43.1726,271.2139,956.6271,898.7054,23586825.4527,22878906.0506,21548260.2523,19358736.9659,22378415.3378,21594113.5052,24664534.76,20383467.5241,-295281.1807,-31632.9883,-1291074.6488,-450061.1077,1178997.6175,-184589.3566,612612.949,272406.4186,933.878,774.2151,778.4062,666.2887,749.8156,723.7388,891.222,628.6277,761.0384,862.2112,874.9916,784.5121,875.77,894.0052,823.1291,625.3606,1400.0003,1491.7884,1655.5063,1622.9794,1471.6504,1539.5407,1440.8441,1479.3714,1571.9548,1344.6726,1492.2114,1092.7586,1535.2559,1529.1765,1586.028,1766.5303,166.809,-91.5914,252.613,-162.4884,-216.6059,71.45,171.62,236.9768,-0.0706,0.0533,0.0821,0.013,0.0019,0.0306,0.0484,0.0504,44.0573,45.3097,45.4412,41.5202,44.398,46.2215,46.6933,47.4624
31,31,52.50974,20.5774,9508.3,327.0,LOT283,0,9.0,43.4462,2.2413,37.8643,48.3692,78.4292,1.1301,0.0,0.9824,0.0505,0.0019,0.074,0.5327,0.6545,0.4389,0.3673,-43.1406,-47.1276,-49.3957,-4.7617,-0.2652,1.8206,214.3682,-0.1632,-1843.8599,1220.6702,-36.886,-1707.8517,-561.7115,-355.8978,-368.9175,-943.6073,24789498.0407,24843712.6436,22379553.4406,24784018.9019,20766844.4585,23033812.979,19825773.0847,22047442.7651,1124409.8566,1484.3616,25088.4793,412096.668,889453.6492,-9982.5803,-43557.4894,-142733.9144,743.0584,732.9207,753.9781,685.9738,846.6897,881.6537,786.4392,785.5166,895.0814,893.6152,861.6559,688.0236,889.9502,655.5156,806.5978,789.436,1472.3503,1456.2464,1520.1015,1285.9068,1755.8133,1379.9201,1448.0845,1563.8482,1423.8053,1569.7123,1654.6951,1180.8096,1426.2772,1609.6431,1564.4185,1570.3701,-156.9009,-32.671,23.0618,185.5478,-84.5519,187.996,225.9273,176.6867,-0.0426,-0.0912,-0.0121,-0.0228,-0.0182,0.0533,-0.0222,0.0414,47.8513,44.7965,49.0436,46.4576,42.7742,46.8275,41.3292,38.8252
32,32,52.52086,20.56483,9488.3,327.0,LOT283,0,10.0,46.6882,2.5838,42.0251,51.7556,84.6213,1.8412,0.0,0.9922,0.0301,0.029,0.0853,0.4402,0.5404,0.3598,0.3832,-43.0352,-45.8252,-50.3546,0.1279,0.3022,1.825,218.1349,-0.2114,1911.6593,-1768.097,-1667.4734,-2535.8614,-1301.3083,617.7061,-302.7995,-54.3891,23339386.5014,22442094.1793,23878952.4658,20439494.955,22836985.3537,22877525.5321,23481652.5139,20650326.3554,360507.3924,-781726.9259,-111937.9886,-264065.831,1254199.2854,517688.4825,1064275.6599,2261289.4307,912.4038,622.4816,651.5234,860.3932,960.4757,677.8545,839.4406,716.0879,774.2183,787.7311,901.2602,767.5449,710.795,999.205,937.7131,953.3213,1410.2833,1632.0179,1450.6674,1524.9045,1390.8129,1498.5199,1552.0552,1473.2208,1662.7026,1571.6165,1572.5436,1504.1683,1796.4326,1746.2525,1483.3409,1550.4622,-54.737,225.0106,94.2297,82.3039,247.7886,-88.8889,167.6275,-24.4658,0.0268,0.0582,-0.0132,-0.0295,-0.0728,0.0142,-0.0274,0.0198,43.7357,45.7418,42.2372,47.5297,46.5537,45.3237,45.6939,45.7126
33,33,52.53198,20.55226,9468.5,327.0,LOT283,0,11.0,44.5666,2.6151,39.4061,50.4034,69.8205,1.4962,0.0,1.0224,0.0656,-0.0338,0.0505,0.398,0.5718,0.3687,0.3651,-45.2225,-47.2594,-51.3234,5.7668,-0.3735,1.885,217.9952,-0.1996,1188.1034,1773.222,886.1858,350.1576,-808.329,-715.5015,544.071,-1426.2529,24686013.8629,24817257.9837,22292494.2838,20962355.9737,21132193.7542,20570696.5557,21962211.3918,20493219.5984,782408.9962,1220277.0583,-58527.186,-1315479.7655,671357.4563,-536610.8149,-197144.5719,274267.526,531.0085,786.8943,707.3951,795.6876,653.2674,677.5961,924.1831,909.6978,659.2891,866.2591,687.1628,921.2604,776.7621,681.625,820.2526,895.9647,1527.1437,1609.508,1808.6623,1358.5181,1615.1367,1496.2301,1518.6697,1448.6998,1871.7777,1270.4099,1421.388,1246.8208,1632.8492,1031.9531,1602.3163,1417.6763,113.3799,-401.0496,-174.8567,81.5561,-6.8758,-255.9296,-34.3487,166.309,0.0408,-0.0512,-0.0175,0.0608,-0.1193,0.1084,0.0416,-0.0462,44.7717,42.6021,48.4117,44.9903,46.9212,45.4329,44.3019,44.4661
34,34,52.5431,20.53969,9448.9,327.0,LOT283,0,11.0,46.89,2.6959,41.0921,51.1059,61.6924,1.7999,0.0,0.991,0.0508,-0.0036,0.0836,0.4139,0.5239,0.3487,0.405,-41.8355,-48.0848,-46.5605,-1.7427,0.5696,1.7916,222.2947,-0.1062,-3103.4314,571.269,2789.1293,-687.6997,-1927.1385,117.7729,-228.3351,-738.4513,21454760.2748,22674517.8303,25332335.4321,22385149.0615,19918898.3397,20360777.444,21786446.3272,22435822.0393,1900148.5698,120563.1319,1251487.879,175683.5213,-27977.4897,-977837.0999,-234385.8632,1736168.1101,844.9415,738.7527,814.369,815.8641,859.6145,813.6973,780.8014,652.1798,829.8719,868.8508,822.4048,848.4775,814.3426,936.402,874.3828,842.629,1343.441,1227.5643,1789.8784,1624.3432,1303.42,1342.5923,1599.5193,1615.3442,1649.2126,1848.2102,1384.1308,1815.5471,1604.6416,1407.2347,1672.8706,1691.6666,-1.0788,-198.7339,21.7589,-89.5119,-268.5656,157.685,-133.2652,-39.5857,-0.0003,0.0283,-0.0289,-0.0434,-0.0282,-0.0275,0.0366,0.0142,43.993,46.256,42.1425,44.5755,44.6984,46.9101,44.5771,46.6625
35,35,52.55422,20.52713,9429.8,327.0,LOT283,0,11.0,43.1743,2.4289,38.3138,47.6415,76.1964,2.687,0.0,0.9999,0.0536,-0.0421,0.0972,0.4586,0.5451,0.3809,0.399,-45.3427,-47.1524,-46.3285,0.6718,-0.5633,1.5173,224.3573,-0.3619,817.9569,1204.9435,1755.3052,222.5413,-1018.4268,-1.5725,-82.4195,-993.6561,21485202.851,23611176.602,20741243.5542,21872586.0931,24001625.795,21436326.3538,23360785.1091,18580171.2259,446783.6581,866878.1991,-554584.9919,644093.5056,294952.954,434488.4123,293064.0065,-1629365.0641,782.7001,666.473,932.2683,842.1068,875.7542,563.5195,821.4166,697.3847,651.7592,821.1712,732.2692,848.3521,851.9704,745.374,834.729,671.569,1517.3628,1704.4669,1607.3088,1668.18,1613.1844,1327.842,1594.2498,1783.2272,2002.2022,1629.1588,1481.105,1572.8601,1099.9917,1612.7779,1962.2897,1207.7624,28.2189,66.4118,-46.317,171.3298,58.5891,-140.2169,-310.5695,-12.6909,-0.0243,0.042,-0.0155,0.0749,-0.0073,0.03,0.0589,0.0451,47.5728,44.8518,46.4116,46.8649,42.7365,43.0131,48.7222,45.4036
36,36,52.56534,20.51456,9411.5,327.0,LOT283,0,10.0,45.4146,1.9573,40.1169,50.1018,76.6278,2.2167,0.0,0.9971,0.0586,0.0164,0.114,0.5263,0.5816,0.4199,0.3634,-43.4355,-46.4174,-49.6848,2.9354,-0.0337,1.8827,222.526,0.0676,-732.4729,-149.6066,2757.7639,749.5462,-865.3561,-1362.4784,-2483.6063,-250.0576,24289353.0287,23185778.9962,20986067.4931,23110554.7243,22371584.4787,19166854.2351,22810277.986,23820403.9079,323634.2028,1330200.0488,-1101113.0494,-79137.5844,-495647.9055,408083.9311,73983.1451,-974412.6118,832.424,716.2997,649.5264,761.7915,690.3719,841.9397,1004.2767,850.845,820.7036,780.3505,749.6941,789.3,654.2882,896.7032,668.292,724.392,1446.8691,1629.9135,1460.8645,1638.7148,1254.7402,1650.781,1527.9942,1342.1229,1358.2542,1483.0296,1539.5071,1735.9129,1270.4426,1904.6168,1250.9461,1620.6219,18.5133,-101.0132,27.7734,64.2792,65.7772,-89.4501,-51.5012,-59.3093,0.019,0.0548,0.0101,0.0185,-0.1228,-0.0861,0.0349,-0.0361,43.298,42.9513,45.3725,46.4457,42.7893,44.7992,45.8766,43.0678
37,37,52.57646,20.50199,9394.0,327.0,LOT283,0,12.0,45.1361,2.6565,40.3602,50.8457,83.4746,0.8485,0.0,1.0118,0.0729,0.0112,0.0927,0.385,0.5766,0.3721,0.4354,-45.1008,-45.634,-47.3573,3.0625,-0.1472,1.8372,220.4321,-0.187,2137.7565,-1353.9658,2.5097,1460.2963,-240.1801,2898.763,-1672.66,-1298.2606,20665518.4389,22768659.0663,22650138.2062,19995036.1513,21618043.8829,21975340.9105,23063132.0951,21946619.5082,171589.3798,-212420.46,-17607.2319,-235918.5877,1892348.9345,-557028.7978,-475938.5823,769337.2072,728.6534,867.1035,746.9639,594.7871,662.9859,864.1872,874.5734,989.3078,715.0804,753.7271,761.5448,899.9817,724.2418,769.2069,709.2793,739.1561,1484.2783,1790.9188,1633.0919,1440.3087,1486.4347,1518.7878,1441.1381,1445.357,1698.4123,1630.7392,1375.8698,1543.5517,1740.727,1356.559,1511.3872,1676.2893,71.2121,42.6385,86.9176,183.6814,-281.6107,285.3038,-262.7611,107.7213,-0.0481,0.079,0.0318,-0.0909,0.0227,-0.0075,-0.0397,0.0393,48.3986,45.3933,46.6168,46.519,45.9369,48.7459,47.3248,42.3488
38,38,52.58758,20.48942,9377.6,327.0,LOT283,0,12.0,46.2793,2.2353,41.5473,51.5226,98.2468,2.7283,0.0,1.0066,0.0647,-0.0474,0.1045,0.453,0.5779,0.4128,0.4047,-43.1662,-45.9208,-49.0016,3.659,-0.238,2.4137,220.5363,0.1387,544.9691,1275.7663,-256.1801,-1789.5523,627.9488,-1499.4107,1147.747,2071.8661,21916769.0748,20950043.5948,24338663.7389,23294140.6613,23625504.8117,21638978.7403,21022720.5413,27271840.43,-304928.5176,-1181058.2732,989957.6364,1148759.9329,-467755.7373,48623.9418,109417.1912,446718.3484,857.2651,796.6659,757.1428,848.8348,914.5216,749.7553,528.5609,960.8843,660.4963,871.8812,769.673,814.5932,871.429,687.1173,967.1339,936.6452,1260.1162,1418.2247,1451.3095,1283.2166,1355.4606,1444.9957,1530.6929,1391.6632,1347.1367,1724.3621,1345.3259,1639.7158,1792.7288,1385.932,1347.0963,1613.8839,353.47,240.6249,-40.3116,375.5064,-47.1632,218.2755,-3.4967,210.2104,-0.0066,-0.0039,-0.0217,-0.0652,0.0486,0.0417,0.0095,0.0832,45.4506,40.8982,47.7381,46.1042,42.6028,45.7487,44.3172,49.2691
39,39,52.5987,20.47685,9362.4,327.0,LOT283,0,9.0,44.1108,2.1344,38.59,49.2242,81.6652,2.2491,0.0,1.0228,0.0296,-0.0397,0.1083,0.472,0.4891,0.4254,0.4284,-44.5556,-49.0951,-49.0735,-1.8645,0.2943,1.0389,224.061,0.0102,-2323.6363,1791.0477,-625.8164,-876.6052,1187.2158,899.6337,779.257,-437.5956,23441831.2048,20524972.6353,18167467.858,22335921.4214,22416031.0561,23889105.45,21028024.5393,22682106.8972,767804.7211,-628775.5902,-1626822.514,-668366.3348,978543.1328,493622.5831,-1863854.599,-373703.9718,714.7447,854.1404,776.6655,644.5861,735.4845,851.6689,647.6752,954.498,916.5667,822.0616,819.4875,718.8107,788.9309,760.8812,876.515,666.9132,1602.0496,1305.9664,1594.6123,1560.7022,1594.5584,1373.5788,1547.6016,1565.0462,1121.3444,2273.1058,1303.9766,1490.6933,1563.2783,1655.4412,1610.9185,1355.9586,195.4305,116.0565,108.353,-243.869,54.4742,46.8823,-141.5618,-121.3526,0.0742,0.0282,-0.0256,-0.0346,-0.0318,0.048,0.0312,-0.0007,48.1287,44.5605,45.3031,46.1345,47.6017,42.5408,41.2721,44.7619
40,40,52.60982,20.46429,9348.6,327.0,LOT283,0,9.0,44.5346,2.8008,40.4582,49.8923,79.3346,2.8788,0.0,0.9831,0.0514,-0.0364,0.0767,0.5421,0.4491,0.4002,0.4407,-42.9069,-46.4813,-50.7299,-0.6493,0.2994,2.2438,222.6656,0.2338,-3328.5143,339.2895,1117.9352,913.6982,-139.1727,-2602.4421,2168.8286,-2647.9363,22238597.5055,23703664.367,24065139.5986,25019642.6466,22492648.4954,19363588.4782,19528208.9919,21117042.229,-1147316.0072,514644.1285,-894865.9585,2466316.6451,53670.6302,648878.9743,2008008.8813,803522.9595,656.9162,997.9674,940.5848,738.0888,692.4617,753.3944,890.9584,697.3579,672.9463,928.1345,940.2851,921.8248,842.1259,727.6498,888.188,791.0747,1337.0362,1534.4644,1689.8913,1638.7662,1613.7926,1461.3874,1618.8152,1566.2865,1444.9282,2018.5049,1724.554,1572.8492,1668.0068,1405.9627,1549.9513,1444.7557,-39.0755,292.8057,99.8551,-295.6419,278.8419,-25.6218,-93.0003,19.7534,0.0546,-0.0688,0.0277,-0.0053,-0.0461,0.0098,0.0576,0.0294,45.3043,50.421,43.7972,44.2369,42.8091,43.3285,45.0674,47.4245
41,41,52.62094,20.45172,9336.3,327.0,LOT283,0,9.0,46.4149,2.4168,40.4922,52.0014,63.4134,1.9025,0.0,1.0239,0.0555,-0.01,0.0884,0.4474,0.6137,0.4273,0.371,-45.6382,-49.2159,-48.0332,0.1485,-0.5547,0.9526,228.7735,-0.252,-497.8363,383.6831,220.6094,1870.5205,-1159.2375,1636.2566,1972.0956,389.4485,23431447.0026,24005491.968,19119508.174,19546488.854,21980594.9313,21046304.6525,21590791.6369,24535314.4681,411326.0588,-869876.371,-1708125.6028,587667.6636,-1224367.4134,144424.5395,818879.8999,224596.9372,841.4848,885.1258,793.4715,639.5234,860.5683,608.5307,856.5605,677.948,838.0787,1018.1835,618.6829,653.4888,781.7797,910.8738,904.1618,753.5803,1696.3983,1505.8713,1285.9315,1515.4378,1464.7942,1664.5201,1555.6723,1234.9308,1405.803,1507.7332,1326.6647,1874.8122,1548.2686,1315.2871,1597.052,1275.1878,-96.6372,31.4131,141.1462,-84.0803,-68.5645,52.8342,39.9647,298.6783,0.0351,0.0196,-0.0217,0.0791,0.0073,0.0653,0.0653,0.0853,43.197,48.288,45.497,45.136,47.8603,48.9161,46.2443,43.8151
42,42,52.63207,20.43915,9325.7,327.0,LOT283,0,12.0,45.632,2.4701,40.0827,50.1245,79.7652,1.5435,0.0,1.0118,0.0413,0.0445,0.0987,0.4832,0.6156,0.3992,0.3968,-45.7398,-47.0135,-48.7041,-3.3013,-0.0686,1.0631,222.3582,0.3453,2061.2015,-2024.1245,909.0184,-776.3346,-1134.2415,-1252.5121,878.0043,3392.0191,23691146.4588,22508729.5015,22521312.193,22652866.7151,21799439.8428,25036549.18,21258944.3784,21597730.2416,-620876.4173,-1239906.2906,1165146.8929,-1349688.3703,1224607.1429,-979917.4227,1964667.2471,783491.4104,711.2815,726.6759,863.1831,605.2561,836.5836,721.9482,923.6301,863.6692,793.719,659.8877,928.3794,990.0034,943.5661,840.4115,756.6528,786.4242,1420.5794,1486.7802,1254.6291,1486.3502,1605.6344,1609.3893,1654.1226,1564.1664,1570.8536,1663.989,1641.4371,1475.497,1603.5376,1650.8536,1579.7335,1546.6403,-4.0773,-444.8489,218.65,-36.4072,4.6134,109.9479,120.7813,38.4713,-0.0233,-0.0231,0.0578,-0.0852,-0.0075,-0.0321,-0.0092,0.0188,42.8423,45.9219,44.5641,42.0491,46.0583,42.3543,43.6779,42.4837
43,43,52.64319,20.42658,9316.8,327.0,LOT283,0,9.0,45.3607,2.3167,41.3451,49.6902,81.2096,1.5909,0.0,1.0048,0.0459,-0.0088,0.1154,0.4898,0.6294,0.4443,0.3524,-45.0816,-45.9348,-46.0548,-1.6903,-0.2418,2.1888,216.4006,-0.079,1205.6439,-1474.8265,-1657.9364,214.3063,-117.1621,2064.3388,-986.5645,788.3856,24117767.1045,22517627.7665,25554723.7626,20371165.064,22792954.5707,22319500.5705,20092985.7844,24537762.9491,284956.6035,-1416024.2605,-344660.3433,123829.4906,294801.1625,1521299.0672,1474741.2856,788940.2855,672.9774,876.7584,646.9931,703.6962,795.4592,876.5912,661.4152,787.5896,987.4804,780.1419,795.3808,787.8789,828.978,887.1848,835.7306,795.5232,1480.9562,1506.4355,1209.1441,1450.1933,1486.3512,1426.7403,1674.7811,1371.329,1546.3449,1458.3623,1601.2062,1418.1425,1650.6384,1806.668,1417.8393,1914.3342,170.7643,161.3919,37.1522,-81.6467,-105.0037,-316.3764,-235.4274,207.591,-0.0661,0.0454,0.0336,-0.0819,-0.0507,-0.036,-0.1011,-0.0389,48.2396,43.8443,47.2977,47.0039,45.1177,46.5727,44.2546,45.1273
44,44,52.65431,20.41402,9309.7,327.0,LOT283,0,10.0,44.5389,2.2828,40.4961,48.6028,86.7796,1.6101,0.0,0.9961,0.0655,0.003,0.0955,0.4793,0.458,0.3616,0.4283,-42.3592,-45.1347,-45.7714,0.7437,0.3856,2.1906,216.0292,-0.373,-180.7278,805.7532,712.7093,-65.0457,-3678.4603,1202.3882,3776.7496,-1060.3341,21146993.6613,21019452.4732,21740959.5539,23837692.5935,21799506.6942,22997734.5057,22433452.787,21369928.4788,158814.3737,-417081.3215,2138816.4542,-102074.6167,-1669495.6205,-425590.1197,-411388.5409,-1231262.3257,703.4341,637.442,869.5473,901.8947,793.14,799.16,709.5576,802.3892,818.008,1000.0574,665.6337,788.2604,629.1053,894.3368,842.7519,867.0417,1324.4976,1505.1001,1763.0797,1503.4336,1460.1647,1436.7008,1306.3274,1399.284,1536.85,1450.9509,1690.6392,1471.0572,1886.3568,1428.6136,1552.7778,1110.0392,-253.1521,-18.5224,65.1548,-265.8984,304.3995,-93.0139,1.7268,-30.277,-0.0475,-0.0264,0.0067,0.0495,0.0313,0.1183,0.0576,-0.0381,45.2972,43.9845,45.6731,44.8724,45.832,45.6068,49.3824,42.9165
45,45,52.66543,20.40145,9304.5,327.0,LOT283,0,12.0,45.5829,2.8368,41.3589,50.0665,82.6053,2.6418,0.0,0.9741,0.0644,-0.0261,0.0795,0.4672,0.5997,0.3779,0.4088,-43.1025,-47.3326,-47.0903,-2.9087,0.1039,0.0632,218.5018,0.292,-845.2657,-1278.2329,1705.3223,-485.7635,444.667,647.8183,-1935.4451,-2323.102,23180707.3762,20945769.373,23470268.9495,19784197.773,24300606.3722,23237989.2544,22482583.4937,21548378.4682,-1035951.4663,1134707.91,1939007.3498,2222095.449,-387713.6383,1421610.8525,-283867.5193,583487.3187,782.2397,952.762,729.7157,856.3131,816.1395,871.961,849.119,753.8656,885.4632,788.7722,870.8435,787.9369,900.0912,878.6514,914.762,794.9205,1582.4296,1209.0229,1482.8964,1507.3507,1405.5163,1556.454,1656.4133,1597.0085,1599.5968,1477.6437,1618.8878,1475.3259,1575.8774,1403.7139,1358.8483,1363.8206,183.4148,320.0796,-4.6792,-6.6132,-109.5589,3.6341,-44.3376,-136.7375,0.0632,-0.033,-0.0179,0.0108,-0.0318,-0.0109,-0.1034,-0.0035,46.0706,45.3795,46.1239,47.8933,43.4312,42.6174,46.9184,45.0827
46,46,52.67655,20.38888,9301.3,327.0,LOT283,0,12.0,44.9478,2.8835,40.8732,50.1203,66.5077,2.4958,0.0,0.9951,0.0376,0.028,0.0614,0.3825,0.5986,0.3638,0.3877,-45.0267,-45.2421,-47.812,-1.4639,0.3848,3.063,224.5262,-0.2358,-1304.3668,-598.8246,-1190.3107,-1613.9627,-134.0786,2127.8265,1417.5631,-513.2358,21463222.0655,21803690.9907,21926352.1615,20244652.3536,18437860.6999,20767480.9649,23158004.8704,23186256.9735,1437748.9596,278084.5844,302462.1371,293578.227,-922750.2299,1031053.5155,-174469.1493,685884.5396,742.6868,754.7829,853.6496,848.9648,864.6548,796.8632,833.6917,884.3301,607.3713,794.9174,874.4248,672.2418,788.8662,821.9394,682.2489,1018.7038,1143.0516,1253.5558,1363.5528,1423.4213,1578.0921,1568.4674,1489.3451,1555.5156,1484.2955,1575.283,1137.2974,1268.992,1527.6312,1610.214,1725.0511,1387.405,69.4665,77.0666,-134.0654,-30.7694,238.1387,227.245,-129.3874,-48.192,-0.0384,-0.0097,-0.0751,-0.0291,-0.0432,0.0397,-0.0509,0.0674,45.2045,46.7373,46.1089,42.2743,48.1914,44.2109,43.1876,47.6844
47,47,52.68767,20.37631,9300.0,327.0,LOT283,0,10.0,47.9744,2.8927,42.4452,53.1129,85.3926,1.5042,0.0,1.0146,0.0634,-0.0245,0.088,0.4612,0.5794,0.3874,0.3524,-45.8617,-44.9129,-47.3781,-0.4442,0.0537,1.1247,214.7162,0.5497,-659.6337,-897.9768,1279.0691,-66.4099,973.8316,-2364.8869,-2462.8101,-630.5079,20267280.5684,23246046.1222,22538332.8417,22677757.6755,20754204.0954,20010038.852,22616297.2563,21579477.3898,841479.9665,-511498.6247,202554.3598,58320.5612,-957592.5391,-34893.4297,366348.0705,356083.1949,771.5541,810.2747,811.7846,942.2495,756.3709,733.6557,687.7647,607.2592,709.6954,716.4569,906.485,749.2212,831.4679,888.0469,791.208,815.7297,1859.6062,1205.1141,1335.5478,1609.9677,1243.1419,1463.9988,1462.9983,1869.7589,1841.7821,1241.8368,1605.704,1380.8701,1681.0199,1532.1855,1766.3118,1737.7327,43.7275,-311.6081,422.3252,-27.9115,336.6957,68.7363,-248.523,-135.4137,-0.1441,0.0146,0.0168,0.0402,-0.0116,0.0737,0.0206,0.0526,46.2723,43.6708,46.38,42.2673,46.1126,47.4315,43.6125,44.0989
48,48,52.69879,20.36374,9300.8,327.0,LOT283,0,10.0,46.1443,2.2784,40.28,50.6688,77.8956,2.2344,0.0,0.9808,0.0438,-0.0052,0.0994,0.4295,0.574,0.3996,0.4249,-41.9355,-43.5893,-46.9479,3.4487,0.0473,1.5103,216.4391,0.4177,-3129.5126,3140.5529,-1085.0122,-2739.9308,94.0678,-242.9181,356.8357,1364.5871,19722185.0428,22588977.414,20253460.1431,21218672.5473,21260014.4171,21013060.1445,23406636.6168,21017758.8522,-514906.7191,-175921.3395,167739.7945,-2546890.4025,1424905.7702,-1142407.6313,-353382.1638,-170782.7632,886.6756,936.2869,760.6691,821.6577,755.4716,811.9735,975.5098,920.5492,943.8765,761.2718,684.2599,747.7254,614.8931,847.2098,705.4013,670.1167,1672.4497,1546.9339,1631.3505,1814.2171,1544.0759,1561.9899,1393.0812,1364.7133,1221.1735,1099.1846,1689.9053,1600.4274,1444.003,1621.0756,1416.8659,1349.4931,118.7466,-165.008,-121.4529,-267.5317,-173.8854,58.3201,-188.6599,249.43,0.0155,-0.0627,0.0031,-0.0768,0.0111,-0.065,0.029,-0.0762,46.4407,47.0575,42.8166,41.7406,42.8387,42.3891,44.5842,46.4041
49,49,52.70991,20.35118,9303.5,327.0,LOT283,0,12.0,41.3827,2.5765,35.5646,46.7783,83.0431,2.5359,0.0,0.9839,0.056,-0.0089,0.0962,0.4589,0.5773,0.4895,0.393,-47.0859,-45.6127,-49.6052,-5.513,-0.4439,1.477,221.1944,-0.1944,-1321.3627,1829.5868,2378.6409,-262.0062,-333.8829,330.9538,920.9919,228.9161,20635796.3053,20325538.5479,20938602.6793,19140043.2895,21434338.1404,23254870.8286,24100174.7838,23558890.258,-437011.1023,920374.3225,-570638.545,828083.8528,-375665.3804,324685.9442,-77979.2338,107003.8018,811.0596,895.1451,751.7243,829.5893,683.7031,787.7451,857.5103,713.8375,793.8583,817.8941,884.849,787.4801,859.9317,877.5807,787.4912,689.1785,1467.5665,1459.4588,1449.9526,1576.1827,1581.3179,1165.7495,1433.1047,1612.7017,1385.2486,1296.7865,1346.4488,1635.8116,1544.5143,1188.7897,1288.4012,1407.4372,-11.3322,-86.5444,-184.3256,154.362,51.9611,49.1613,-192.4931,-324.0468,-0.0589,0.0603,0.0513,0.0512,0.0465,0.0123,-0.0701,0.0491,42.7173,44.5269,45.3688,44.2649,41.0355,39.8488,46.5459,43.7468
50,50,52.72103,20.33861,9308.2,327.0,LOT283,0,9.0,45.4913,2.5298,40.9682,51.2822,77.4404,0.7534,0.0,0.9728,0.0269,0.0169,0.1171,0.5547,0.5522,0.4016,0.3831,-43.7637,-44.5699,-50.6507,-2.6413,-0.5689,2.0343,213.2429,0.332,-398.371,2418.9777,2133.5905,-2146.3543,-101.6746,1010.6871,-3060.2146,-2005.8307,19291456.508,22763262.6557,22822752.4234,22633501.3232,24999276.6904,22157446.674,20487576.4004,20250161.6171,-804878.4848,-55947.4872,136567.2538,2026016.3355,-189704.0745,-541640.5349,-331126.9351,552145.2085,762.5233,860.7447,907.1048,784.5722,843.3882,586.444,522.507,830.9142,860.5815,594.4492,969.7673,644.4237,697.2634,767.456,790.9801,812.5139,1269.2498,1721.6322,1470.3878,1723.1431,1469.1206,1401.1801,1744.8242,1492.323,1864.8087,1464.84,1118.1444,1520.7598,1421.1916,1437.7168,1343.1275,1485.5162,-26.3797,13.9172,-74.4567,-170.972,-90.7775,-41.427,-95.1836,-56.0261,-0.0571,-0.0109,0.0051,-0.0007,-0.0089,-0.09,0.027,0.027,46.6377,48.0061,48.2038,44.237,45.9933,45.1948,46.1587,45.763
51,51,52.73215,20.32604,9314.8,327.0,LOT283,0,12.0,45.7649,2.9117,40.4146,49.8443,95.2434,1.6484,0.0,0.9874,0.0524,-0.0112,0.1659,0.464,0.5943,0.3946,0.3972,-43.2675,-47.0953,-46.9321,-4.8352,0.1163,0.9762,222.9597,0.2516,-5148.7227,-454.6173,-351.3172,198.2671,-99.2225,1735.8048,1491.1839,528.4996,22295826.1389,20678069.4712,21565296.1818,22748083.3773,21979096.7046,23008183.483,22282753.7737,21761575.6044,-290164.112,-1562168.5653,-171215.4567,1521705.8607,858560.0945,161771.3779,-1398456.076,-1322012.6003,791.2162,855.1993,624.2937,734.424,836.9524,840.0377,700.1333,755.8695,713.0447,840.6226,741.6743,785.1392,643.6752,742.6453,797.9685,906.2966,1644.0772,1488.0758,1558.0275,1270.6462,1617.3968,1523.7763,1520.3863,1653.9664,1443.6114,1421.0292,1303.0253,1604.2518,1467.0522,1691.3528,1577.9511,1530.9733,-272.2053,123.7061,-274.6209,242.7675,-419.8557,-423.682,-231.6548,216.4694,0.0807,0.0075,-0.0246,0.0275,-0.0393,-0.1486,0.049,0.0008,49.3355,41.2563,46.9084,43.1749,43.2156,41.8849,46.6424,44.5212
52,52,52.74327,20.31347,9323.3,327.0,LOT283,0,12.0,44.5603,2.487,40.1071,49.7321,74.1568,1.9784,0.0,1.0023,0.0521,-0.0535,0.0961,0.4596,0.5312,0.3786,0.3418,-43.7129,-43.9676,-50.6286,-5.1245,-0.0451,2.5789,216.6505,-0.1051,789.9535,432.6065,2100.7688,651.9049,507.2861,1218.4444,238.2257,182.9752,23652919.2994,22285293.4163,22363037.6679,22687302.7477,21542427.9699,21614216.1926,21781829.206,21800207.6066,-2364287.5027,1046778.0142,680525.7262,602827.4088,-142325.8265,262162.058,623080.1981,-2954.0716,990.5998,683.8397,732.4079,676.161,880.7611,782.9227,654.9939,660.2815,642.5003,776.5,739.7061,982.028,710.4348,816.8319,693.7721,822.029,1444.4049,1698.9094,1439.2201,1569.0442,1424.0222,1305.7697,1597.3674,1544.3393,1656.4545,1549.9759,1746.7362,1176.1104,1294.1078,1355.8514,1658.3035,1515.9353,341.5697,94.0027,210.8361,-151.5711,236.3563,-124.5194,195.1705,-43.0808,-0.014,0.0856,-0.0135,-0.028,-0.05,0.0046,0.0072,0.012,42.919,43.4979,47.5626,43.6807,43.8968,42.0814,46.4446,44.9811
53,53,52.75439,20.3009,9333.5,327.0,LOT283,0,11.0,42.8387,2.3007,37.6893,47.9617,61.0709,1.0554,0.0,0.9582,0.0359,-0.0292,0.1039,0.4296,0.4933,0.3917,0.3479,-46.0566,-47.6412,-47.1058,-2.5476,0.2767,1.343,214.8895,-0.0451,399.3699,-130.3266,-1615.7316,37.0035,911.0917,-3063.7453,-1552.0486,1867.0259,18360967.1131,21350722.3618,21168005.8752,20021824.6267,22191827.7961,19570525.813,24313058.3612,21245019.7158,381405.5143,-1244346.221,1855871.7029,23276.9081,1924160.4273,-1238501.5379,1461918.9567,622875.9873,842.8474,831.4476,535.8543,774.5888,759.3427,800.0063,849.1352,776.814,875.6399,732.3293,831.6044,859.3507,598.4171,777.2207,834.7443,758.4361,1567.8559,1375.6305,1365.3296,1543.315,1530.8264,1559.6537,1650.6042,1446.017,1511.1715,1488.1408,918.1563,1119.4301,1489.3943,1606.512,1762.8613,1724.4109,194.0727,20.2879,125.6298,-96.6211,-122.3574,96.3905,-173.037,126.7793,0.0128,0.0642,0.0271,0.1041,-0.0196,-0.0518,0.0295,-0.015,45.7331,45.0809,43.5653,41.9572,39.4768,45.1335,46.7058,43.7226
54,54,52.76551,20.28834,9345.4,327.0,LOT283,0,12.0,47.7525,2.7521,43.7036,51.8925,68.7183,2.6922,0.0,0.9985,0.0488,-0.0211,0.0844,0.5148,0.5356,0.3668,0.4303,-46.5445,-48.3841,-45.4821,3.1826,0.1408,4.132,216.7173,-0.0186,-330.0695,1512.1164,-443.4905,1510.5995,-2101.0286,-826.7764,1569.2906,234.7215,21806483.1979,22345845.5951,23879656.0007,21833909.1067,24209085.917,22949084.3179,22270028.9657,23899994.7383,-998798.3761,-132712.6046,404073.5385,-327613.6016,-867256.3057,-659195.2002,-753087.4911,323357.5408,726.2639,764.1107,744.3206,779.6377,1009.4822,798.5905,794.3838,760.689,795.6805,893.3164,779.0262,638.7775,765.637,971.3292,802.0457,771.3597,1416.283,1480.4966,1641.0466,1900.7478,1185.5967,1637.232,1336.6574,1551.5861,1354.4562,1138.8878,1522.0639,1433.4892,1225.4058,1559.2987,1419.9427,1370.9052,159.7009,-481.3449,138.4936,-24.6585,-187.2421,-168.4443,146.3971,-24.7089,0.0857,0.0169,0.0554,0.0554,-0.0369,0.0285,-0.0498,-0.0017,49.0988,48.0348,45.7989,47.6445,38.9214,45.2715,48.5913,47.1303
55,55,52.77663,20.27577,9358.9,327.0,LOT283,0,12.0,46.2332,2.1924,40.7052,52.0543,66.2422,2.1884,0.0,1.0195,0.0505,0.0114,0.1614,0.3649,0.5107,0.4092,0.3429,-48.9022,-44.4545,-51.2408,-1.1032,0.0165,0.4876,217.6495,0.1097,-1100.037,996.8523,-1301.6435,-644.3484,-2554.2597,-574.5161,-2504.8029,-647.7229,22272003.9055,24501018.5799,20314104.8899,20822288.9282,22205748.2536,21654038.6248,23532522.0085,22647237.734,-536343.5467,-781097.5436,-138209.8032,801003.8551,-1022478.155,1564083.9253,1084494.0212,-1446347.5138,1104.4321,991.3044,767.4902,723.8327,767.107,938.1385,867.7022,887.0927,801.1371,720.9427,796.8655,809.2054,659.9681,658.7261,809.1904,748.2849,1319.5692,1229.9895,1547.7238,1553.2457,1429.412,1477.2364,1366.3811,1779.2336,1691.9277,1109.7279,1746.8528,1550.9868,1702.5688,1213.5117,1221.033,1234.9122,20.1372,-180.9944,36.6243,184.9959,28.377,103.7374,-8.4184,-436.9375,-0.0522,0.026,-0.0444,0.0136,-0.088,-0.0291,0.097,0.0896,48.3833,43.6511,45.7239,48.2093,41.8269,42.0749,43.5789,45.6197
56,56,52.78775,20.2632,9373.7,327.0,LOT283,0,10.0,44.3236,2.7188,39.7645,48.3819,77.4514,2.4865,0.0,1.0002,0.0387,0.0373,0.0666,0.3904,0.6068,0.3896,0.4182,-42.9875,-44.9769,-49.3315,0.888,-0.2557,2.7974,211.8202,-0.0189,975.9683,-1391.5223,-2540.3173,958.8448,-1697.8642,-1748.7315,767.0393,-419.1904,21057177.5908,19262521.077,21433841.9154,19833634.8948,22321697.5719,21495441.0549,23014545.5974,19857226.7003,-405344.3359,1117880.6965,-155255.9641,-60781.5601,2093136.6825,70231.1004,70666.2166,-189536.6766,768.0041,772.17,698.5255,796.2698,865.3477,899.8198,807.09,846.5742,668.975,804.4262,586.5083,898.1217,626.1967,703.0608,739.342,850.905,1646.0945,1269.0846,1589.2226,1627.9552,1302.5422,1809.0855,1675.0566,1393.5482,1831.4867,1479.3319,1237.5042,1545.5041,1780.0004,1539.5093,1395.8604,1321.4224,-84.665,-12.6372,79.2413,-202.5639,-205.7515,8.1537,-205.2548,113.0705,-0.0497,-0.0256,-0.0519,-0.0196,0.0132,0.0764,0.0011,0.056,47.0378,45.9114,45.7312,44.297,45.9334,45.1626,46.445,43.3479
57,57,52.79887,20.25063,9389.9,327.0,LOT283,0,12.0,47.5466,3.0036,42.4092,52.8576,68.3499,2.4646,0.0,0.9895,0.0574,-0.0193,0.146,0.5056,0.5356,0.4065,0.3429,-43.7254,-44.1288,-46.6118,-2.3185,-0.1469,1.0956,222.9006,0.0979,455.7531,-2799.0417,1761.0237,-811.8828,2923.3707,78.4082,-354.2672,-1788.4591,23282749.6188,24097152.7703,21128544.9762,22071623.4237,21372520.7412,22004349.1485,23172831.421,22162564.5569,-514149.7835,1661528.9086,-237207.4036,723386.122,-151127.7952,-864164.6774,2270901.1244,757666.0472,866.3827,1021.8747,803.3855,676.5701,783.3872,724.0066,674.6186,854.6948,844.9428,830.5358,751.5843,769.8974,668.0997,750.9931,871.8053,743.8046,1495.2775,1505.0145,1633.7985,1520.4458,1442.8964,1488.2183,1394.9941,1409.2922,1737.4306,1549.707,1575.9236,1610.2719,1618.3658,1180.4777,1340.6036,1694.0117,60.9694,-195.6843,-24.8425,14.7686,-4.3852,-150.8272,-459.1183,176.6519,-0.0188,0.0699,-0.0366,-0.0292,0.0665,-0.0207,-0.054,0.0219,44.9379,46.363,46.9302,46.8662,43.7897,46.7705,42.0249,43.0248
58,58,52.80999,20.23807,9407.1,327.0,LOT283,0,10.0,44.7074,3.7555,39.5706,49.403,76.4422,2.4288,0.0,1.014,0.0574,0.0121,0.1042,0.4561,0.5248,0.4223,0.4113,-47.0644,-44.5743,-46.7195,-0.6532,0.2893,1.8682,223.9926,-0.3267,421.2199,2094.9639,-450.7842,666.4986,-361.9766,-1438.7005,190.4134,-324.0679,21376671.593,21984977.2875,22889704.6008,22917298.3483,21181116.1544,22225286.5311,24178078.3272,19362540.6315,-831592.5121,-828277.3038,-454552.9911,246660.6116,-1010951.3763,-726728.9201,-1404085.0185,1034364.3897,699.3669,773.96,857.9866,719.7538,809.5767,771.6816,830.375,815.5102,756.3503,698.2918,753.0802,905.8179,872.4486,923.7059,1063.2874,603.6632,1693.4981,1616.0522,1780.9771,1385.7869,1425.4805,1506.4866,1348.6225,1772.6294,1752.3194,1341.1735,1518.5963,1314.5606,1111.8475,1281.1127,1875.4418,1586.431,276.208,-154.2647,41.6892,255.9526,-72.8009,-246.1387,-34.4679,-150.0065,0.0264,-0.0151,0.0124,-0.0266,-0.0096,0.0439,-0.0016,0.0792,38.8602,42.9144,40.9639,46.2359,45.0432,48.4403,41.9151,41.7537
59,59,52.82112,20.2255,9425.2,327.0,LOT283,0,9.0,42.9378,2.1574,38.8003,47.67,83.6991,2.2416,0.0,1.0337,0.0456,-0.007,0.0391,0.3614,0.5644,0.4034,0.4035,-42.075,-44.2683,-49.4609,4.1643,-0.0206,1.3734,215.3075,-0.1798,-893.2096,3357.9244,516.3969,-840.1219,1025.7615,2644.6843,-1373.9916,438.0477,20055078.628,20091135.5822,22110998.549,23675485.9351,23824413.3516,20944972.3241,21556404.2145,24584541.9478,-1317601.7286,934569.9481,-1077689.7112,435599.1527,415455.5016,452097.6143,-1406678.3615,-616190.7801,820.6037,690.0278,737.2538,882.0626,887.8744,878.8833,851.0589,663.5354,686.4518,747.2082,811.702,802.9564,700.0257,819.2308,860.2865,731.0489,1488.124,1810.7188,1499.6019,1604.4594,1536.1449,1523.3773,1531.7513,1473.8133,1606.7203,1746.4145,1304.2832,1521.5462,1650.2099,1559.4351,1777.5121,1440.0239,259.3395,136.567,544.0662,-271.9563,701.4511,35.7962,-168.8184,-113.2747,0.0156,0.0074,-0.0762,-0.0001,0.0658,-0.0091,0.0066,-0.0275,45.3425,48.6996,43.1151,45.6795,43.685,42.8498,46.4304,43.9763
60,60,52.83224,20.21293,9444.1,327.0,LOT283,0,11.0,42.6342,2.8004,38.129,48.3016,76.4796,1.9752,0.0,0.9628,0.0474,-0.0164,0.0776,0.5174,0.5264,0.4432,0.405,-44.9404,-47.1591,-46.782,-1.2961,-0.1078,2.4797,222.9554,-0.2205,1620.9949,-296.5108,3124.4838,-617.5299,1214.6629,132.4221,1833.2261,1448.9993,21573774.7894,23362364.2064,22185955.4796,21230601.5808,19746823.8309,19593054.3138,23873493.8261,21931990.1304,678736.6248,2271882.1217,513654.894,2522903.1742,-691086.6554,1360269.3281,244374.8947,592283.1413,796.9965,752.9648,924.1144,876.3861,703.4405,744.8862,892.8165,749.7567,810.4762,734.0126,872.565,784.9416,1017.7339,738.3201,825.7675,845.4689,1302.529,1223.0847,1462.6656,1408.3648,1419.2723,1503.3706,1455.5441,1375.3929,1518.2496,1435.2606,1425.6856,1397.7614,993.523,1732.3284,1537.0931,1312.1324,-136.6424,-514.9426,138.4567,107.4563,71.4587,-77.729,-250.7557,-89.9233,0.1244,-0.0299,0.0492,0.0468,-0.0758,-0.0224,-0.0465,0.0401,42.013,46.8633,48.0009,46.3698,47.1075,49.0784,46.8499,44.7855
61,61,52.84336,20.20036,9463.6,327.0,LOT283,0,9.0,47.2016,3.1646,41.8739,52.1181,90.7901,1.8446,0.0,1.0122,0.0441,0.0232,0.1096,0.3528,0.5324,0.4143,0.3803,-47.6114,-46.8562,-48.1013,3.6531,-0.2444,3.1901,214.6625,-0.2057,-2541.4182,-2853.0273,2101.559,-2991.6198,1244.0073,1984.6722,1141.5224,-807.8201,22542236.5354,21611773.6862,22660787.6014,23993433.922,22157802.5806,21066091.1434,22106736.3926,20458726.3189,698238.2147,793516.6554,-107224.4454,1035963.9071,649861.8535,-423241.9043,1265029.8739,584742.1238,701.8084,831.852,685.9695,785.5463,768.5829,809.142,825.8704,1053.5308,871.5835,803.2023,760.1296,813.8683,987.2707,716.8718,970.5402,666.156,1639.7151,1388.2567,1509.9392,1587.8632,1648.3356,1317.4295,1480.2878,1661.598,1494.4156,1015.215,1578.7575,1559.9637,1566.555,1849.1876,1601.2158,1422.8393,219.7217,205.4088,-137.8255,32.6921,219.5267,-343.504,-344.5004,-13.6094,-0.0095,0.0403,0.0447,0.0785,-0.002,0.0779,-0.0309,0.0054,43.9651,42.367,46.1619,46.8749,48.4592,45.5241,45.1577,42.3029
62,62,52.85448,20.18779,9483.4,327.0,LOT283,0,9.0,47.6269,1.8191,43.2845,53.087,68.5531,2.6287,0.0,1.0234,0.0583,-0.026,0.1065,0.4297,0.5575,0.334,0.3703,-43.063,-47.2604,-50.7981,0.5713,0.4656,3.1276,221.1009,-0.2332,563.373,590.425,-3938.734,1546.3831,2214.8732,1880.1633,7.8746,2850.6136,23330524.432,20677173.5257,19135262.011,20332901.4879,21571590.1803,23460648.73,25379614.566,23671679.7299,-1758841.6387,1700108.1822,223765.3226,560969.7614,1098046.1642,859982.092,641855.086,513852.7597,828.6947,951.455,831.936,654.7807,758.7834,729.9116,662.4989,764.7008,778.7965,737.8095,606.3824,970.6478,606.4737,734.8793,836.4681,839.9619,1193.6217,1585.9667,1556.4167,1429.229,1385.1003,1863.8948,1448.7035,1428.7256,1419.2511,1224.9892,1620.8068,1732.3851,1773.03,1501.11,1571.2058,1282.8073,-250.7455,206.0998,-160.4438,124.1563,-95.5953,-190.0049,29.9615,-214.2197,0.0335,-0.0506,0.0225,-0.0251,-0.0255,-0.0436,0.0402,0.0205,47.0575,47.6952,44.3126,42.7962,47.3329,41.6388,43.2056,44.3486
63,63,52.8656,20.17523,9503.4,327.0,LOT283,0,10.0,44.0452,3.2759,39.2573,49.8906,67.2476,1.7056,0.0,0.9733,0.0572,0.0124,0.0756,0.4675,0.527,0.4177,0.4528,-45.4432,-45.9132,-49.2999,-2.8235,0.1928,1.3357,216.8383,0.1277,-3262.446,595.5217,197.874,-826.4442,1175.6333,893.1433,-417.1984,1464.0898,22280597.7586,19507212.1702,22231115.203,23035657.9239,20862409.2905,23260668.8429,22503047.4067,21797790.1697,1131238.1451,456468.8751,-818401.9627,504465.1844,-1238428.4057,247246.0313,-1018553.0026,-2827662.1447,724.493,753.7138,711.5348,820.4066,812.4326,927.2084,751.0667,781.0657,757.3552,790.0881,785.4418,705.0685,797.4665,833.7084,875.1247,693.9351,1424.2474,1347.8879,1449.9551,1540.2726,1713.4297,1552.6301,1800.4843,1552.8168,1257.3669,1501.5695,1326.5526,1181.4484,1555.3824,1390.639,1350.2039,1448.7467,381.0978,-17.2438,-273.3977,-9.4696,-274.8397,66.5959,215.1233,-74.3874,0.0141,0.0387,0.063,0.0361,0.0117,0.0541,-0.0436,0.026,47.6229,44.8754,40.5333,45.856,41.9112,45.9758,43.036,42.8377
64,64,52.87672,20.16266,9523.3,327.0,LOT283,0,12.0,45.2876,1.957,40.7435,50.9591,71.5384,2.04,0.0,1.0152,0.0494,-0.055,0.1049,0.4382,0.6221,0.3512,0.4124,-44.4057,-45.8422,-51.1065,-1.8076,-0.049,1.2445,218.3268,0.1749,803.6933,1324.6745,-578.9657,-601.6575,1668.4736,229.7767,1030.1275,-406.358,21593972.9835,23689337.1435,21829123.4837,22814561.0335,23134214.2051,24380572.6343,21574264.8111,20098885.4528,-1147058.4852,598337.8114,802936.2484,-284419.8568,-289653.8572,1089654.737,-320096.4757,849557.6497,774.5886,1063.9416,768.1069,827.2978,915.4673,708.5297,716.9859,589.8604,767.8606,778.4135,710.4057,710.769,762.0321,646.253,891.096,845.2582,1711.0399,1421.0631,1917.8599,1590.8942,1530.7941,1436.5418,1700.3184,1658.4728,1544.135,1342.6789,1226.6606,1303.5678,1454.5977,1629.1176,1462.3195,1712.0684,195.0592,-305.513,-94.4705,333.5,-163.1773,-202.9401,419.3218,137.6781,-0.0339,0.0617,-0.0757,-0.0493,-0.0766,-0.0297,0.0375,0.0132,46.0167,45.4308,46.085,43.982,44.9737,40.2762,47.6138,45.3581
65,65,52.88784,20.15009,9543.0,327.0,LOT283,0,10.0,43.2811,2.8935,38.8009,48.5597,53.1225,2.5262,0.0,1.0043,0.0587,0.0532,0.1066,0.4687,0.5237,0.3724,0.4021,-44.3951,-44.6303,-49.9045,-1.1571,-0.1649,2.2711,223.2432,-0.0404,1254.6497,-2739.974,-3210.2135,2082.4286,-1473.7377,-1294.0903,-1674.817,-2366.6459,21151069.1341,22599183.3883,23277658.1968,20429288.1214,23518555.2817,22994918.0603,21545482.0149,22715603.9379,568554.368,-1526575.6599,1264241.8231,1377213.8069,248171.994,1483582.3147,-1810907.3347,-262030.3377,741.2298,913.6387,809.8886,862.5221,854.6964,791.1124,611.0926,856.4835,894.4716,788.2986,749.4652,720.5489,801.4205,978.3931,786.3214,764.3438,1269.929,1687.8668,1569.148,1566.0653,1822.4818,1492.35,1407.7983,1563.7542,1598.0016,1743.3995,1551.6794,1499.6192,1283.2766,1324.5028,1368.0121,1607.2279,-223.1604,18.3825,347.9813,-95.3044,-296.0332,304.5526,100.5419,-260.0102,-0.0271,0.0216,-0.0706,-0.0196,-0.0193,-0.029,0.0768,0.0157,45.6526,46.4688,45.574,48.4511,46.8086,45.1582,40.604,45.6195
66,66,52.89896,20.13752,9562.3,327.0,LOT283,0,10.0,46.6941,3.0801,41.7329,52.0135,101.7426,1.9772,0.0,0.9683,0.0553,0.0288,0.1703,0.4362,0.4738,0.404,0.3566,-44.378,-46.0641,-49.447,-1.8948,0.0925,2.9262,223.8638,0.0384,2258.0638,-501.809,2060.9423,-66.1564,-1737.7707,1207.3517,883.0427,-793.534,24445359.0109,22840044.4871,23799088.9036,18552248.6941,21357794.3406,19440921.7285,20087937.6857,23792806.2298,211887.5933,1263960.1306,-2011596.7587,-1193656.0354,-64719.4905,-1134023.9311,-573265.5803,252187.8533,798.7543,945.46,748.483,831.8157,775.1064,945.3456,651.1038,746.3849,819.0082,875.6226,860.8486,936.0375,846.8932,844.7145,757.3169,832.8718,1476.6519,1233.1999,1201.6103,1547.8083,1550.9457,1671.8317,1338.7886,1387.9387,1642.4329,1491.0305,1516.5542,1063.5767,1381.8952,1264.5754,1352.3723,1364.0176,222.9185,100.7828,-326.214,117.8012,108.8164,179.004,-159.4078,-21.7327,0.0233,-0.0635,0.0734,-0.039,0.036,0.0202,0.0234,0.0404,43.525,45.9841,45.9941,47.3612,47.1323,44.9255,42.8758,46.6398
67,67,52.91008,20.12495,9581.0,327.0,LOT283,0,12.0,43.5163,2.9092,37.9726,48.3935,93.0106,1.2682,0.0,1.0129,0.0789,-0.004,0.052,0.5115,0.4952,0.3767,0.3679,-46.4369,-47.1902,-44.9063,-1.0082,-0.3139,2.1431,223.4481,-0.2604,812.2418,2072.7799,-366.6598,660.3316,-604.5991,486.531,986.1048,978.7388,21066223.9825,22596253.3287,22617654.4906,23103140.4293,23202177.5747,20523192.0514,21534301.6218,20425719.1641,-176242.2933,341248.4155,-564854.905,-1208906.9894,-1101409.8425,977415.7588,871279.1036,17747.0524,842.3898,832.2212,834.2024,806.2046,672.4042,690.3468,807.891,679.2441,813.4417,784.4662,780.9459,707.2634,677.6867,724.9402,823.3087,511.0285,1820.4532,1181.2507,1474.0729,1562.8154,1367.828,1401.3754,1745.4462,1461.0539,1579.043,1037.9045,1195.3357,1443.2027,1523.5772,1491.59,1722.2985,1419.9494,266.458,51.6554,-335.3264,6.6224,-66.0887,81.5254,-156.953,-66.7911,-0.0378,0.0305,0.0169,0.0094,-0.1664,0.0545,0.0587,-0.0256,45.3316,44.7552,44.7148,40.9069,44.5966,44.8836,43.9489,44.1955
68,68,52.9212,20.11239,9598.8,327.0,LOT283,0,12.0,46.8132,2.0476,41.6757,50.9711,94.6246,2.7739,0.0,1.0199,0.0281,-0.0253,0.0883,0.42,0.5123,0.4179,0.4321,-43.545,-48.1487,-48.1832,1.7848,0.1212,2.6397,222.3955,-0.2599,1809.4768,-639.5701,298.8546,2289.1119,2391.7084,-1292.0488,862.9196,-493.5983,22835436.1587,23705726.4478,21074735.3666,21586633.6091,23677769.8042,24062834.3897,21584114.1288,23844042.4907,-1621086.0836,-1521354.0524,424180.0741,803501.7318,128037.5081,-1188280.1096,1225432.31,-135696.0236,899.5457,596.0432,577.3342,905.5661,809.9877,697.8898,712.6915,853.7853,985.0063,771.1567,830.3553,802.5903,916.8382,907.1012,872.8079,822.1773,1579.4725,1425.5235,1623.857,1515.0827,1458.6738,1426.0482,1525.6734,1644.72,1631.2236,1400.5661,1426.5096,1621.5734,1160.3126,1327.1932,1461.4899,1420.2492,-32.0877,-97.7073,-215.9614,-136.2826,77.5191,-15.5128,58.822,-130.1388,0.0502,0.0219,0.0396,-0.0044,-0.1025,-0.1191,-0.0907,0.0522,45.7828,44.1968,46.0802,47.942,45.7214,45.1495,42.21,44.4536
69,69,52.93232,20.09982,9615.7,327.0,LOT283,0,12.0,42.5843,2.5812,36.6962,47.5602,74.079,2.2,0.0,0.9892,0.0586,0.0101,0.1177,0.4591,0.5892,0.3553,0.3953,-44.2365,-45.2976,-47.1626,2.3732,0.0436,2.6701,213.7619,-0.0017,903.4478,-2019.088,-1521.0767,937.4295,-608.5274,658.8007,-200.8093,1621.495,22505208.6362,21949316.3852,23587560.3854,22568432.186,21623539.0443,23627054.7105,20112115.4106,24053519.1626,-2175288.8247,2038674.5326,-185615.4519,1321326.0197,-668071.071,356298.1485,1322121.2116,804281.08,909.997,983.4105,839.7685,808.2172,696.2077,718.6627,738.157,784.9159,669.2177,821.8455,740.5865,903.3519,946.2359,696.5984,730.6354,663.5896,1587.0529,1585.7291,1332.5291,1321.7755,1499.5707,1572.8249,1545.1915,1364.7255,1423.7166,1478.0024,1467.9328,1483.0064,1524.1067,1338.8329,1737.3261,1582.6748,83.7763,404.9127,-2.9082,-93.3431,-164.8263,-405.717,-129.5894,-163.1216,-0.0107,0.0226,-0.0486,0.0134,0.0658,-0.0161,-0.0919,0.0595,44.4857,45.0103,46.8036,45.0806,45.4984,42.6688,47.3008,40.9201
70,70,52.94344,20.08725,9631.4,327.0,LOT283,0,9.0,46.6718,2.9584,41.0102,52.2989,86.5189,1.8093,0.0,1.019,0.0813,-0.0202,0.1429,0.418,0.521,0.4002,0.4243,-46.4874,-47.0614,-48.4534,-1.3769,0.2619,2.0231,215.9022,-0.2946,2013.2042,1089.3642,-2547.9497,633.2893,-2291.1002,-459.7036,1763.6296,1175.0625,19959926.356,22622844.0716,20159759.7071,21287291.878,21944034.0664,21002770.0428,22213602.5939,20986141.893,259983.9706,-664008.1429,-1432101.31,237461.3737,-635886.9211,667044.4167,837519.6447,-707849.9175,851.7307,712.6924,695.5174,824.5982,604.9385,871.0818,900.1672,699.6573,843.9308,856.0883,869.081,831.3934,682.531,773.9818,693.9084,934.4809,1519.7078,1566.0071,1380.8083,1754.2345,1347.977,1539.6713,1548.1684,1517.1014,1433.1258,1445.1257,1467.5259,1060.2505,1965.3248,1789.3714,1726.2676,1260.8651,256.5193,232.5488,-21.4662,204.3722,-60.7423,-11.9557,23.5509,-46.1654,0.0529,-0.0095,-0.0294,0.082,-0.0569,0.0215,-0.0005,0.0146,46.2648,47.1981,44.6266,45.0387,39.5363,42.5316,44.3995,41.9521
71,71,52.95456,20.07468,9645.8,327.0,LOT283,0,11.0,42.429,2.9895,37.3388,47.373,88.2738,1.8254,0.0,0.9872,0.0402,0.043,0.1147,0.463,0.543,0.3851,0.436,-45.3577,-45.8892,-49.1612,-1.2834,0.3999,1.9706,223.8363,0.0062,-2276.7211,2226.4698,-1867.7466,40.7746,878.2994,253.2911,-19.0936,-691.3329,23083722.9964,23076353.5694,23666155.1727,21139856.2657,21946719.4087,23298680.168,20340456.4694,22290784.4305,-879244.536,765448.2978,-109854.9633,-412789.4382,1800725.9497,1504529.7453,-30180.6813,-1879371.8257,745.2373,908.5174,700.1859,880.7463,828.3107,992.6555,695.3835,652.2791,761.9025,750.3692,814.5957,682.3354,749.1501,934.3297,854.1721,716.1088,1643.383,1766.5442,1652.6657,1632.7512,1619.9135,1578.2421,1677.219,1763.4827,1606.513,1725.4205,1525.3212,1309.7762,1671.8779,1556.7814,1543.4148,1461.8611,-129.0203,140.2944,73.1834,-177.0487,259.0298,-65.8493,65.8335,-179.0449,0.0054,0.0433,-0.0119,-0.0221,-0.05,-0.0299,0.0227,0.0971,41.5615,43.4453,45.6469,43.1428,43.5273,44.5664,41.9007,47.2926
72,72,52.96568,20.06212,9658.7,327.0,LOT283,0,10.0,44.025,2.3907,39.1654,49.9811,88.521,1.6782,0.0,1.039,0.0658,0.0328,0.1086,0.4993,0.6557,0.4238,0.4303,-44.5664,-45.6375,-45.6957,0.5655,0.4267,2.1895,216.8223,-0.2753,-712.9093,641.9657,-2703.2365,1267.0238,2655.8875,466.0028,1874.7718,-828.2777,23571520.5288,21129813.2563,25257987.2572,21603833.1547,23037545.6368,24066997.7197,20654470.6398,23986607.5899,-1844730.1664,-957067.4436,-1217237.7989,1043144.9101,185544.3432,-870018.0346,960983.301,-992907.7338,892.4323,793.9458,849.8006,717.1061,825.6495,876.1683,669.5363,880.8001,1001.872,889.278,688.6242,836.5383,834.6529,949.6128,901.258,823.8221,1595.1973,1297.3501,1542.5841,1569.6138,1305.7858,1346.5789,1518.1194,1488.2077,1904.4929,1592.3133,1669.4556,2036.2471,1613.7986,1867.0377,1354.5433,1490.1904,14.6344,-347.5792,-86.0677,-208.5967,62.4988,197.9604,-89.789,163.4774,0.048,-0.0749,-0.1071,0.0012,0.0335,0.0123,0.0624,-0.0532,43.9127,43.1559,44.8668,45.5307,46.9011,44.147,41.1689,45.8746
73,73,52.9768,20.04955,9670.1,327.0,LOT283,0,10.0,43.5954,3.5474,39.31,48.5346,96.497,2.3636,0.0,1.0067,0.0559,-0.0214,0.0851,0.4857,0.4905,0.4469,0.4309,-46.9058,-45.6054,-47.9843,-3.957,0.5369,1.2126,220.6901,0.1914,-675.3045,-275.2093,1351.2852,4103.6848,211.5653,1975.4737,544.373,-2369.3319,21058317.1284,21683597.7158,23643778.7176,21884492.1804,21668257.522,21184354.2475,21658292.0546,22038205.6272,-715761.4746,-1669640.0126,-816903.6824,721668.2862,234718.4636,576774.3929,895599.8841,394339.5211,697.7954,642.2662,837.3452,900.441,700.1457,729.7327,892.1254,885.5388,858.3677,692.7003,824.6361,850.4006,828.8368,736.0543,891.7058,843.3412,1633.4971,1400.5114,1419.0117,1677.0254,1445.7915,1607.0808,1368.5083,1449.1047,1388.5019,1571.03,1531.7286,1589.4148,1413.5805,1372.2829,1293.5522,1481.5402,-186.4592,-230.3922,-430.3603,401.8717,159.8347,154.5575,-212.9977,-169.8238,-0.022,-0.0885,0.0063,0.0267,-0.0259,0.0717,-0.0819,-0.0232,46.5185,44.4235,45.1879,42.8883,44.3132,47.3838,46.4729,46.7158
74,74,52.98792,20.03698,9679.7,327.0,LOT283,0,12.0,44.8029,2.0712,39.4172,50.4191,67.2308,2.5944,0.0,1.0375,0.0489,0.0112,0.1226,0.4297,0.4995,0.3965,0.4474,-43.3828,-43.7144,-47.9105,4.9637,0.328,2.0063,222.3054,0.2196,-456.5709,2314.3919,-1474.4226,-155.1344,594.046,243.8339,-823.5196,-553.9303,20794821.2757,22781595.3993,23294262.6959,21378012.5498,26716971.2688,23326388.1238,24278562.1634,19819113.9236,-462379.8953,-924905.1041,-638458.6862,-79581.158,-121139.5276,-815300.7211,-359916.0826,-527688.5969,800.5872,786.1038,890.8579,924.8012,756.6727,1092.7902,799.2034,798.2717,689.4738,792.5367,842.3519,875.9016,861.71,832.308,746.0703,818.1753,1649.3347,1261.1756,1611.0623,1566.3224,1665.922,1422.5948,1119.7747,1407.4243,1608.9162,1312.6847,1306.4863,1493.3405,1459.9755,1372.6943,1074.1932,1459.4645,-104.3864,-111.7588,277.5591,-293.5098,-199.0637,34.6391,92.2496,232.2427,0.0087,0.0167,-0.052,-0.033,-0.0042,0.0707,-0.082,0.025,42.6047,41.0232,45.8651,43.7134,43.422,46.5617,45.145,40.1676
75,75,52.99905,20.02441,9687.6,327.0,LOT283,0,10.0,46.5396,2.9168,41.5621,51.622,63.3859,1.5904,0.0,1.0201,0.0546,-0.0421,0.0837,0.4348,0.5315,0.4153,0.3685,-45.5458,-45.8506,-46.6114,-4.9016,0.0846,2.3175,222.0753,-0.1359,415.9095,-405.8046,870.5723,3289.6237,1426.352,1162.2711,1914.5231,-1153.1828,22500736.0069,21244546.7161,18382412.9322,22098589.1596,23252727.307,21061294.8737,21195797.2777,21260118.8943,14857.9763,1192170.6322,-1434921.8108,80793.0438,-328781.0815,179391.2046,-998170.3164,148131.4139,823.5167,858.2684,766.6097,862.4832,827.7142,771.1079,780.4048,1017.4325,803.5085,685.0471,825.585,893.0213,731.0214,704.2893,755.506,764.5453,1456.2907,1580.8089,1432.8961,1285.4257,1480.8182,1679.6528,1411.7945,1428.8087,1540.1711,1391.9188,1591.761,1496.5082,1526.5679,1580.6144,1504.3171,1273.632,14.6299,250.5196,254.1825,125.7799,161.557,144.8854,90.5682,60.792,0.0212,0.0327,-0.026,0.0054,0.0634,0.052,-0.0172,-0.0701,43.4052,44.9318,45.2481,44.767,47.4201,43.6321,45.23,48.3994
76,76,53.01017,20.01184,9693.6,327.0,LOT283,0,9.0,44.9421,1.7983,40.4886,49.9767,98.4613,2.4394,0.0,1.0207,0.039,-0.0103,0.131,0.4817,0.5773,0.3834,0.3958,-45.9501,-45.8027,-46.9785,-3.6738,0.0766,3.2109,221.229,-0.3148,1704.3889,-3049.9975,816.5729,1263.5229,466.2248,-1915.6826,86.435,2851.1064,21892063.9049,20822007.1589,22515431.0282,23344944.8254,25032865.7301,23395942.8312,23561651.7724,18957971.9708,342006.1715,-850079.0928,700616.7903,-139162.6738,2227339.7,-263583.5811,-974873.7886,728386.4637,851.4469,804.5058,832.8989,668.5834,737.8812,662.6674,895.7793,868.0167,587.8387,992.6364,858.8367,899.0706,752.3303,774.2818,851.6787,834.6528,1702.0807,1689.6069,1501.8916,1579.0332,1577.8705,1676.3114,1727.0068,1627.0766,1778.0895,1210.7785,1239.3006,1680.9127,1407.9988,1817.3503,1740.6785,1539.4142,245.0833,-315.4391,-387.0532,168.9365,305.0329,33.4355,-143.585,-105.7251,-0.0703,0.0607,-0.0081,0.0954,-0.0818,-0.008,0.0507,-0.0295,43.9076,45.776,43.648,42.4859,42.2947,41.1183,42.3334,45.4346
77,77,53.02129,19.99928,9697.6,327.0,LOT283,0,10.0,48.4654,2.1879,42.7326,53.2651,75.8907,2.6743,0.0,1.043,0.0453,0.0164,0.0842,0.4606,0.5078,0.3951,0.3591,-47.6258,-44.9823,-45.2235,-1.5853,-0.0656,0.3624,222.2566,-0.3573,1759.1304,1067.9055,-262.1083,143.4683,-242.264,-771.1353,-2417.6798,319.4513,20807190.9224,23104943.2759,23849937.365,22097365.0972,24828325.2618,22645317.1354,24017563.0911,21593842.5807,157530.6765,526063.429,-154333.4208,-6453.3623,1985390.9891,-893276.9735,-1417996.4151,1124204.4314,842.7522,929.3639,843.1037,826.4612,553.5393,921.8292,893.7715,641.1619,922.7187,814.0055,857.4284,745.0864,910.9404,709.3412,634.7396,807.4384,1680.6399,1495.0183,1672.3234,1670.464,1569.1158,1270.3154,1508.6385,1576.5987,1532.99,1302.9994,1867.3604,1498.6085,1714.4181,1704.5117,1382.2602,1446.8171,-163.5581,199.5595,-170.0455,-6.0901,209.3326,-18.305,-90.9396,-156.6234,-0.0525,0.0351,-0.062,0.0393,-0.0383,0.0127,-0.0501,-0.0264,45.5054,44.6326,43.0788,43.9563,45.6819,40.0807,46.7618,44.8674
78,78,53.03241,19.98671,9699.7,327.0,LOT283,0,12.0,44.1123,2.6359,39.7591,49.1529,86.9297,1.5921,0.0,1.0193,0.058,-0.0614,0.0902,0.4808,0.5375,0.4514,0.4344,-45.8131,-46.7468,-48.3917,-5.1837,-0.1455,2.0983,221.3115,-0.3913,-34.5786,-931.8222,-1964.1051,-1125.8901,-1717.5304,1406.9648,2751.9188,-1117.5385,21922784.0951,24106326.7488,20800989.6632,21286119.8407,23093745.0328,20873608.2373,23553724.9868,22798476.1063,-736296.7928,-296123.2006,-432387.1401,-1052593.4611,-948642.466,703867.8673,1162995.7072,742692.0616,734.3823,713.5538,863.4345,838.0201,697.6835,741.9122,767.3589,832.9586,765.1458,851.4482,742.7611,807.2205,930.7824,740.1291,794.0629,703.3527,1699.1044,1311.5379,1356.96,1238.2006,1638.2464,1382.3715,1371.4739,1395.5308,1276.9332,1700.7079,1431.8057,1812.4376,1473.5296,1829.7898,1493.3867,1636.8669,492.3756,-278.0102,-19.9789,143.1737,-370.8034,64.9828,-140.9963,226.8446,-0.0077,-0.0591,-0.0038,-0.0015,-0.0247,0.0105,0.0001,0.0275,45.408,44.26,43.1365,46.418,43.4998,44.6816,45.7767,39.7005
79,79,53.04353,19.97414,9699.8,327.0,LOT283,0,12.0,43.2101,2.7323,38.6923,48.7801,72.1533,0.7963,0.0,1.0048,0.0562,-0.006,0.1211,0.4241,0.6019,0.3882,0.3797,-47.1603,-49.0417,-48.1407,0.3215,-0.0335,2.6115,228.2859,0.3327,2184.481,-1459.501,-2128.4245,-385.9307,-1253.9041,1050.3874,1774.5184,1629.823,21263268.0807,22255909.731,20699788.8377,22930681.5761,21639175.6563,21468220.809,22539959.0815,22430413.5392,775887.9609,72807.8695,-754208.784,-763270.3889,-1126939.2997,-1713043.6738,746528.522,-271216.5168,691.1193,819.5507,847.9251,710.5034,753.1567,796.9529,820.3279,828.3246,772.7832,656.1282,947.823,761.8125,631.4849,776.3453,674.2087,1060.1499,1481.2604,1295.9635,1354.6402,1428.7177,1757.7036,1555.8666,1611.7294,1666.1899,1477.4839,1456.5287,1323.7,1802.8825,1685.3167,1654.1503,1698.022,1502.6096,-289.3888,214.1528,8.4569,36.9266,-304.5431,24.3395,-330.9449,-289.4755,0.0174,0.018,-0.0331,-0.0118,-0.053,0.0075,-0.0456,0.0242,47.1765,43.4767,48.5856,43.7076,44.1487,43.7935,43.4353,47.4114
80,80,53.05465,19.96157,9697.9,327.0,LOT283,0,12.0,44.4463,2.2042,39.7784,49.2234,80.092,1.7579,0.0,0.9828,0.044,-0.0031,0.1445,0.4672,0.5535,0.4211,0.434,-46.1579,-47.9471,-46.1416,3.1379,-0.3494,0.9009,215.2778,-0.2916,-459.0871,1612.9533,-666.1329,-700.4146,678.3952,-3108.9842,-1131.7748,-2300.0324,20047125.7864,21071548.0313,22333035.9534,19782703.2132,21783548.8525,23322622.6598,17201226.2976,23494928.1896,187791.374,-1076792.2037,1213813.4092,1229371.1401,185806.238,-545271.8113,163838.2827,2174877.3463,758.5778,679.9842,677.8238,776.2846,781.6904,749.7042,905.2037,948.3322,784.5294,863.3893,934.4762,803.458,847.44,820.6109,699.1529,554.6576,1431.2851,1649.295,1238.0821,1426.4452,1590.0487,1416.9401,1762.7383,1563.4601,1646.559,1225.9467,1531.9655,1602.586,1317.2784,1619.7627,1506.6908,1268.9741,73.4607,-204.7616,-172.7739,-275.0794,-111.7309,276.2347,63.6776,17.6382,-0.014,0.0155,0.0257,0.0855,-0.0265,0.012,0.0199,-0.03,46.3697,40.7301,45.5536,47.5269,44.2114,39.848,47.9068,46.1749
81,81,53.06577,19.94901,9694.0,327.0,LOT283,0,12.0,46.3289,2.402,40.3973,50.9936,86.852,1.9654,0.0,1.0057,0.0411,0.0249,0.0605,0.3957,0.5116,0.3373,0.3425,-44.0752,-45.2342,-50.6958,0.5743,0.555,1.6389,217.3941,-0.1091,-852.883,-9.4302,1114.4627,63.9901,163.3292,-1591.9635,-3209.9705,2400.8843,20701066.5383,18298860.8976,23247226.2087,20845028.1558,22253422.5319,21027554.0404,21825975.5822,22150752.5567,233592.0836,-821841.7286,-1658321.0052,630904.2443,108052.6582,356173.0728,-1581211.65,-565412.331,800.4331,849.2831,707.2831,799.2321,844.7231,965.2672,773.5675,847.2114,879.0364,958.0851,737.0893,875.1727,737.8211,700.027,674.6675,939.8791,1477.3288,1518.7857,1202.7072,1421.941,1712.5752,1413.2937,1352.4842,1270.5433,1468.9487,989.7451,1304.1665,1090.3392,1642.5921,1178.1591,1952.3702,1436.6776,-96.1717,134.5309,158.8045,63.8479,69.2727,8.0217,-50.2044,-123.3798,0.0205,-0.0424,0.0239,-0.004,-0.0114,-0.021,0.1118,-0.0175,41.341,46.2705,49.103,45.1666,48.6159,45.8704,46.3222,46.5083
82,82,53.07689,19.93644,9688.1,327.0,LOT283,0,10.0,45.2068,2.6787,39.7325,49.7729,70.5649,2.2124,0.0,0.9669,0.0577,-0.0153,0.0656,0.4077,0.6332,0.3703,0.3905,-47.9391,-45.4187,-47.8753,1.4033,0.0863,2.2329,217.3668,-0.0368,319.6502,426.4623,-1434.2497,251.949,156.4404,-169.4559,1750.085,-164.8309,24141454.0731,22120707.5427,20801646.121,22096094.0303,21551386.6433,23101286.1318,21422303.2895,19011626.6383,-895628.187,1400094.2937,175463.5369,-927805.9533,627032.1561,1986493.5654,-68179.7363,803473.4803,713.5758,873.6395,766.8714,891.2901,736.4776,897.4794,905.1254,679.5406,852.4341,862.2887,847.1922,761.0839,797.1444,770.856,810.9802,822.8216,1507.152,1475.1297,1387.3031,1424.5011,1623.7422,1450.3352,1565.4696,1597.9193,1641.8034,1778.9359,1527.5123,1604.8234,1208.7022,1624.8487,1469.5043,1684.1787,-53.2831,-177.1116,-255.8683,64.2029,163.5785,-235.3021,81.1343,-19.6466,0.0155,-0.0039,0.0571,-0.0889,-0.0512,-0.0594,-0.0302,-0.0437,44.3151,44.2661,45.3905,45.5189,44.0385,44.632,45.4326,47.93
83,83,53.08801,19.92387,9680.4,327.0,LOT283,0,10.0,46.2031,2.5259,41.2621,51.7768,70.2848,2.3079,0.0,0.9731,0.034,-0.0135,0.112,0.4151,0.4389,0.4254,0.3558,-46.053,-44.6146,-47.9102,1.3375,-0.143,2.0907,218.676,0.1936,-1399.8908,394.82,-1054.142,275.7011,1407.5624,1400.6796,915.9421,-2466.4573,24000373.1027,21768351.7016,22363973.1031,23241665.6131,23499546.2217,24090274.0171,23175608.324,21893853.397,-1379637.3514,317163.7407,-146058.7252,591314.1429,-105891.4029,-1316948.8344,-1190440.6925,-766734.7036,687.6345,850.5644,888.4268,866.3724,821.1113,978.2784,709.0185,816.9191,566.9662,774.0278,743.578,857.5101,717.9659,794.5314,876.362,847.4213,1307.3712,1618.655,1563.8383,1364.9338,1454.7528,1471.2201,1677.9256,1578.8056,1602.9262,1334.1486,1345.541,1630.3757,1601.9371,1458.5422,1643.0388,1395.6634,-28.3414,174.5644,-389.2364,-161.7441,29.6321,-122.8011,271.3569,183.7882,-0.0445,0.0307,-0.0859,0.0461,0.0619,0.0384,-0.0188,-0.0376,44.667,46.145,42.2172,49.2567,48.2551,44.4989,45.6927,46.6119
84,84,53.09913,19.9113,9670.9,327.0,LOT283,0,10.0,44.7757,2.1307,40.2366,49.8935,105.3194,1.3013,0.0,1.004,0.0596,-0.035,0.1421,0.4292,0.6317,0.3591,0.4374,-44.7261,-45.2652,-49.0936,4.2448,0.5731,3.123,212.7117,-0.208,-1798.3016,-2258.2449,45.781,-1487.6853,520.479,1531.9421,896.5296,1034.2679,20721930.0858,20208336.4587,19146996.2926,23002007.7257,21470906.4642,21409195.6185,25055616.9877,23627536.1549,-895561.4773,449338.8203,2748919.3225,307365.4308,3051708.9119,557881.3026,482228.7997,-395350.7255,742.6748,762.4887,631.4035,824.9293,982.2491,758.0693,945.5529,890.5358,739.0472,950.8244,747.0756,641.0563,931.0284,927.3163,816.5413,821.6392,1229.5452,1588.3709,1709.7253,1725.1506,1497.6516,1569.5288,1690.2706,1581.2863,1575.8322,1343.8277,1071.6084,1065.8057,1326.7079,1093.072,1593.2831,1277.4878,35.5576,32.0759,179.2631,-333.323,140.3252,-131.8644,-76.5454,122.7697,0.0079,0.026,0.0101,0.0367,0.0011,0.0686,0.0254,-0.0611,46.2913,46.6997,46.1167,43.857,47.8335,44.1086,45.2277,48.3966
85,85,53.11025,19.89873,9659.7,327.0,LOT283,0,9.0,46.0739,3.0959,40.3344,51.3844,93.7451,1.3661,0.0,0.9904,0.044,-0.0092,0.1505,0.3829,0.5284,0.3624,0.3795,-45.4297,-47.4488,-50.8907,-0.9353,0.3473,2.2984,225.4133,0.2375,962.5509,1424.8155,-51.219,-2698.9781,-487.9576,-129.52,1320.7673,496.4587,23704400.1338,22795232.0848,23678101.8959,21943977.2374,22884859.5753,22246746.526,22559603.1732,24324097.411,-676618.735,864754.2808,-417417.5625,-465691.5702,696793.8151,-579995.1517,-761897.7652,1431049.4983,743.0887,648.7514,569.5633,746.5932,844.1167,750.792,650.6604,825.1966,846.9096,935.7965,928.6016,818.1836,815.9679,782.9131,848.1787,804.4176,1585.9935,1170.6586,1491.6203,1331.2195,1806.3599,1576.6395,1434.9967,1361.7925,1373.4572,1547.6913,1725.8302,1464.6136,1582.7076,1996.6977,1433.4811,1661.4691,68.9831,134.1396,119.3384,-53.2432,-52.9653,-131.1047,232.7285,172.9687,0.0542,-0.0583,-0.0862,-0.0403,0.0479,-0.0071,-0.0236,0.0078,45.9393,45.0115,44.0306,43.3281,45.5315,45.3014,48.4365,42.8068
86,86,53.12137,19.88617,9646.9,327.0,LOT283,0,9.0,44.5288,2.7211,39.4884,50.2073,96.9774,2.0047,0.0,1.009,0.0376,-0.0066,0.1202,0.5005,0.5966,0.3917,0.3562,-43.1181,-44.8303,-51.4202,1.836,0.2111,1.5721,219.0179,0.1173,-676.8703,1484.9597,-2857.5484,200.5192,197.8217,-457.1775,-3256.1782,735.4131,22847937.8699,20709422.4542,24561706.1221,21734160.2998,21996420.8749,21374741.4748,24503060.9125,22822286.1173,900493.0171,-525871.5999,-2057493.2652,1354724.4496,-158876.3738,-140662.4979,-20417.4406,-1080289.699,749.6264,856.7823,661.0744,901.9379,912.4604,988.136,911.3431,669.9745,876.9077,786.9332,586.5392,804.203,789.3436,780.0657,828.9136,812.199,1319.0716,1511.512,1353.4302,1406.7872,1338.8929,1630.6395,1471.7312,1767.6505,1409.8563,1502.9468,1610.3472,1505.9127,1551.0245,1466.9024,977.3651,1416.1033,-235.2158,352.7651,427.0351,328.7636,193.9936,268.2004,-205.8768,2.3551,0.0706,0.0121,-0.0352,0.0041,0.0153,0.0124,0.039,0.0647,42.0918,46.9904,44.7454,41.2442,47.241,48.6407,46.5172,44.59
87,87,53.13249,19.8736,9632.6,327.0,LOT283,0,11.0,47.1752,2.2253,41.6583,52.88,93.9993,1.3241,0.0,1.0428,0.0383,-0.0559,0.1439,0.4425,0.5126,0.3604,0.3418,-43.5116,-46.2513,-50.3629,6.4731,0.0348,1.4051,222.2905,-0.1604,407.8696,-338.0301,-1090.3262,-1936.8328,-1170.7117,-141.1285,-959.2816,1881.7809,21204762.4423,21719083.4424,22552932.7297,23483344.2303,22646985.7018,19972468.8236,21818186.4063,25827792.8299,918407.112,-1090848.2137,1026050.6607,-207265.343,-261554.4638,14235.8652,-832170.6283,-1634817.6931,742.5735,600.2503,868.9871,835.555,857.3005,990.1029,887.724,808.9536,744.966,847.1221,1030.986,734.6301,663.0565,877.4841,763.2969,760.4556,1496.5416,1730.9399,1538.6261,1578.5521,1589.5373,1396.5643,1418.8235,1417.7898,1622.1628,1462.4265,1153.4264,1566.2171,1546.8735,1340.3724,1267.1187,1214.9365,-215.409,93.8772,-483.0439,279.9597,89.8388,-325.5668,60.2017,330.536,0.0493,0.0104,-0.0232,0.0259,-0.0283,0.044,0.008,0.0161,44.8761,42.9997,46.2805,42.8239,44.9768,43.9835,45.9244,45.5656
88,88,53.14361,19.86103,9617.0,327.0,LOT283,0,11.0,47.0754,3.3845,41.2408,52.9193,68.6546,2.0424,0.0,0.9646,0.0393,-0.0064,0.1191,0.4822,0.5582,0.4333,0.4133,-43.4648,-48.4138,-48.2375,-0.4353,-0.1371,1.7947,217.457,-0.0406,-1617.5645,2990.9207,-1059.759,-1984.8845,-238.0311,-555.8855,1308.5643,295.6996,21623936.2791,22377704.0405,21892517.0075,22309444.0374,22047366.1683,22592259.967,21474479.7248,23080427.8987,-6134.5347,-775263.2856,-48016.7277,329983.1584,347453.7926,-431820.7913,-368695.4973,675896.8996,713.9349,665.6095,826.9344,757.643,681.1191,830.531,632.9034,803.8059,744.5475,707.3324,947.898,696.3662,931.055,846.3574,747.7089,832.4366,1633.2237,1353.304,1689.0132,1513.0849,1511.3136,1611.9727,1443.4987,1214.9392,1296.1044,1720.8255,1469.1493,1575.6949,1271.047,1746.3528,1322.2379,1241.7489,-334.283,90.0895,-348.6546,2.8845,224.4936,-26.1017,95.1826,-78.8461,0.0237,-0.0687,0.024,0.0395,0.0031,-0.0425,0.0764,0.018,48.3081,40.9558,46.0066,42.4602,46.9016,40.2534,46.2481,45.3121
89,89,53.15473,19.84846,9600.2,327.0,LOT283,0,11.0,42.9182,2.2015,37.6153,47.8867,88.6152,0.894,0.0,0.995,0.0461,-0.0103,0.0919,0.4699,0.5746,0.3986,0.3845,-45.9239,-45.5813,-49.6686,-1.8657,-0.3934,1.8281,223.7784,-0.2018,755.7382,2247.8879,-2256.3702,-1349.1812,1157.8494,39.1184,4478.7356,282.1086,23380350.0418,21543730.2924,23355772.3301,23322280.4998,24232226.2535,22417104.6936,20044202.4145,20815755.6924,514055.0131,19019.7684,753709.5065,874845.7485,-730843.646,-2030906.5498,463117.2921,671902.4352,869.898,983.8166,745.1936,865.8283,674.7265,838.4065,768.2546,943.7234,749.0176,610.0335,932.0492,671.69,747.3479,731.8348,776.7655,970.0179,1359.1881,1489.3295,1579.5085,1297.1738,1359.2202,1367.4782,1638.1067,1583.7488,1666.645,1641.1211,1495.0347,1619.9914,1310.7453,1579.6271,1279.9966,1807.9947,194.9183,111.6478,-15.4334,-102.3384,276.3029,296.0669,50.3606,-103.0641,-0.0078,0.0346,-0.0416,0.0029,-0.077,-0.0412,-0.0375,-0.015,42.9301,47.7649,46.8359,49.4754,45.8057,44.0412,44.5378,43.9912
90,90,53.16585,19.83589,9582.4,327.0,LOT283,0,11.0,46.6115,1.9511,41.3818,50.9945,96.2497,1.5735,0.0,1.0055,0.04,0.0336,0.1392,0.5345,0.5348,0.407,0.4144,-42.5214,-44.3244,-48.6825,2.2438,0.1661,2.617,218.7792,0.1842,515.2525,-873.7806,1741.097,-1419.676,2153.9581,-1712.4904,810.8879,-2946.8943,23109738.7969,22660448.4737,21773549.4095,23371417.9737,22745436.4534,24310035.6932,23707458.0749,21021902.8412,-717315.5953,8576.8854,-300249.7338,-1565116.5148,-833391.4277,231318.4483,1008341.8609,829775.443,865.7477,752.6811,802.9094,805.9125,816.1604,909.3173,984.2886,832.7409,671.5327,690.1904,652.0963,757.2347,787.6953,698.314,835.1075,840.5942,1650.5549,1581.8832,1498.286,1429.4317,1622.811,1498.4043,1433.0029,1515.9077,1610.6247,1765.277,1854.0947,1515.8184,1539.6379,1557.7252,1131.258,1567.3178,6.8635,215.4513,-51.1991,123.77,73.3829,-173.1684,-262.7368,290.0106,0.0058,-0.0234,0.0602,0.0759,-0.038,0.0668,-0.047,0.0944,44.9528,41.2571,45.2124,49.3093,45.1785,47.0778,42.5036,43.4814
91,91,53.17697,19.82333,9563.8,327.0,LOT283,0,10.0,42.9829,2.4729,38.4643,48.3016,91.1677,2.2455,0.0,0.9448,0.0473,-0.0261,0.1112,0.4061,0.6127,0.3907,0.3871,-44.9235,-47.0622,-48.7942,-4.0382,0.1529,1.6425,221.4051,0.0214,1079.1034,233.8966,63.7814,1153.6744,333.7156,971.7647,-1769.4166,-197.2647,24323420.2214,21022780.9655,26277653.8718,24276041.4434,21934735.6259,22274388.5761,21069383.9059,24345301.7147,-828473.8638,760836.4895,-1101506.9443,1097428.6533,1199118.5667,1983744.4522,-85325.8734,240238.8846,819.0128,708.2069,920.3893,784.3173,830.0495,708.367,1063.7064,604.0488,907.5308,809.2636,813.082,800.0534,958.3148,750.5063,780.1537,765.6098,1498.9176,1604.0777,1581.1213,1516.1101,1373.4768,1512.2834,1496.627,1391.6725,1793.7071,1797.7598,1379.5068,1192.0464,1430.0031,1630.6291,1470.9709,1415.746,15.672,18.619,-142.562,-210.0095,-95.0829,-255.4143,-106.0951,379.9592,-0.0128,-0.0545,-0.064,-0.1064,-0.0628,-0.0164,0.0623,0.0082,45.1884,43.0739,44.5971,44.5291,43.5604,46.3952,44.8363,40.8087
92,92,53.1881,19.81076,9544.6,327.0,LOT283,0,9.0,44.0791,2.7255,39.3349,49.4785,81.4675,2.4323,0.0,0.9865,0.0378,-0.0242,0.0818,0.5059,0.5558,0.3865,0.4024,-47.0175,-44.4954,-47.6937,0.1516,0.2555,3.2389,225.4829,-0.0305,1221.422,-764.4343,-3196.5755,837.224,-200.4023,-1133.4488,-1132.1264,1492.8927,22295804.4854,21608219.0017,19608331.1567,21554728.3355,21263741.3053,22533329.1605,18973789.7051,22378867.331,787670.7307,-372464.1479,-528688.1171,-2307944.0957,-1127854.9887,881651.5604,1722342.8191,-155146.0213,1124.0546,826.8881,893.6035,912.572,748.1268,749.6367,759.7444,750.7776,1078.2859,763.5043,666.4463,752.324,908.5608,937.3122,760.0765,826.042,1727.3229,1455.4153,1375.3362,1632.4951,1403.7702,1473.5582,1395.1588,1344.7279,1490.2801,1416.0104,1432.2297,1563.4013,1429.3171,1539.8422,1581.8544,1650.6459,-232.9913,-124.0537,-113.6933,171.6466,118.7749,-255.9402,-367.3439,92.1781,0.0138,-0.0614,0.0516,0.034,0.0133,0.0393,0.0068,0.0282,45.9164,43.4749,44.3776,46.2739,47.4996,43.1265,45.9877,46.9967
93,93,53.19922,19.79819,9524.9,327.0,LOT283,0,10.0,43.9573,2.5053,39.022,47.9705,77.1795,1.588,0.0,0.9963,0.0528,-0.0014,0.1253,0.5444,0.4902,0.3672,0.405,-44.8257,-44.9,-48.7024,4.342,-0.0217,2.5884,219.3008,0.1965,1598.4536,-3.8956,-508.1791,-757.8785,-2004.9369,1740.6469,307.6796,2033.5395,23056084.3003,19366655.6562,21405797.6069,25674796.9763,22888747.7371,23329372.7208,21069226.4238,20545484.5613,292318.5937,-895039.1978,140584.3033,758990.7656,601718.2613,-1628007.528,411324.169,1073281.5629,664.5913,856.6227,753.4704,811.859,811.9977,819.5761,775.2913,846.2287,973.2753,746.4978,632.9928,846.9778,838.306,922.475,722.6623,757.0845,1717.9709,1461.3724,1714.3007,1289.2913,1326.2995,1475.4106,1316.5605,1426.6529,1611.3732,1407.3934,1628.9039,1556.3776,1288.2534,1469.5276,1513.3374,1812.9383,-274.5372,-108.351,-33.6853,-244.9798,-219.6879,-55.7689,-46.7484,74.2775,0.0508,-0.0118,-0.054,-0.0178,-0.0382,-0.0701,-0.0012,-0.0018,42.4081,43.3543,44.7597,47.5981,45.4663,43.7208,39.2401,47.4511
94,94,53.21034,19.78562,9505.0,327.0,LOT283,0,9.0,44.6745,2.3145,39.0552,50.329,62.9842,2.1641,0.0,0.9888,0.069,0.0133,0.1261,0.424,0.5331,0.3988,0.3483,-46.0202,-45.2748,-48.7471,-1.933,0.0256,2.2941,218.4124,-0.1079,-1311.5163,663.9493,-706.8613,-2458.6459,-229.6405,-1862.9254,1389.8075,891.4451,26140032.8011,21577489.8181,23523310.2071,26795521.8932,25051788.9574,21389600.9183,22872525.6827,22716896.4725,-568888.5182,-980734.3873,219015.5295,-2570171.8827,1716389.7542,2287012.3698,-935155.9127,-28153.3837,839.7636,718.1908,824.7615,811.1312,896.7847,818.1701,780.5014,848.426,869.0551,754.5958,837.4238,756.4687,593.071,744.6691,867.0742,666.4333,1363.9398,1250.5345,1399.5071,1597.1489,1385.5141,1695.596,1442.0698,1493.9619,1217.963,1574.2239,1598.7432,1574.4278,1382.8631,1431.639,1588.1278,1556.0493,-334.0822,-135.0254,-284.0157,29.295,99.0791,-293.8455,343.309,24.0516,-0.0275,-0.1004,-0.0036,-0.0208,0.0423,-0.0709,-0.0519,0.0247,42.0695,39.7447,44.1499,47.5772,43.9443,43.2669,45.8942,42.6736
95,95,53.22146,19.77306,9485.0,327.0,LOT283,0,9.0,43.1648,2.4189,38.9955,47.4302,88.8089,2.0548,0.0,0.9568,0.0491,-0.0246,0.1132,0.5352,0.5496,0.404,0.3993,-43.8159,-43.6434,-46.4514,2.1509,-0.796,1.4695,221.6863,-0.0693,1707.6509,-1818.1219,-1594.0231,-3449.8561,56.335,-2741.7484,-1725.9544,-1745.1412,22931127.807,23297881.0997,20275367.742,21238060.7354,20866732.4426,21610406.4659,23671428.6064,23541339.9329,471277.8768,-1644872.5228,539309.4767,-808793.4326,-548856.1308,656432.9093,681769.1521,-399936.684,583.0113,739.9502,800.5663,739.7276,808.5427,633.668,887.6302,750.6438,718.7569,705.248,950.258,705.2148,965.8699,773.0909,811.5857,718.567,1500.3184,1363.3229,1234.6554,1622.9969,1857.2473,1511.153,1242.3314,1658.9288,1623.0452,1267.6187,1467.3241,1203.1913,1291.9647,1483.6479,1485.013,1523.8177,142.6917,-177.788,172.5479,226.7146,-396.7939,194.9529,-159.1005,82.8336,-0.0231,-0.0471,-0.0402,0.0607,-0.0209,-0.0362,0.0308,-0.0605,45.6048,45.5962,43.6103,43.5151,45.81,48.1663,48.249,43.8224
96,96,53.23258,19.76049,9465.1,327.0,LOT283,0,10.0,44.3605,3.0459,39.4014,50.1458,83.6461,1.8215,0.0,1.0108,0.0591,0.0074,0.1262,0.4433,0.6349,0.4045,0.3597,-46.8048,-49.3088,-49.6248,-2.4735,-0.3111,2.5954,222.6783,0.1041,1416.946,-1665.8042,2010.5601,2966.9442,1385.3336,669.752,-1465.2332,-55.5604,22892145.494,24449709.9908,22482276.5054,22078213.6162,21827075.9345,21492313.5519,21548846.8959,20665350.6189,-105087.7168,-92303.3953,1405851.3634,-1267009.4579,497744.835,28539.2237,-658752.3041,28533.8628,814.726,776.6947,893.2405,878.5169,787.5471,641.3453,792.4239,870.1617,816.6342,727.4204,676.8831,860.4663,842.582,813.1975,628.7843,854.5752,1419.8637,1727.4957,1822.4157,1740.0581,1494.307,1334.166,1296.8063,1510.2521,1423.2112,1202.912,1382.1909,1479.0116,1615.1994,1391.0099,1339.6714,1701.837,49.2624,-75.7077,197.2267,452.9511,259.0856,-257.2676,-496.6992,228.2974,0.0555,-0.0385,-0.0812,-0.0054,0.0648,0.09,0.0447,0.0449,42.5428,41.7101,43.7402,48.3248,45.9205,42.8633,45.2349,48.1802
97,97,53.2437,19.74792,9445.6,327.0,LOT283,0,12.0,42.9955,1.8867,38.873,48.7146,78.6611,2.4695,0.0,0.9793,0.0442,0.0509,0.1049,0.4115,0.5947,0.3525,0.434,-46.5117,-46.0055,-48.4786,1.902,-0.1533,1.7814,216.3711,0.3259,3368.3452,-251.6977,-1123.5175,-197.6425,-309.6046,-29.6381,-824.467,619.169,21900309.339,19498307.8355,22036502.7966,20826194.3909,23064822.7915,19845538.5761,23601777.323,20903239.4086,2295244.2918,-209886.2613,718413.2161,870837.3599,-375762.2275,238165.8884,-731499.0253,994501.4011,919.7448,778.5038,877.9727,776.4978,783.7071,747.4742,1019.4314,892.8508,833.6981,570.2529,724.5263,802.9233,712.6792,820.0359,895.5953,798.1806,1581.4916,1591.781,1696.5444,1624.4836,1867.6072,1231.1024,1505.3562,1656.704,1619.204,1267.1861,1662.271,1407.4166,1420.7547,1462.6324,1646.9944,1273.5218,-115.9097,-46.6382,71.6225,-149.9725,30.5961,-15.186,118.8147,-227.4776,-0.0541,-0.0182,0.0989,0.041,0.0175,-0.0514,0.1108,-0.0034,50.4343,41.7752,45.8841,40.9823,43.7892,46.734,48.3274,43.8681
98,98,53.25482,19.73535,9426.7,327.0,LOT283,0,9.0,44.2718,1.9052,38.9952,49.6894,76.7617,2.8518,0.0,1.0279,0.0598,0.0038,0.0405,0.4583,0.571,0.459,0.4085,-45.5972,-47.3485,-49.3843,1.1576,0.1036,1.1604,220.2692,-0.0758,-1341.1588,-319.2673,627.2003,-1407.2077,2251.0101,-1651.7171,1969.9838,3628.2981,23268387.2945,22961791.6071,22518625.2007,22911400.6953,19119707.681,23268250.3777,20023864.7523,22712119.899,-683655.4491,432306.6793,623852.7163,-541399.5016,376628.8765,-245530.4903,1032257.7716,188359.756,821.1928,766.5751,682.0561,728.1382,670.4609,797.358,805.8153,821.6738,994.8445,737.2672,1070.1006,691.8197,709.4234,727.5558,804.1078,660.1249,1502.3078,1683.6234,1379.2328,1273.1342,1518.2767,1509.7234,1444.4981,1506.6874,1569.6495,1735.876,1626.1345,1392.0818,1620.1273,1234.7388,1399.2852,1487.0349,23.1879,-138.9787,-197.9763,170.7311,162.0565,-145.9075,-131.072,-100.4515,0.007,0.0764,-0.0595,-0.0206,0.0001,-0.0275,-0.1156,0.0046,49.4015,45.68,47.7076,42.7318,44.5804,45.9624,45.7848,43.3109
99,99,53.26594,19.72278,9408.5,327.0,LOT283,0,9.0,45.2565,2.8082,40.4508,49.4566,74.9236,1.8653,0.0,1.0012,0.0575,0.029,0.0957,0.4491,0.615,0.4154,0.3989,-43.0037,-47.3723,-50.2005,2.1745,-0.0719,2.1943,218.4907,-0.1046,-500.4354,1342.8451,3131.3503,-2120.613,482.8136,-832.3713,-694.7314,142.2464,22080567.1605,25334784.9136,23476820.9292,21802822.6223,21904322.2484,23394863.4825,21681759.6889,20938016.2739,-76974.446,722297.2739,-805590.8033,-906613.9087,52694.7046,-1253290.4294,-211791.7647,-165210.6117,735.887,1018.6901,927.7315,796.8727,895.9324,835.9344,527.895,780.8215,816.8651,665.7898,680.0228,679.0953,871.2556,759.0778,774.1689,732.3146,1799.8895,1224.3939,1463.8563,1496.109,1482.8015,1452.3549,1536.3837,1494.8715,1467.9497,1106.0363,1312.1244,1358.4833,1680.2372,1064.5459,1603.8652,1777.2594,305.8407,135.3142,37.0278,-128.0363,-39.5519,-185.1165,-296.4615,-55.2508,0.0337,0.0276,0.0593,0.0029,0.0099,0.0777,-0.1034,-0.0713,45.3021,44.3895,47.7798,44.4145,44.4296,42.0752,44.9442,42.7671
100,100,53.27706,19.71022,9391.2,327.0,LOT283,0,11.0,44.5196,2.5565,39.771,49.1732,75.7231,1.9696,0.0,0.9869,0.0415,0.0011,0.1163,0.3885,0.5432,0.4025,0.3755,-46.4546,-45.3374,-48.8112,0.6835,0.2695,2.1405,225.9614,-0.1545,1880.4719,-31.2485,-1233.6623,-981.5871,-513.9271,3063.483,959.2854,-1036.6984,20469146.8343,25185331.7864,20226087.5667,20568530.9452,21338857.955,20708176.6679,21000819.2873,19545668.0587,150324.2203,-88460.7914,-1822964.4332,257799.2724,295511.5794,215371.8008,1575800.6601,33782.0575,873.6203,760.6411,620.5213,798.8285,665.9881,711.8209,716.1028,758.8132,768.6209,778.4682,698.6351,679.4282,851.3925,853.1265,1030.1939,723.0893,1025.0871,1541.5074,1555.5732,1438.1601,1418.7904,1232.9658,1443.9334,1480.9358,2035.3942,1433.4053,1683.1894,1904.0825,1581.9977,1498.5408,1489.1611,1153.1623,-214.599,-5.1163,-103.7238,-85.2526,391.8984,-96.3064,145.4456,221.5501,0.0424,-0.0187,0.0658,0.0378,0.0476,0.0374,-0.0755,-0.008,43.7409,44.0159,47.0869,43.87,43.0959,46.7264,44.0433,40.6907
101,101,53.28818,19.69765,9375.0,327.0,LOT283,0,9.0,46.7321,1.5021,41.5031,51.6701,82.0747,2.6579,0.0,1.0204,0.042,0.0357,0.1016,0.4884,0.6132,0.4266,0.3775,-45.5806,-46.4632,-46.9429,-1.8839,0.2028,0.6844,214.1163,0.005,359.2341,1052.364,-1635.4999,-1469.9856,-2736.0013,1756.1957,1220.9985,-127.3491,22878387.8748,21419770.5551,23047117.4278,24135587.0571,22147314.5805,20842269.9623,24303785.5877,22515225.0612,965936.6099,1050337.8676,-952188.3988,41277.9042,261594.9432,1239262.103,2188833.1652,1929046.3864,897.1401,1040.2021,740.0896,786.5297,849.4053,760.8603,960.6019,607.4291,892.43,798.064,647.4816,844.6663,803.3578,934.2768,726.0642,958.8688,1552.5159,1437.4022,1638.9512,1589.5694,1508.8214,1472.3907,1692.1629,1234.5034,1539.9655,1457.7706,1341.6496,1706.5089,991.0215,958.1779,1729.0235,1481.9239,42.0969,293.1161,-25.5524,-187.5336,-495.1289,-180.2947,-28.9797,-27.6063,0.0153,0.0291,0.0787,-0.0136,-0.0231,-0.0243,0.0119,-0.0289,45.4497,45.1424,45.0626,45.3689,47.5789,44.864,45.1431,43.6044
102,102,53.2993,19.68508,9360.0,327.0,LOT283,0,12.0,44.5055,2.8458,40.3709,48.5149,80.8682,2.7062,0.0,1.0169,0.0545,-0.0158,0.0871,0.4234,0.5349,0.3619,0.401,-43.7126,-46.6599,-48.6654,-3.1487,-0.0578,0.998,222.1245,0.0621,2021.7301,-1370.8308,1315.3012,-1478.3974,-1244.5295,1117.7577,-1664.2262,674.8291,21169873.4846,21521280.8231,20504140.3279,20408436.3594,22902522.924,22492788.4623,21083087.8461,20216624.9902,-2352194.9507,-226910.9262,-164814.2065,-56364.25,974113.8301,816443.2881,-1918385.8754,-1582578.4097,889.7634,872.5729,610.4714,912.5071,738.7933,799.5256,864.7181,938.8079,858.1179,810.5938,907.8385,847.1783,750.7478,745.6018,912.3135,861.7865,1638.3894,1360.2418,1553.5833,1272.8005,1520.994,1581.9388,1561.3067,1474.8312,1621.5354,1433.8765,1639.0283,1124.6191,1587.8078,1800.8396,1283.4738,1334.427,-244.8029,199.736,149.216,258.4864,165.7795,-30.0749,248.7765,181.2926,0.0065,0.0175,0.0546,0.1099,0.02,0.0483,0.0826,-0.0496,45.8858,47.4691,43.962,47.1116,48.9033,47.3709,47.2398,46.7066
103,103,53.31042,19.67251,9346.5,327.0,LOT283,0,12.0,47.4877,2.6018,42.0651,52.7199,62.2885,2.3045,0.0,1.0065,0.0669,-0.0141,0.0975,0.4473,0.5108,0.4187,0.4277,-45.2934,-44.1639,-50.218,0.1075,0.3141,2.2126,223.9556,0.0193,752.305,379.1601,2480.9174,425.1725,122.5845,-1227.687,-437.4613,-958.2935,22677204.2848,21215864.258,24066946.4871,22258589.7465,20520428.0546,19082855.4175,24053105.3361,24382829.8258,838219.6963,570140.761,388162.5942,640892.3344,-1055967.8905,130473.1183,-835895.2158,-750316.436,886.3907,879.6078,686.8081,787.5979,913.5114,837.8272,738.3512,939.401,971.0915,717.9924,896.8839,761.0103,934.4197,891.0237,934.1151,877.6291,1413.0324,1612.989,1785.1023,1619.0055,1571.8174,1376.801,1407.9215,1342.3509,1598.1324,1349.7185,1824.5415,1746.7375,1354.2481,1258.8172,1282.3402,1641.5055,108.5054,176.077,-504.4973,42.5391,-21.7898,411.3839,14.4156,25.218,0.0749,-0.0717,-0.0124,0.018,0.053,-0.0714,-0.0211,-0.0395,44.4498,42.8733,45.6423,44.2441,46.3151,44.1405,44.4118,44.8364
104,104,53.32154,19.65994,9334.4,327.0,LOT283,0,11.0,45.1507,2.0947,39.1971,50.8257,89.6657,1.7206,0.0,0.9793,0.0277,-0.0301,0.0925,0.5073,0.5218,0.3692,0.3753,-45.2026,-44.6366,-46.9726,4.7397,0.0352,1.658,217.9668,-0.0762,2364.6934,42.7046,923.1859,-2222.231,808.3197,186.9332,-373.7806,-754.5739,18438172.161,21823479.4113,22161744.6173,21668337.4698,21675732.1547,19765259.7824,20858727.465,20456716.561,533230.369,1373431.3794,-1665139.1127,543762.2131,-1189284.3004,-108039.2107,2087522.4759,2602086.2478,801.6538,771.0014,722.6211,757.8152,952.2488,764.4013,814.49,880.0001,871.9974,711.3385,1017.3949,697.5004,830.464,753.0118,737.4231,796.4157,1576.0074,1326.4614,1483.7599,1569.8601,1573.2316,1594.8686,1617.2581,1330.0546,1476.0946,1515.2052,1364.2067,1606.8617,1589.7037,1433.1293,1532.2046,1904.3578,253.8511,-215.8143,-235.4415,-176.6673,-406.8071,56.9658,-161.5554,-17.4307,0.0031,-0.0296,0.0277,0.0019,0.0139,-0.0312,-0.0607,0.0268,47.5597,46.9911,44.6359,46.3907,46.5865,46.7613,44.0091,48.0367
105,105,53.33266,19.64738,9324.1,327.0,LOT283,0,9.0,43.6125,2.4838,37.8435,48.7373,92.1787,1.1649,0.0,0.9626,0.0368,-0.0111,0.0935,0.3874,0.5039,0.3613,0.3727,-42.9742,-47.8594,-48.7941,0.1538,0.2024,2.3925,219.585,0.0825,-1996.6047,-26.3271,768.444,679.0054,-362.8308,297.8513,802.3866,2137.806,22543934.381,20706588.4716,21694444.4206,21816568.7407,25275090.3593,19186676.2657,20703975.4222,21497769.2512,147237.3307,-298389.1978,675408.2079,-1759348.772,546470.8671,644300.0463,758540.8048,234927.5483,890.8137,870.9755,696.5658,831.604,902.658,972.7931,788.9025,807.7872,947.644,928.6943,814.652,921.2207,800.8157,860.4449,711.2552,669.5569,1348.984,1419.7682,1473.624,1818.7776,1734.4027,1869.3725,1500.0586,1609.4922,1537.4348,1460.7474,1315.7014,1513.0876,1557.7313,1542.7774,1765.3641,1638.8421,80.0926,-18.7107,-551.1366,106.9643,-261.4009,93.9308,384.6082,-492.655,-0.0171,0.0013,0.073,-0.0074,-0.0079,0.0324,-0.0778,0.0051,40.9674,43.3234,44.0813,45.7349,48.3326,45.8381,47.3118,45.2223
106,106,53.34378,19.63481,9315.4,327.0,LOT283,0,10.0,44.1033,2.8456,40.103,49.3827,86.1894,2.4993,0.0,1.0218,0.0432,0.0439,0.1886,0.4377,0.5414,0.4458,0.3879,-44.2631,-48.0363,-47.6668,0.1938,-0.2074,0.6693,222.256,0.1245,1119.3933,660.8273,1629.669,3142.1682,-1941.2254,960.0655,-1293.4808,477.0449,22654966.0906,22695292.0873,22334756.1128,24346973.8809,21857073.7322,23145683.5061,23610494.2933,23494048.2829,2829291.2636,333158.5454,1853781.6214,303087.1418,327378.3793,-1627804.3414,169923.7362,1266972.7548,918.7491,721.2396,833.3875,871.4054,901.5039,785.6107,860.5311,728.3459,807.2861,818.8824,868.4921,870.6783,700.2834,828.8789,847.8861,864.9256,1560.3968,1546.797,1480.1886,1369.1194,1410.4869,1621.0156,1502.6947,1825.8435,1663.0216,1449.1469,1212.8344,1561.5214,1368.6044,1466.4767,1625.1679,1426.2511,-23.8403,-235.2087,-197.7217,393.4443,186.854,-85.0349,144.3986,253.2148,-0.0946,-0.0282,0.0158,0.0152,-0.0117,-0.0479,0.0174,0.0799,42.6206,47.1204,45.6888,42.299,45.7399,47.9178,47.6001,41.7804
107,107,53.3549,19.62224,9308.7,327.0,LOT283,0,9.0,44.4353,2.5781,38.8326,49.1439,77.4709,2.56,0.0,0.9787,0.0517,-0.0684,0.0998,0.5142,0.4698,0.3639,0.4171,-42.3849,-46.4188,-46.8246,3.3644,-0.1954,2.5843,216.0013,-0.3195,-2664.4474,-317.7693,-47.3429,1085.463,1754.2153,599.0306,999.0924,1622.5272,22170688.9932,21934256.9062,23785390.7119,23518142.9405,22171016.0699,21052399.2795,21849927.9303,22971032.4465,311625.9485,740531.5357,793146.7559,-194852.5504,212057.3288,57915.6347,936817.4753,-334978.7171,885.8759,819.9173,713.2775,698.6815,733.4312,858.7586,869.7608,720.64,821.3263,791.5097,672.6289,900.8606,927.3506,978.8513,693.4112,696.2001,1674.2421,1695.864,1111.6217,1273.9124,1527.9279,1561.0038,1406.8064,1558.2105,1553.73,1440.2233,1357.9822,1745.7697,1881.2759,1161.7528,1593.122,1804.4693,59.0466,-196.8818,-91.3938,226.0805,-28.1756,160.0225,146.1624,61.8912,0.029,0.0808,0.1162,0.0049,-0.0369,0.0396,0.0101,-0.0162,44.7145,45.7363,46.2558,44.7425,42.4206,45.2542,43.496,42.5106
108,108,53.36603,19.60967,9303.8,327.0,LOT283,0,12.0,43.2734,2.7478,39.1766,48.4369,82.6308,2.2642,0.0,0.9976,0.0581,0.004,0.0798,0.5448,0.5498,0.353,0.3789,-45.0089,-44.6543,-50.0633,-1.0698,-0.5554,2.8978,226.075,0.1061,-1068.5028,16.221,1719.537,2281.5019,3515.9469,1957.0574,119.8406,1165.4963,22790133.9093,20482262.6268,23576160.5832,22395972.6221,22547596.1091,21544639.3449,21629945.7825,18792314.1291,-728675.9292,350234.1754,1893423.591,990340.1924,-383315.2765,2808884.445,25768.6133,-724503.2356,826.5362,761.5511,784.4834,807.7652,576.9212,907.4952,698.4348,940.1317,779.2336,865.2205,879.6633,763.5443,641.5757,640.0766,852.6201,849.7902,1108.0504,1353.1995,1413.3302,1753.9364,1596.6666,1588.7688,1305.7108,1762.8105,1238.3869,1448.8553,1505.0563,1316.7736,1239.6778,1435.6121,1489.5472,1740.5799,302.8223,60.0628,-384.6756,186.8168,-85.217,1.9381,126.4194,178.8229,-0.0181,0.0492,0.0129,0.0015,-0.0038,0.0341,-0.0442,-0.0248,46.3598,45.1232,45.0774,44.2879,42.2489,45.6981,47.7966,46.3941
109,109,53.37715,19.59711,9300.9,327.0,LOT283,0,11.0,43.0939,2.1332,38.6432,47.882,72.1481,2.1949,0.0,0.9866,0.0407,0.0313,0.1264,0.4596,0.648,0.3998,0.393,-46.219,-43.4388,-47.3248,0.3072,0.0667,2.4626,222.5739,0.0518,940.5213,-3593.5097,-403.022,466.8892,-1747.5693,761.6474,-1349.1891,593.0436,21074486.2227,21842112.8202,19020736.5341,20611869.3941,23206328.2249,24016652.2279,20887176.0941,20853049.9212,361340.1952,-668116.564,-2424244.7307,-322009.9016,-421476.6438,-2051360.6256,222991.3129,1228443.0628,718.6634,686.5059,709.122,722.0459,783.9712,611.1859,813.3494,519.0886,593.5453,729.8337,821.2733,911.5698,870.4581,742.1125,806.0575,860.6592,1491.5281,1691.6239,1361.6581,1781.8715,1558.6895,1706.4171,1566.6338,1362.4086,1441.0887,1141.171,1659.8906,1557.0221,1275.5072,1763.0494,1333.6877,1566.5234,240.6049,59.7544,80.5546,155.8867,77.1057,-365.0807,-23.8517,-48.2609,-0.0256,-0.0132,-0.0138,0.027,0.0058,-0.021,-0.0048,0.0381,44.4712,44.4974,43.129,45.7828,46.3892,42.1287,38.6828,47.2196
110,110,53.38827,19.58454,9300.0,327.0,LOT283,0,12.0,45.2003,2.5203,39.8816,49.8049,71.188,1.8582,0.0,0.9931,0.0558,-0.0307,0.0604,0.4877,0.5615,0.3594,0.4131,-43.6466,-46.8118,-45.6315,1.4472,-0.0392,1.0172,219.4099,0.1537,299.0331,-510.2922,-174.8001,175.2548,1162.6624,238.5197,-233.9846,1817.1969,23593151.1368,20318114.5616,25721533.5183,20028932.7609,22102612.5637,23252518.8286,21052066.6421,19120773.7737,67382.6089,-276889.459,18802.5489,1542379.1059,679137.9938,-1075822.2801,7744.9713,-115606.4659,892.6776,859.2965,789.1242,1018.3772,750.8267,836.874,751.3033,593.2781,813.8024,856.0591,678.8421,799.7185,847.7399,455.4306,903.1117,857.3273,1453.6717,1497.1971,1595.3604,1508.8914,1559.4086,1647.2605,1515.0927,1664.3575,1650.0529,1528.4067,1357.5879,1642.0234,1668.6406,1696.2988,1621.7488,1631.8302,168.2755,252.0748,134.9091,-193.5801,-305.5915,-16.5666,-119.0975,124.093,-0.0511,0.0038,0.0526,0.1041,0.0178,-0.0483,-0.023,0.0545,47.1229,47.7936,45.4862,45.2466,46.9181,44.2147,44.3682,47.3833
111,111,53.39939,19.57197,9301.1,327.0,LOT283,0,11.0,45.4071,2.6181,40.2472,50.6548,64.929,2.4049,0.0,0.9836,0.0581,-0.0098,0.1007,0.4016,0.5597,0.435,0.446,-44.8553,-44.3549,-47.6371,-3.3984,-0.0762,0.4458,222.715,-0.043,613.3198,-1202.5096,334.9467,-206.2564,-1926.9118,2737.4365,-2203.0761,-2054.9,21884810.6414,25102856.886,23485665.0954,22617294.8856,21975631.2244,22691648.9275,23927163.2639,22555834.5435,-1557658.4731,739090.9188,-507459.9921,135389.0752,-1420914.6751,621789.6758,1206760.341,692612.4784,741.8848,853.0423,895.1709,823.3475,672.9603,703.5337,977.8569,790.4223,699.1899,771.208,877.1061,798.6429,789.2196,737.0934,656.9778,839.8284,1421.0199,1562.7814,1478.0388,1765.6827,1593.9963,1261.2161,1591.5229,1557.6192,1788.5466,1353.9521,1671.0559,1596.7315,1503.3443,1209.2757,1429.4741,1676.2396,191.3874,-117.9138,-108.8026,-127.4351,-290.15,-83.582,-119.9514,46.0075,-0.0001,0.0271,-0.0194,0.0224,0.0534,-0.1038,-0.0574,0.0254,46.1644,44.6691,45.5037,47.1389,39.9568,45.6267,41.2388,42.1184
112,112,53.41051,19.5594,9304.2,327.0,LOT283,0,10.0,44.6623,2.7441,39.4298,49.7772,71.7124,2.0513,0.0,1.0049,0.05,0.0163,0.122,0.5189,0.6116,0.3954,0.3426,-45.0834,-43.1708,-48.0736,-5.411,-0.358,2.2246,220.6586,-0.0016,2305.591,1404.4157,-1101.9113,-778.531,-1367.9394,472.4573,-1488.6245,850.5813,20784192.2593,24751676.5637,19760405.9714,25587237.7665,22559550.8976,20270542.1006,23540802.3965,20017149.2187,-235707.763,-781679.0055,-696630.2554,1288612.1508,-739555.5465,1074342.8947,859967.7573,-176751.6507,936.2296,704.9329,943.4154,888.953,823.4014,659.608,646.582,716.64,987.9416,759.4844,702.5087,767.4408,724.6212,781.832,822.3308,699.7944,1490.5082,1480.3067,1406.4955,1568.9246,1697.6731,1586.5065,1534.9334,1432.6641,1480.5722,1169.3894,1604.3597,1621.6512,1484.8471,1707.5562,1400.0655,1459.2657,11.4112,-58.7526,42.9482,56.4876,71.8814,-431.2473,-102.0088,444.2531,-0.0273,0.0312,0.0647,-0.1027,0.036,0.0821,0.0618,-0.0404,43.8079,43.2306,46.0758,44.613,44.3549,46.5383,45.9737,48.783
113,113,53.42163,19.54683,9309.2,327.0,LOT283,0,11.0,47.1152,3.0477,43.0784,51.3617,72.1991,2.0713,0.0,1.0286,0.0484,-0.0308,0.1237,0.4393,0.5284,0.4016,0.3702,-46.2198,-46.6497,-47.4773,5.5807,0.0965,2.9586,215.9584,-0.0018,-78.4942,-177.3497,954.7216,-1298.3854,1061.3288,-469.1332,-774.6506,623.1386,21246723.5233,20818395.7474,24198674.1762,23483122.7001,22607076.1412,20170210.69,22314334.2351,23006918.5312,-569015.4861,152820.3704,-1012617.3892,-145459.699,750484.0052,-370384.5854,349416.2784,351740.7603,780.2787,859.1074,752.7676,687.2956,774.547,706.2207,769.3238,853.6836,783.1233,631.6769,649.1625,800.8539,720.0767,684.3824,842.2177,925.9823,1488.7961,1691.5996,1823.9526,1491.7232,1210.6606,1522.0101,1329.1095,1656.7859,1463.7368,1312.258,1429.8128,1715.3936,1404.8703,1334.4576,1582.9251,1795.9297,98.3076,-147.4505,-51.3512,-166.7823,82.2996,-177.1814,-247.641,-88.6718,0.0489,0.0268,0.0268,-0.0189,0.0497,0.0988,0.0982,-0.0135,47.5286,47.3779,47.4631,42.9734,43.7845,43.6501,44.3325,48.1404
114,114,53.43275,19.53427,9316.1,327.0,LOT283,0,12.0,44.9639,3.2421,39.0697,49.083,71.2649,1.9603,0.0,1.0124,0.052,-0.0353,0.0617,0.3575,0.5636,0.3967,0.4411,-44.5298,-46.2266,-46.9009,0.1355,0.5665,1.619,215.6097,-0.0482,1494.8449,502.5408,-621.3875,-1431.9188,1782.649,843.8474,-486.0658,265.2485,20895766.5549,21207603.4366,22126651.3093,23247026.1708,20274942.4682,21276360.7877,23245616.9571,22392261.0432,-591988.9128,1779833.0196,-330094.5728,-992606.2516,527860.9867,1941013.1553,7421.1356,-2188815.7534,747.1122,714.2484,969.7394,644.6684,874.3004,796.9483,713.4701,729.3535,788.5089,841.0787,746.162,769.509,839.8841,887.3018,735.7309,865.797,1574.9289,1418.4569,1465.8697,1597.0591,1477.7831,1517.6623,1595.9159,1482.5014,1385.9191,1255.8674,1442.3266,1371.0162,1395.5603,1359.9122,1367.9746,1512.0462,286.0557,37.9504,-93.8304,-495.1977,-327.0719,263.1937,-70.0322,129.0778,0.0461,-0.0294,-0.0208,0.0111,-0.0162,-0.0407,0.0052,-0.0648,46.0252,46.1614,45.4687,42.1839,43.6861,48.2032,39.9664,46.7359
115,115,53.44387,19.5217,9324.9,327.0,LOT283,0,11.0,45.3347,1.8506,39.3552,51.103,81.7051,1.9339,0.0,0.9886,0.0634,0.0248,0.0837,0.4376,0.5871,0.3874,0.4017,-45.1386,-42.0889,-47.2082,-6.0011,-0.3769,2.1561,228.8598,0.0681,-414.0057,-106.9207,-1340.0713,256.234,1868.564,-2173.9992,148.5739,-1347.2654,20367798.9522,21744828.024,22436120.201,21412700.585,24391933.1537,20516846.4989,25322705.2369,20781440.8578,-740405.8297,-320451.1702,-14642.3663,378059.031,1499596.4997,-26035.1331,-798711.6852,-641860.1734,929.2289,664.4897,741.5702,911.9758,749.3792,910.1621,863.9275,703.864,931.6958,762.1891,632.0358,925.4443,757.7688,864.9713,707.6271,747.456,1639.2532,1396.0911,1582.79,1514.1206,1213.1215,1444.8936,1533.1857,1505.7439,1254.375,1725.6393,1193.6658,1546.6708,1276.987,1339.4516,1535.128,1477.3596,-174.1221,239.3179,343.2951,-326.0098,36.1939,-162.8655,-251.4347,-142.3852,-0.0712,0.008,0.064,0.0486,0.0018,0.0238,-0.043,0.0995,45.7679,41.5331,46.9253,42.0785,44.6813,51.5324,46.2674,44.6661
116,116,53.45499,19.50913,9335.4,327.0,LOT283,0,10.0,45.6529,3.2333,40.8171,51.418,73.7306,2.2413,0.0,0.9797,0.065,0.0101,0.1029,0.4178,0.5481,0.4261,0.3855,-45.0798,-46.0899,-48.8404,-1.5136,0.0512,0.8745,217.1419,0.2824,3524.1233,-827.7949,1936.8429,-3119.137,-2737.4031,216.4043,1809.901,-153.1876,20727570.4565,19413983.7191,20362972.8421,22126921.3432,22950432.0962,22474076.4035,20476106.9233,23460095.8947,-881906.8259,1836272.4043,-740930.7125,236354.7448,271509.0732,992561.0112,-1151938.7252,-575058.8853,900.7255,720.4571,777.2896,737.3372,724.695,687.7027,863.2547,849.9294,770.3669,882.1692,660.7241,670.2062,725.4196,857.8227,864.8353,894.3189,1599.8798,1701.259,1520.4761,1459.7337,1642.4088,1460.9246,1559.1058,1585.9401,1664.8053,1561.3421,1484.8301,1506.6743,1734.1658,1475.224,1195.5229,1464.5332,-50.4835,93.392,-430.0706,-548.4271,-52.3408,382.1871,175.5699,125.1291,0.0739,0.0516,0.0288,-0.083,-0.0478,-0.0396,0.0033,0.0327,44.4257,45.9172,46.1228,44.3625,46.0307,50.4312,43.1221,42.2219
117,117,53.46611,19.49656,9347.6,327.0,LOT283,0,11.0,43.7739,2.7037,38.8295,49.5908,80.24,2.1133,0.0,1.0173,0.0603,0.0109,0.1077,0.4348,0.5734,0.4049,0.4272,-44.0889,-47.0285,-48.1518,-4.2113,-0.1031,0.3034,217.8412,0.0152,1560.3071,-676.7344,671.7566,1169.4001,162.3558,-4224.0181,947.3021,861.6828,21381267.921,24083594.566,23560508.9031,21783502.096,23115449.5655,21096829.0242,20689433.476,23369804.8188,36435.5195,172293.7652,1817414.8574,1257338.4444,2233369.527,2230012.472,-989445.5532,-1834720.1028,783.5841,465.1919,920.0333,867.603,850.9635,895.2151,926.3056,861.1842,731.0411,839.9383,843.89,745.3587,893.7587,862.6475,756.9749,832.4891,1506.1447,1357.4125,1535.49,1643.8623,1496.268,1361.7325,1442.1952,1524.9507,1519.6066,1718.7796,1544.2839,1541.1255,1468.5037,1679.7324,1620.7908,1641.0943,235.7247,88.7996,-78.1966,-358.0391,-97.8822,98.3021,268.9062,-147.1677,0.0866,-0.03,-0.19,0.0168,-0.0284,-0.0128,-0.0138,-0.0283,41.7005,46.1572,44.1431,42.744,46.3742,46.099,44.9651,46.4639
118,118,53.47723,19.48399,9361.3,327.0,LOT283,0,12.0,45.6227,2.1364,39.8097,51.1581,69.4792,1.7036,0.0,1.0089,0.0507,-0.0011,0.0681,0.4645,0.6994,0.415,0.3395,-42.944,-45.8718,-48.302,-2.8371,-0.05,0.8752,220.873,-0.3354,-926.5672,2161.5746,1406.1028,2962.0424,722.6875,1101.7257,-925.2057,3121.562,20279143.3451,21040710.6982,20384658.1119,24417786.8508,23361981.2736,19487639.8532,20719746.1301,23583621.0394,-738782.2113,-394908.9815,-3207998.9263,-1496650.1388,983847.9979,43700.4971,543603.313,-914904.476,745.1682,865.8264,910.9578,817.0898,808.8185,808.6588,827.4613,774.1112,789.9407,601.4696,872.5335,714.6391,917.6027,933.9548,910.9867,886.0978,1369.6562,1635.5965,1627.4648,1523.5957,1468.2458,1690.8003,1303.4227,1410.8376,1368.6653,1642.7261,1556.8198,1381.2751,1508.3296,1036.498,1747.3542,1660.9962,-151.7775,-138.2173,-115.3313,16.4941,26.2829,-71.9262,19.7476,87.4886,0.0953,0.0416,0.042,-0.0139,0.0145,0.0113,-0.0117,0.0096,46.9383,44.7041,47.2125,45.634,43.783,49.692,46.816,43.9275
119,119,53.48835,19.47143,9376.4,327.0,LOT283,0,10.0,45.9477,2.6409,41.4754,51.25,82.8263,1.8504,0.0,1.0125,0.0487,-0.0404,0.1096,0.4617,0.5038,0.4084,0.4241,-45.195,-45.3524,-48.1541,0.0232,-0.0963,1.6652,216.3087,-0.2287,1054.1808,1424.141,-579.5136,-685.5964,2095.3413,-923.5445,12.7967,2811.5536,22596192.2389,20829871.6789,21778247.6488,19363612.7162,20733946.4759,21374856.9617,18872303.7124,20983484.6995,1176123.3053,753410.53,-108597.5647,171188.2757,537670.6329,1148590.1886,-1745108.3047,1050628.4914,799.8953,1025.5219,774.9752,662.5658,710.1292,984.2326,937.9469,764.6616,756.0425,750.2293,880.7691,826.7295,774.5177,845.4357,802.8301,690.9049,1409.9674,1090.8779,1273.3461,1344.0328,1459.3931,1352.7523,1388.8362,1249.9922,1517.36,1743.3617,1835.6273,1251.6736,1578.7326,1761.1538,1550.3517,1409.3567,133.191,-173.3067,169.8247,-186.8723,-33.6932,47.9282,196.406,12.7816,0.0357,0.0409,0.0576,0.0106,0.0596,-0.1189,0.0264,-0.0214,44.7986,42.2151,47.589,44.7869,46.0895,45.6668,46.4535,47.1926
120,120,53.49947,19.45886,9392.7,327.0,LOT283,0,11.0,43.9163,1.879,39.6669,49.0492,84.6105,0.759,0.0,1.0215,0.0461,-0.0363,0.0936,0.4407,0.594,0.4051,0.377,-44.8265,-45.1971,-48.4052,0.6563,0.3921,2.998,216.7827,0.0503,341.0917,-935.5609,-1145.5062,751.3864,528.6502,2954.4201,1761.7258,-2033.8628,20353340.4489,21095206.726,18944782.0248,24375292.3059,23626117.4763,25069350.9241,24175136.0521,21450845.9238,492052.9817,865934.9073,656419.1008,-343813.1825,-361902.0643,1307863.3501,-2031421.9793,1553958.7611,793.8207,664.244,679.906,767.179,718.6304,606.4423,723.5755,823.6038,630.5188,886.2386,894.7477,822.0042,820.4773,780.204,823.5697,816.7654,1328.3779,1484.3042,1662.7475,1842.843,1873.5539,1475.3458,1534.3801,1658.7763,1549.3712,1319.4783,1816.5949,1796.9139,1522.5697,1051.8215,1464.7653,1506.9272,173.2751,199.3245,-151.0939,233.8932,-92.6075,-198.9686,-383.6377,-100.8872,0.001,-0.0036,0.0054,-0.044,0.046,0.0219,-0.0496,0.0302,47.9506,46.709,45.2673,48.1694,45.2733,43.6601,43.6658,46.0426
121,121,53.51059,19.44629,9410.1,327.0,LOT283,0,9.0,43.2009,2.6687,37.4325,47.5361,73.4904,1.9695,0.0,1.0155,0.038,-0.0429,0.1239,0.4938,0.5982,0.3899,0.4004,-46.1637,-45.1354,-48.4742,2.7101,-0.0592,1.2833,222.8862,-0.0268,-2864.7596,2279.3058,-1499.6462,-1454.6276,-851.1655,-608.1585,-1913.7801,-128.9036,22177523.4548,22193959.9098,20961013.9153,24006915.6308,21403924.8653,23090843.48,22755758.1461,23019847.7793,284363.236,686596.3986,827970.5276,-1557170.1013,-412400.9429,557615.6036,1509406.4481,-1375090.5779,821.2828,722.7794,986.8931,796.2287,755.5367,607.8436,818.6864,1026.9879,724.2021,894.9885,906.4708,835.8433,882.3155,742.0208,965.4909,800.4551,1719.6916,1310.7783,1441.8407,1655.9234,1387.1223,1370.7253,1417.3804,1518.6938,1605.214,1827.3665,1590.9222,1333.9263,1453.5351,1508.9076,1971.4001,1411.8343,92.6607,334.7915,223.8703,-301.2603,187.4968,-44.4196,-202.2366,174.5058,-0.0238,-0.0137,0.0166,-0.0063,0.0315,0.0218,0.0157,-0.0519,44.1559,45.2747,47.0629,46.0471,46.901,41.7406,43.0882,41.6064
122,122,53.52171,19.43372,9428.4,327.0,LOT283,0,10.0,43.805,2.5266,39.4908,49.6157,98.3147,3.4268,0.0,0.9963,0.0614,-0.0109,0.0541,0.5289,0.5701,0.3892,0.3585,-43.8132,-43.7696,-47.4068,-2.7886,-0.1109,1.7746,217.8383,0.0964,893.6044,-50.6612,168.9627,596.5775,94.1529,1272.7311,-1066.935,1756.6422,21794874.2089,22133550.2561,20842627.6204,23700650.2467,18618347.2707,21862055.5949,20380895.6323,24558953.449,1983.0763,-2056028.5678,696720.7632,-414246.66,1009070.0773,-1266097.0017,512981.0319,-2355077.4753,699.2561,738.5729,803.2578,685.6971,807.5248,921.5355,678.9667,819.6647,798.676,812.4565,1042.7607,639.0654,955.4103,591.2815,759.9984,735.3496,1432.8134,1431.0742,1588.3491,1396.9443,1464.8713,1435.5756,1439.407,1347.111,1517.7676,1614.2981,1634.1467,1390.4585,1428.0449,1347.3485,1754.7243,1530.7961,-74.3333,-345.2866,124.1304,361.4376,325.584,-154.5345,111.2617,-16.394,0.0392,0.0153,-0.0453,-0.0318,0.0073,-0.0103,-0.015,0.0495,50.6613,43.6221,44.749,44.3544,38.9457,44.5046,48.1419,43.2093
123,123,53.53283,19.42116,9447.4,327.0,LOT283,0,11.0,41.6966,3.1968,37.549,47.0979,67.3416,2.7377,0.0,0.9987,0.0432,0.0381,0.1161,0.477,0.6186,0.3681,0.3739,-45.3196,-47.1032,-50.2769,2.6736,0.141,2.1641,222.2926,0.1601,-784.3035,4241.387,1582.8925,1999.9484,-2385.4958,137.8282,-1700.1444,1769.9444,22613263.0874,23593484.4854,20299478.9761,20578867.3403,21049569.8387,23581621.8922,23011103.864,23121399.6097,-82993.9927,352748.5319,-1130135.1556,763899.4716,-1199449.7903,1519379.7314,1444697.131,686705.7191,761.3187,772.6833,724.215,818.7711,857.681,805.4918,764.3879,883.1348,897.2035,716.3976,970.2653,777.0548,633.8865,655.6398,712.7627,842.9509,1398.0947,1640.2642,1418.5392,1556.2247,1496.1652,1407.6341,1396.919,1578.0884,1456.185,1622.2176,1605.1608,1343.6778,1377.136,1310.9882,1419.6216,1536.828,-18.2111,-78.4315,475.9305,-91.8902,-195.8265,-197.3778,27.0833,67.6009,-0.0178,0.0472,-0.0704,-0.0224,-0.038,0.0083,0.0146,-0.0052,43.1955,42.0971,41.7245,45.1561,43.4231,46.5814,42.3493,44.4924
124,124,53.54395,19.40859,9466.9,327.0,LOT283,0,11.0,43.0357,2.435,37.0961,48.4967,79.499,1.294,0.0,1.0026,0.0518,0.0631,0.0873,0.4506,0.5567,0.3887,0.4266,-44.3701,-42.386,-48.2737,-3.8991,0.353,0.9033,216.4631,-0.0257,2743.6481,210.6462,-1253.5695,-2373.5172,386.4347,-1682.2307,1428.2743,-548.8898,21850792.1067,22703396.2156,21820020.7382,23643061.9577,24023449.3542,21099298.0492,20329792.1378,21804884.0224,169967.4112,1193030.866,1918269.6952,510022.8609,-1311621.4586,826834.8158,1498828.4805,1385319.9904,648.2164,760.6796,887.0146,1009.6645,781.7058,877.5311,831.3691,851.9204,666.1073,699.1025,834.1899,877.404,953.8589,690.7861,732.0242,766.5716,1310.4755,1431.5002,1780.9475,1234.705,1702.9487,1468.5292,1477.286,1602.2144,1494.1052,1152.7746,1309.8627,1427.2352,1333.7511,1707.8666,1645.4713,1585.6253,-3.636,126.4678,12.857,11.7343,53.0449,79.1303,-289.8539,-127.2795,-0.0691,0.0416,0.0102,0.0545,0.014,0.0502,-0.11,0.035,45.4898,45.1452,45.1829,43.9482,44.9449,46.4019,44.111,44.6053
125,125,53.55508,19.39602,9486.7,327.0,LOT283,0,9.0,44.408,2.3481,39.9287,49.0649,88.0539,1.0002,0.0,1.0045,0.0331,0.05,0.1078,0.505,0.5936,0.3723,0.4142,-45.6783,-48.5838,-46.9663,-1.4401,-0.0452,1.8739,222.063,0.0369,-360.1076,-502.965,1243.9554,-1502.5136,103.8653,116.4135,-676.1608,1062.08,23149951.62,21994601.9131,20048486.4422,22022749.9671,23653695.228,21369698.9645,23623160.7954,19819154.1478,-768447.592,-754367.2798,-1775226.6589,-9623.4036,-425063.1934,-839990.5656,-768695.6022,-1826657.6593,744.0033,826.3055,896.6388,917.6605,742.1852,708.0222,787.7934,955.8788,846.9851,793.1449,644.7704,677.3686,796.0118,607.6826,825.6265,863.3935,1121.7646,1446.3159,1698.6043,1473.0456,1544.8507,1420.3123,1425.7913,1561.2899,1491.6685,1608.3624,1442.042,1713.8522,1284.0805,1199.7762,1618.7603,1665.7216,-166.3796,111.8777,68.5389,-26.6557,166.5003,17.1781,-550.6183,-472.3116,-0.0413,-0.0493,0.0277,-0.0263,0.051,0.0028,0.0498,-0.0724,44.7678,43.6795,43.1509,46.5006,43.8549,43.1689,43.4046,45.0146
126,126,53.5662,19.38345,9506.7,327.0,LOT283,0,9.0,44.2306,2.1348,40.1071,49.4359,91.1408,1.5815,0.0,1.0107,0.0212,0.0268,0.0431,0.4414,0.5712,0.4583,0.3601,-45.6232,-48.1348,-49.0668,-2.5332,-0.25,1.212,223.1758,0.0566,1338.5348,443.1415,158.0952,-2444.4571,1824.6004,192.6574,2089.5088,1037.6996,23580686.467,20781145.9722,21961523.162,22752985.2231,22439538.844,24045608.1631,21297522.3488,22079891.6952,-689295.2749,941332.4435,508907.6175,15186.3496,-1116065.4792,-692700.854,1024927.4932,-1155294.3542,834.6001,523.5576,914.9541,845.0028,781.9944,726.8692,791.8885,969.1817,940.3781,854.9907,815.4865,948.8385,899.8528,1018.145,741.7113,813.0532,1347.0636,1191.0979,1707.0704,1732.8422,1453.8276,1411.6905,1502.7765,1393.1295,1697.7672,1857.621,1160.9318,1592.7034,1443.2781,1297.0115,1438.0717,1598.0908,-224.6585,-153.762,450.6093,58.3243,40.6504,63.6239,-156.7954,-85.7233,-0.106,-0.0354,-0.0592,-0.0085,-0.0564,-0.0067,-0.0866,-0.0689,44.0975,42.1149,40.4756,43.2149,46.1345,43.1281,44.2026,43.1337
127,127,53.57732,19.37088,9526.6,327.0,LOT283,0,12.0,45.2954,1.9999,40.1811,49.8699,91.598,2.6215,0.0,1.011,0.0574,-0.031,0.134,0.3628,0.5055,0.4699,0.3744,-43.6633,-46.5254,-46.3575,0.5525,0.4194,0.0127,222.5963,0.0824,18.1209,1447.7114,1629.1557,-728.982,1469.0868,-303.7882,-855.3344,-1770.81,20758469.2425,20126494.1317,21111591.0497,21284617.6952,22321621.5893,21555895.9924,23718912.7178,19573275.9615,-349607.3132,-390773.5807,-1097628.2352,-1000955.2334,587692.799,1087481.1109,970289.4779,-530034.6462,731.4932,801.4796,678.1883,829.6998,877.1398,782.3606,723.9921,686.3679,867.7664,765.7016,750.0458,635.8176,869.7025,835.7357,810.8873,701.7614,1316.6915,1475.8504,1416.5313,1726.6248,1423.0236,1434.7588,1461.9764,1501.9418,1749.315,1518.8547,1092.5852,1439.6917,1494.5491,1692.8344,1910.7066,1987.3614,-35.3519,80.5994,-39.961,15.1476,245.937,-29.0756,287.7044,-116.645,0.0235,-0.071,-0.0164,-0.0413,0.1011,0.0031,-0.0356,0.0043,41.0111,44.463,47.1986,47.144,46.3431,45.3559,43.4877,43.8449
128,128,53.58844,19.35832,9546.3,327.0,LOT283,0,11.0,44.937,2.5303,39.312,49.4877,77.0039,2.1322,0.0,1.0351,0.0447,-0.0209,0.1216,0.3536,0.4529,0.4592,0.3741,-41.5573,-46.0646,-48.436,2.6953,-0.0656,2.5527,215.3702,0.4922,2283.0532,-102.9331,-770.7489,1026.4325,-2115.4714,-1917.1202,1541.999,773.4777,22494339.3309,25339759.9195,21951671.4765,21414557.0187,23558367.5268,20937512.2669,22438883.4345,19923575.9618,1915277.8381,1025831.2095,-821345.2212,839098.8188,108801.8994,-159217.8725,-528388.3384,798505.8462,696.9176,693.9017,903.2347,760.3785,1008.1001,757.6757,674.8906,835.9035,857.0779,829.1674,838.9124,909.3995,664.5191,841.3973,584.1644,837.5529,1456.292,1481.0827,1710.7737,1563.3074,1721.2257,1678.502,1494.6556,1458.6361,1580.888,1611.8395,1672.1628,972.2717,1231.3348,1484.2876,1546.967,1540.7616,306.8895,161.76,-80.2698,47.0849,44.6739,69.2685,1.1588,111.6322,-0.0293,0.0238,-0.0006,0.0011,-0.0567,0.1323,-0.0847,-0.0212,43.6389,45.4983,47.243,43.9581,45.1364,49.4999,43.1913,47.5949
129,129,53.59956,19.34575,9565.5,327.0,LOT283,0,11.0,44.2782,2.635,39.3154,48.2926,61.4209,2.5008,0.0,1.0183,0.0551,0.0053,0.0851,0.4585,0.5776,0.4194,0.3971,-44.468,-47.1567,-47.8507,-1.2528,-0.1623,1.0545,222.4212,0.0845,-86.9478,1530.3723,1362.9608,-654.3613,-2641.8379,-370.1771,-147.0631,-1434.0615,22959508.5395,22954186.937,20042218.4839,20184376.6481,23647865.0559,23510908.1546,22079372.9156,20731401.2385,428395.0354,-756865.3526,410259.5625,-1617638.2725,861401.4708,706426.6896,-1042204.9268,-39618.4103,760.8014,695.1555,773.256,758.1952,875.637,759.4057,839.6263,893.9051,833.4721,897.4593,722.4706,621.8886,839.3222,835.9826,718.0622,824.6924,1320.4,1646.945,1387.4427,1497.4299,1473.0284,1724.9962,1341.7136,1258.2224,1844.6348,1412.6558,1493.2312,1583.0399,1359.2152,1541.8231,1284.4818,1657.6653,93.6264,312.0509,-52.6207,42.822,-52.4588,-21.0097,-130.6427,77.2562,0.0114,0.0084,0.0126,-0.0263,-0.0071,-0.0031,0.0991,0.1119,45.9323,48.5747,44.2274,43.1533,46.6335,45.45,46.8237,45.7486
130,130,53.61068,19.33318,9584.0,327.0,LOT283,0,12.0,44.1043,2.7364,38.7573,49.6848,75.8714,1.8875,0.0,0.9975,0.044,0.0047,0.1348,0.4596,0.5139,0.369,0.4448,-44.7984,-44.6863,-48.2344,1.9015,0.135,1.5736,220.5905,0.1603,505.8282,1249.0296,-424.3168,-2536.7733,1664.2925,-840.5457,1415.4983,-406.0347,23563821.7965,20701552.9626,19666574.4279,24785153.8867,24641346.7338,21306249.5583,21834932.584,23205677.0942,-2117305.0403,-110774.5347,359088.6577,-368319.4276,228688.7523,-607413.3124,-153540.1162,-476637.6241,770.5657,653.1861,815.1543,811.6084,861.5515,775.8945,814.7408,923.9989,892.5278,678.5915,897.4082,565.4273,864.8182,977.0711,766.5449,821.3758,1593.2259,1725.9476,1721.8333,1573.3257,1652.6494,1842.2141,1465.8485,1313.191,1381.5127,1677.862,1690.2514,1498.9499,1533.0257,1334.9427,1623.225,1436.6128,302.8909,318.3351,163.2666,5.411,206.4312,-145.9638,93.565,-117.897,0.0419,-0.0315,-0.0209,-0.0411,0.0263,0.0049,-0.0101,0.0266,44.0251,48.858,44.4778,45.9584,43.9079,49.0869,40.794,45.074
131,131,53.6218,19.32061,9601.7,327.0,LOT283,0,9.0,44.2592,2.7249,39.6573,49.2662,78.1396,2.6484,0.0,0.9966,0.0522,-0.0278,0.1241,0.5701,0.4897,0.3766,0.3709,-48.0925,-46.9906,-49.1294,-3.3454,-0.0216,2.5314,217.3114,-0.106,-1109.152,-1423.3968,-777.3516,-1013.953,-998.0115,1563.0953,-1236.38,2598.609,22372989.5202,20192479.0019,19345008.7679,21033952.1265,20791127.9306,23379713.2333,21499212.3194,21016614.75,67260.9177,391461.5573,-381451.7513,-103639.4596,-1240241.3655,315447.9377,497927.109,-301560.4373,710.5953,953.5901,767.1763,889.0617,924.209,762.4626,765.6261,890.473,902.5417,752.4742,846.3024,788.3052,717.1441,700.6153,908.109,583.4187,1261.9567,1751.3788,1495.4152,1594.3602,1791.1933,1414.1237,1349.8111,1314.4756,1031.3916,1449.8604,1398.2425,1701.866,1712.0209,1389.1523,1374.0518,1276.6504,339.3588,252.1155,65.2443,54.9138,-17.5257,-476.1989,-147.8507,-18.9093,0.0949,-0.0272,-0.1117,-0.0428,0.0643,0.0319,-0.003,0.0515,44.2803,42.3928,51.3742,45.1776,45.7784,42.0733,46.2324,46.8388
132,132,53.63292,19.30805,9618.4,327.0,LOT283,0,9.0,43.2639,1.7796,37.5941,48.7877,66.4941,1.7876,0.0,0.989,0.0617,-0.0151,0.1442,0.452,0.493,0.3174,0.3783,-45.4306,-46.4969,-48.2276,-0.1477,0.2339,2.1739,216.0212,-0.0668,690.2272,1917.4286,2388.5145,-797.7942,271.0972,651.696,-2651.7132,-1130.192,17704361.1455,24210339.7005,21322657.0893,23550676.5447,21277906.3671,22768598.6543,20069858.4099,20642130.8853,697182.1887,1452861.1067,-174641.2811,269491.3245,-1077509.3895,-1156569.177,114441.2202,1492756.16,817.4863,788.9384,854.0332,842.0757,779.8644,876.2794,797.8018,753.2173,922.1973,949.8829,707.4118,807.1395,801.8636,940.3473,883.7908,767.4903,1401.505,1420.6422,1504.4918,1316.646,1767.6445,1512.495,1649.5067,1712.9673,1474.8356,1498.4422,1986.1827,1520.6875,1601.6889,1316.8826,1297.6498,1773.7682,162.4906,-33.2759,7.8227,199.8474,-114.1098,47.6583,-162.6766,-327.4525,-0.022,-0.0922,0.0482,-0.1308,-0.0684,-0.0236,0.112,-0.0156,47.2451,44.9589,46.571,46.5815,40.7371,44.647,43.9707,42.9743
133,133,53.64404,19.29548,9633.9,327.0,LOT283,0,12.0,44.1177,2.5039,38.5469,48.5153,97.7814,2.5845,0.0,1.0014,0.053,-0.0145,0.153,0.3954,0.4665,0.4435,0.4178,-45.9796,-46.4177,-46.207,5.0719,-0.4482,2.9985,225.4615,0.0607,1290.3594,1658.4901,-4700.9283,-3213.8918,1820.8214,1714.2379,1953.4315,1544.7565,21209926.6501,23824060.0418,21974905.248,22465172.9593,23484415.5921,22439387.4349,22067540.1241,23254485.1033,-110300.0898,1518107.2328,-614661.6796,1228256.4259,763281.6362,-735190.3435,-1352404.4408,-54232.4944,657.5027,742.6179,835.0792,811.2556,859.9577,729.0563,829.5017,750.5708,820.7697,736.1703,780.789,804.4069,854.7891,795.0239,775.6434,870.5825,1463.1235,1526.5162,1441.139,1404.1379,1880.47,1728.1238,1405.5389,1411.0349,1644.729,1200.2016,1383.404,1237.9682,1451.6516,1122.4444,1334.2517,1354.3416,-190.5853,256.7877,111.883,73.3311,13.0383,29.7789,-358.7219,-115.7819,-0.0606,-0.0044,-0.0447,0.0162,0.1032,0.0242,-0.0329,0.0818,41.6782,46.3792,44.144,41.3494,43.9697,47.6834,46.2575,43.1735
134,134,53.65516,19.28291,9648.1,327.0,LOT283,0,9.0,45.4428,2.585,40.3603,50.2413,80.6857,1.9344,0.0,0.9887,0.0406,-0.0506,0.0929,0.4556,0.5321,0.4052,0.341,-46.9856,-46.2127,-48.9546,1.1553,-0.3669,2.2504,220.0571,0.1925,-404.1842,780.3861,-2109.9288,2875.2127,2065.3235,1224.0401,-1241.4785,-1257.4208,21929023.8936,22404621.5858,21681485.0801,24766851.3459,22002746.8451,22560310.544,22943124.8123,23821348.9754,1877886.5225,-144454.4179,-970743.75,-1155306.1189,-218483.7642,769975.0544,448447.4384,-1028388.8414,865.7907,903.6362,876.3716,702.0533,817.375,781.895,730.3353,682.0417,785.0293,961.6685,845.4224,889.133,595.3362,755.5619,716.2889,804.9049,1513.6014,1563.5193,1473.0105,1694.5017,1637.2184,1427.0262,1624.9456,1522.8411,1524.6801,1278.2569,1713.8763,1219.9325,1608.2804,1663.1207,1765.6919,1574.6302,159.8885,-111.5595,112.2222,-117.4133,-68.9221,41.0445,-127.8634,-394.3807,0.0405,-0.0349,0.0572,-0.0545,-0.0322,-0.1082,0.0688,0.0128,46.0195,45.5167,43.8134,41.914,41.7436,43.5901,42.3325,46.0537
135,135,53.66628,19.27034,9660.8,327.0,LOT283,0,10.0,44.8115,2.5867,39.662,50.1586,72.5586,2.1694,0.0,0.9993,0.0528,0.0122,0.0803,0.3359,0.5538,0.4403,0.3996,-45.3604,-45.961,-46.9987,4.9326,0.2234,1.346,217.0438,-0.0782,-149.8863,1189.4697,1199.2029,1781.2915,-320.3016,471.6171,-637.2651,-90.1656,24054457.5918,23711325.0285,21712203.275,25714099.633,21394078.6532,23098234.7909,20393702.418,23457364.852,1628909.9939,667404.4742,-323343.7756,1227059.1682,-1065522.4467,381399.4155,361116.3949,-2147886.8313,943.9871,794.3697,686.4029,770.1511,1003.5653,848.3137,700.1443,847.8413,798.5158,614.2069,907.4104,662.346,954.0061,743.3837,1013.7367,594.4916,1616.5354,1396.2029,1389.8054,1575.3802,1550.2935,1497.7235,1393.2616,1374.6696,1538.6909,1830.1579,1557.1033,1607.1808,1208.6962,1534.3308,1247.7467,1390.9604,292.6854,56.5763,187.7059,-122.14,-89.5863,336.8621,96.1889,1.053,0.0022,0.0047,0.045,0.0401,0.0378,-0.0421,0.0447,-0.0459,40.968,43.7952,42.4616,45.5611,44.1942,46.603,45.1949,44.1968
136,136,53.6774,19.25777,9671.8,327.0,LOT283,0,10.0,45.0866,2.2871,40.501,49.2692,86.7755,1.8826,0.0,1.0202,0.0307,0.0073,0.1117,0.497,0.5188,0.411,0.3501,-46.0348,-44.6858,-49.0505,-0.5918,-0.5773,2.8868,220.7269,-0.1055,-1251.0365,212.9309,1861.2546,-980.0242,-1029.5945,-123.8536,-199.6621,-430.3187,22409285.6621,18690991.4619,22469779.7862,24072562.4115,21303408.6576,23743193.6676,22680316.1633,23469796.9797,-1174262.7537,61817.3474,96865.5062,-1504439.6163,-173408.6608,168294.7882,-729685.2449,1417963.9454,795.6063,890.6,686.0934,747.5378,667.5913,844.0511,533.9993,759.692,679.1216,740.2412,732.7749,666.011,722.3625,715.8605,785.3955,978.7355,1389.0428,1787.1274,1407.5213,1404.867,1676.7017,1551.3423,1363.0318,1501.3995,1702.8143,1631.0091,1545.1095,923.0923,1890.6955,1386.7013,1153.8229,1844.8762,-25.8063,-358.3749,-37.9965,111.4455,-53.2271,184.9145,246.0644,21.4093,-0.0475,-0.0298,-0.0273,-0.0799,-0.0133,-0.037,0.0414,0.0185,47.0057,44.6064,45.3718,45.6972,44.1419,45.0816,45.2385,41.2904
137,137,53.68852,19.24521,9681.2,327.0,LOT283,0,10.0,43.9188,2.5468,39.0872,48.2296,86.5081,2.4419,0.0,0.9822,0.0527,0.0226,0.1577,0.3447,0.5452,0.3548,0.3778,-42.52,-45.3281,-47.2229,-0.735,-0.1133,3.3224,211.3375,-0.1773,-301.6495,-172.869,535.4214,-1751.823,-1372.8959,2804.2195,-1762.4188,-1804.0366,22517837.8499,20866203.699,22421402.8869,21272294.565,22960201.7073,20648173.7069,20707863.5593,22766944.0345,-1082248.7981,247156.9423,-1027790.1612,289020.2558,-1167129.0638,-274161.1174,1318149.7303,-606638.9994,918.7082,609.2207,756.8778,783.0646,773.0603,943.2984,692.7784,814.4208,826.5211,619.5207,813.63,904.1724,841.101,811.0479,626.0935,762.4809,1673.9533,1481.1213,1554.6635,1469.5687,1440.3972,1202.1803,1715.4997,1454.0604,1572.4887,1489.2162,1201.9708,1495.758,1437.3727,1071.094,1901.8501,1564.8566,37.418,-121.7174,-73.2596,-127.1683,-8.4441,-128.1249,-117.8408,449.5994,-0.0091,0.0086,-0.0663,-0.0239,-0.095,-0.0087,-0.032,-0.0225,48.9014,47.215,45.1701,47.9046,46.7194,42.8875,46.938,45.2175
138,138,53.69964,19.23264,9688.7,327.0,LOT283,0,12.0,47.0675,2.2056,42.6338,52.9802,81.8161,2.5608,0.0,1.061,0.0427,-0.0156,0.0934,0.4714,0.6157,0.3877,0.4068,-46.7312,-43.7168,-49.9669,7.0707,-0.0275,3.6282,220.0525,-0.0681,-1065.3216,-566.5911,1059.8476,-915.0766,1455.821,-1475.4165,169.8081,1371.0838,22702078.1181,21541254.8905,23783372.2211,20641158.8936,24213492.4219,20957033.8065,21534151.5499,20823474.6821,245145.1992,-223116.6817,1681125.8148,-1199680.3776,688045.8958,1082153.8896,760136.2484,317582.1208,798.3477,742.973,938.9468,758.9007,650.5158,919.6219,785.551,745.8462,721.8395,889.883,943.8616,630.7736,878.9317,714.7645,917.1365,706.925,1706.1381,1439.5507,1385.1286,1365.1887,1504.1817,1590.3958,1494.2378,1514.0549,1585.6147,1862.8155,1435.2301,1362.5615,1647.917,1686.2296,1164.1623,1408.5905,-171.6659,-129.2606,-490.6735,229.6378,-267.7108,-50.4186,115.7071,362.5946,0.037,-0.0335,-0.1035,0.0144,0.0613,-0.0669,-0.0284,-0.0009,44.8909,44.5973,42.8718,44.0348,44.4314,45.1605,42.3751,46.8448
139,139,53.71076,19.22007,9694.4,327.0,LOT283,0,12.0,44.9833,1.7067,39.8555,49.219,95.8943,1.9016,0.0,1.0205,0.0611,-0.0269,0.1348,0.4033,0.5793,0.3457,0.396,-45.362,-47.6994,-44.9819,0.3016,0.0542,1.2858,220.4669,-0.1373,381.1675,-339.3834,2069.8284,-1125.7668,282.5812,1469.9506,2519.3073,-3113.3711,19900727.0801,17455803.7363,20479790.3295,22506879.5682,23622095.6051,23203495.2098,22310480.1045,22300990.3221,-1281538.4746,-1309438.9943,-542131.6969,130021.0498,-479142.8305,-430083.174,-369472.4415,-960919.8019,786.5638,672.7645,793.8598,825.7698,737.5742,965.3673,900.633,816.4447,884.6087,888.9594,831.6048,808.5323,864.7492,727.8051,691.274,902.4318,1365.4592,1493.2203,1591.2365,1571.4308,1491.3775,1406.2765,1615.8283,1502.8172,1279.5444,1875.9586,1500.4172,1131.2647,1282.8441,1134.9392,1508.1638,1615.7662,84.9601,74.2328,-164.5928,-30.2506,-143.2816,-187.6781,576.2354,184.8651,-0.0723,-0.071,-0.0339,-0.0101,-0.0136,-0.0177,0.0483,0.0352,45.7499,43.62,44.8302,46.5322,45.4173,41.6296,46.3003,45.983
140,140,53.72188,19.2075,9698.1,327.0,LOT283,0,10.0,46.606,2.9022,41.313,52.3559,77.4055,1.499,0.0,1.0159,0.0499,-0.0482,0.0882,0.4203,0.6237,0.3765,0.3732,-44.5734,-46.1164,-49.5386,3.7334,0.31,2.0088,222.7575,-0.1961,1102.9783,487.9732,1663.3193,-1533.233,-706.0049,423.7609,-695.5966,-238.9129,22465067.9294,21803574.6117,22199229.2346,20572538.4914,22992686.9866,22395210.9242,20640261.2505,20938245.894,73356.4024,-74433.7749,633822.5609,-1463615.4005,603813.8464,-795235.7965,1314806.623,-99474.565,591.6127,756.7834,618.2181,902.918,800.1952,798.7493,950.2313,750.8973,725.5295,768.625,776.4381,819.7896,950.4641,767.8854,825.5937,804.7882,1316.736,1552.7496,1442.6827,1309.6595,1513.7354,1563.3799,1442.8987,1440.9617,1308.4933,1649.1569,1564.5982,1589.8753,1501.1378,1671.5013,1473.6312,1523.7127,311.8556,91.0403,-161.6681,27.0287,290.5646,176.1296,-290.885,-91.7978,0.0628,0.0103,-0.0146,0.0054,-0.0059,0.0333,-0.0064,-0.0038,43.63,44.8557,41.9005,44.0064,44.6818,46.0224,44.1407,43.1363
141,141,53.73301,19.19493,9699.9,327.0,LOT283,0,11.0,44.5861,1.996,38.8332,49.8662,77.5224,2.1062,0.0,1.0284,0.0419,0.0033,0.1117,0.451,0.5244,0.4106,0.4342,-43.7127,-43.2685,-48.6139,0.3565,-0.0805,1.7678,219.7866,0.0206,-2186.8303,342.5964,1562.7279,935.5011,2684.22,-651.7134,380.8132,196.9268,21218412.9064,20128808.2928,21535581.0131,19760432.3444,20207922.7829,20703216.4315,21866644.1852,25745194.1933,1693262.0907,-714495.301,-796446.4626,-554922.499,-1180956.3801,639051.2403,852108.4183,-1516730.5164,925.8188,725.6074,695.4633,789.9665,913.8192,727.4263,795.0129,748.2487,969.8475,702.5348,1006.6509,913.6867,1018.8467,872.1501,755.5696,851.9963,1429.7627,1609.7901,1691.0548,1345.7935,1455.1924,1387.3223,1633.1211,1478.9782,1654.6258,1918.8287,1368.5171,1581.7807,1612.0122,1321.8212,1906.3887,1383.816,-288.5197,155.4476,105.9465,-127.2533,-94.3756,76.0885,250.3436,25.6863,-0.0004,-0.0034,0.0644,0.0491,-0.0435,0.0118,-0.018,0.0491,40.1547,45.5588,46.6306,46.3351,44.8258,44.7166,44.5314,46.443
142,142,53.74413,19.18237,9699.6,327.0,LOT283,0,12.0,44.6233,1.7493,40.4486,50.3973,116.0293,1.6978,0.0,1.0206,0.0489,0.0099,0.0788,0.5346,0.5133,0.3795,0.4046,-47.9184,-46.2549,-46.0379,4.1913,0.1131,1.6882,215.1861,-0.0838,495.5231,-2099.4106,256.094,883.5781,-619.8984,999.0583,-1054.6626,2351.0042,21703241.2837,19072460.1688,23084280.9498,22174728.8896,20509227.9288,22296247.3558,21395220.8827,21088595.6329,388881.317,-250842.7163,-116090.108,1165850.1553,358116.5425,-1479489.9217,-242766.0776,-244971.7397,780.7966,768.7099,860.1234,815.7576,748.5314,784.4206,954.1636,627.2492,785.7689,812.9817,842.1798,880.5163,595.3714,687.6096,752.9899,980.4883,1650.9754,1503.213,1599.4301,1787.2216,1443.0332,1217.8027,1466.5609,1436.4247,1621.4451,1399.2197,1412.6939,1458.7243,1585.4198,1219.1637,1730.9793,1454.2552,-298.074,64.7049,5.9947,-83.8373,-198.987,-160.9247,-29.4143,-95.847,0.037,0.0197,0.034,-0.024,-0.0504,0.0142,0.0106,0.037,45.867,45.5402,46.1064,45.68,43.026,43.5203,47.4284,44.4247
143,143,53.75525,19.1698,9697.4,327.0,LOT283,0,10.0,47.2429,2.4739,42.2225,52.7778,84.3851,1.6461,0.0,0.967,0.0518,0.0273,0.1153,0.4923,0.5046,0.3952,0.3663,-45.7015,-44.8017,-47.3321,-1.3602,0.7329,2.637,216.9979,0.1145,-4132.3319,-318.8,86.5935,307.4084,-328.9701,302.5739,1600.1132,-0.3146,21314909.3007,19046839.3463,19341754.9825,21225072.4816,22960256.2241,22967425.6492,20621627.1163,21627046.8156,-591577.9766,446008.0671,1078555.5154,-1578794.2831,-906851.8552,-315351.7826,941865.9835,-346567.0771,666.1117,754.9149,666.2403,961.2873,910.3399,778.8563,907.5391,782.6987,667.8524,808.4704,947.8836,654.4775,880.8627,942.0233,905.0122,726.4762,1535.5807,1474.1085,1548.9572,1351.1787,1486.4918,1537.991,1394.1157,1575.9358,1360.5825,1108.8783,1405.4354,1411.0699,1475.5774,1319.1745,1513.1053,1518.4846,-132.433,-174.0001,-166.2804,-69.1108,351.0998,324.3608,-12.0378,258.0179,-0.0064,0.0211,0.0295,-0.0527,0.1097,-0.1302,0.0169,0.0425,42.9119,45.5608,43.6329,45.9376,45.7302,44.4729,45.5922,43.0158
144,144,53.76637,19.15723,9693.1,327.0,LOT283,0,10.0,45.9096,3.3132,41.6036,51.8531,88.3993,2.024,0.0,0.9842,0.0473,-0.0011,0.0575,0.4707,0.566,0.3673,0.3683,-42.417,-45.8011,-48.4828,-4.7589,-0.2596,2.0909,223.146,0.1888,2297.3244,-199.3924,16.724,-1283.9723,466.8791,-850.8005,1191.7795,340.6956,21322533.8566,20903296.6636,18273976.814,24932498.0781,20292640.7407,26321872.8722,23908043.3085,22407074.1385,967576.629,-48587.7467,1073456.2395,1160925.227,1180663.2024,-116798.0285,667636.84,-63780.4347,795.4904,706.5688,745.2864,671.7807,868.8639,787.9849,684.7584,820.9755,693.3988,934.7822,724.1533,903.1569,613.8641,780.7637,804.3733,726.0521,1667.8745,1613.1772,1494.4118,1461.228,1742.8687,1568.5955,1596.9595,1414.4616,1555.2086,1516.6614,1320.4854,1399.8184,1584.087,1598.6905,1404.9462,1559.2474,207.3147,4.6945,-419.623,2.4537,-138.9966,190.3734,114.4089,-145.6048,0.1073,0.0603,-0.021,-0.027,0.0858,-0.0192,-0.0338,-0.0229,45.2653,43.549,43.7461,45.5401,43.2002,43.341,43.8529,43.6178
145,145,53.77749,19.14466,9687.0,327.0,LOT283,0,12.0,43.4587,3.1655,37.6804,49.1515,89.1762,2.302,0.0,0.9914,0.0506,0.0529,0.1611,0.4895,0.5337,0.3849,0.463,-45.1547,-45.2764,-49.4007,-0.0992,-0.1268,1.9705,220.0534,0.2646,1079.44,920.6585,349.5863,-2176.5291,1436.0045,-758.7504,290.1976,-709.2091,24208487.4011,20277525.6291,19839354.4572,23905708.3049,25509673.9342,24095404.2204,22516763.814,19613871.8687,-1090274.7471,57494.5369,-175626.7997,-104487.2053,-698910.1411,-501034.8749,-666470.032,1283457.6271,911.9535,888.2853,783.148,682.0842,903.8019,815.1458,792.4628,865.6384,724.0651,849.9942,844.4659,776.4143,700.7,904.7515,707.8793,844.9102,1421.1363,1591.2749,1553.0561,1333.6369,1468.3056,1539.9589,1450.5519,1245.1207,1726.0798,1291.521,1509.2013,1796.1732,1432.8972,1355.8877,1551.9136,1344.833,-218.3991,-273.3223,189.9069,244.6326,-43.6031,338.5442,68.2888,-120.7473,-0.0816,-0.0085,-0.0001,-0.0608,-0.0123,-0.0299,-0.0176,-0.0077,44.0652,45.3806,44.9126,46.1715,37.8864,45.2225,46.2071,43.4226
146,146,53.78861,19.1321,9679.0,327.0,LOT283,0,9.0,47.9428,2.8777,43.4164,53.3273,98.6104,1.8698,0.0,1.0216,0.0499,-0.052,0.109,0.4149,0.5252,0.3601,0.3795,-48.0514,-46.0207,-48.0442,-0.8873,-0.0126,2.371,217.3418,0.1606,-1739.0258,-3590.689,1051.5885,531.7476,1080.1878,-2894.8599,1352.5249,617.4088,22315375.2101,21408024.7701,22981719.9145,24313365.0871,20814263.5871,25124435.2406,22404722.6431,23711837.9495,1298744.7557,1658764.7146,-2744952.8142,-234465.5483,-763727.801,-307837.5061,-403231.1635,526125.0735,830.4721,700.3612,959.5613,784.3682,772.9985,859.8815,730.1083,862.9358,811.0145,967.9833,905.2062,708.3706,702.3737,831.0213,1001.4305,754.6259,1974.3909,1197.0387,1466.2197,1498.7101,1542.457,1525.8601,1562.8754,1444.8354,1298.3332,1711.0336,1564.8817,1550.0786,1468.5857,1697.9866,1508.4236,1740.3288,-283.4061,256.2271,-236.1168,-76.6447,133.6193,-63.9127,49.3538,308.2156,0.0103,0.0896,0.0302,0.1598,-0.0353,0.004,0.1139,-0.0638,46.6136,43.3009,45.6762,48.4489,42.4742,47.6103,44.9669,47.6424
147,147,53.79973,19.11953,9669.1,327.0,LOT283,0,12.0,46.2046,2.2325,41.4697,51.9919,65.7287,1.0091,0.0,0.9982,0.0596,-0.0064,0.1032,0.4226,0.5545,0.392,0.3908,-49.3425,-46.3997,-49.0341,1.8606,-0.8959,2.1025,209.886,0.0693,-77.2443,-541.4449,2732.8466,70.2518,443.0328,-284.5815,3891.6133,2687.564,24955135.2025,23637352.4393,20805926.6883,19334079.3009,22092376.5308,20864746.9092,21798301.3116,24418022.0266,1449772.1069,420447.4909,1873573.136,594234.0511,335390.7574,-342351.845,1379593.3559,-466055.165,775.5319,894.1284,758.7174,834.5917,664.9352,868.3346,986.2623,806.2307,789.1674,832.7285,796.215,809.7997,549.2504,787.1222,864.4835,656.4439,1502.3997,1711.246,1432.0704,1486.9797,1426.4611,1295.4809,1589.0901,1534.6497,1510.2653,1517.6565,1574.1717,1364.9383,1610.9788,1816.3975,1191.8229,1702.3456,156.0198,121.5631,32.7366,289.0794,13.1614,80.0666,256.8373,171.7395,-0.0158,-0.1135,-0.108,0.023,-0.0405,0.0519,0.0084,-0.044,45.2399,44.8608,46.5885,46.5293,43.1537,43.8895,46.1819,45.501
148,148,53.81085,19.10696,9657.7,327.0,LOT283,0,10.0,43.3177,2.6135,37.9387,49.136,80.2256,2.1054,0.0,0.9903,0.0616,0.0053,0.0774,0.4819,0.5469,0.4629,0.4015,-44.361,-46.5907,-45.3677,3.8189,-0.0173,1.362,221.5962,-0.0612,186.5536,2039.8054,432.3903,-89.2962,-725.7524,-2463.4282,-516.9691,899.6844,23450466.99,24031802.3212,21706912.1027,23262661.1237,19980329.043,20981934.9543,22530330.6773,23033708.4308,-2330538.4469,-295493.9795,-163904.3697,-776605.3605,-1153769.8096,1474134.2604,323565.4154,363258.3065,705.2847,849.5393,881.6703,906.4592,809.0522,1067.2961,685.5396,716.0567,810.4261,1065.3607,733.4508,784.2801,1114.313,1108.8993,902.0145,849.6977,1331.7122,1588.3671,1468.5633,1613.0736,1489.9712,1361.2506,1550.2143,1303.4078,1521.2384,1416.5637,1533.4142,1718.167,1468.8115,1438.2329,1344.3285,1935.1206,130.6746,-34.4605,-117.6183,175.7729,-92.1497,322.629,-80.9907,-377.0144,-0.0644,-0.0256,-0.1262,0.0437,-0.0626,-0.0059,0.0154,0.0275,44.4129,42.7464,43.3308,46.1746,46.116,43.6189,43.6682,46.8
149,149,53.82197,19.09439,9644.6,327.0,LOT283,0,12.0,42.8207,2.1811,37.0658,48.5544,77.5114,2.4634,0.0,0.9851,0.057,-0.011,0.0585,0.4937,0.495,0.4153,0.422,-42.8797,-44.7465,-48.7584,4.0014,0.0078,1.886,214.8741,0.2677,-138.4327,-632.2263,1417.3493,-3363.9557,-769.5644,2606.9021,1939.4312,2119.1224,20408235.0358,24507257.1769,23273244.8644,22378834.4781,21249340.2547,21917666.403,19701767.857,20987750.3405,-57056.6757,1064905.1094,-855144.0897,354171.0861,999652.5693,1056102.3125,1898008.0087,-1350216.6246,756.275,723.8369,817.9882,823.3562,918.4843,732.5641,857.5118,934.6583,686.3185,827.6025,822.7985,838.8359,710.1386,816.1075,871.47,886.0084,1383.8753,1326.5958,1255.4876,1514.2318,1489.1694,1380.8905,1326.9977,1515.5555,1579.9149,1667.7463,1435.9654,1527.1662,1312.5961,1601.1655,1713.6241,1494.4917,42.754,-9.4651,272.7294,-109.9996,-206.6142,58.1344,-48.3405,-12.8243,0.0335,-0.0369,-0.1043,0.0043,0.014,-0.0149,-0.0173,0.0232,46.7494,46.1509,44.4355,44.9674,43.354,43.9685,44.7119,42.5766
150,150,53.83309,19.08182,9630.1,327.0,LOT283,0,10.0,46.5,3.2019,42.0938,52.3837,83.5657,1.6229,0.0,1.0074,0.0545,-0.0145,0.1677,0.426,0.5732,0.3926,0.3606,-47.6858,-44.8254,-49.443,1.0758,-0.2415,2.2659,226.2684,0.2035,1397.4092,-740.3489,1989.2612,199.2151,-1253.0356,1475.4629,1157.0284,496.3825,23431140.9995,23883528.3319,20047787.4438,19576913.4151,23365925.2131,19268235.7513,23787294.1428,23608415.7092,900658.3911,600017.8655,1175640.6509,480601.4911,927382.347,-240558.592,1124680.1993,63643.8335,934.8596,798.1311,790.577,875.8848,639.6961,522.7936,820.5819,796.5121,832.5226,870.6636,653.7606,927.4457,905.5258,658.9371,923.8454,619.9409,1487.4205,1537.2672,1555.7461,1527.9636,1471.6755,1425.0539,1696.9856,1570.5604,1252.3975,1506.2498,1251.4733,1471.3949,1392.0495,1399.1783,1445.3248,1268.188,184.8648,-36.0687,54.2129,-37.327,-196.2278,-361.8055,90.112,-310.5468,0.0383,-0.061,-0.0492,-0.0118,-0.005,0.0374,0.0154,0.0086,43.7093,45.1765,47.5717,45.1538,45.9782,43.1239,43.1834,45.8357
151,151,53.84421,19.06926,9614.2,327.0,LOT283,0,9.0,44.9179,3.5103,39.4266,49.7412,74.0462,1.4483,0.0,1.0151,0.0522,0.0473,0.1254,0.505,0.5881,0.399,0.3884,-45.8268,-46.7975,-49.722,0.3029,-0.17,0.8505,223.7957,-0.2189,-92.0488,351.8233,1594.0477,-139.5459,-2236.6104,-2412.4738,2720.0372,1876.7742,23268694.1101,21266256.6487,21497453.1673,22583325.0496,19435005.1414,23082032.6446,16946329.5027,20856155.3643,-306123.0974,-888546.2871,-884044.4233,-235226.4585,-1655969.4232,314829.013,549608.0646,-1269773.1817,965.8877,724.5715,698.3911,557.0208,759.6088,621.8705,701.9937,780.9339,781.2814,778.4648,688.8558,802.232,674.3395,734.2735,769.0793,787.9458,1385.5079,1297.1583,1500.4001,1417.7853,1617.6706,1716.3032,1656.1303,1351.8894,1761.7817,1662.016,1657.3738,1059.6466,1691.8731,1090.2475,1429.3724,1455.7074,-9.9185,283.9786,-215.4671,132.7872,241.7805,-611.4136,-110.2018,-432.7891,-0.0197,-0.0516,-0.0579,0.0016,0.0179,-0.0443,0.0779,0.0314,48.2728,49.4788,44.5236,43.8038,43.2277,47.5275,43.655,42.6171
152,152,53.85533,19.05669,9597.3,327.0,LOT283,0,10.0,44.9139,2.0709,39.6967,50.4708,87.7972,1.5887,0.0,1.0133,0.0602,0.0616,0.0998,0.4685,0.5553,0.3933,0.3851,-43.1917,-48.5762,-46.9993,-1.2123,-0.1082,1.5922,223.2788,-0.0619,-885.8611,-1344.2313,2022.8054,-2183.4034,-1315.7935,-1723.5072,-1342.6774,1502.2267,21654686.901,23885417.9297,20871484.9156,23496146.4873,21235532.5581,22510231.8967,22169056.7886,23512432.6692,-512410.9406,990570.3164,1836003.7409,-1710957.3335,280421.5393,-59163.2444,-2550328.2561,-1229087.8025,898.0796,851.9208,818.6747,926.2242,918.8061,805.1038,849.6717,780.2486,665.8023,834.7404,572.5293,898.7183,858.9851,780.6943,844.431,767.3394,1386.2663,1575.768,1490.5111,1521.6065,1395.2063,1407.8378,1502.7134,1475.9151,1806.5458,1434.6298,2175.9862,1754.8354,1473.2286,1439.7544,1815.2065,1775.2501,132.6149,-135.2695,-120.555,100.9167,-73.2427,-152.3849,-86.37,-126.028,0.0749,0.0976,0.0082,0.0007,-0.0725,0.0519,0.0814,0.0427,43.1377,44.261,45.9997,50.96,44.6076,46.2671,41.4246,47.5527
153,153,53.86645,19.04412,9579.3,327.0,LOT283,0,11.0,44.2772,3.163,38.4929,48.3926,75.0391,1.3824,0.0,0.9905,0.0425,-0.0318,0.1128,0.393,0.5876,0.379,0.3276,-45.7089,-47.2252,-47.4492,-3.0886,-0.2377,2.8541,218.7343,0.1015,69.8858,-2190.5896,2331.4632,-1858.272,-2249.8707,800.8265,1746.989,-964.1552,19895742.3559,21573166.1055,23496864.3494,21970661.4697,21275247.3836,22000537.354,22240434.6749,21627629.1813,1001471.1586,515403.0596,718486.7512,-5626.7978,-462038.0552,-1460388.1159,2139018.748,1067779.3547,650.9729,642.6727,866.463,648.5357,751.5342,774.6723,748.1727,947.963,831.3838,871.1285,803.5312,535.7116,735.0224,693.1879,845.8558,998.2452,1584.3362,1571.4669,1558.3583,1397.742,1349.7429,1470.2948,1341.4161,1574.2084,1850.5587,1568.07,1619.8765,1440.7563,1670.1714,1550.4764,1329.3324,1624.7174,194.3505,-67.025,-263.3197,-318.9168,118.3157,239.7341,152.5837,80.6969,-0.0656,-0.0291,-0.0229,0.0143,-0.0414,-0.0335,-0.1248,-0.0125,47.2588,45.4438,47.2151,45.5762,42.2075,44.7762,47.672,46.2104
154,154,53.87757,19.03155,9560.6,327.0,LOT283,0,9.0,43.33,2.4265,39.1646,49.0496,71.7437,2.2071,0.0,1.0226,0.05,-0.0444,0.092,0.5628,0.5074,0.3602,0.4064,-44.4065,-47.6663,-45.0775,-0.1854,0.2605,0.3969,220.1173,0.1493,2707.4561,616.3411,149.3001,-1196.2427,316.3804,590.7427,-488.7923,-1925.834,25288213.8997,19261702.9519,23383605.9105,19222096.9858,21934402.1208,20507109.4666,24838227.7416,20306423.7678,-206020.139,178169.0508,-752677.3848,1396096.7415,664020.0097,-132628.5398,-286149.5796,-996015.8798,783.6628,873.651,597.3089,691.1713,822.2648,825.8452,785.7008,788.6438,823.9353,803.4455,929.2342,654.0998,882.8296,993.2732,701.7433,926.9945,1539.1996,1458.4369,1391.9418,1346.8548,1597.2892,1834.2321,1497.1587,1696.332,1379.9301,1268.7751,1636.4969,1512.5535,1736.5322,1402.4815,860.8692,1228.7868,239.3252,201.6274,-180.3564,-74.4107,-1.7653,154.3539,76.3934,183.0784,-0.0332,-0.0553,-0.0115,-0.0028,0.0217,0.0305,-0.1003,-0.0878,45.7186,44.0551,44.9099,47.2635,47.026,47.1549,48.8077,45.9112
155,155,53.88869,19.01898,9541.3,327.0,LOT283,0,9.0,45.4413,2.1549,41.3223,49.8537,80.821,1.3895,0.0,1.0171,0.041,-0.0407,0.1025,0.3883,0.536,0.3926,0.3897,-46.7382,-46.1338,-47.3935,-3.4005,0.0536,0.5645,220.4584,-0.4095,195.9092,-101.3863,130.7641,291.806,1308.7945,-404.324,-1371.4928,797.6383,21131724.7334,23997509.996,20405009.3722,18723210.0243,21456919.9193,21316466.2505,24833046.7475,21906864.9639,-1164244.0834,481879.5723,-1960278.4136,-1101113.5319,315533.6038,24143.3845,587064.1343,-159798.7395,883.9227,704.5921,857.5768,730.7151,808.9812,688.0762,847.6688,699.7896,805.5555,880.66,892.1254,655.4475,830.1031,652.7958,862.2874,747.0648,1561.5575,1423.1561,1670.9254,1274.6773,1566.5684,1351.5403,1382.2466,1349.1987,1328.4326,1538.9167,1431.4566,1532.3511,1497.8304,1186.2101,1664.4818,1635.4551,-75.4414,256.0973,237.8567,-266.1085,-344.1174,-96.2672,-254.542,71.3802,-0.0374,-0.0488,-0.0889,-0.0169,-0.1338,0.0393,-0.0532,0.0424,47.6168,48.7706,46.0655,45.8132,48.778,48.5917,45.4716,46.2076
156,156,53.89981,19.00642,9521.6,327.0,LOT283,0,10.0,44.6757,2.4139,40.1068,49.4757,67.8031,1.6427,0.0,0.9799,0.0333,0.0597,0.1291,0.4564,0.5556,0.4103,0.3757,-44.9228,-45.7902,-46.5535,3.7859,-0.5051,2.2802,217.2655,-0.1799,-346.161,-4088.0306,-1277.0352,-3544.8541,-1215.5147,-953.5633,-1889.4821,-3809.1062,22157221.3724,21421445.2418,20524477.2993,20369590.117,22500921.8378,18318302.7661,22081400.8487,18460965.2105,-695903.0945,545474.4864,1086025.9776,481733.7491,997947.5274,-1302241.9326,1837890.5582,-35442.281,711.0091,704.6774,876.0338,742.7067,789.2267,683.668,833.3811,638.663,599.1679,812.1998,878.6058,765.6342,642.664,704.0813,788.7382,726.8396,1688.1502,1481.4017,1433.5293,1280.6637,1382.8257,1392.279,1403.8273,1495.1896,1126.6741,1736.0936,1255.8013,1254.9783,1970.4076,1575.1471,1340.3626,1530.578,-133.4334,283.4744,-350.032,-134.7358,-162.3528,163.1524,95.0316,-97.881,0.043,0.1348,-0.063,0.0013,0.0267,-0.0809,-0.0537,-0.0358,44.3582,45.0358,46.3047,45.3077,44.9583,46.0715,46.3936,45.396
157,157,53.91093,18.99385,9501.6,327.0,LOT283,0,12.0,44.6762,3.003,39.5846,50.3026,79.3554,1.8637,0.0,0.96,0.0553,0.0163,0.0497,0.4016,0.4854,0.3818,0.4038,-46.3942,-45.8177,-49.7474,-0.0386,-0.3559,2.925,226.6973,0.0603,-1032.8193,1199.1878,1256.5372,-898.4979,1624.0801,3087.1707,294.2466,381.5386,23236763.6364,20774699.3457,21984879.5937,21780299.4447,21501061.5653,20231433.824,21701829.0717,21142297.1236,-1097116.6684,-303466.8094,907507.9852,248987.5816,-576105.8259,-382800.1952,-281422.3121,-58563.8852,844.8318,822.2446,721.7385,545.9924,700.6445,781.784,597.5055,804.9048,910.56,750.4791,750.474,933.5922,825.9547,727.1283,792.1445,679.3597,1609.9113,1430.5268,1635.9968,1330.5302,1355.8314,1752.9551,1714.7941,1567.1899,1773.0828,1568.576,1452.7963,1634.3817,1556.6749,1509.0394,1587.746,1469.8012,27.5541,-79.0384,-544.5006,-310.9867,-93.3448,-112.0662,91.6167,-131.5304,0.0344,-0.0332,0.0045,-0.0455,-0.024,-0.0512,0.0475,-0.0874,45.7056,45.512,48.7659,45.9877,45.3861,45.707,45.6546,45.9959
158,158,53.92206,18.98128,9481.6,327.0,LOT283,0,11.0,44.1135,3.2017,38.4696,50.0373,73.5012,1.9838,0.0,0.9898,0.0396,-0.0001,0.068,0.4342,0.4909,0.343,0.4271,-44.6126,-46.671,-46.9241,1.5662,0.0684,1.4141,218.7223,-0.0867,-399.2386,-1053.1341,1050.6574,738.6037,-1781.5421,412.2853,1855.9418,1679.9208,22862273.6441,22330265.9731,21422200.8025,23235333.8292,20693203.8302,22711763.1166,19992096.3946,20054031.1351,337143.8908,-161633.7263,766029.6806,278686.3079,-781422.1762,333279.2366,2468603.1645,782191.1005,1001.999,821.8601,770.336,827.6571,832.7054,696.2797,735.6786,958.2643,852.4449,911.6041,840.1391,895.2272,995.3183,709.2473,652.738,914.4158,1635.8553,1896.5853,1312.3986,1226.3245,1299.778,1500.455,1526.686,1742.9653,1337.512,1340.9377,1299.542,1249.387,967.9143,1504.0537,1942.5243,1533.5949,-188.313,260.3586,154.0012,139.5264,244.9119,-171.0298,-219.3805,137.5645,-0.0768,-0.0211,0.0184,-0.0277,0.0468,-0.0505,0.047,-0.0829,45.3305,46.026,47.1107,43.8632,45.642,47.6016,43.014,45.3532
159,159,53.93318,18.96871,9461.8,327.0,LOT283,0,10.0,47.656,2.541,41.989,51.674,68.3429,1.9991,0.0,1.01,0.0461,0.0341,0.0903,0.3552,0.4773,0.3709,0.4208,-46.0025,-47.2892,-47.8887,1.3363,0.2242,2.098,221.1462,0.0367,2340.0499,1517.1904,-252.1436,87.4003,-357.3041,-1093.0236,-778.9583,389.8741,20063752.7834,21257219.8065,19705159.8095,20182483.2438,21929083.1798,22137341.3718,20457067.7066,21291918.9626,-1238646.1526,327318.5002,45970.7489,112828.1529,980137.9291,134481.0767,-203343.1799,-1179830.4886,802.0804,740.89,980.5957,905.3671,733.3577,825.47,758.9386,831.5843,952.5799,880.6559,680.9018,848.7952,900.2004,941.3543,825.6628,837.9421,1489.872,1792.664,1392.3321,1511.1238,1594.1104,1582.0563,1624.6624,1614.5258,1259.6513,1497.9601,1775.9327,1578.6997,1343.27,1562.6907,1317.1866,1329.5734,173.172,26.725,160.1635,-222.5429,-90.2092,120.6431,235.3844,155.3503,0.0681,0.009,-0.0422,-0.1201,-0.0382,0.0061,-0.0577,0.0502,44.3658,46.7195,44.0364,47.0764,44.7583,46.561,42.3615,44.805
160,160,53.9443,18.95615,9442.4,327.0,LOT283,0,11.0,47.3454,2.0906,43.0366,51.4019,67.8786,2.9977,0.0,1.0092,0.0527,-0.013,0.1122,0.4359,0.5957,0.3948,0.3775,-46.9571,-45.6295,-48.788,-2.2832,-0.3646,0.4252,215.3475,-0.4143,130.3968,-1249.4593,-1029.0737,1844.4173,-2434.9809,243.6243,3057.6685,2122.113,20759392.5546,20998192.7558,19888909.2798,21910140.0414,21909593.6409,22943584.6887,22270246.5519,21742503.4893,-104470.9239,-107174.8815,-809132.253,-1426081.5201,542278.4669,162137.8379,-1137494.5198,-969353.9928,634.5107,709.8084,757.6728,762.7951,893.1315,781.6707,741.7747,681.0668,791.7574,819.2527,919.3271,797.4848,957.8484,823.1941,697.3941,849.9523,1358.0911,1511.4031,1483.2906,1611.1733,1465.7161,1355.6637,1445.7954,1410.8149,1386.6618,1012.1511,1417.3735,1686.8865,1930.1906,1784.8583,1815.219,1288.6851,-11.4393,106.998,63.3445,11.28,58.7879,-38.5872,-206.3914,129.6819,-0.0484,0.0033,-0.0451,0.0002,0.0029,0.0168,-0.0348,0.0372,46.877,43.378,44.8176,46.0773,42.4333,46.3908,47.4842,44.3895
161,161,53.95542,18.94358,9423.6,327.0,LOT283,0,9.0,44.4649,3.0424,39.4966,49.1865,94.3901,1.9808,0.0,0.9836,0.0532,0.0332,0.0634,0.3691,0.5386,0.3902,0.42,-43.5141,-44.0761,-50.2774,2.7409,0.3855,3.2999,223.6498,-0.2016,-143.7734,-1191.8423,3.2013,-607.8661,-1072.1595,-753.3031,967.2416,358.0444,22133823.4236,22537256.7882,21624481.0514,22389438.6547,22165328.7665,22753479.4403,24173274.43,21072858.761,356231.1919,-329200.5935,574118.2597,111253.8994,92312.2744,-1681622.22,671076.3606,-677198.5196,698.4647,827.9911,808.4386,832.7585,764.9619,835.3216,732.3654,812.2611,870.8997,685.3392,900.7884,710.9809,646.0915,694.9043,578.591,1001.7792,1368.2223,1176.808,1440.3143,1386.1633,1592.8252,1567.9702,1399.5513,1462.6556,1636.6402,1589.6351,1610.144,1253.0588,1781.4144,1698.8777,1207.8039,1445.6873,9.468,36.3875,49.0705,-129.5983,126.6952,320.913,34.3208,151.1759,0.0467,-0.031,-0.0523,-0.011,-0.0111,-0.043,-0.0134,0.0523,43.6618,42.1003,45.0537,42.868,44.8823,47.4269,43.1805,47.5183
162,162,53.96654,18.93101,9405.5,327.0,LOT283,0,10.0,45.3168,1.2025,40.8009,50.3015,92.038,2.0117,0.0,1.01,0.0388,-0.0536,0.0896,0.432,0.518,0.3917,0.4475,-44.6121,-47.9137,-48.8335,-0.4712,-0.1853,2.9584,220.7598,-0.2184,-556.3385,157.6354,-3227.011,-2607.3264,-50.9054,-248.2363,367.3669,1397.5109,23190745.6509,18377989.1242,22337412.9503,18527765.2093,20524103.0826,24135733.9992,23549830.2219,23159509.4409,1971937.7834,1909635.6876,1612915.3508,-912474.6016,-32863.9737,456223.2867,-35736.4604,1260169.0467,793.7783,824.1627,857.5521,724.709,788.3215,973.688,886.7298,859.5422,725.0913,928.5482,780.7322,938.0422,756.1184,857.6286,920.0723,670.6448,1430.613,1727.1831,1375.9402,1538.7094,1345.5065,1346.8007,1650.6658,1476.8767,1842.2408,1668.8238,1511.0313,1700.5387,1278.3202,1442.5866,1641.8697,1530.6085,-136.2399,56.5509,-358.6715,110.1578,52.3482,-50.171,-1.2655,178.8019,-0.0008,-0.0183,0.0587,0.0039,0.08,0.08,-0.0016,0.0599,48.9299,44.6467,45.6677,42.5002,46.479,43.2579,46.4444,42.2693
163,163,53.97766,18.91844,9388.4,327.0,LOT283,0,11.0,44.0436,2.2708,39.956,48.1303,74.753,1.5698,0.0,1.0105,0.0567,0.0375,0.1247,0.4536,0.5099,0.4117,0.3321,-44.4362,-49.5245,-49.6851,3.9246,0.0925,1.0224,217.4377,-0.0332,-679.3885,1366.0118,3313.8261,-61.8952,-481.3387,1511.4006,2459.5095,-1565.4324,20316885.8483,21631883.1636,23497534.9752,20319358.7283,22814183.8974,23926034.7099,19756477.9662,19931804.1397,1062650.7306,687974.4184,783865.0367,393283.7251,-408457.304,745089.2681,-45146.6257,722555.7202,618.5207,802.0352,831.6286,725.5453,764.4962,749.8799,647.6791,793.4609,689.8472,755.3305,972.966,776.08,644.1983,845.9067,908.8635,734.9976,1404.8436,1560.27,1407.4103,1335.2281,1652.8998,1673.5182,1504.6388,1664.0395,1754.7227,1372.8487,1573.6779,1537.8432,1626.8431,1483.6018,1579.8805,1467.2169,-250.3499,128.0348,13.2621,-113.1704,-16.2028,77.724,-4.8106,-325.6354,0.007,0.0593,-0.0434,0.078,-0.0093,-0.0385,-0.0345,0.0169,46.4916,44.7612,43.867,42.7997,44.049,48.203,46.2584,45.0804
164,164,53.98878,18.90587,9372.4,327.0,LOT283,0,10.0,44.3369,2.6811,38.7423,49.3491,67.2549,2.3372,0.0,0.9877,0.0465,-0.0075,0.1366,0.3863,0.4677,0.384,0.3679,-44.1306,-45.6582,-47.653,-0.8568,-0.1343,2.5277,217.6604,-0.1293,1279.3419,1664.1049,-2207.9853,-952.0492,-262.8573,494.9125,576.5715,578.9765,21429706.8094,24178451.0041,20959621.65,21477494.5826,22735032.8254,23073748.7804,22132201.1834,24648405.7059,1568789.5319,-19137.3906,1332502.5412,1182841.3186,-9640.5232,-1716969.2108,-657417.171,-609282.5138,913.5928,713.6373,798.2448,681.2151,985.6407,668.7128,739.1101,857.5346,846.6838,688.155,884.6883,934.3444,864.7015,632.4406,1028.3922,859.1104,1371.3013,1308.8096,1458.2683,1857.2226,1310.0089,1493.2865,1613.7777,1377.8221,1554.2632,1597.0429,1561.4192,1415.5342,1417.1108,1604.0309,1693.7248,1356.0078,60.9223,-212.0194,-24.7557,-140.6212,386.1931,94.8173,-66.7027,-289.1605,-0.0734,-0.0727,0.0786,-0.076,-0.0207,0.0053,0.0104,-0.0425,46.1397,39.9487,46.9955,47.3426,44.5463,49.7683,44.5874,42.3093
165,165,53.9999,18.89331,9357.6,327.0,LOT283,0,9.0,43.5295,2.6188,39.0284,48.1092,57.6922,1.6372,0.0,0.9715,0.0498,0.0089,0.0928,0.4406,0.5227,0.4083,0.3909,-44.0232,-49.6444,-44.4906,2.7422,0.0518,3.2549,220.0301,-0.1193,2603.1524,-120.2699,170.2086,453.4558,190.0685,-3073.9048,-3255.8176,171.3085,24711287.8294,22822166.0553,19817689.7733,25692843.5632,20986115.714,20210619.2153,24841923.7439,21210160.9603,2305206.2154,-325796.9789,95460.3521,-1431145.8661,1367827.3716,179940.4219,151641.7219,607048.343,750.3028,620.9911,841.1337,793.0477,703.726,876.3199,963.5473,872.7912,915.2303,719.263,834.3537,906.207,715.3227,899.0105,586.7176,679.6683,1561.6424,1582.0148,1563.6162,1278.778,1355.2124,1485.7447,1581.4034,1409.7454,1868.1894,1785.715,1597.7954,1343.7624,1496.114,1228.529,1462.3956,1576.0361,263.3242,142.2919,212.0335,204.5848,176.9636,-78.165,-420.573,32.9142,-0.0651,-0.0564,0.045,0.0828,0.0795,0.0102,-0.0134,-0.0325,48.3163,47.5649,39.3953,45.248,43.1827,44.4206,44.4597,43.3747
166,166,54.01102,18.88074,9344.3,327.0,LOT283,0,11.0,46.6926,2.3331,42.0821,50.758,82.7814,2.2468,0.0,1.0052,0.061,0.0238,0.1407,0.4926,0.5857,0.4388,0.37,-47.6332,-44.5012,-48.9705,1.5261,-0.0968,0.9903,224.1159,0.2072,-2541.099,1304.5281,-15.6073,-264.8297,-1528.4152,-299.0024,-845.0392,1060.8556,24041258.0397,21078210.632,20898672.4911,20322308.3444,21510282.6649,20527945.9371,22309440.2974,22936507.4349,207586.3252,1107883.9286,702941.8712,243156.9486,169119.2456,1379579.499,-159750.3754,604218.3266,839.2744,732.5433,800.6331,838.0457,1001.0171,638.8237,990.6859,862.5184,620.7863,853.1878,1020.9772,750.2047,938.0572,839.9975,776.0808,726.8198,1507.8412,1158.3523,1285.6131,1599.8045,1341.3951,1412.5453,1459.1615,1449.9084,1452.7912,1553.7692,1347.7413,1505.145,1621.5359,1562.6131,1516.7699,1067.4942,-19.3411,-103.3692,212.2664,-98.8359,-69.4411,-251.1525,106.7493,175.3746,0.0694,-0.037,0.0287,0.0016,0.0256,0.0021,0.0036,0.0041,43.6095,44.6555,40.6003,47.3857,44.3409,46.8889,41.3303,45.5635
167,167,54.02214,18.86817,9332.6,327.0,LOT283,0,10.0,46.7099,2.5342,41.7386,51.0145,91.2592,2.4311,0.0,1.0422,0.0617,-0.0183,0.1028,0.506,0.6228,0.3888,0.3394,-44.5144,-47.4644,-47.3282,2.7674,0.058,1.7992,218.1905,0.066,-1173.0935,-2460.8239,-111.2595,1515.2695,-878.6722,-441.9964,32.6434,1260.5055,20180714.1307,19927898.5812,25365665.771,21334224.8479,24557785.6694,20815384.6088,19262225.676,19494377.2446,1285453.5556,227801.11,1837728.0936,1793059.1016,125789.7783,946602.4074,-1176889.4079,-697212.8034,841.5092,794.8774,856.6677,746.6074,728.657,933.0932,807.4974,660.0676,731.5857,746.8263,940.6001,647.0451,869.0828,632.9335,835.5873,899.6831,1425.5239,1663.3001,1301.0414,1451.7435,1543.5713,1330.8578,1505.3415,1485.5776,1547.0014,1877.2911,1226.5081,1091.0642,1954.9077,1579.1954,1720.3191,1563.3708,-348.0573,-178.2424,265.2912,103.4762,-284.4177,87.7856,127.177,-257.9607,0.0587,0.0237,-0.0547,0.0022,0.0132,-0.0866,-0.0485,-0.0411,47.0407,45.1371,47.4936,44.876,45.2567,44.1341,45.3205,45.994
168,168,54.03326,18.8556,9322.5,327.0,LOT283,0,12.0,44.6635,2.0658,39.2662,49.7031,68.3343,0.8131,0.0,0.9864,0.0585,0.0429,0.0572,0.4409,0.4968,0.391,0.4354,-43.7808,-45.6878,-45.9432,5.5504,0.0735,1.9565,223.587,-0.2061,1468.4077,-129.8946,-2694.7813,-297.8263,911.9122,-242.7085,1744.5099,-1865.9913,21440108.8476,20525687.2189,22481695.999,23302960.256,20837828.4747,20749185.508,23521690.028,21409224.5522,-897059.9603,-10771.9078,-1531794.1978,-55901.9543,-794103.1106,1082658.7784,312646.492,114625.1799,810.8976,916.0267,731.5576,725.7189,818.9722,946.2173,767.9277,854.4154,933.0446,808.1177,817.7133,710.3197,793.8833,894.4319,847.6631,866.8521,1261.7808,1538.1729,1298.4831,1441.8687,1547.1168,1348.3091,1217.5628,1673.324,1430.5559,1589.3702,1477.2995,1664.4906,1590.9046,1556.3159,1250.7712,1467.8104,34.2534,-195.2702,-221.667,22.2907,-136.2099,207.7384,145.8608,343.6608,-0.0185,0.0394,-0.0131,-0.0396,-0.0494,-0.005,0.0051,-0.0138,46.9339,45.6791,43.2451,41.9948,43.4491,41.651,43.2431,45.082
169,169,54.04438,18.84304,9314.2,327.0,LOT283,0,12.0,43.0664,2.2317,37.7525,47.1522,72.8739,2.2645,0.0,0.9985,0.0583,-0.0135,0.1104,0.4613,0.6606,0.3924,0.3956,-46.9531,-46.0634,-48.9344,-3.6019,-0.3101,2.0179,216.3981,-0.244,-639.9731,-14.6266,-372.7282,-2340.5118,-1928.7874,-68.0714,5363.397,-880.2559,22168951.981,21814851.7461,22891823.2709,22033055.6889,23534465.001,19956250.1342,21761932.7365,21525901.5848,2086596.4312,2161873.378,-1165990.2057,500382.3761,73732.5372,-1011731.8557,1470739.7803,-72722.6118,633.576,688.514,822.6688,700.3219,889.5531,766.1946,690.2586,874.047,848.0172,810.3591,856.051,745.4638,798.9633,834.3906,856.6238,811.9367,1547.0335,1429.9497,1406.4415,1366.9764,1703.774,1513.234,1543.2134,1462.8656,1658.6708,1673.6251,1314.2968,1643.1543,1484.5528,1698.6375,1396.3757,1508.0665,-49.0772,260.5256,-80.0089,184.5523,-2.5981,108.3873,-174.9819,-92.4025,-0.0189,-0.054,-0.1456,0.0733,0.0044,-0.0547,-0.1186,0.0164,42.9555,45.4107,46.6402,46.196,44.0835,43.8035,45.6055,46.2238
170,170,54.0555,18.83047,9307.7,327.0,LOT283,0,11.0,46.7086,2.3578,42.6359,51.5955,71.3733,2.4091,0.0,0.9963,0.0444,-0.016,0.1022,0.4232,0.5706,0.4364,0.4291,-43.3043,-47.1948,-48.0218,0.3845,-0.0929,1.4837,217.9908,-0.0227,-879.8262,532.0664,764.6392,-854.4086,1645.1466,58.0725,1969.7599,-159.6047,22106932.9059,20701893.0418,21530416.4281,23869018.063,21896219.991,19711639.9531,20894532.7193,24986421.8749,1142304.2561,941828.3098,1708920.4869,-812182.5552,447656.2964,-912573.8918,-1695369.2218,-664024.88,895.0675,725.326,725.8344,697.5351,806.6757,769.3385,723.5336,740.4249,874.6096,819.5348,871.9552,1025.5484,987.8546,860.967,768.9764,771.022,1556.5679,1629.0937,1800.4418,1335.6076,1397.0393,1534.5969,1507.9914,1544.1659,1581.7673,1352.0598,1477.0018,1205.0957,1674.301,1378.1866,1794.0072,1579.338,185.2364,111.1936,114.3678,-87.2268,-206.588,-143.7535,445.8218,128.7123,-0.0097,0.0442,0.0132,-0.0365,0.082,0.0345,0.0012,-0.0429,45.3176,44.0997,47.0905,42.3489,44.3832,41.0378,43.8092,46.7014
171,171,54.06662,18.8179,9303.2,327.0,LOT283,0,9.0,43.4668,2.7287,38.8578,48.7574,74.0912,1.4236,0.0,0.9995,0.0453,-0.0454,0.0834,0.4708,0.4883,0.3319,0.4133,-42.7933,-45.6743,-49.8372,-0.4224,0.8293,1.7871,222.9591,0.285,1925.4416,3436.4714,135.2953,-417.5849,2059.3503,1141.2908,-2613.0768,862.0886,24260303.289,22325483.0094,21110280.6825,23525575.3518,20863242.9487,20554496.9152,22212036.7988,26301062.5852,380892.9563,474790.9917,1137287.0235,-380415.2729,-1906704.5339,-842124.8108,-690492.8432,-266811.2946,957.3237,841.7441,763.2998,983.3585,928.8325,843.5115,862.4998,961.3939,863.2312,801.8183,861.7704,757.3779,790.2914,669.5,682.8371,980.6824,1695.7272,1497.159,1602.8404,1353.2909,1491.4798,1724.8924,1766.6605,1334.1187,1620.3379,1679.1912,1587.9136,1443.6347,1151.8254,1975.2494,1696.0562,1320.25,-55.5043,71.2364,148.8048,345.8082,178.3785,158.3273,-89.8033,261.6472,0.0161,0.0356,-0.0415,-0.0757,0.0491,0.0014,0.0604,0.0145,46.1809,46.5139,44.4138,42.4576,44.3033,42.6527,43.7784,45.5588
172,172,54.07774,18.80533,9300.6,327.0,LOT283,0,11.0,46.361,2.1664,41.8382,51.5553,72.9797,1.8197,0.0,0.997,0.0475,-0.0492,0.12,0.4476,0.6026,0.4309,0.4119,-45.2506,-45.5118,-47.7115,-3.3927,-0.0369,2.7564,222.5006,0.5519,-2223.7274,-1533.6338,-1776.9861,1483.3879,1132.3202,486.2485,-2286.0789,688.3989,21290506.6551,23931390.4107,21509662.6849,24389865.0358,19188371.7293,19522867.8883,21027141.196,21268012.503,-638650.4886,-563689.5615,93573.8086,-762418.8834,-416661.427,642957.8382,1232112.6352,918774.7479,763.4441,656.1203,823.032,854.5553,728.9744,640.6123,707.3373,867.3155,886.2587,895.9254,600.15,932.5965,748.0295,704.0982,797.4234,900.5069,1402.8049,1114.3651,1680.7635,1474.0929,1602.03,1338.2519,1422.147,1525.589,1540.1903,1654.0058,1657.727,1457.5854,1643.1128,1466.908,1312.791,1455.0967,-202.968,320.363,9.5448,134.3005,375.3545,-207.1516,50.5099,287.5372,0.0268,0.0529,0.0066,0.0045,-0.0041,0.0075,0.0247,0.0516,44.8746,44.0628,44.628,42.9439,43.5654,47.6549,45.2051,44.035
173,173,54.08886,18.79276,9300.0,327.0,LOT283,0,9.0,47.3787,2.6547,42.0815,51.7643,75.6244,0.9007,0.0,0.9754,0.0556,0.042,0.1355,0.4891,0.657,0.3764,0.3547,-44.9294,-46.4034,-49.6748,0.6688,-0.1329,1.7003,222.7598,0.3927,1443.844,-1483.8403,-200.808,300.2793,1961.4431,-1887.9319,2371.916,-1623.1015,22858820.1154,20934990.6342,20765128.1476,23779350.2499,22557448.4742,19670387.2161,21813922.4927,22523002.6741,-687504.2825,1427888.3856,-1112723.1921,-546697.0348,197015.6784,1519601.2548,-744475.3359,-521421.3282,750.1901,731.2452,689.6867,733.2484,884.1959,928.0677,868.6085,534.9475,707.8719,643.7898,849.2451,935.7631,726.3068,775.2143,563.2847,858.8827,1432.9345,1440.3902,1159.2595,1388.3387,1414.7053,1355.8238,1465.2435,1404.1638,1582.0318,1265.5481,1311.4439,1078.5645,1567.7565,1481.677,1487.7918,1627.9041,53.4531,-299.1389,-92.7647,-48.7427,194.38,23.2911,-374.7419,-178.2303,-0.0092,-0.0916,0.001,0.0827,-0.057,-0.0912,0.0179,0.0702,46.117,44.4522,42.1497,42.5824,46.9096,42.8848,42.5593,43.1946
174,174,54.09998,18.7802,9301.5,327.0,LOT283,0,12.0,44.8551,2.3985,39.0036,50.8157,82.4444,2.0076,0.0,1.0069,0.0621,0.0251,0.1277,0.5407,0.4497,0.4346,0.3825,-44.2404,-47.8401,-46.2977,0.5795,0.0092,1.318,218.9854,0.2613,477.1429,572.1373,1149.0099,7.4722,1023.6705,-3604.2772,531.392,168.0373,22208757.5819,21758319.5058,21509638.613,20578862.0953,20807773.3891,23475399.4192,20694730.895,21308900.8586,628501.5242,-2675490.6736,-983804.9781,-81290.1453,1166864.0757,618134.8528,-352277.3606,1205789.0683,760.7898,624.3701,662.298,598.3301,872.612,748.3708,687.3394,718.4163,740.8189,716.1901,769.1096,922.1099,702.3404,812.5303,985.8005,943.4349,1699.5322,1556.7876,1401.3534,1470.1128,1370.0647,1612.6019,1347.5346,1525.6777,1726.1513,1469.8326,1676.4411,1704.2173,1660.2361,1691.3771,1516.1714,1250.149,288.5442,297.0242,49.2286,140.6988,196.92,121.5016,176.4714,-270.9817,0.0754,0.057,-0.0112,-0.0574,-0.0159,-0.011,-0.048,0.1143,45.1765,39.7937,44.44,43.8059,47.115,43.0422,46.4225,45.4184
175,175,54.11111,18.76763,9304.9,327.0,LOT283,0,10.0,46.0411,2.5792,40.9293,51.3818,72.0036,1.798,0.0,1.0338,0.0469,0.0546,0.0619,0.4355,0.5387,0.4312,0.4151,-45.8416,-43.3935,-48.1958,0.6323,0.1799,2.9643,218.9527,0.153,981.0385,4303.1381,-1.6958,-379.0884,3302.6223,9.4922,1823.5342,1627.1313,19621213.0486,20280411.7038,23792274.3812,22651749.181,20058527.4284,21950796.3975,25054525.3889,22455283.1049,2062146.4727,965702.4743,936957.8088,1201867.0011,-401296.1346,226751.3756,462883.8479,690723.8388,753.3853,658.5379,642.1179,755.0839,861.2211,737.0261,719.7822,859.0955,840.617,842.9501,774.8828,952.1953,922.1424,650.276,753.3294,746.3268,1474.7572,1442.363,1570.7761,1470.0713,1249.783,1714.6226,1230.686,1270.0641,1434.5221,1648.2854,1677.2524,1861.3679,1143.5598,1574.4374,1707.8753,1616.8397,-33.9289,-310.1558,118.7058,15.8651,-403.268,226.2231,359.4431,114.627,-0.0002,-0.0356,0.016,0.065,0.0546,0.0176,-0.0575,-0.0252,44.2717,46.6783,43.4413,46.6659,50.1544,44.4363,43.7213,47.1852
176,176,54.12223,18.75506,9310.2,327.0,LOT283,0,9.0,44.8423,2.597,39.0339,50.3009,84.1336,1.7174,0.0,0.9763,0.0525,0.023,0.0383,0.3352,0.5205,0.3701,0.3919,-45.4383,-46.2066,-48.6748,-2.0267,-0.1221,1.5777,218.9335,-0.1201,-1031.7126,-826.7834,618.8814,-158.6448,-1160.2392,1247.055,885.0598,594.3966,22201697.5403,19941780.8921,22766539.0678,23601104.4253,21404557.9749,21784809.9106,21568564.0782,23396125.3531,1744377.5003,-1062945.4466,-308180.8534,913263.4458,-485092.7265,907050.1553,1130742.2331,-34004.2317,709.1984,741.2967,809.7677,708.7662,862.7132,941.6715,889.1507,772.7312,799.4885,850.4562,705.4553,822.9021,723.4118,899.7115,725.3788,839.9378,1519.0151,1443.5592,1531.2595,1385.5883,1477.9156,1331.3943,1722.6624,1475.9653,1399.2389,1781.8024,1599.6995,1046.8295,1385.5321,1456.5737,1827.3183,1428.2336,-219.2249,-68.9689,215.6898,-223.2425,-162.3951,49.9158,-167.4398,253.5978,-0.0587,-0.0016,0.0892,0.0231,0.0973,0.0032,-0.0591,0.0243,41.8569,47.3595,41.3232,43.8424,43.6402,45.4493,46.7943,47.9464
177,177,54.13335,18.74249,9317.5,327.0,LOT283,0,9.0,44.2053,2.4202,39.9249,48.7099,89.0597,2.384,0.0,0.9811,0.0586,-0.0415,0.0665,0.395,0.5943,0.4742,0.3937,-46.3363,-46.4926,-49.7221,-1.4823,-0.1102,2.362,221.1348,-0.2085,916.0585,-1221.6516,926.0305,825.782,-185.4035,-175.5436,3207.101,-572.8839,22843512.4755,22753702.5807,23932714.0597,21107241.0875,23004125.4457,24232082.5849,21811381.7589,20797793.7192,352855.3365,1252418.07,58801.4869,340738.9303,826562.3695,-1369352.3777,-1057246.5848,-604533.1346,968.0815,781.5782,773.3684,872.9264,774.2446,811.766,910.7963,734.572,801.3311,860.3435,885.7294,822.897,849.1734,606.4387,897.6527,748.6938,1491.4268,1395.1763,1586.4859,1532.1104,1386.7343,1790.1023,1297.5142,1285.5013,1524.2754,1460.4358,1503.0972,1605.5624,1086.9989,1218.5031,1474.0235,1215.529,79.1152,28.923,-98.1168,388.5091,-315.7501,-64.4934,-3.7944,-15.1382,0.0753,0.0613,-0.0484,-0.0053,-0.0194,0.0475,-0.0375,-0.0208,47.3795,43.0051,44.0158,46.3638,41.6884,44.8686,47.4517,42.7335
178,178,54.14447,18.72992,9326.6,327.0,LOT283,0,11.0,44.0489,2.5535,39.9475,48.8504,74.1443,2.3468,0.0,1.0096,0.039,-0.0061,0.0937,0.4177,0.5609,0.4193,0.4363,-43.3321,-47.0065,-46.549,-4.4908,-0.1547,2.3228,219.7041,0.2969,1000.4704,343.643,-1204.0524,716.2613,531.4272,1069.7112,-487.3847,-3477.1781,22702109.0987,22111166.0289,23804487.7071,21585862.6887,22895945.0879,24168212.0661,23576759.5171,18417840.9377,-474173.0083,-254883.3897,156986.0465,361926.0196,701795.3139,668553.3613,694167.9563,109969.1641,902.4628,957.5726,876.613,771.3121,793.2919,873.1293,739.1128,796.6381,782.8725,633.0548,834.7872,711.9877,698.4162,885.5354,882.6187,743.6258,1389.3532,1412.4571,1660.3663,1501.0271,1284.0708,1338.7595,1975.8396,1491.9294,1566.0106,1599.213,1108.2823,1844.9649,1169.6868,1221.9529,1323.4843,1156.1422,-41.4929,9.0663,176.1929,159.5311,-2.3948,139.4752,184.4504,-129.7136,0.0303,0.1221,0.0032,0.0203,0.0709,0.0218,0.0025,0.0199,46.6183,42.7073,44.4461,45.9496,46.6176,43.6971,46.8936,46.0925
179,179,54.15559,18.71736,9337.4,327.0,LOT283,0,10.0,44.4046,2.563,40.3132,49.9413,85.9502,3.2329,0.0,1.002,0.0324,-0.0075,0.108,0.3528,0.4102,0.4153,0.3789,-44.6154,-45.5227,-47.3949,2.011,-0.2074,0.4417,212.0295,0.0841,-3232.3799,37.7024,0.1462,2288.5297,-1754.8972,1781.8907,-1859.9403,1566.9022,21957854.1259,21672935.1383,20957528.9335,23141767.9898,20884320.4098,20967025.3464,22182170.5543,22894577.5876,-808327.9322,318853.357,816808.9082,-392879.1889,-1156430.4453,-475329.1299,1273884.9787,-495022.1867,825.2993,890.0775,944.601,751.8934,800.0214,758.6712,829.4702,683.502,939.5274,849.1558,789.5356,716.7905,585.9629,817.6984,975.0436,760.64,1658.6704,1530.404,1441.3497,1434.8627,1320.8848,1677.0127,2094.06,1410.6252,1644.7583,1328.9884,1436.8301,2010.3753,1587.5426,1618.6153,1229.0434,1468.3723,-172.4734,-55.8211,-71.2483,78.5313,32.5212,-151.3082,325.2216,-196.9956,-0.0548,-0.0006,-0.0098,-0.0431,-0.0131,0.0424,0.0055,-0.0012,45.5784,44.4605,42.9487,42.287,47.2833,44.9305,47.236,49.7633
180,180,54.16671,18.70479,9349.8,327.0,LOT283,0,11.0,44.9545,2.2371,38.9605,49.0429,82.5497,2.9664,0.0,1.0294,0.0414,0.0102,0.0781,0.441,0.5239,0.3721,0.3577,-43.0329,-44.5053,-46.5085,3.616,0.1413,2.7267,214.7831,0.034,178.1138,-1262.4409,-824.817,2875.7305,-861.5544,-2820.5296,-1813.7827,2152.3591,23683111.5074,22350464.6132,21971840.8956,22404392.3073,21640442.5577,20805748.5252,22663756.5725,21536803.03,931743.2621,-422572.46,74390.5103,113681.7381,638369.0552,1022210.6374,405800.2697,-1145849.0754,945.9651,775.6109,770.3111,881.8761,951.5242,690.8395,843.8421,885.6009,897.4978,769.7177,676.6317,848.2085,843.2465,825.754,667.7225,758.8995,1506.6938,1293.1695,1579.9032,1480.848,1399.6035,1257.4881,1616.1221,1138.5619,1271.5441,1042.9305,1654.8114,1853.0464,1437.9281,1720.7013,1878.4392,1357.3415,-171.8152,13.4246,175.8018,229.1999,24.3879,304.1906,-98.2333,-129.7209,-0.0207,0.0581,-0.0229,0.069,-0.0013,0.0616,-0.0123,0.059,45.7245,48.5922,42.1971,48.0643,45.2254,47.2989,43.8659,44.5844
181,181,54.17783,18.69222,9363.7,327.0,LOT283,0,12.0,42.5646,1.8267,37.1936,48.2427,68.0334,2.3096,0.0,1.0201,0.0448,-0.0336,0.0967,0.3512,0.5949,0.4607,0.3793,-44.976,-45.7777,-47.981,-1.951,-0.0546,1.291,231.2939,0.1608,938.6005,-176.4672,591.6747,335.7046,140.0509,-1750.813,-1494.2468,4.1128,23219858.1583,20673914.4499,21204592.112,22989018.0075,20073210.0494,21536725.6006,20739124.6748,20704318.0463,886682.1212,-889816.5012,1244296.5511,40574.6921,340338.1977,1189144.7975,1116432.7548,1514755.3469,825.7761,880.9315,721.1491,538.068,726.74,829.0974,751.1625,848.7609,911.4228,583.2364,896.1378,768.1466,826.3717,787.9884,900.0726,790.8048,1594.3637,1460.6907,1502.8185,1638.0022,1315.5633,1615.5895,1491.601,1581.5689,1485.6335,1685.0608,1317.8979,1514.3379,1306.746,1354.6626,1168.9411,1508.2332,-208.8336,-423.3518,9.0099,-67.1463,197.7485,-59.1526,-473.0776,-187.4678,0.1249,0.0467,-0.0385,0.0975,-0.0297,0.0738,0.041,-0.0013,45.8873,44.458,43.5037,45.9751,43.8872,45.7978,44.9143,45.0024
182,182,54.18895,18.67965,9379.0,327.0,LOT283,0,12.0,43.6708,2.8237,38.3341,48.6911,75.5903,2.3249,0.0,1.0149,0.0412,-0.032,0.0774,0.3828,0.4875,0.4136,0.3837,-45.2419,-46.4141,-47.499,-3.6675,0.0491,1.3046,225.8665,-0.1399,477.704,-323.4298,-1084.3569,-296.5459,-2475.7887,-2583.7304,2296.4969,666.2696,22948047.0932,19221012.325,22226293.5484,21348444.8913,23530602.9142,24329843.3181,22225227.7655,19276875.927,-26615.8493,353223.0251,319254.745,1715628.3449,44127.8989,1696860.6385,-461674.6844,329484.4719,837.7526,784.8548,951.2402,705.8842,754.4433,889.4328,789.8048,686.297,803.7179,729.7629,795.0328,909.9609,779.3095,848.0199,744.425,842.9532,1660.3821,1585.9897,1250.9511,1388.8046,1696.8217,1427.8695,1600.9572,1505.0336,1720.4777,1172.4602,1483.5496,1533.5956,1525.4519,1673.7341,1817.6533,1570.6139,152.0436,448.0239,-372.0479,234.9156,134.6412,247.0582,-38.1879,141.7575,-0.1024,-0.0246,0.0162,-0.0845,-0.0232,0.0052,-0.0117,0.0161,47.1297,43.5978,45.5522,44.3391,45.8382,46.2548,43.5675,44.9691
183,183,54.20007,18.66709,9395.5,327.0,LOT283,0,9.0,47.317,2.6405,42.4116,52.7745,99.1099,1.5817,0.0,0.9693,0.0575,-0.0123,0.1279,0.4165,0.6217,0.3962,0.3534,-42.6451,-46.4586,-46.4769,1.2798,0.2206,2.0783,223.8623,-0.3409,302.4666,-157.4148,634.8707,882.4724,-742.0418,439.694,1348.8967,-1607.0467,20820177.71,22971264.1828,24743846.9876,23374961.7809,20684846.4635,19082707.5347,23707240.0278,21294108.6335,1124263.852,-1583920.6026,296979.1651,-528680.7087,841927.5909,-821009.8175,-51163.9639,-1223754.2597,748.1746,760.3604,896.5382,836.8981,891.735,773.7604,825.6285,732.4,837.2728,706.9825,984.5629,777.8462,916.605,788.2313,901.0128,725.608,1651.7665,1502.9121,1440.3429,1757.5105,1574.1909,1294.849,1329.5494,1352.1952,1633.068,1712.3046,1749.8238,1729.8224,1451.485,1565.3772,1188.9016,1568.8824,39.6515,-173.1317,296.7295,351.2685,43.1424,46.679,166.6707,-56.3869,0.0271,0.0248,-0.1071,-0.0266,-0.0118,0.055,0.048,-0.0164,48.9966,46.5254,44.4022,43.0873,45.8558,44.7574,42.7269,45.9927
184,184,54.21119,18.65452,9413.1,327.0,LOT283,0,10.0,44.534,2.6003,40.2364,48.9131,112.7851,1.8951,0.0,0.9792,0.0463,-0.015,0.0854,0.4278,0.5382,0.4031,0.4079,-44.4734,-47.4174,-49.3451,-1.44,-0.1934,2.7936,223.8527,0.0908,-232.3496,-835.2059,-735.2002,1046.1528,401.3428,2385.4867,832.5848,-1995.6051,22263785.0748,22269707.029,21589947.3297,18147204.4492,22754724.0514,22493787.4758,22373474.8233,25558692.3502,1309423.4057,899615.0027,-442963.1596,-32584.0735,-322137.4955,-802727.9146,404523.7516,639799.1639,627.8851,884.9495,762.5924,813.0961,756.569,753.8209,992.0282,880.1295,831.0516,850.8128,818.0164,770.9769,755.6301,835.4695,625.3885,854.0501,1671.0989,1807.9889,1320.4698,1327.8609,1167.7189,1231.021,1433.2918,1512.2797,1156.6029,1501.8095,1341.599,1448.0995,1430.1372,1539.729,1230.003,1970.5782,208.1337,50.0947,-230.1438,128.9251,-401.5117,32.0448,155.8962,-75.0557,-0.0761,0.0365,-0.0629,0.0583,-0.0334,-0.0098,0.0472,0.0462,46.7338,45.2239,43.1542,42.3502,46.9058,42.626,44.8631,44.351
185,185,54.22231,18.64195,9431.5,327.0,LOT283,0,12.0,44.6224,2.1556,38.7456,50.4417,72.7629,1.5478,0.0,1.0068,0.0442,-0.0267,0.0407,0.4368,0.5269,0.4109,0.431,-46.603,-45.5883,-49.2807,3.1023,-0.7876,1.3055,215.5233,-0.2848,-1089.1879,-1793.535,-2205.3642,-2398.4482,571.3715,441.5432,-2693.5275,-291.5828,22855969.1963,19069612.789,23064898.8249,19712425.2534,23783663.9281,21056001.5885,19818927.1836,20279983.9376,-1027620.0632,-1671260.4989,217086.5123,54395.6754,-319887.9074,-2388516.4699,-393332.3283,-46196.9527,690.6367,766.7865,484.8265,664.9876,950.6113,807.6579,845.8433,745.4491,692.9537,832.5394,832.5162,769.3127,889.1906,914.9781,906.0841,808.5131,1530.6114,1402.0561,1598.6906,1457.2026,1548.6651,1536.0665,1565.1294,1673.8859,1162.7124,1638.2505,1147.4199,1328.4526,1297.6151,1524.2965,1322.6858,1489.2957,-34.3383,262.7702,179.0187,-96.5936,-301.6659,146.7793,102.8552,-255.2252,-0.0052,0.0724,0.0549,0.0409,0.007,0.0246,-0.0635,-0.0985,41.0221,44.1133,38.7244,44.1923,45.9688,45.9898,43.0462,43.7427
186,186,54.23343,18.62938,9450.6,327.0,LOT283,0,12.0,45.7062,3.0058,40.4363,50.0536,69.1545,1.8941,0.0,1.0206,0.0669,0.0141,0.0984,0.539,0.49,0.4116,0.4145,-44.952,-46.4117,-49.1368,-6.111,0.6479,1.3113,219.2679,0.0156,-1066.5347,504.8912,1251.4147,-1657.6031,1008.3097,-874.2962,-320.3167,1014.272,22920104.009,23504768.2746,19104024.3479,24459901.2806,21487351.9905,23296443.3878,21341655.8529,22866463.2055,-2451876.4021,1385205.96,-322240.3148,237883.4359,-2780558.7564,1086746.3184,-379683.315,371341.4154,834.4646,806.2516,954.0404,906.6658,825.6879,637.4998,737.024,736.3277,922.1928,732.3842,851.3734,744.9968,831.8618,791.7183,814.1647,750.349,1469.0473,1512.0334,1391.5493,1592.8047,1412.5826,1709.1707,1604.1233,1436.983,1717.0176,1511.6371,1312.9742,1454.2606,1507.7734,1469.9017,1353.8878,1446.5931,-61.7047,-199.5571,219.5822,84.5801,480.298,-66.6414,388.673,23.7162,-0.0754,0.076,-0.0718,-0.0617,-0.0452,0.0422,-0.0159,0.0666,42.5524,44.1044,41.5382,44.1009,46.3028,45.5308,45.515,47.7405
187,187,54.24455,18.61681,9470.2,327.0,LOT283,0,10.0,48.4544,2.1914,43.0978,53.5254,64.9201,1.0929,0.0,1.0172,0.0475,-0.0202,0.0684,0.5004,0.5346,0.379,0.4162,-46.5138,-47.1866,-46.8334,-4.0975,-0.151,2.4953,216.1,0.38,1844.4673,-1800.2577,1940.1467,-413.0617,-1067.3002,629.7742,-318.4156,534.7925,20273202.1083,21775780.3975,21753969.9244,23590685.5574,20095226.5196,22070620.3593,23874309.6799,20146972.9054,-1189442.6902,-290886.7985,1621337.2289,-1007744.383,-1602274.771,711665.3777,1564258.64,-57282.1115,757.4163,738.9318,1020.4059,789.079,874.5319,831.016,887.8638,771.7905,712.4075,843.2864,734.8559,838.7522,826.9723,926.1611,712.9626,830.1117,1541.9601,1493.8926,1422.2921,1437.7395,1606.3115,1264.883,1796.2757,1617.8778,1745.6674,1534.857,1216.414,1858.6506,1223.3211,1304.9324,1501.8503,1699.6508,-291.8646,325.9268,-49.3033,101.3056,66.2474,-35.9136,91.514,-103.6573,0.0156,-0.0927,0.0732,-0.031,-0.0801,0.0207,0.049,0.0093,46.7003,41.2309,51.1442,45.762,47.3479,40.5856,45.7018,45.9096
188,188,54.25567,18.60425,9490.1,327.0,LOT283,0,12.0,48.0739,2.4939,43.8734,53.7822,82.9377,2.0347,0.0,1.0048,0.0486,0.0196,0.1122,0.5227,0.5416,0.4064,0.3844,-43.9947,-45.7147,-47.9373,-5.6782,-0.0555,3.411,221.3619,0.1442,-2686.9606,712.5927,-219.4548,544.0466,-1250.1414,2001.4511,-1073.9883,-2151.6669,21929419.799,21636358.6255,20373771.5992,19176521.7831,25325299.7536,22892818.6339,21232178.206,21624577.7174,171753.139,9366.9431,202457.7296,-1123590.8624,-1112737.2717,-162575.6117,1472856.0236,-510188.2724,654.6646,755.5646,851.5335,829.7424,735.7134,855.4004,695.5064,712.4778,944.1824,748.0147,685.1888,943.9549,802.3749,714.2249,825.4305,858.3212,1638.536,1517.5125,1316.0701,1423.3887,1520.5687,1175.2228,1659.0673,1670.1349,1484.6335,1605.0812,1779.844,1863.4552,1443.2006,1712.7236,1371.8715,1641.4414,428.019,-51.5891,150.131,66.4255,223.3589,-13.7748,-55.7954,79.7066,0.0034,-0.0992,0.0292,-0.0292,-0.0135,-0.013,-0.0169,-0.0005,46.5764,42.1786,44.6543,46.4239,46.3456,46.2838,47.8866,44.8775
189,189,54.26679,18.59168,9510.1,327.0,LOT283,0,10.0,46.6708,2.5504,41.5388,52.4227,64.2246,1.7655,0.0,0.9737,0.0474,-0.0008,0.1068,0.5104,0.585,0.3905,0.3488,-45.6015,-46.1324,-48.6525,-3.1199,-0.1313,1.8715,220.7872,-0.2349,-341.4657,589.6778,-1320.2389,-1419.293,-357.2361,2201.0508,674.7388,141.0634,20068340.5857,21392478.034,23193128.5385,20967883.7245,21383101.9818,22067654.6828,22991415.8448,22379243.1581,687143.3704,-374204.8022,1213918.4396,1012239.852,923818.7545,-1380939.3267,745498.8697,471893.2086,823.7697,759.086,1068.1219,834.142,825.4904,841.9054,879.9241,682.616,847.6828,926.1697,691.3211,852.4823,848.407,880.8656,654.3265,875.2556,1450.6476,1301.2519,1255.7415,1699.5425,1260.9211,1470.2245,1439.0016,1599.3233,1452.661,1494.6946,1293.8969,1795.5918,1756.6021,1299.2604,1814.7823,1665.8547,150.0707,20.24,-96.1295,-201.2275,-326.6049,-326.7851,-80.0894,-32.8566,-0.0023,0.0216,-0.0608,0.0501,-0.0728,0.0387,0.0581,0.0122,43.5349,47.0439,48.2235,45.2065,46.4693,46.6902,47.7272,43.9648
190,190,54.27791,18.57911,9530.0,327.0,LOT283,0,11.0,45.3658,2.5829,40.7158,49.8883,83.8693,1.3689,0.0,0.9898,0.0411,-0.0149,0.1236,0.3986,0.474,0.3905,0.3968,-45.064,-46.2749,-46.5351,3.6317,-0.2843,2.2991,213.3167,0.0382,-2267.9899,-735.69,-836.0622,2644.7216,881.902,-1497.1602,-171.4279,692.3091,23803331.8681,21304221.1426,21323446.5401,21459822.4924,21477419.0069,20028365.6113,21367749.8698,21161385.365,-528748.4854,-505203.8181,194815.0643,2104549.7958,44959.5104,-790104.1135,-459447.2825,275081.3529,800.1821,765.32,780.3621,983.6718,780.8364,926.9234,808.6747,745.8701,690.301,647.233,482.7229,974.1719,813.5902,658.9714,885.4676,640.4274,1349.0213,1343.1004,1520.4726,1367.9869,1669.9476,1355.0757,1393.4161,1361.3846,1399.6018,1652.775,1587.6044,1489.7211,2124.1625,1582.225,1450.745,1603.8211,-118.2073,54.0187,-117.4022,-377.3994,21.0062,129.3358,222.0451,262.2282,-0.0647,-0.0346,-0.0352,-0.008,0.0588,0.0124,0.0593,-0.0418,46.9441,47.2847,42.9745,44.4308,45.0644,46.9002,42.7452,44.8332
191,191,54.28904,18.56654,9549.6,327.0,LOT283,0,11.0,45.3425,2.4756,39.7704,50.578,83.3218,2.2375,0.0,1.0248,0.0457,-0.0657,0.1051,0.4123,0.5922,0.4515,0.396,-44.9011,-45.2289,-49.3312,3.5808,-0.0851,2.1378,220.3693,-0.0885,589.0797,1029.8234,-566.9788,1084.7735,-241.1368,-17.5644,1229.3774,525.6537,23606374.5969,20520163.5777,21352860.3907,24428241.7966,23123846.8218,20779832.1675,21571794.3134,22410732.1101,2318829.8499,829417.5991,-1170031.9457,1168524.4192,1919649.5856,887666.6708,-221066.4621,-513625.6094,836.5326,847.9811,823.7707,846.4191,732.3108,1014.7354,850.8539,916.2798,897.3932,659.7511,607.0511,773.7562,835.6626,718.8104,987.5652,731.9678,1409.0345,1677.6984,1496.2124,1500.264,1411.4888,1614.1658,1478.282,1521.7636,1613.2315,1799.989,1276.2841,1549.1366,1842.2161,1653.2391,1695.6593,1556.8795,-222.0552,143.1854,-70.2927,-165.1125,-54.4331,15.2151,208.9285,267.4207,-0.0188,-0.0261,0.0489,-0.0325,0.1299,-0.0109,0.1191,0.0124,44.9677,43.4338,43.2842,41.1399,44.7269,49.2104,44.3934,43.6317
192,192,54.30016,18.55397,9568.7,327.0,LOT283,0,9.0,44.0759,2.1939,39.1249,50.049,70.1804,1.994,0.0,1.0179,0.0415,-0.0055,0.0915,0.4455,0.5939,0.4782,0.3804,-44.449,-44.2108,-48.7104,-5.1022,0.0699,0.6198,220.1434,0.2033,1547.0379,-1201.8472,-675.8812,428.5835,-2163.1545,-276.5579,-1563.2311,-1190.3455,22901124.1751,22134915.3952,22347947.9428,21790687.5017,25053206.0577,20753511.4327,22086973.1974,21360753.9217,1831542.9847,506613.0567,-297884.9589,1314522.4651,3163.0417,-302083.2914,-2150792.7359,482291.1832,747.3775,703.5825,742.4013,784.8151,793.5119,810.5696,840.5705,970.3655,842.9326,873.0433,801.5335,886.1644,895.8246,760.6427,730.6497,927.6938,1485.5004,1391.8792,1560.2194,1537.1427,1513.0613,1463.9985,1485.4095,1593.5731,2151.1164,1620.7691,1500.2423,1305.5422,1346.2642,1484.928,1560.8321,1805.2098,-61.878,84.2439,-123.8046,175.0792,-19.4268,-53.9525,237.8986,-111.3461,-0.0933,0.0723,0.0672,0.0267,-0.0199,-0.0022,0.0067,0.035,45.256,46.2072,48.844,48.3191,46.9385,44.7986,44.5559,49.4862
193,193,54.31128,18.54141,9587.1,327.0,LOT283,0,12.0,43.0761,1.864,38.1778,49.0613,70.8696,1.9098,0.0,0.9927,0.0495,-0.008,0.0963,0.4103,0.6306,0.3823,0.4123,-42.5361,-46.8915,-48.1333,1.5782,-0.5682,1.9774,223.8193,0.0177,1569.7243,-1645.0705,-1851.6426,-242.0853,1207.8807,2127.9815,-1144.6829,-1502.6085,22397572.9293,22745673.0928,21130468.9254,21340318.9342,20996051.6649,23984568.5854,22198763.5081,22389423.5827,397608.935,167393.0705,496699.5966,1063612.8994,1150702.7002,922683.6175,-1768676.5007,-781899.7194,695.1804,819.7985,943.5191,716.4424,805.5438,660.4693,900.9951,788.3444,971.2063,861.7792,839.1937,540.6119,612.6444,744.8682,842.642,659.478,1648.0757,1468.9567,1523.6832,1644.0431,1528.1952,1664.066,1445.2753,1598.4537,1167.8207,1225.4528,1725.1331,1508.2167,1465.6993,1625.0542,1430.5875,1474.0413,299.2514,-132.5396,-99.7978,93.3673,279.4917,-12.8111,54.9994,144.3241,0.032,0.0247,0.0502,0.032,0.045,0.0327,0.0431,0.0431,47.8559,43.5204,49.2851,46.3268,47.5271,45.7568,45.3288,46.4129
194,194,54.3224,18.52884,9604.6,327.0,LOT283,0,12.0,46.4389,2.5174,41.9492,51.1329,70.0491,1.8626,0.0,1.0264,0.0477,0.04,0.0892,0.3274,0.5708,0.4452,0.4119,-44.4579,-44.3464,-46.1891,0.9053,0.1203,0.985,224.414,-0.3319,-1076.1966,-503.2155,1587.8195,1233.3425,1875.3129,2553.2947,544.1359,-406.8206,22311383.9982,19937036.7117,21136913.5207,20830541.059,22601445.2025,20918076.0687,23789847.814,19721289.7767,439913.3669,619676.6077,1003072.3462,1458623.9479,-136396.4734,502086.4118,515664.387,309632.7488,923.0477,748.8399,836.9724,707.9856,691.3541,746.6133,839.7883,658.4566,779.324,853.0761,737.6624,911.7594,736.8732,819.6154,783.8437,879.4869,1524.8903,1281.8087,1403.6198,1469.5885,1729.125,1611.1123,1560.092,1236.7772,1642.9339,1245.4492,1309.3738,1265.7352,1548.2411,1306.491,1419.6012,1497.773,-293.2442,-410.1807,-222.1137,-107.5027,240.8753,514.3008,46.9533,-1.5714,-0.0404,0.0963,0.0157,-0.0227,0.0318,0.0609,-0.0245,-0.0196,46.7607,41.5428,44.1015,45.4362,44.7515,46.7375,46.2993,44.9322
195,195,54.33352,18.51627,9621.1,327.0,LOT283,0,10.0,44.14,2.8383,40.1137,49.771,79.8748,1.6152,0.0,1.0243,0.0419,-0.0044,0.0827,0.4625,0.4677,0.4226,0.3924,-45.4325,-46.5377,-46.7276,-0.921,0.2818,0.942,213.5728,-0.0846,-424.5641,-1733.5351,963.3798,-986.0718,-1546.5547,-1310.9227,-699.2677,-1819.1574,23142092.2301,22803823.944,19736361.3744,22529805.3913,23016682.172,22731133.9391,23214670.2273,22176062.4071,-610894.2581,-221786.5138,-84129.3825,-109490.331,93871.1517,105281.1735,509922.7592,1420409.177,766.5495,942.0529,849.3629,840.3561,791.2984,709.2654,708.9519,735.1107,764.1986,910.8304,825.8089,822.6446,704.061,800.8075,746.9604,771.4955,1463.1377,1378.8037,1465.4688,1772.1473,1525.8252,1394.7615,1722.0435,1575.8973,1272.2305,1294.651,1352.5898,1412.7877,1422.3152,1341.1645,1137.7437,1250.836,-90.6426,-4.3469,-42.1087,58.5315,148.2355,-37.3082,154.09,42.5859,0.0,0.0035,-0.0614,0.0046,0.023,-0.0288,-0.0392,-0.0797,44.8104,47.6179,42.6765,45.8928,48.3431,50.6967,45.2026,46.6588
196,196,54.34464,18.5037,9636.4,327.0,LOT283,0,12.0,47.5841,2.22,41.8938,53.0347,60.5697,1.2761,0.0,1.0007,0.0597,0.0468,0.0794,0.3817,0.4937,0.3474,0.4208,-45.7944,-49.2604,-45.4017,-2.9077,0.4966,2.0453,224.9046,-0.2935,-795.6329,985.3307,-449.5254,1563.1215,1083.8206,89.1174,-1022.4022,-425.1478,20139050.9969,23664362.5651,22433143.6292,20673951.4862,21940142.185,21190758.9056,21010667.9324,22924438.8363,-709107.5655,-1776782.7512,-189071.0141,68805.4468,532971.2567,-1612233.6508,-2103716.1163,355954.6446,798.3272,829.5549,618.7111,607.9488,838.1586,927.45,763.6952,963.0226,634.4185,611.4689,845.7804,805.5599,792.8407,863.6417,755.342,799.2692,1471.7834,1566.5882,1259.0858,1643.5172,1537.8004,1664.2801,1453.6866,1273.0474,1713.7901,1652.6819,1617.7011,1369.8447,1270.3251,1541.6889,1609.3123,1817.6848,145.8137,62.4528,-313.1539,107.3019,-65.4589,-20.68,-242.8208,-64.4742,-0.0784,0.0078,0.1509,0.064,0.0368,0.0666,0.0182,-0.0013,46.5892,42.176,46.2515,43.468,43.2219,47.4117,43.8578,46.3345
197,197,54.35576,18.49114,9650.3,327.0,LOT283,0,10.0,44.366,3.1649,39.7341,49.8091,72.2896,1.3533,0.0,1.0193,0.058,-0.0263,0.1535,0.5484,0.4796,0.4458,0.3436,-45.9662,-46.1058,-48.7605,0.8334,-0.3331,1.1161,217.2894,-0.1182,-1526.595,-357.8516,-185.8574,-2010.6646,-2815.0152,173.3829,2543.3533,3515.0198,23041181.8257,22180734.3785,22167844.7071,21816104.7275,20138481.768,21288984.0165,28160941.0492,21839241.7292,-504550.4803,-513594.7963,-1202753.0467,1614510.0803,837115.8366,-711370.1575,-179786.9454,-1189424.321,854.477,886.642,950.8716,828.6891,853.4979,925.8759,930.39,871.2591,798.7002,718.5143,743.5632,792.6734,703.0516,867.3978,742.3953,803.6937,1611.5185,1468.7414,1419.8342,1690.7016,1282.2003,1371.3317,1508.1114,1556.0654,1547.7059,1443.094,1759.2485,1312.6547,1409.7787,1499.444,1681.8321,1584.5933,-93.3817,-170.3837,109.674,112.8808,244.0971,-251.2021,441.6299,391.9239,-0.0057,-0.0196,0.0543,0.0856,0.0674,-0.0137,-0.0271,-0.05,43.8944,43.7044,44.5787,44.7333,45.4214,48.5388,43.2898,47.2721
198,198,54.36688,18.47857,9662.7,327.0,LOT283,0,12.0,42.7681,2.8876,36.8583,48.1231,92.3998,1.3562,0.0,0.9815,0.0254,-0.0415,0.0761,0.4366,0.5418,0.409,0.4267,-45.4473,-49.0372,-47.281,0.0512,0.1077,2.6199,221.3501,-0.0381,-872.3385,-563.7353,-1082.4795,162.807,1794.9994,-88.9963,203.7512,-2364.4148,24731717.6145,21322742.7633,20428634.3813,23018169.5246,20804757.3205,20374994.6569,22481153.8344,20167860.7408,318823.0059,-1120701.7331,2418284.2497,2320542.8656,906548.3949,939768.9167,-355274.2116,560261.3339,844.9761,813.7917,1036.0322,935.7085,705.5479,817.4719,829.7021,923.3217,619.5651,666.003,644.4181,757.704,787.0279,928.4192,648.2759,697.2987,1487.211,1663.3133,1508.1226,1659.2067,1451.3523,1422.3299,1695.614,1479.0484,1659.0896,1511.2196,1401.7252,1884.6598,1798.1447,1622.7178,1432.3538,1194.051,807.7685,475.2633,5.2166,165.1962,331.5613,-230.7092,266.0949,48.3163,0.0241,-0.0453,-0.0086,-0.0192,-0.0248,0.0048,-0.0519,0.0995,48.8044,47.0531,46.5216,47.7758,44.3523,45.6815,44.4003,45.3379
199,199,54.378,18.466,9673.5,327.0,LOT283,0,10.0,44.8895,2.0153,39.0085,48.9793,92.4831,1.1226,0.0,0.9851,0.0492,-0.0029,0.0779,0.3788,0.5941,0.4379,0.3637,-46.0535,-43.9855,-46.6602,2.8846,-0.0003,3.4572,225.2987,-0.1333,1557.4142,1331.2808,-1095.1724,773.991,1037.8146,-317.1475,565.8897,2077.6406,23338281.7045,21911706.786,21740648.0923,20237863.3282,24499325.3476,16712854.7822,21714172.9599,22402717.6187,718798.567,-719956.292,1271492.3199,-231906.2408,-374645.1241,-647599.9712,1916312.0686,-5756.0095,1052.6632,899.6173,917.1942,795.0218,847.0761,759.0776,696.001,870.1931,731.9347,773.3569,684.1035,821.2679,771.5787,747.0369,713.1799,834.0835,1463.5184,1329.5075,1601.3905,1611.4466,1399.5347,1352.7437,1362.8899,1445.6281,1468.7966,1445.0348,1715.9614,1270.0194,1731.1783,1506.1057,1502.7514,1652.153,-75.0782,-162.5771,181.7632,-32.9287,242.3765,-200.8775,281.1377,-150.7052,0.0628,0.012,-0.0248,-0.0608,0.001,0.0977,0.0352,0.0182,47.0262,44.7552,46.2769,44.7699,40.5153,46.9412,42.1946,44.3361
