tick,icao24,callsign,origin_country,lat,lon,alt,velocity,true_track,vertical_rate,on_ground,is_anomaly,anomaly_kind,f_lat,f_lon,f_alt,f_velocity,f_true_track,f_vertical_rate,f_lat_delta,f_lon_delta,f_speed_delta,f_heading_delta,f_nic,f_nac_v,f_nac_p,f_trajectory_smoothness,f_altitude_jitter,f_callsign_country_match,traj_0_0,traj_0_1,traj_0_2,traj_0_3,traj_0_4,traj_1_0,traj_1_1,traj_1_2,traj_1_3,traj_1_4,traj_2_0,traj_2_1,traj_2_2,traj_2_3,traj_2_4,traj_3_0,traj_3_1,traj_3_2,traj_3_3,traj_3_4,traj_4_0,traj_4_1,traj_4_2,traj_4_3,traj_4_4,traj_5_0,traj_5_1,traj_5_2,traj_5_3,traj_5_4,traj_6_0,traj_6_1,traj_6_2,traj_6_3,traj_6_4,traj_7_0,traj_7_1,traj_7_2,traj_7_3,traj_7_4,traj_8_0,traj_8_1,traj_8_2,traj_8_3,traj_8_4,traj_9_0,traj_9_1,traj_9_2,traj_9_3,traj_9_4,traj_10_0,traj_10_1,traj_10_2,traj_10_3,traj_10_4,traj_11_0,traj_11_1,traj_11_2,traj_11_3,traj_11_4,traj_12_0,traj_12_1,traj_12_2,traj_12_3,traj_12_4,traj_13_0,traj_13_1,traj_13_2,traj_13_3,traj_13_4,traj_14_0,traj_14_1,traj_14_2,traj_14_3,traj_14_4,traj_15_0,traj_15_1,traj_15_2,traj_15_3,traj_15_4
0,4ca87b,RYR2KE,Ireland,54.4,18.50533,10999.4,230,90,0.0,0,0,,54.4,18.5053,10999.4177,230.0,90.0,-0.4292,-0.2529,0.1926,0.0028,-0.3032,8.0,9.0,9.0,0.9246,0.4427,1.0,54.4,18.5053,10999.4177,230.0,90.0,54.4,18.5053,10999.4177,230.0,90.0,54.4,18.5053,10999.4177,230.0,90.0,54.4,18.5053,10999.4177,230.0,90.0,54.4,18.5053,10999.4177,230.0,90.0,54.4,18.5053,10999.4177,230.0,90.0,54.4,18.5053,10999.4177,230.0,90.0,54.4,18.5053,10999.4177,230.0,90.0,54.4,18.5053,10999.4177,230.0,90.0,54.4,18.5053,10999.4177,230.0,90.0,54.4,18.5053,10999.4177,230.0,90.0,54.4,18.5053,10999.4177,230.0,90.0,54.4,18.5053,10999.4177,230.0,90.0,54.4,18.5053,10999.4177,230.0,90.0,54.4,18.5053,10999.4177,230.0,90.0,54.4,18.5053,10999.4177,230.0,90.0
0,471f8b,LOT283,Poland,52.50227,20.89687,9493.7,220,320,0.0,0,0,,52.5023,20.8969,9493.6672,220.0,320.0,0.2781,-0.491,0.0823,-0.0072,-0.4186,8.0,9.0,9.0,0.9634,0.3095,1.0,52.5023,20.8969,9493.6672,220.0,320.0,52.5023,20.8969,9493.6672,220.0,320.0,52.5023,20.8969,9493.6672,220.0,320.0,52.5023,20.8969,9493.6672,220.0,320.0,52.5023,20.8969,9493.6672,220.0,320.0,52.5023,20.8969,9493.6672,220.0,320.0,52.5023,20.8969,9493.6672,220.0,320.0,52.5023,20.8969,9493.6672,220.0,320.0,52.5023,20.8969,9493.6672,220.0,320.0,52.5023,20.8969,9493.6672,220.0,320.0,52.5023,20.8969,9493.6672,220.0,320.0,52.5023,20.8969,9493.6672,220.0,320.0,52.5023,20.8969,9493.6672,220.0,320.0,52.5023,20.8969,9493.6672,220.0,320.0,52.5023,20.8969,9493.6672,220.0,320.0,52.5023,20.8969,9493.6672,220.0,320.0
0,3c6589,DLH4ZW,Germany,53.50056,14.50536,11496.9,240,80,0.0,0,0,,53.5006,14.5054,11496.906,240.0,80.0,-0.164,0.1091,-0.1956,-0.0355,-0.2145,8.0,9.0,9.0,0.9499,0.5435,1.0,53.5006,14.5054,11496.906,240.0,80.0,53.5006,14.5054,11496.906,240.0,80.0,53.5006,14.5054,11496.906,240.0,80.0,53.5006,14.5054,11496.906,240.0,80.0,53.5006,14.5054,11496.906,240.0,80.0,53.5006,14.5054,11496.906,240.0,80.0,53.5006,14.5054,11496.906,240.0,80.0,53.5006,14.5054,11496.906,240.0,80.0,53.5006,14.5054,11496.906,240.0,80.0,53.5006,14.5054,11496.906,240.0,80.0,53.5006,14.5054,11496.906,240.0,80.0,53.5006,14.5054,11496.906,240.0,80.0,53.5006,14.5054,11496.906,240.0,80.0,53.5006,14.5054,11496.906,240.0,80.0,53.5006,14.5054,11496.906,240.0,80.0,53.5006,14.5054,11496.906,240.0,80.0
0,4b1805,SWR12X,Switzerland,52.79702,17.99821,10804.0,235,200,0.0,0,0,,52.797,17.9982,10803.9712,235.0,200.0,-1.2465,0.0642,0.1441,-0.0386,-0.0026,8.0,9.0,9.0,0.9295,0.4709,1.0,52.797,17.9982,10803.9712,235.0,200.0,52.797,17.9982,10803.9712,235.0,200.0,52.797,17.9982,10803.9712,235.0,200.0,52.797,17.9982,10803.9712,235.0,200.0,52.797,17.9982,10803.9712,235.0,200.0,52.797,17.9982,10803.9712,235.0,200.0,52.797,17.9982,10803.9712,235.0,200.0,52.797,17.9982,10803.9712,235.0,200.0,52.797,17.9982,10803.9712,235.0,200.0,52.797,17.9982,10803.9712,235.0,200.0,52.797,17.9982,10803.9712,235.0,200.0,52.797,17.9982,10803.9712,235.0,200.0,52.797,17.9982,10803.9712,235.0,200.0,52.797,17.9982,10803.9712,235.0,200.0,52.797,17.9982,10803.9712,235.0,200.0,52.797,17.9982,10803.9712,235.0,200.0
0,440048,BAW893,United Kingdom,53.00169,16.00485,12007.6,250,60,0.0,0,0,,53.0017,16.0049,12007.5733,250.0,60.0,0.6363,-0.1695,-0.1867,-0.1757,-0.0389,8.0,9.0,9.0,0.919,0.524,1.0,53.0017,16.0049,12007.5733,250.0,60.0,53.0017,16.0049,12007.5733,250.0,60.0,53.0017,16.0049,12007.5733,250.0,60.0,53.0017,16.0049,12007.5733,250.0,60.0,53.0017,16.0049,12007.5733,250.0,60.0,53.0017,16.0049,12007.5733,250.0,60.0,53.0017,16.0049,12007.5733,250.0,60.0,53.0017,16.0049,12007.5733,250.0,60.0,53.0017,16.0049,12007.5733,250.0,60.0,53.0017,16.0049,12007.5733,250.0,60.0,53.0017,16.0049,12007.5733,250.0,60.0,53.0017,16.0049,12007.5733,250.0,60.0,53.0017,16.0049,12007.5733,250.0,60.0,53.0017,16.0049,12007.5733,250.0,60.0,53.0017,16.0049,12007.5733,250.0,60.0,53.0017,16.0049,12007.5733,250.0,60.0
0,4ac9b0,SAS2HK,Sweden,55.49852,17.00454,10500.2,220,120,0.0,0,0,,55.4985,17.0045,10500.1842,220.0,120.0,1.7025,-0.2129,0.0087,0.1309,-0.001,8.0,9.0,9.0,0.9269,0.4189,1.0,55.4985,17.0045,10500.1842,220.0,120.0,55.4985,17.0045,10500.1842,220.0,120.0,55.4985,17.0045,10500.1842,220.0,120.0,55.4985,17.0045,10500.1842,220.0,120.0,55.4985,17.0045,10500.1842,220.0,120.0,55.4985,17.0045,10500.1842,220.0,120.0,55.4985,17.0045,10500.1842,220.0,120.0,55.4985,17.0045,10500.1842,220.0,120.0,55.4985,17.0045,10500.1842,220.0,120.0,55.4985,17.0045,10500.1842,220.0,120.0,55.4985,17.0045,10500.1842,220.0,120.0,55.4985,17.0045,10500.1842,220.0,120.0,55.4985,17.0045,10500.1842,220.0,120.0,55.4985,17.0045,10500.1842,220.0,120.0,55.4985,17.0045,10500.1842,220.0,120.0,55.4985,17.0045,10500.1842,220.0,120.0
0,3917a3,AFR1219,France,50.99737,14.50241,10992.6,225,150,0.0,0,0,,50.9974,14.5024,10992.6174,225.0,150.0,-1.078,-0.0993,0.147,-0.104,-0.0328,8.0,9.0,9.0,0.9313,0.4229,1.0,50.9974,14.5024,10992.6174,225.0,150.0,50.9974,14.5024,10992.6174,225.0,150.0,50.9974,14.5024,10992.6174,225.0,150.0,50.9974,14.5024,10992.6174,225.0,150.0,50.9974,14.5024,10992.6174,225.0,150.0,50.9974,14.5024,10992.6174,225.0,150.0,50.9974,14.5024,10992.6174,225.0,150.0,50.9974,14.5024,10992.6174,225.0,150.0,50.9974,14.5024,10992.6174,225.0,150.0,50.9974,14.5024,10992.6174,225.0,150.0,50.9974,14.5024,10992.6174,225.0,150.0,50.9974,14.5024,10992.6174,225.0,150.0,50.9974,14.5024,10992.6174,225.0,150.0,50.9974,14.5024,10992.6174,225.0,150.0,50.9974,14.5024,10992.6174,225.0,150.0,50.9974,14.5024,10992.6174,225.0,150.0
0,46b8c1,FIN6KP,Finland,55.99727,20.99823,10007.9,215,200,0.0,0,0,,55.9973,20.9982,10007.8677,215.0,200.0,-1.8587,0.0037,0.0045,0.0602,-0.1549,8.0,9.0,9.0,0.9158,0.4615,1.0,55.9973,20.9982,10007.8677,215.0,200.0,55.9973,20.9982,10007.8677,215.0,200.0,55.9973,20.9982,10007.8677,215.0,200.0,55.9973,20.9982,10007.8677,215.0,200.0,55.9973,20.9982,10007.8677,215.0,200.0,55.9973,20.9982,10007.8677,215.0,200.0,55.9973,20.9982,10007.8677,215.0,200.0,55.9973,20.9982,10007.8677,215.0,200.0,55.9973,20.9982,10007.8677,215.0,200.0,55.9973,20.9982,10007.8677,215.0,200.0,55.9973,20.9982,10007.8677,215.0,200.0,55.9973,20.9982,10007.8677,215.0,200.0,55.9973,20.9982,10007.8677,215.0,200.0,55.9973,20.9982,10007.8677,215.0,200.0,55.9973,20.9982,10007.8677,215.0,200.0,55.9973,20.9982,10007.8677,215.0,200.0
0,4ca8e0,RYR3LM,Ireland,53.69844,19.79542,11194.8,232,240,0.0,0,0,,53.6984,19.7954,11194.7523,232.0,240.0,-1.4874,0.4184,0.0806,0.1396,-0.2374,8.0,9.0,9.0,0.9113,0.2707,1.0,53.6984,19.7954,11194.7523,232.0,240.0,53.6984,19.7954,11194.7523,232.0,240.0,53.6984,19.7954,11194.7523,232.0,240.0,53.6984,19.7954,11194.7523,232.0,240.0,53.6984,19.7954,11194.7523,232.0,240.0,53.6984,19.7954,11194.7523,232.0,240.0,53.6984,19.7954,11194.7523,232.0,240.0,53.6984,19.7954,11194.7523,232.0,240.0,53.6984,19.7954,11194.7523,232.0,240.0,53.6984,19.7954,11194.7523,232.0,240.0,53.6984,19.7954,11194.7523,232.0,240.0,53.6984,19.7954,11194.7523,232.0,240.0,53.6984,19.7954,11194.7523,232.0,240.0,53.6984,19.7954,11194.7523,232.0,240.0,53.6984,19.7954,11194.7523,232.0,240.0,53.6984,19.7954,11194.7523,232.0,240.0
0,478129,WZZ2BV,Hungary,51.70052,22.49528,10799.6,220,280,0.0,0,0,,51.7005,22.4953,10799.5964,220.0,280.0,-0.9964,-0.4418,0.4156,0.197,-0.0545,8.0,9.0,9.0,0.9362,0.3134,1.0,51.7005,22.4953,10799.5964,220.0,280.0,51.7005,22.4953,10799.5964,220.0,280.0,51.7005,22.4953,10799.5964,220.0,280.0,51.7005,22.4953,10799.5964,220.0,280.0,51.7005,22.4953,10799.5964,220.0,280.0,51.7005,22.4953,10799.5964,220.0,280.0,51.7005,22.4953,10799.5964,220.0,280.0,51.7005,22.4953,10799.5964,220.0,280.0,51.7005,22.4953,10799.5964,220.0,280.0,51.7005,22.4953,10799.5964,220.0,280.0,51.7005,22.4953,10799.5964,220.0,280.0,51.7005,22.4953,10799.5964,220.0,280.0,51.7005,22.4953,10799.5964,220.0,280.0,51.7005,22.4953,10799.5964,220.0,280.0,51.7005,22.4953,10799.5964,220.0,280.0,51.7005,22.4953,10799.5964,220.0,280.0
0,4ba8c2,TAR9FX,Turkey,52.2,23.49461,9497.7,245,270,0.0,0,0,,52.2,23.4946,9497.6859,245.0,270.0,0.4402,0.326,0.0255,-0.0231,-0.3161,8.0,9.0,9.0,0.9547,0.5925,1.0,52.2,23.4946,9497.6859,245.0,270.0,52.2,23.4946,9497.6859,245.0,270.0,52.2,23.4946,9497.6859,245.0,270.0,52.2,23.4946,9497.6859,245.0,270.0,52.2,23.4946,9497.6859,245.0,270.0,52.2,23.4946,9497.6859,245.0,270.0,52.2,23.4946,9497.6859,245.0,270.0,52.2,23.4946,9497.6859,245.0,270.0,52.2,23.4946,9497.6859,245.0,270.0,52.2,23.4946,9497.6859,245.0,270.0,52.2,23.4946,9497.6859,245.0,270.0,52.2,23.4946,9497.6859,245.0,270.0,52.2,23.4946,9497.6859,245.0,270.0,52.2,23.4946,9497.6859,245.0,270.0,52.2,23.4946,9497.6859,245.0,270.0,52.2,23.4946,9497.6859,245.0,270.0
0,4cab4c,EZY42AC,United Kingdom,54.59944,17.50546,11798.7,238,100,0.0,0,0,,54.5994,17.5055,11798.7338,238.0,100.0,1.3295,0.4114,-0.1788,0.0113,-0.1213,8.0,9.0,9.0,0.9339,0.3095,1.0,54.5994,17.5055,11798.7338,238.0,100.0,54.5994,17.5055,11798.7338,238.0,100.0,54.5994,17.5055,11798.7338,238.0,100.0,54.5994,17.5055,11798.7338,238.0,100.0,54.5994,17.5055,11798.7338,238.0,100.0,54.5994,17.5055,11798.7338,238.0,100.0,54.5994,17.5055,11798.7338,238.0,100.0,54.5994,17.5055,11798.7338,238.0,100.0,54.5994,17.5055,11798.7338,238.0,100.0,54.5994,17.5055,11798.7338,238.0,100.0,54.5994,17.5055,11798.7338,238.0,100.0,54.5994,17.5055,11798.7338,238.0,100.0,54.5994,17.5055,11798.7338,238.0,100.0,54.5994,17.5055,11798.7338,238.0,100.0,54.5994,17.5055,11798.7338,238.0,100.0,54.5994,17.5055,11798.7338,238.0,100.0
1,4ca87b,RYR2KE,Ireland,54.4,18.51066,10998.5,230,90,0.0,0,0,,54.4,18.5107,10998.4662,230.0,90.0,1.1327,0.1875,0.1361,-0.0415,0.0502,8.0,9.0,9.0,0.9314,0.2709,1.0,54.4,18.5053,10999.4177,230.0,90.0,54.4,18.5053,10999.4177,230.0,90.0,54.4,18.5053,10999.4177,230.0,90.0,54.4,18.5053,10999.4177,230.0,90.0,54.4,18.5053,10999.4177,230.0,90.0,54.4,18.5053,10999.4177,230.0,90.0,54.4,18.5053,10999.4177,230.0,90.0,54.4,18.5053,10999.4177,230.0,90.0,54.4,18.5053,10999.4177,230.0,90.0,54.4,18.5053,10999.4177,230.0,90.0,54.4,18.5053,10999.4177,230.0,90.0,54.4,18.5053,10999.4177,230.0,90.0,54.4,18.5053,10999.4177,230.0,90.0,54.4,18.5053,10999.4177,230.0,90.0,54.4,18.5053,10999.4177,230.0,90.0,54.4,18.5107,10998.4662,230.0,90.0
1,471f8b,LOT283,Poland,52.50455,20.89373,9497.0,220,320,0.0,0,0,,52.5045,20.8937,9497.0134,220.0,320.0,0.2692,-0.0838,-0.0135,0.1592,0.179,8.0,9.0,9.0,0.9626,0.4247,1.0,52.5023,20.8969,9493.6672,220.0,320.0,52.5023,20.8969,9493.6672,220.0,320.0,52.5023,20.8969,9493.6672,220.0,320.0,52.5023,20.8969,9493.6672,220.0,320.0,52.5023,20.8969,9493.6672,220.0,320.0,52.5023,20.8969,9493.6672,220.0,320.0,52.5023,20.8969,9493.6672,220.0,320.0,52.5023,20.8969,9493.6672,220.0,320.0,52.5023,20.8969,9493.6672,220.0,320.0,52.5023,20.8969,9493.6672,220.0,320.0,52.5023,20.8969,9493.6672,220.0,320.0,52.5023,20.8969,9493.6672,220.0,320.0,52.5023,20.8969,9493.6672,220.0,320.0,52.5023,20.8969,9493.6672,220.0,320.0,52.5023,20.8969,9493.6672,220.0,320.0,52.5045,20.8937,9497.0134,220.0,320.0
1,3c6589,DLH4ZW,Germany,53.50112,14.51072,11494.3,240,80,0.0,0,0,,53.5011,14.5107,11494.3175,240.0,80.0,-1.0753,0.0389,-0.2579,0.4691,0.0573,8.0,9.0,9.0,0.9251,0.3386,1.0,53.5006,14.5054,11496.906,240.0,80.0,53.5006,14.5054,11496.906,240.0,80.0,53.5006,14.5054,11496.906,240.0,80.0,53.5006,14.5054,11496.906,240.0,80.0,53.5006,14.5054,11496.906,240.0,80.0,53.5006,14.5054,11496.906,240.0,80.0,53.5006,14.5054,11496.906,240.0,80.0,53.5006,14.5054,11496.906,240.0,80.0,53.5006,14.5054,11496.906,240.0,80.0,53.5006,14.5054,11496.906,240.0,80.0,53.5006,14.5054,11496.906,240.0,80.0,53.5006,14.5054,11496.906,240.0,80.0,53.5006,14.5054,11496.906,240.0,80.0,53.5006,14.5054,11496.906,240.0,80.0,53.5006,14.5054,11496.906,240.0,80.0,53.5011,14.5107,11494.3175,240.0,80.0
1,4b1805,SWR12X,Switzerland,52.79404,17.99641,10810.0,235,200,0.0,0,0,,52.794,17.9964,10810.0159,235.0,200.0,-0.5663,-0.1503,0.0272,-0.0283,0.1446,8.0,9.0,9.0,0.9354,0.3567,1.0,52.797,17.9982,10803.9712,235.0,200.0,52.797,17.9982,10803.9712,235.0,200.0,52.797,17.9982,10803.9712,235.0,200.0,52.797,17.9982,10803.9712,235.0,200.0,52.797,17.9982,10803.9712,235.0,200.0,52.797,17.9982,10803.9712,235.0,200.0,52.797,17.9982,10803.9712,235.0,200.0,52.797,17.9982,10803.9712,235.0,200.0,52.797,17.9982,10803.9712,235.0,200.0,52.797,17.9982,10803.9712,235.0,200.0,52.797,17.9982,10803.9712,235.0,200.0,52.797,17.9982,10803.9712,235.0,200.0,52.797,17.9982,10803.9712,235.0,200.0,52.797,17.9982,10803.9712,235.0,200.0,52.797,17.9982,10803.9712,235.0,200.0,52.794,17.9964,10810.0159,235.0,200.0
1,440048,BAW893,United Kingdom,53.00337,16.00971,12010.6,250,60,0.0,0,0,,53.0034,16.0097,12010.6284,250.0,60.0,1.1262,0.1059,0.0187,0.3895,0.141,8.0,9.0,9.0,0.929,0.4304,1.0,53.0017,16.0049,12007.5733,250.0,60.0,53.0017,16.0049,12007.5733,250.0,60.0,53.0017,16.0049,12007.5733,250.0,60.0,53.0017,16.0049,12007.5733,250.0,60.0,53.0017,16.0049,12007.5733,250.0,60.0,53.0017,16.0049,12007.5733,250.0,60.0,53.0017,16.0049,12007.5733,250.0,60.0,53.0017,16.0049,12007.5733,250.0,60.0,53.0017,16.0049,12007.5733,250.0,60.0,53.0017,16.0049,12007.5733,250.0,60.0,53.0017,16.0049,12007.5733,250.0,60.0,53.0017,16.0049,12007.5733,250.0,60.0,53.0017,16.0049,12007.5733,250.0,60.0,53.0017,16.0049,12007.5733,250.0,60.0,53.0017,16.0049,12007.5733,250.0,60.0,53.0034,16.0097,12010.6284,250.0,60.0
1,4ac9b0,SAS2HK,Sweden,55.49703,17.00907,10498.5,220,120,0.0,0,0,,55.497,17.0091,10498.475,220.0,120.0,0.8958,-0.1072,-0.0885,0.126,0.2237,8.0,9.0,9.0,0.8753,0.3362,1.0,55.4985,17.0045,10500.1842,220.0,120.0,55.4985,17.0045,10500.1842,220.0,120.0,55.4985,17.0045,10500.1842,220.0,120.0,55.4985,17.0045,10500.1842,220.0,120.0,55.4985,17.0045,10500.1842,220.0,120.0,55.4985,17.0045,10500.1842,220.0,120.0,55.4985,17.0045,10500.1842,220.0,120.0,55.4985,17.0045,10500.1842,220.0,120.0,55.4985,17.0045,10500.1842,220.0,120.0,55.4985,17.0045,10500.1842,220.0,120.0,55.4985,17.0045,10500.1842,220.0,120.0,55.4985,17.0045,10500.1842,220.0,120.0,55.4985,17.0045,10500.1842,220.0,120.0,55.4985,17.0045,10500.1842,220.0,120.0,55.4985,17.0045,10500.1842,220.0,120.0,55.497,17.0091,10498.475,220.0,120.0
1,3917a3,AFR1219,France,50.99474,14.50482,10995.5,225,150,0.0,0,0,,50.9947,14.5048,10995.5305,225.0,150.0,0.7217,0.1292,0.0456,0.0767,0.0539,8.0,9.0,9.0,0.939,0.3924,1.0,50.9974,14.5024,10992.6174,225.0,150.0,50.9974,14.5024,10992.6174,225.0,150.0,50.9974,14.5024,10992.6174,225.0,150.0,50.9974,14.5024,10992.6174,225.0,150.0,50.9974,14.5024,10992.6174,225.0,150.0,50.9974,14.5024,10992.6174,225.0,150.0,50.9974,14.5024,10992.6174,225.0,150.0,50.9974,14.5024,10992.6174,225.0,150.0,50.9974,14.5024,10992.6174,225.0,150.0,50.9974,14.5024,10992.6174,225.0,150.0,50.9974,14.5024,10992.6174,225.0,150.0,50.9974,14.5024,10992.6174,225.0,150.0,50.9974,14.5024,10992.6174,225.0,150.0,50.9974,14.5024,10992.6174,225.0,150.0,50.9974,14.5024,10992.6174,225.0,150.0,50.9947,14.5048,10995.5305,225.0,150.0
1,46b8c1,FIN6KP,Finland,55.99455,20.99645,10011.3,215,200,0.0,0,0,,55.9945,20.9965,10011.3047,215.0,200.0,-0.4143,0.2406,0.058,-0.1277,0.5413,8.0,9.0,9.0,0.8939,0.527,1.0,55.9973,20.9982,10007.8677,215.0,200.0,55.9973,20.9982,10007.8677,215.0,200.0,55.9973,20.9982,10007.8677,215.0,200.0,55.9973,20.9982,10007.8677,215.0,200.0,55.9973,20.9982,10007.8677,215.0,200.0,55.9973,20.9982,10007.8677,215.0,200.0,55.9973,20.9982,10007.8677,215.0,200.0,55.9973,20.9982,10007.8677,215.0,200.0,55.9973,20.9982,10007.8677,215.0,200.0,55.9973,20.9982,10007.8677,215.0,200.0,55.9973,20.9982,10007.8677,215.0,200.0,55.9973,20.9982,10007.8677,215.0,200.0,55.9973,20.9982,10007.8677,215.0,200.0,55.9973,20.9982,10007.8677,215.0,200.0,55.9973,20.9982,10007.8677,215.0,200.0,55.9945,20.9965,10011.3047,215.0,200.0
1,4ca8e0,RYR3LM,Ireland,53.69687,19.79084,11201.9,232,240,0.0,0,0,,53.6969,19.7908,11201.8593,232.0,240.0,-0.7753,0.0521,0.0199,0.1196,0.207,8.0,9.0,9.0,0.9117,0.4141,1.0,53.6984,19.7954,11194.7523,232.0,240.0,53.6984,19.7954,11194.7523,232.0,240.0,53.6984,19.7954,11194.7523,232.0,240.0,53.6984,19.7954,11194.7523,232.0,240.0,53.6984,19.7954,11194.7523,232.0,240.0,53.6984,19.7954,11194.7523,232.0,240.0,53.6984,19.7954,11194.7523,232.0,240.0,53.6984,19.7954,11194.7523,232.0,240.0,53.6984,19.7954,11194.7523,232.0,240.0,53.6984,19.7954,11194.7523,232.0,240.0,53.6984,19.7954,11194.7523,232.0,240.0,53.6984,19.7954,11194.7523,232.0,240.0,53.6984,19.7954,11194.7523,232.0,240.0,53.6984,19.7954,11194.7523,232.0,240.0,53.6984,19.7954,11194.7523,232.0,240.0,53.6969,19.7908,11201.8593,232.0,240.0
1,478129,WZZ2BV,Hungary,51.70103,22.49057,10801.7,220,280,0.0,0,0,,51.701,22.4906,10801.6689,220.0,280.0,0.4841,0.0121,0.1495,-0.2486,0.0785,8.0,9.0,9.0,0.9009,0.246,1.0,51.7005,22.4953,10799.5964,220.0,280.0,51.7005,22.4953,10799.5964,220.0,280.0,51.7005,22.4953,10799.5964,220.0,280.0,51.7005,22.4953,10799.5964,220.0,280.0,51.7005,22.4953,10799.5964,220.0,280.0,51.7005,22.4953,10799.5964,220.0,280.0,51.7005,22.4953,10799.5964,220.0,280.0,51.7005,22.4953,10799.5964,220.0,280.0,51.7005,22.4953,10799.5964,220.0,280.0,51.7005,22.4953,10799.5964,220.0,280.0,51.7005,22.4953,10799.5964,220.0,280.0,51.7005,22.4953,10799.5964,220.0,280.0,51.7005,22.4953,10799.5964,220.0,280.0,51.7005,22.4953,10799.5964,220.0,280.0,51.7005,22.4953,10799.5964,220.0,280.0,51.701,22.4906,10801.6689,220.0,280.0
1,4ba8c2,TAR9FX,Turkey,52.2,23.48922,9498.6,245,270,0.0,0,0,,52.2,23.4892,9498.5552,245.0,270.0,1.4067,0.1801,-0.0633,0.0244,-0.1523,8.0,9.0,9.0,0.885,0.5073,1.0,52.2,23.4946,9497.6859,245.0,270.0,52.2,23.4946,9497.6859,245.0,270.0,52.2,23.4946,9497.6859,245.0,270.0,52.2,23.4946,9497.6859,245.0,270.0,52.2,23.4946,9497.6859,245.0,270.0,52.2,23.4946,9497.6859,245.0,270.0,52.2,23.4946,9497.6859,245.0,270.0,52.2,23.4946,9497.6859,245.0,270.0,52.2,23.4946,9497.6859,245.0,270.0,52.2,23.4946,9497.6859,245.0,270.0,52.2,23.4946,9497.6859,245.0,270.0,52.2,23.4946,9497.6859,245.0,270.0,52.2,23.4946,9497.6859,245.0,270.0,52.2,23.4946,9497.6859,245.0,270.0,52.2,23.4946,9497.6859,245.0,270.0,52.2,23.4892,9498.5552,245.0,270.0
1,4cab4c,EZY42AC,United Kingdom,54.59888,17.51092,11804.6,238,100,0.0,0,0,,54.5989,17.5109,11804.6192,238.0,100.0,0.1189,-0.0609,0.0467,0.2399,0.1727,8.0,9.0,9.0,0.9393,0.2367,1.0,54.5994,17.5055,11798.7338,238.0,100.0,54.5994,17.5055,11798.7338,238.0,100.0,54.5994,17.5055,11798.7338,238.0,100.0,54.5994,17.5055,11798.7338,238.0,100.0,54.5994,17.5055,11798.7338,238.0,100.0,54.5994,17.5055,11798.7338,238.0,100.0,54.5994,17.5055,11798.7338,238.0,100.0,54.5994,17.5055,11798.7338,238.0,100.0,54.5994,17.5055,11798.7338,238.0,100.0,54.5994,17.5055,11798.7338,238.0,100.0,54.5994,17.5055,11798.7338,238.0,100.0,54.5994,17.5055,11798.7338,238.0,100.0,54.5994,17.5055,11798.7338,238.0,100.0,54.5994,17.5055,11798.7338,238.0,100.0,54.5994,17.5055,11798.7338,238.0,100.0,54.5989,17.5109,11804.6192,238.0,100.0
2,4ca87b,RYR2KE,Ireland,54.4,18.51599,10994.1,230,90,0.0,0,0,,54.4,18.516,10994.0684,230.0,90.0,-0.9579,0.1006,0.0974,0.0007,0.0297,8.0,9.0,9.0,0.9147,0.5811,1.0,54.4,18.5053,10999.4177,230.0,90.0,54.4,18.5053,10999.4177,230.0,90.0,54.4,18.5053,10999.4177,230.0,90.0,54.4,18.5053,10999.4177,230.0,90.0,54.4,18.5053,10999.4177,230.0,90.0,54.4,18.5053,10999.4177,230.0,90.0,54.4,18.5053,10999.4177,230.0,90.0,54.4,18.5053,10999.4177,230.0,90.0,54.4,18.5053,10999.4177,230.0,90.0,54.4,18.5053,10999.4177,230.0,90.0,54.4,18.5053,10999.4177,230.0,90.0,54.4,18.5053,10999.4177,230.0,90.0,54.4,18.5053,10999.4177,230.0,90.0,54.4,18.5053,10999.4177,230.0,90.0,54.4,18.5107,10998.4662,230.0,90.0,54.4,18.516,10994.0684,230.0,90.0
2,471f8b,LOT283,Poland,52.50682,20.8906,9504.9,220,320,0.0,0,0,,52.5068,20.8906,9504.8593,220.0,320.0,-1.9611,-0.0953,0.2022,0.1654,-0.3547,8.0,9.0,9.0,0.9066,0.305,1.0,52.5023,20.8969,9493.6672,220.0,320.0,52.5023,20.8969,9493.6672,220.0,320.0,52.5023,20.8969,9493.6672,220.0,320.0,52.5023,20.8969,9493.6672,220.0,320.0,52.5023,20.8969,9493.6672,220.0,320.0,52.5023,20.8969,9493.6672,220.0,320.0,52.5023,20.8969,9493.6672,220.0,320.0,52.5023,20.8969,9493.6672,220.0,320.0,52.5023,20.8969,9493.6672,220.0,320.0,52.5023,20.8969,9493.6672,220.0,320.0,52.5023,20.8969,9493.6672,220.0,320.0,52.5023,20.8969,9493.6672,220.0,320.0,52.5023,20.8969,9493.6672,220.0,320.0,52.5023,20.8969,9493.6672,220.0,320.0,52.5045,20.8937,9497.0134,220.0,320.0,52.5068,20.8906,9504.8593,220.0,320.0
2,3c6589,DLH4ZW,Germany,53.50169,14.51608,11506.0,240,80,0.0,0,0,,53.5017,14.5161,11506.0334,240.0,80.0,-1.8153,-0.2454,0.3739,-0.1324,0.0261,8.0,9.0,9.0,0.9343,0.4399,1.0,53.5006,14.5054,11496.906,240.0,80.0,53.5006,14.5054,11496.906,240.0,80.0,53.5006,14.5054,11496.906,240.0,80.0,53.5006,14.5054,11496.906,240.0,80.0,53.5006,14.5054,11496.906,240.0,80.0,53.5006,14.5054,11496.906,240.0,80.0,53.5006,14.5054,11496.906,240.0,80.0,53.5006,14.5054,11496.906,240.0,80.0,53.5006,14.5054,11496.906,240.0,80.0,53.5006,14.5054,11496.906,240.0,80.0,53.5006,14.5054,11496.906,240.0,80.0,53.5006,14.5054,11496.906,240.0,80.0,53.5006,14.5054,11496.906,240.0,80.0,53.5006,14.5054,11496.906,240.0,80.0,53.5011,14.5107,11494.3175,240.0,80.0,53.5017,14.5161,11506.0334,240.0,80.0
2,4b1805,SWR12X,Switzerland,52.79106,17.99462,10817.7,235,200,0.0,0,0,,52.7911,17.9946,10817.7237,235.0,200.0,0.4155,-0.2985,-0.1083,-0.0499,-0.0917,8.0,9.0,9.0,0.929,0.6216,1.0,52.797,17.9982,10803.9712,235.0,200.0,52.797,17.9982,10803.9712,235.0,200.0,52.797,17.9982,10803.9712,235.0,200.0,52.797,17.9982,10803.9712,235.0,200.0,52.797,17.9982,10803.9712,235.0,200.0,52.797,17.9982,10803.9712,235.0,200.0,52.797,17.9982,10803.9712,235.0,200.0,52.797,17.9982,10803.9712,235.0,200.0,52.797,17.9982,10803.9712,235.0,200.0,52.797,17.9982,10803.9712,235.0,200.0,52.797,17.9982,10803.9712,235.0,200.0,52.797,17.9982,10803.9712,235.0,200.0,52.797,17.9982,10803.9712,235.0,200.0,52.797,17.9982,10803.9712,235.0,200.0,52.794,17.9964,10810.0159,235.0,200.0,52.7911,17.9946,10817.7237,235.0,200.0
2,440048,BAW893,United Kingdom,53.00506,16.01456,12013.7,250,60,0.0,0,0,,53.0051,16.0146,12013.7498,250.0,60.0,0.5087,0.0924,0.1171,-0.0862,0.0422,8.0,9.0,9.0,0.9315,0.464,1.0,53.0017,16.0049,12007.5733,250.0,60.0,53.0017,16.0049,12007.5733,250.0,60.0,53.0017,16.0049,12007.5733,250.0,60.0,53.0017,16.0049,12007.5733,250.0,60.0,53.0017,16.0049,12007.5733,250.0,60.0,53.0017,16.0049,12007.5733,250.0,60.0,53.0017,16.0049,12007.5733,250.0,60.0,53.0017,16.0049,12007.5733,250.0,60.0,53.0017,16.0049,12007.5733,250.0,60.0,53.0017,16.0049,12007.5733,250.0,60.0,53.0017,16.0049,12007.5733,250.0,60.0,53.0017,16.0049,12007.5733,250.0,60.0,53.0017,16.0049,12007.5733,250.0,60.0,53.0017,16.0049,12007.5733,250.0,60.0,53.0034,16.0097,12010.6284,250.0,60.0,53.0051,16.0146,12013.7498,250.0,60.0
2,4ac9b0,SAS2HK,Sweden,55.49555,17.01361,10494.6,220,120,0.0,0,0,,55.4955,17.0136,10494.6236,220.0,120.0,1.7227,-0.0276,0.186,0.1685,0.1194,8.0,9.0,9.0,0.9154,0.3965,1.0,55.4985,17.0045,10500.1842,220.0,120.0,55.4985,17.0045,10500.1842,220.0,120.0,55.4985,17.0045,10500.1842,220.0,120.0,55.4985,17.0045,10500.1842,220.0,120.0,55.4985,17.0045,10500.1842,220.0,120.0,55.4985,17.0045,10500.1842,220.0,120.0,55.4985,17.0045,10500.1842,220.0,120.0,55.4985,17.0045,10500.1842,220.0,120.0,55.4985,17.0045,10500.1842,220.0,120.0,55.4985,17.0045,10500.1842,220.0,120.0,55.4985,17.0045,10500.1842,220.0,120.0,55.4985,17.0045,10500.1842,220.0,120.0,55.4985,17.0045,10500.1842,220.0,120.0,55.4985,17.0045,10500.1842,220.0,120.0,55.497,17.0091,10498.475,220.0,120.0,55.4955,17.0136,10494.6236,220.0,120.0
2,3917a3,AFR1219,France,50.99211,14.50723,10992.7,225,150,0.0,0,0,,50.9921,14.5072,10992.71,225.0,150.0,0.0976,0.0342,0.0463,0.327,0.1992,8.0,9.0,9.0,0.8906,0.4499,1.0,50.9974,14.5024,10992.6174,225.0,150.0,50.9974,14.5024,10992.6174,225.0,150.0,50.9974,14.5024,10992.6174,225.0,150.0,50.9974,14.5024,10992.6174,225.0,150.0,50.9974,14.5024,10992.6174,225.0,150.0,50.9974,14.5024,10992.6174,225.0,150.0,50.9974,14.5024,10992.6174,225.0,150.0,50.9974,14.5024,10992.6174,225.0,150.0,50.9974,14.5024,10992.6174,225.0,150.0,50.9974,14.5024,10992.6174,225.0,150.0,50.9974,14.5024,10992.6174,225.0,150.0,50.9974,14.5024,10992.6174,225.0,150.0,50.9974,14.5024,10992.6174,225.0,150.0,50.9974,14.5024,10992.6174,225.0,150.0,50.9947,14.5048,10995.5305,225.0,150.0,50.9921,14.5072,10992.71,225.0,150.0
2,46b8c1,FIN6KP,Finland,55.99182,20.99468,10003.5,215,200,0.0,0,0,,55.9918,20.9947,10003.4887,215.0,200.0,1.4225,0.0018,-0.4262,-0.2289,0.1358,8.0,9.0,9.0,0.9196,0.4406,1.0,55.9973,20.9982,10007.8677,215.0,200.0,55.9973,20.9982,10007.8677,215.0,200.0,55.9973,20.9982,10007.8677,215.0,200.0,55.9973,20.9982,10007.8677,215.0,200.0,55.9973,20.9982,10007.8677,215.0,200.0,55.9973,20.9982,10007.8677,215.0,200.0,55.9973,20.9982,10007.8677,215.0,200.0,55.9973,20.9982,10007.8677,215.0,200.0,55.9973,20.9982,10007.8677,215.0,200.0,55.9973,20.9982,10007.8677,215.0,200.0,55.9973,20.9982,10007.8677,215.0,200.0,55.9973,20.9982,10007.8677,215.0,200.0,55.9973,20.9982,10007.8677,215.0,200.0,55.9973,20.9982,10007.8677,215.0,200.0,55.9945,20.9965,10011.3047,215.0,200.0,55.9918,20.9947,10003.4887,215.0,200.0
2,4ca8e0,RYR3LM,Ireland,53.69531,19.78627,11199.3,232,240,0.0,0,0,,53.6953,19.7863,11199.322,232.0,240.0,0.0866,-0.1606,-0.1079,0.2585,0.3127,8.0,9.0,9.0,0.9516,0.5651,1.0,53.6984,19.7954,11194.7523,232.0,240.0,53.6984,19.7954,11194.7523,232.0,240.0,53.6984,19.7954,11194.7523,232.0,240.0,53.6984,19.7954,11194.7523,232.0,240.0,53.6984,19.7954,11194.7523,232.0,240.0,53.6984,19.7954,11194.7523,232.0,240.0,53.6984,19.7954,11194.7523,232.0,240.0,53.6984,19.7954,11194.7523,232.0,240.0,53.6984,19.7954,11194.7523,232.0,240.0,53.6984,19.7954,11194.7523,232.0,240.0,53.6984,19.7954,11194.7523,232.0,240.0,53.6984,19.7954,11194.7523,232.0,240.0,53.6984,19.7954,11194.7523,232.0,240.0,53.6984,19.7954,11194.7523,232.0,240.0,53.6969,19.7908,11201.8593,232.0,240.0,53.6953,19.7863,11199.322,232.0,240.0
2,478129,WZZ2BV,Hungary,51.70155,22.48585,10802.3,220,280,0.0,0,0,,51.7015,22.4859,10802.2984,220.0,280.0,-0.7593,-0.4062,-0.0339,0.0354,-0.0978,8.0,9.0,9.0,0.9328,0.3523,1.0,51.7005,22.4953,10799.5964,220.0,280.0,51.7005,22.4953,10799.5964,220.0,280.0,51.7005,22.4953,10799.5964,220.0,280.0,51.7005,22.4953,10799.5964,220.0,280.0,51.7005,22.4953,10799.5964,220.0,280.0,51.7005,22.4953,10799.5964,220.0,280.0,51.7005,22.4953,10799.5964,220.0,280.0,51.7005,22.4953,10799.5964,220.0,280.0,51.7005,22.4953,10799.5964,220.0,280.0,51.7005,22.4953,10799.5964,220.0,280.0,51.7005,22.4953,10799.5964,220.0,280.0,51.7005,22.4953,10799.5964,220.0,280.0,51.7005,22.4953,10799.5964,220.0,280.0,51.7005,22.4953,10799.5964,220.0,280.0,51.701,22.4906,10801.6689,220.0,280.0,51.7015,22.4859,10802.2984,220.0,280.0
2,4ba8c2,TAR9FX,Turkey,52.2,23.48382,9495.9,245,270,0.0,0,0,,52.2,23.4838,9495.8768,245.0,270.0,0.6635,0.0124,-0.0001,0.1093,-0.0502,8.0,9.0,9.0,0.9015,0.3884,1.0,52.2,23.4946,9497.6859,245.0,270.0,52.2,23.4946,9497.6859,245.0,270.0,52.2,23.4946,9497.6859,245.0,270.0,52.2,23.4946,9497.6859,245.0,270.0,52.2,23.4946,9497.6859,245.0,270.0,52.2,23.4946,9497.6859,245.0,270.0,52.2,23.4946,9497.6859,245.0,270.0,52.2,23.4946,9497.6859,245.0,270.0,52.2,23.4946,9497.6859,245.0,270.0,52.2,23.4946,9497.6859,245.0,270.0,52.2,23.4946,9497.6859,245.0,270.0,52.2,23.4946,9497.6859,245.0,270.0,52.2,23.4946,9497.6859,245.0,270.0,52.2,23.4946,9497.6859,245.0,270.0,52.2,23.4892,9498.5552,245.0,270.0,52.2,23.4838,9495.8768,245.0,270.0
2,4cab4c,EZY42AC,United Kingdom,54.59833,17.51637,11802.9,238,100,0.0,0,0,,54.5983,17.5164,11802.8881,238.0,100.0,-1.4803,0.0104,0.0826,0.1447,0.0446,8.0,9.0,9.0,0.9126,0.4223,1.0,54.5994,17.5055,11798.7338,238.0,100.0,54.5994,17.5055,11798.7338,238.0,100.0,54.5994,17.5055,11798.7338,238.0,100.0,54.5994,17.5055,11798.7338,238.0,100.0,54.5994,17.5055,11798.7338,238.0,100.0,54.5994,17.5055,11798.7338,238.0,100.0,54.5994,17.5055,11798.7338,238.0,100.0,54.5994,17.5055,11798.7338,238.0,100.0,54.5994,17.5055,11798.7338,238.0,100.0,54.5994,17.5055,11798.7338,238.0,100.0,54.5994,17.5055,11798.7338,238.0,100.0,54.5994,17.5055,11798.7338,238.0,100.0,54.5994,17.5055,11798.7338,238.0,100.0,54.5994,17.5055,11798.7338,238.0,100.0,54.5989,17.5109,11804.6192,238.0,100.0,54.5983,17.5164,11802.8881,238.0,100.0
3,4ca87b,RYR2KE,Ireland,54.4,18.52132,10994.6,230,90,0.0,0,0,,54.4,18.5213,10994.5531,230.0,90.0,-0.6642,0.0992,0.0886,-0.1819,0.0453,8.0,9.0,9.0,0.9353,0.2322,1.0,54.4,18.5053,10999.4177,230.0,90.0,54.4,18.5053,10999.4177,230.0,90.0,54.4,18.5053,10999.4177,230.0,90.0,54.4,18.5053,10999.4177,230.0,90.0,54.4,18.5053,10999.4177,230.0,90.0,54.4,18.5053,10999.4177,230.0,90.0,54.4,18.5053,10999.4177,230.0,90.0,54.4,18.5053,10999.4177,230.0,90.0,54.4,18.5053,10999.4177,230.0,90.0,54.4,18.5053,10999.4177,230.0,90.0,54.4,18.5053,10999.4177,230.0,90.0,54.4,18.5053,10999.4177,230.0,90.0,54.4,18.5053,10999.4177,230.0,90.0,54.4,18.5107,10998.4662,230.0,90.0,54.4,18.516,10994.0684,230.0,90.0,54.4,18.5213,10994.5531,230.0,90.0
3,471f8b,LOT283,Poland,52.50909,20.88746,9503.6,220,320,0.0,0,0,,52.5091,20.8875,9503.5962,220.0,320.0,-0.1963,0.334,0.4082,-0.1325,-0.1945,8.0,9.0,9.0,0.8927,0.1738,1.0,52.5023,20.8969,9493.6672,220.0,320.0,52.5023,20.8969,9493.6672,220.0,320.0,52.5023,20.8969,9493.6672,220.0,320.0,52.5023,20.8969,9493.6672,220.0,320.0,52.5023,20.8969,9493.6672,220.0,320.0,52.5023,20.8969,9493.6672,220.0,320.0,52.5023,20.8969,9493.6672,220.0,320.0,52.5023,20.8969,9493.6672,220.0,320.0,52.5023,20.8969,9493.6672,220.0,320.0,52.5023,20.8969,9493.6672,220.0,320.0,52.5023,20.8969,9493.6672,220.0,320.0,52.5023,20.8969,9493.6672,220.0,320.0,52.5023,20.8969,9493.6672,220.0,320.0,52.5045,20.8937,9497.0134,220.0,320.0,52.5068,20.8906,9504.8593,220.0,320.0,52.5091,20.8875,9503.5962,220.0,320.0
3,3c6589,DLH4ZW,Germany,53.50225,14.52144,11506.0,240,80,0.0,0,0,,53.5022,14.5214,11505.9919,240.0,80.0,-0.8319,-0.1292,0.0335,-0.2168,-0.0307,8.0,9.0,9.0,0.8936,0.3881,1.0,53.5006,14.5054,11496.906,240.0,80.0,53.5006,14.5054,11496.906,240.0,80.0,53.5006,14.5054,11496.906,240.0,80.0,53.5006,14.5054,11496.906,240.0,80.0,53.5006,14.5054,11496.906,240.0,80.0,53.5006,14.5054,11496.906,240.0,80.0,53.5006,14.5054,11496.906,240.0,80.0,53.5006,14.5054,11496.906,240.0,80.0,53.5006,14.5054,11496.906,240.0,80.0,53.5006,14.5054,11496.906,240.0,80.0,53.5006,14.5054,11496.906,240.0,80.0,53.5006,14.5054,11496.906,240.0,80.0,53.5006,14.5054,11496.906,240.0,80.0,53.5011,14.5107,11494.3175,240.0,80.0,53.5017,14.5161,11506.0334,240.0,80.0,53.5022,14.5214,11505.9919,240.0,80.0
3,4b1805,SWR12X,Switzerland,52.78808,17.99283,10815.9,235,200,0.0,0,0,,52.7881,17.9928,10815.8511,235.0,200.0,0.4422,-0.0577,-0.1181,-0.2121,0.1806,8.0,9.0,9.0,0.9144,0.4156,1.0,52.797,17.9982,10803.9712,235.0,200.0,52.797,17.9982,10803.9712,235.0,200.0,52.797,17.9982,10803.9712,235.0,200.0,52.797,17.9982,10803.9712,235.0,200.0,52.797,17.9982,10803.9712,235.0,200.0,52.797,17.9982,10803.9712,235.0,200.0,52.797,17.9982,10803.9712,235.0,200.0,52.797,17.9982,10803.9712,235.0,200.0,52.797,17.9982,10803.9712,235.0,200.0,52.797,17.9982,10803.9712,235.0,200.0,52.797,17.9982,10803.9712,235.0,200.0,52.797,17.9982,10803.9712,235.0,200.0,52.797,17.9982,10803.9712,235.0,200.0,52.794,17.9964,10810.0159,235.0,200.0,52.7911,17.9946,10817.7237,235.0,200.0,52.7881,17.9928,10815.8511,235.0,200.0
3,440048,BAW893,United Kingdom,53.00674,16.01941,12016.5,250,60,0.0,0,0,,53.0067,16.0194,12016.466,250.0,60.0,0.3978,0.2323,0.0145,-0.3022,-0.1118,8.0,9.0,9.0,0.9004,0.3746,1.0,53.0017,16.0049,12007.5733,250.0,60.0,53.0017,16.0049,12007.5733,250.0,60.0,53.0017,16.0049,12007.5733,250.0,60.0,53.0017,16.0049,12007.5733,250.0,60.0,53.0017,16.0049,12007.5733,250.0,60.0,53.0017,16.0049,12007.5733,250.0,60.0,53.0017,16.0049,12007.5733,250.0,60.0,53.0017,16.0049,12007.5733,250.0,60.0,53.0017,16.0049,12007.5733,250.0,60.0,53.0017,16.0049,12007.5733,250.0,60.0,53.0017,16.0049,12007.5733,250.0,60.0,53.0017,16.0049,12007.5733,250.0,60.0,53.0017,16.0049,12007.5733,250.0,60.0,53.0034,16.0097,12010.6284,250.0,60.0,53.0051,16.0146,12013.7498,250.0,60.0,53.0067,16.0194,12016.466,250.0,60.0
3,4ac9b0,SAS2HK,Sweden,55.49406,17.01815,10485.8,220,120,0.0,0,0,,55.4941,17.0181,10485.7935,220.0,120.0,0.8678,0.0981,0.3449,0.1946,-0.1226,8.0,9.0,9.0,0.9358,0.4116,1.0,55.4985,17.0045,10500.1842,220.0,120.0,55.4985,17.0045,10500.1842,220.0,120.0,55.4985,17.0045,10500.1842,220.0,120.0,55.4985,17.0045,10500.1842,220.0,120.0,55.4985,17.0045,10500.1842,220.0,120.0,55.4985,17.0045,10500.1842,220.0,120.0,55.4985,17.0045,10500.1842,220.0,120.0,55.4985,17.0045,10500.1842,220.0,120.0,55.4985,17.0045,10500.1842,220.0,120.0,55.4985,17.0045,10500.1842,220.0,120.0,55.4985,17.0045,10500.1842,220.0,120.0,55.4985,17.0045,10500.1842,220.0,120.0,55.4985,17.0045,10500.1842,220.0,120.0,55.497,17.0091,10498.475,220.0,120.0,55.4955,17.0136,10494.6236,220.0,120.0,55.4941,17.0181,10485.7935,220.0,120.0
3,3917a3,AFR1219,France,50.98949,14.50964,10989.3,225,150,0.0,0,0,,50.9895,14.5096,10989.3346,225.0,150.0,0.0286,0.3295,0.1277,-0.1305,-0.3054,8.0,9.0,9.0,0.9338,0.4118,1.0,50.9974,14.5024,10992.6174,225.0,150.0,50.9974,14.5024,10992.6174,225.0,150.0,50.9974,14.5024,10992.6174,225.0,150.0,50.9974,14.5024,10992.6174,225.0,150.0,50.9974,14.5024,10992.6174,225.0,150.0,50.9974,14.5024,10992.6174,225.0,150.0,50.9974,14.5024,10992.6174,225.0,150.0,50.9974,14.5024,10992.6174,225.0,150.0,50.9974,14.5024,10992.6174,225.0,150.0,50.9974,14.5024,10992.6174,225.0,150.0,50.9974,14.5024,10992.6174,225.0,150.0,50.9974,14.5024,10992.6174,225.0,150.0,50.9974,14.5024,10992.6174,225.0,150.0,50.9947,14.5048,10995.5305,225.0,150.0,50.9921,14.5072,10992.71,225.0,150.0,50.9895,14.5096,10989.3346,225.0,150.0
3,46b8c1,FIN6KP,Finland,55.9891,20.99291,10002.9,215,200,0.0,0,0,,55.9891,20.9929,10002.9392,215.0,200.0,-0.6354,0.23,-0.0003,0.4647,0.3746,8.0,9.0,9.0,0.9233,0.3689,1.0,55.9973,20.9982,10007.8677,215.0,200.0,55.9973,20.9982,10007.8677,215.0,200.0,55.9973,20.9982,10007.8677,215.0,200.0,55.9973,20.9982,10007.8677,215.0,200.0,55.9973,20.9982,10007.8677,215.0,200.0,55.9973,20.9982,10007.8677,215.0,200.0,55.9973,20.9982,10007.8677,215.0,200.0,55.9973,20.9982,10007.8677,215.0,200.0,55.9973,20.9982,10007.8677,215.0,200.0,55.9973,20.9982,10007.8677,215.0,200.0,55.9973,20.9982,10007.8677,215.0,200.0,55.9973,20.9982,10007.8677,215.0,200.0,55.9973,20.9982,10007.8677,215.0,200.0,55.9945,20.9965,10011.3047,215.0,200.0,55.9918,20.9947,10003.4887,215.0,200.0,55.9891,20.9929,10002.9392,215.0,200.0
3,4ca8e0,RYR3LM,Ireland,53.69374,19.78169,11197.0,232,240,0.0,0,0,,53.6937,19.7817,11197.015,232.0,240.0,1.1838,-0.0927,-0.4932,-0.1874,-0.0846,8.0,9.0,9.0,0.9246,0.4289,1.0,53.6984,19.7954,11194.7523,232.0,240.0,53.6984,19.7954,11194.7523,232.0,240.0,53.6984,19.7954,11194.7523,232.0,240.0,53.6984,19.7954,11194.7523,232.0,240.0,53.6984,19.7954,11194.7523,232.0,240.0,53.6984,19.7954,11194.7523,232.0,240.0,53.6984,19.7954,11194.7523,232.0,240.0,53.6984,19.7954,11194.7523,232.0,240.0,53.6984,19.7954,11194.7523,232.0,240.0,53.6984,19.7954,11194.7523,232.0,240.0,53.6984,19.7954,11194.7523,232.0,240.0,53.6984,19.7954,11194.7523,232.0,240.0,53.6984,19.7954,11194.7523,232.0,240.0,53.6969,19.7908,11201.8593,232.0,240.0,53.6953,19.7863,11199.322,232.0,240.0,53.6937,19.7817,11197.015,232.0,240.0
3,478129,WZZ2BV,Hungary,51.70206,22.48114,10790.2,220,280,0.0,0,0,,51.7021,22.4811,10790.2423,220.0,280.0,0.2228,0.138,-0.0781,-0.104,-0.1166,8.0,9.0,9.0,0.9302,0.4128,1.0,51.7005,22.4953,10799.5964,220.0,280.0,51.7005,22.4953,10799.5964,220.0,280.0,51.7005,22.4953,10799.5964,220.0,280.0,51.7005,22.4953,10799.5964,220.0,280.0,51.7005,22.4953,10799.5964,220.0,280.0,51.7005,22.4953,10799.5964,220.0,280.0,51.7005,22.4953,10799.5964,220.0,280.0,51.7005,22.4953,10799.5964,220.0,280.0,51.7005,22.4953,10799.5964,220.0,280.0,51.7005,22.4953,10799.5964,220.0,280.0,51.7005,22.4953,10799.5964,220.0,280.0,51.7005,22.4953,10799.5964,220.0,280.0,51.7005,22.4953,10799.5964,220.0,280.0,51.701,22.4906,10801.6689,220.0,280.0,51.7015,22.4859,10802.2984,220.0,280.0,51.7021,22.4811,10790.2423,220.0,280.0
3,4ba8c2,TAR9FX,Turkey,52.2,23.47843,9503.3,245,270,0.0,0,0,,52.2,23.4784,9503.2663,245.0,270.0,-0.3413,-0.3955,0.1006,-0.1005,0.0676,8.0,9.0,9.0,0.9337,0.4312,1.0,52.2,23.4946,9497.6859,245.0,270.0,52.2,23.4946,9497.6859,245.0,270.0,52.2,23.4946,9497.6859,245.0,270.0,52.2,23.4946,9497.6859,245.0,270.0,52.2,23.4946,9497.6859,245.0,270.0,52.2,23.4946,9497.6859,245.0,270.0,52.2,23.4946,9497.6859,245.0,270.0,52.2,23.4946,9497.6859,245.0,270.0,52.2,23.4946,9497.6859,245.0,270.0,52.2,23.4946,9497.6859,245.0,270.0,52.2,23.4946,9497.6859,245.0,270.0,52.2,23.4946,9497.6859,245.0,270.0,52.2,23.4946,9497.6859,245.0,270.0,52.2,23.4892,9498.5552,245.0,270.0,52.2,23.4838,9495.8768,245.0,270.0,52.2,23.4784,9503.2663,245.0,270.0
3,4cab4c,EZY42AC,United Kingdom,54.59777,17.52183,11806.1,238,100,0.0,0,0,,54.5978,17.5218,11806.1033,238.0,100.0,1.2163,0.1877,0.0006,0.2251,0.3097,8.0,9.0,9.0,0.9348,0.2972,1.0,54.5994,17.5055,11798.7338,238.0,100.0,54.5994,17.5055,11798.7338,238.0,100.0,54.5994,17.5055,11798.7338,238.0,100.0,54.5994,17.5055,11798.7338,238.0,100.0,54.5994,17.5055,11798.7338,238.0,100.0,54.5994,17.5055,11798.7338,238.0,100.0,54.5994,17.5055,11798.7338,238.0,100.0,54.5994,17.5055,11798.7338,238.0,100.0,54.5994,17.5055,11798.7338,238.0,100.0,54.5994,17.5055,11798.7338,238.0,100.0,54.5994,17.5055,11798.7338,238.0,100.0,54.5994,17.5055,11798.7338,238.0,100.0,54.5994,17.5055,11798.7338,238.0,100.0,54.5989,17.5109,11804.6192,238.0,100.0,54.5983,17.5164,11802.8881,238.0,100.0,54.5978,17.5218,11806.1033,238.0,100.0
4,4ca87b,RYR2KE,Ireland,54.4,18.52665,10996.4,230,90,0.0,0,0,,54.4,18.5266,10996.3632,230.0,90.0,-0.9794,-0.1268,-0.0243,-0.0299,0.0702,8.0,9.0,9.0,0.9263,0.4964,1.0,54.4,18.5053,10999.4177,230.0,90.0,54.4,18.5053,10999.4177,230.0,90.0,54.4,18.5053,10999.4177,230.0,90.0,54.4,18.5053,10999.4177,230.0,90.0,54.4,18.5053,10999.4177,230.0,90.0,54.4,18.5053,10999.4177,230.0,90.0,54.4,18.5053,10999.4177,230.0,90.0,54.4,18.5053,10999.4177,230.0,90.0,54.4,18.5053,10999.4177,230.0,90.0,54.4,18.5053,10999.4177,230.0,90.0,54.4,18.5053,10999.4177,230.0,90.0,54.4,18.5053,10999.4177,230.0,90.0,54.4,18.5107,10998.4662,230.0,90.0,54.4,18.516,10994.0684,230.0,90.0,54.4,18.5213,10994.5531,230.0,90.0,54.4,18.5266,10996.3632,230.0,90.0
4,471f8b,LOT283,Poland,52.51137,20.88433,9507.3,220,320,0.0,0,0,,52.5114,20.8843,9507.2607,220.0,320.0,-0.1053,0.4595,-0.093,-0.2204,-0.173,8.0,9.0,9.0,0.8909,0.5543,1.0,52.5023,20.8969,9493.6672,220.0,320.0,52.5023,20.8969,9493.6672,220.0,320.0,52.5023,20.8969,9493.6672,220.0,320.0,52.5023,20.8969,9493.6672,220.0,320.0,52.5023,20.8969,9493.6672,220.0,320.0,52.5023,20.8969,9493.6672,220.0,320.0,52.5023,20.8969,9493.6672,220.0,320.0,52.5023,20.8969,9493.6672,220.0,320.0,52.5023,20.8969,9493.6672,220.0,320.0,52.5023,20.8969,9493.6672,220.0,320.0,52.5023,20.8969,9493.6672,220.0,320.0,52.5023,20.8969,9493.6672,220.0,320.0,52.5045,20.8937,9497.0134,220.0,320.0,52.5068,20.8906,9504.8593,220.0,320.0,52.5091,20.8875,9503.5962,220.0,320.0,52.5114,20.8843,9507.2607,220.0,320.0
4,3c6589,DLH4ZW,Germany,53.50281,14.5268,11499.3,240,80,0.0,0,0,,53.5028,14.5268,11499.2833,240.0,80.0,-0.0061,-0.0494,-0.3092,-0.2511,0.2385,8.0,9.0,9.0,0.9004,0.2963,1.0,53.5006,14.5054,11496.906,240.0,80.0,53.5006,14.5054,11496.906,240.0,80.0,53.5006,14.5054,11496.906,240.0,80.0,53.5006,14.5054,11496.906,240.0,80.0,53.5006,14.5054,11496.906,240.0,80.0,53.5006,14.5054,11496.906,240.0,80.0,53.5006,14.5054,11496.906,240.0,80.0,53.5006,14.5054,11496.906,240.0,80.0,53.5006,14.5054,11496.906,240.0,80.0,53.5006,14.5054,11496.906,240.0,80.0,53.5006,14.5054,11496.906,240.0,80.0,53.5006,14.5054,11496.906,240.0,80.0,53.5011,14.5107,11494.3175,240.0,80.0,53.5017,14.5161,11506.0334,240.0,80.0,53.5022,14.5214,11505.9919,240.0,80.0,53.5028,14.5268,11499.2833,240.0,80.0
4,4b1805,SWR12X,Switzerland,52.78511,17.99104,10811.4,235,200,0.0,0,0,,52.7851,17.991,10811.4117,235.0,200.0,-0.5997,0.2377,-0.369,0.2595,0.3236,8.0,9.0,9.0,0.8932,0.1949,1.0,52.797,17.9982,10803.9712,235.0,200.0,52.797,17.9982,10803.9712,235.0,200.0,52.797,17.9982,10803.9712,235.0,200.0,52.797,17.9982,10803.9712,235.0,200.0,52.797,17.9982,10803.9712,235.0,200.0,52.797,17.9982,10803.9712,235.0,200.0,52.797,17.9982,10803.9712,235.0,200.0,52.797,17.9982,10803.9712,235.0,200.0,52.797,17.9982,10803.9712,235.0,200.0,52.797,17.9982,10803.9712,235.0,200.0,52.797,17.9982,10803.9712,235.0,200.0,52.797,17.9982,10803.9712,235.0,200.0,52.794,17.9964,10810.0159,235.0,200.0,52.7911,17.9946,10817.7237,235.0,200.0,52.7881,17.9928,10815.8511,235.0,200.0,52.7851,17.991,10811.4117,235.0,200.0
4,440048,BAW893,United Kingdom,53.00843,16.02427,12016.5,250,60,0.0,0,0,,53.0084,16.0243,12016.5277,250.0,60.0,1.5153,0.1909,-0.0099,-0.2418,0.261,8.0,9.0,9.0,0.9341,0.4974,1.0,53.0017,16.0049,12007.5733,250.0,60.0,53.0017,16.0049,12007.5733,250.0,60.0,53.0017,16.0049,12007.5733,250.0,60.0,53.0017,16.0049,12007.5733,250.0,60.0,53.0017,16.0049,12007.5733,250.0,60.0,53.0017,16.0049,12007.5733,250.0,60.0,53.0017,16.0049,12007.5733,250.0,60.0,53.0017,16.0049,12007.5733,250.0,60.0,53.0017,16.0049,12007.5733,250.0,60.0,53.0017,16.0049,12007.5733,250.0,60.0,53.0017,16.0049,12007.5733,250.0,60.0,53.0017,16.0049,12007.5733,250.0,60.0,53.0034,16.0097,12010.6284,250.0,60.0,53.0051,16.0146,12013.7498,250.0,60.0,53.0067,16.0194,12016.466,250.0,60.0,53.0084,16.0243,12016.5277,250.0,60.0
4,4ac9b0,SAS2HK,Sweden,55.49258,17.02269,10485.4,220,120,0.0,0,0,,55.4926,17.0227,10485.3873,220.0,120.0,0.5353,0.2469,0.0143,0.051,0.1368,8.0,9.0,9.0,0.9263,0.3922,1.0,55.4985,17.0045,10500.1842,220.0,120.0,55.4985,17.0045,10500.1842,220.0,120.0,55.4985,17.0045,10500.1842,220.0,120.0,55.4985,17.0045,10500.1842,220.0,120.0,55.4985,17.0045,10500.1842,220.0,120.0,55.4985,17.0045,10500.1842,220.0,120.0,55.4985,17.0045,10500.1842,220.0,120.0,55.4985,17.0045,10500.1842,220.0,120.0,55.4985,17.0045,10500.1842,220.0,120.0,55.4985,17.0045,10500.1842,220.0,120.0,55.4985,17.0045,10500.1842,220.0,120.0,55.4985,17.0045,10500.1842,220.0,120.0,55.497,17.0091,10498.475,220.0,120.0,55.4955,17.0136,10494.6236,220.0,120.0,55.4941,17.0181,10485.7935,220.0,120.0,55.4926,17.0227,10485.3873,220.0,120.0
4,3917a3,AFR1219,France,50.98686,14.51206,10983.4,225,150,0.0,0,0,,50.9869,14.5121,10983.3781,225.0,150.0,0.5018,-0.0619,0.0685,0.0303,0.0756,8.0,9.0,9.0,0.9345,0.3498,1.0,50.9974,14.5024,10992.6174,225.0,150.0,50.9974,14.5024,10992.6174,225.0,150.0,50.9974,14.5024,10992.6174,225.0,150.0,50.9974,14.5024,10992.6174,225.0,150.0,50.9974,14.5024,10992.6174,225.0,150.0,50.9974,14.5024,10992.6174,225.0,150.0,50.9974,14.5024,10992.6174,225.0,150.0,50.9974,14.5024,10992.6174,225.0,150.0,50.9974,14.5024,10992.6174,225.0,150.0,50.9974,14.5024,10992.6174,225.0,150.0,50.9974,14.5024,10992.6174,225.0,150.0,50.9974,14.5024,10992.6174,225.0,150.0,50.9947,14.5048,10995.5305,225.0,150.0,50.9921,14.5072,10992.71,225.0,150.0,50.9895,14.5096,10989.3346,225.0,150.0,50.9869,14.5121,10983.3781,225.0,150.0
4,46b8c1,FIN6KP,Finland,55.98637,20.99113,10006.6,215,200,0.0,0,0,,55.9864,20.9911,10006.5556,215.0,200.0,0.5191,-0.2526,0.142,0.03,0.0291,8.0,9.0,9.0,0.9284,0.4402,1.0,55.9973,20.9982,10007.8677,215.0,200.0,55.9973,20.9982,10007.8677,215.0,200.0,55.9973,20.9982,10007.8677,215.0,200.0,55.9973,20.9982,10007.8677,215.0,200.0,55.9973,20.9982,10007.8677,215.0,200.0,55.9973,20.9982,10007.8677,215.0,200.0,55.9973,20.9982,10007.8677,215.0,200.0,55.9973,20.9982,10007.8677,215.0,200.0,55.9973,20.9982,10007.8677,215.0,200.0,55.9973,20.9982,10007.8677,215.0,200.0,55.9973,20.9982,10007.8677,215.0,200.0,55.9973,20.9982,10007.8677,215.0,200.0,55.9945,20.9965,10011.3047,215.0,200.0,55.9918,20.9947,10003.4887,215.0,200.0,55.9891,20.9929,10002.9392,215.0,200.0,55.9864,20.9911,10006.5556,215.0,200.0
4,4ca8e0,RYR3LM,Ireland,53.69218,19.77711,11202.7,232,240,0.0,0,0,,53.6922,19.7771,11202.6529,232.0,240.0,-0.0079,0.0375,-0.0364,0.4709,-0.0873,8.0,9.0,9.0,0.9285,0.374,1.0,53.6984,19.7954,11194.7523,232.0,240.0,53.6984,19.7954,11194.7523,232.0,240.0,53.6984,19.7954,11194.7523,232.0,240.0,53.6984,19.7954,11194.7523,232.0,240.0,53.6984,19.7954,11194.7523,232.0,240.0,53.6984,19.7954,11194.7523,232.0,240.0,53.6984,19.7954,11194.7523,232.0,240.0,53.6984,19.7954,11194.7523,232.0,240.0,53.6984,19.7954,11194.7523,232.0,240.0,53.6984,19.7954,11194.7523,232.0,240.0,53.6984,19.7954,11194.7523,232.0,240.0,53.6984,19.7954,11194.7523,232.0,240.0,53.6969,19.7908,11201.8593,232.0,240.0,53.6953,19.7863,11199.322,232.0,240.0,53.6937,19.7817,11197.015,232.0,240.0,53.6922,19.7771,11202.6529,232.0,240.0
4,478129,WZZ2BV,Hungary,51.70258,22.47642,10793.1,220,280,0.0,0,0,,51.7026,22.4764,10793.1496,220.0,280.0,1.0836,-0.2099,-0.1325,-0.3684,-0.2824,8.0,9.0,9.0,0.9443,0.4584,1.0,51.7005,22.4953,10799.5964,220.0,280.0,51.7005,22.4953,10799.5964,220.0,280.0,51.7005,22.4953,10799.5964,220.0,280.0,51.7005,22.4953,10799.5964,220.0,280.0,51.7005,22.4953,10799.5964,220.0,280.0,51.7005,22.4953,10799.5964,220.0,280.0,51.7005,22.4953,10799.5964,220.0,280.0,51.7005,22.4953,10799.5964,220.0,280.0,51.7005,22.4953,10799.5964,220.0,280.0,51.7005,22.4953,10799.5964,220.0,280.0,51.7005,22.4953,10799.5964,220.0,280.0,51.7005,22.4953,10799.5964,220.0,280.0,51.701,22.4906,10801.6689,220.0,280.0,51.7015,22.4859,10802.2984,220.0,280.0,51.7021,22.4811,10790.2423,220.0,280.0,51.7026,22.4764,10793.1496,220.0,280.0
4,4ba8c2,TAR9FX,Turkey,52.2,23.47304,9493.4,245,270,0.0,0,0,,52.2,23.473,9493.4446,245.0,270.0,-1.0754,-0.095,0.3048,-0.2976,-0.0804,8.0,9.0,9.0,0.9039,0.4633,1.0,52.2,23.4946,9497.6859,245.0,270.0,52.2,23.4946,9497.6859,245.0,270.0,52.2,23.4946,9497.6859,245.0,270.0,52.2,23.4946,9497.6859,245.0,270.0,52.2,23.4946,9497.6859,245.0,270.0,52.2,23.4946,9497.6859,245.0,270.0,52.2,23.4946,9497.6859,245.0,270.0,52.2,23.4946,9497.6859,245.0,270.0,52.2,23.4946,9497.6859,245.0,270.0,52.2,23.4946,9497.6859,245.0,270.0,52.2,23.4946,9497.6859,245.0,270.0,52.2,23.4946,9497.6859,245.0,270.0,52.2,23.4892,9498.5552,245.0,270.0,52.2,23.4838,9495.8768,245.0,270.0,52.2,23.4784,9503.2663,245.0,270.0,52.2,23.473,9493.4446,245.0,270.0
4,4cab4c,EZY42AC,United Kingdom,54.59721,17.52729,11804.1,238,100,0.0,0,0,,54.5972,17.5273,11804.0689,238.0,100.0,1.5535,-0.2438,0.1224,0.0275,0.2942,8.0,9.0,9.0,0.8873,0.3714,1.0,54.5994,17.5055,11798.7338,238.0,100.0,54.5994,17.5055,11798.7338,238.0,100.0,54.5994,17.5055,11798.7338,238.0,100.0,54.5994,17.5055,11798.7338,238.0,100.0,54.5994,17.5055,11798.7338,238.0,100.0,54.5994,17.5055,11798.7338,238.0,100.0,54.5994,17.5055,11798.7338,238.0,100.0,54.5994,17.5055,11798.7338,238.0,100.0,54.5994,17.5055,11798.7338,238.0,100.0,54.5994,17.5055,11798.7338,238.0,100.0,54.5994,17.5055,11798.7338,238.0,100.0,54.5994,17.5055,11798.7338,238.0,100.0,54.5989,17.5109,11804.6192,238.0,100.0,54.5983,17.5164,11802.8881,238.0,100.0,54.5978,17.5218,11806.1033,238.0,100.0,54.5972,17.5273,11804.0689,238.0,100.0
5,4ca87b,RYR2KE,Ireland,54.4,18.53198,10995.6,230,90,0.0,0,0,,54.4,18.532,10995.5553,230.0,90.0,-0.2533,0.0217,0.0977,-0.2524,-0.2053,8.0,9.0,9.0,0.9493,0.2812,1.0,54.4,18.5053,10999.4177,230.0,90.0,54.4,18.5053,10999.4177,230.0,90.0,54.4,18.5053,10999.4177,230.0,90.0,54.4,18.5053,10999.4177,230.0,90.0,54.4,18.5053,10999.4177,230.0,90.0,54.4,18.5053,10999.4177,230.0,90.0,54.4,18.5053,10999.4177,230.0,90.0,54.4,18.5053,10999.4177,230.0,90.0,54.4,18.5053,10999.4177,230.0,90.0,54.4,18.5053,10999.4177,230.0,90.0,54.4,18.5053,10999.4177,230.0,90.0,54.4,18.5107,10998.4662,230.0,90.0,54.4,18.516,10994.0684,230.0,90.0,54.4,18.5213,10994.5531,230.0,90.0,54.4,18.5266,10996.3632,230.0,90.0,54.4,18.532,10995.5553,230.0,90.0
5,471f8b,LOT283,Poland,52.51364,20.88119,9516.6,220,320,0.0,0,0,,52.5136,20.8812,9516.6468,220.0,320.0,1.1828,-0.2788,-0.3299,0.0743,-0.0765,8.0,9.0,9.0,0.901,0.3314,1.0,52.5023,20.8969,9493.6672,220.0,320.0,52.5023,20.8969,9493.6672,220.0,320.0,52.5023,20.8969,9493.6672,220.0,320.0,52.5023,20.8969,9493.6672,220.0,320.0,52.5023,20.8969,9493.6672,220.0,320.0,52.5023,20.8969,9493.6672,220.0,320.0,52.5023,20.8969,9493.6672,220.0,320.0,52.5023,20.8969,9493.6672,220.0,320.0,52.5023,20.8969,9493.6672,220.0,320.0,52.5023,20.8969,9493.6672,220.0,320.0,52.5023,20.8969,9493.6672,220.0,320.0,52.5045,20.8937,9497.0134,220.0,320.0,52.5068,20.8906,9504.8593,220.0,320.0,52.5091,20.8875,9503.5962,220.0,320.0,52.5114,20.8843,9507.2607,220.0,320.0,52.5136,20.8812,9516.6468,220.0,320.0
5,3c6589,DLH4ZW,Germany,53.50337,14.53216,11500.7,240,80,0.0,0,0,,53.5034,14.5322,11500.6972,240.0,80.0,-2.3077,0.1553,-0.3041,-0.1593,0.2992,8.0,9.0,9.0,0.8837,0.3025,1.0,53.5006,14.5054,11496.906,240.0,80.0,53.5006,14.5054,11496.906,240.0,80.0,53.5006,14.5054,11496.906,240.0,80.0,53.5006,14.5054,11496.906,240.0,80.0,53.5006,14.5054,11496.906,240.0,80.0,53.5006,14.5054,11496.906,240.0,80.0,53.5006,14.5054,11496.906,240.0,80.0,53.5006,14.5054,11496.906,240.0,80.0,53.5006,14.5054,11496.906,240.0,80.0,53.5006,14.5054,11496.906,240.0,80.0,53.5006,14.5054,11496.906,240.0,80.0,53.5011,14.5107,11494.3175,240.0,80.0,53.5017,14.5161,11506.0334,240.0,80.0,53.5022,14.5214,11505.9919,240.0,80.0,53.5028,14.5268,11499.2833,240.0,80.0,53.5034,14.5322,11500.6972,240.0,80.0
5,4b1805,SWR12X,Switzerland,52.78213,17.98924,10800.6,235,200,0.0,0,0,,52.7821,17.9892,10800.6003,235.0,200.0,0.771,0.1766,0.0179,-0.0835,0.6006,8.0,9.0,9.0,0.8928,0.4753,1.0,52.797,17.9982,10803.9712,235.0,200.0,52.797,17.9982,10803.9712,235.0,200.0,52.797,17.9982,10803.9712,235.0,200.0,52.797,17.9982,10803.9712,235.0,200.0,52.797,17.9982,10803.9712,235.0,200.0,52.797,17.9982,10803.9712,235.0,200.0,52.797,17.9982,10803.9712,235.0,200.0,52.797,17.9982,10803.9712,235.0,200.0,52.797,17.9982,10803.9712,235.0,200.0,52.797,17.9982,10803.9712,235.0,200.0,52.797,17.9982,10803.9712,235.0,200.0,52.794,17.9964,10810.0159,235.0,200.0,52.7911,17.9946,10817.7237,235.0,200.0,52.7881,17.9928,10815.8511,235.0,200.0,52.7851,17.991,10811.4117,235.0,200.0,52.7821,17.9892,10800.6003,235.0,200.0
5,440048,BAW893,United Kingdom,53.01012,16.02912,12009.0,250,60,0.0,0,0,,53.0101,16.0291,12008.9771,250.0,60.0,0.394,0.0704,0.2989,0.0427,-0.1603,8.0,9.0,9.0,0.9028,0.417,1.0,53.0017,16.0049,12007.5733,250.0,60.0,53.0017,16.0049,12007.5733,250.0,60.0,53.0017,16.0049,12007.5733,250.0,60.0,53.0017,16.0049,12007.5733,250.0,60.0,53.0017,16.0049,12007.5733,250.0,60.0,53.0017,16.0049,12007.5733,250.0,60.0,53.0017,16.0049,12007.5733,250.0,60.0,53.0017,16.0049,12007.5733,250.0,60.0,53.0017,16.0049,12007.5733,250.0,60.0,53.0017,16.0049,12007.5733,250.0,60.0,53.0017,16.0049,12007.5733,250.0,60.0,53.0034,16.0097,12010.6284,250.0,60.0,53.0051,16.0146,12013.7498,250.0,60.0,53.0067,16.0194,12016.466,250.0,60.0,53.0084,16.0243,12016.5277,250.0,60.0,53.0101,16.0291,12008.9771,250.0,60.0
5,4ac9b0,SAS2HK,Sweden,55.4911,17.02722,10482.3,220,120,0.0,0,0,,55.4911,17.0272,10482.3277,220.0,120.0,-0.5224,0.3438,0.0993,0.0313,-0.034,8.0,9.0,9.0,0.901,0.1277,1.0,55.4985,17.0045,10500.1842,220.0,120.0,55.4985,17.0045,10500.1842,220.0,120.0,55.4985,17.0045,10500.1842,220.0,120.0,55.4985,17.0045,10500.1842,220.0,120.0,55.4985,17.0045,10500.1842,220.0,120.0,55.4985,17.0045,10500.1842,220.0,120.0,55.4985,17.0045,10500.1842,220.0,120.0,55.4985,17.0045,10500.1842,220.0,120.0,55.4985,17.0045,10500.1842,220.0,120.0,55.4985,17.0045,10500.1842,220.0,120.0,55.4985,17.0045,10500.1842,220.0,120.0,55.497,17.0091,10498.475,220.0,120.0,55.4955,17.0136,10494.6236,220.0,120.0,55.4941,17.0181,10485.7935,220.0,120.0,55.4926,17.0227,10485.3873,220.0,120.0,55.4911,17.0272,10482.3277,220.0,120.0
5,3917a3,AFR1219,France,50.98423,14.51447,10978.8,225,150,0.0,0,0,,50.9842,14.5145,10978.7898,225.0,150.0,0.057,-0.1653,-0.083,-0.3469,0.1326,8.0,9.0,9.0,0.9155,0.5674,1.0,50.9974,14.5024,10992.6174,225.0,150.0,50.9974,14.5024,10992.6174,225.0,150.0,50.9974,14.5024,10992.6174,225.0,150.0,50.9974,14.5024,10992.6174,225.0,150.0,50.9974,14.5024,10992.6174,225.0,150.0,50.9974,14.5024,10992.6174,225.0,150.0,50.9974,14.5024,10992.6174,225.0,150.0,50.9974,14.5024,10992.6174,225.0,150.0,50.9974,14.5024,10992.6174,225.0,150.0,50.9974,14.5024,10992.6174,225.0,150.0,50.9974,14.5024,10992.6174,225.0,150.0,50.9947,14.5048,10995.5305,225.0,150.0,50.9921,14.5072,10992.71,225.0,150.0,50.9895,14.5096,10989.3346,225.0,150.0,50.9869,14.5121,10983.3781,225.0,150.0,50.9842,14.5145,10978.7898,225.0,150.0
5,46b8c1,FIN6KP,Finland,55.98365,20.98936,10020.8,215,200,0.0,0,0,,55.9836,20.9894,10020.7767,215.0,200.0,-0.7706,-0.1341,-0.1972,0.2454,0.1451,8.0,9.0,9.0,0.9126,0.2373,1.0,55.9973,20.9982,10007.8677,215.0,200.0,55.9973,20.9982,10007.8677,215.0,200.0,55.9973,20.9982,10007.8677,215.0,200.0,55.9973,20.9982,10007.8677,215.0,200.0,55.9973,20.9982,10007.8677,215.0,200.0,55.9973,20.9982,10007.8677,215.0,200.0,55.9973,20.9982,10007.8677,215.0,200.0,55.9973,20.9982,10007.8677,215.0,200.0,55.9973,20.9982,10007.8677,215.0,200.0,55.9973,20.9982,10007.8677,215.0,200.0,55.9973,20.9982,10007.8677,215.0,200.0,55.9945,20.9965,10011.3047,215.0,200.0,55.9918,20.9947,10003.4887,215.0,200.0,55.9891,20.9929,10002.9392,215.0,200.0,55.9864,20.9911,10006.5556,215.0,200.0,55.9836,20.9894,10020.7767,215.0,200.0
5,4ca8e0,RYR3LM,Ireland,53.69061,19.77253,11205.0,232,240,0.0,0,0,,53.6906,19.7725,11205.031,232.0,240.0,1.0576,0.0402,-0.0675,0.2277,0.0922,8.0,9.0,9.0,0.8886,0.3167,1.0,53.6984,19.7954,11194.7523,232.0,240.0,53.6984,19.7954,11194.7523,232.0,240.0,53.6984,19.7954,11194.7523,232.0,240.0,53.6984,19.7954,11194.7523,232.0,240.0,53.6984,19.7954,11194.7523,232.0,240.0,53.6984,19.7954,11194.7523,232.0,240.0,53.6984,19.7954,11194.7523,232.0,240.0,53.6984,19.7954,11194.7523,232.0,240.0,53.6984,19.7954,11194.7523,232.0,240.0,53.6984,19.7954,11194.7523,232.0,240.0,53.6984,19.7954,11194.7523,232.0,240.0,53.6969,19.7908,11201.8593,232.0,240.0,53.6953,19.7863,11199.322,232.0,240.0,53.6937,19.7817,11197.015,232.0,240.0,53.6922,19.7771,11202.6529,232.0,240.0,53.6906,19.7725,11205.031,232.0,240.0
5,478129,WZZ2BV,Hungary,51.70309,22.4717,10792.0,220,280,0.0,0,0,,51.7031,22.4717,10792.0397,220.0,280.0,0.7821,0.1013,0.0788,-0.2676,-0.341,8.0,9.0,9.0,0.9174,0.3199,1.0,51.7005,22.4953,10799.5964,220.0,280.0,51.7005,22.4953,10799.5964,220.0,280.0,51.7005,22.4953,10799.5964,220.0,280.0,51.7005,22.4953,10799.5964,220.0,280.0,51.7005,22.4953,10799.5964,220.0,280.0,51.7005,22.4953,10799.5964,220.0,280.0,51.7005,22.4953,10799.5964,220.0,280.0,51.7005,22.4953,10799.5964,220.0,280.0,51.7005,22.4953,10799.5964,220.0,280.0,51.7005,22.4953,10799.5964,220.0,280.0,51.7005,22.4953,10799.5964,220.0,280.0,51.701,22.4906,10801.6689,220.0,280.0,51.7015,22.4859,10802.2984,220.0,280.0,51.7021,22.4811,10790.2423,220.0,280.0,51.7026,22.4764,10793.1496,220.0,280.0,51.7031,22.4717,10792.0397,220.0,280.0
5,4ba8c2,TAR9FX,Turkey,52.2,23.46765,9485.9,245,270,0.0,0,0,,52.2,23.4676,9485.9451,245.0,270.0,-1.7082,-0.1041,-0.0733,0.0801,0.2869,8.0,9.0,9.0,0.9172,0.6678,1.0,52.2,23.4946,9497.6859,245.0,270.0,52.2,23.4946,9497.6859,245.0,270.0,52.2,23.4946,9497.6859,245.0,270.0,52.2,23.4946,9497.6859,245.0,270.0,52.2,23.4946,9497.6859,245.0,270.0,52.2,23.4946,9497.6859,245.0,270.0,52.2,23.4946,9497.6859,245.0,270.0,52.2,23.4946,9497.6859,245.0,270.0,52.2,23.4946,9497.6859,245.0,270.0,52.2,23.4946,9497.6859,245.0,270.0,52.2,23.4946,9497.6859,245.0,270.0,52.2,23.4892,9498.5552,245.0,270.0,52.2,23.4838,9495.8768,245.0,270.0,52.2,23.4784,9503.2663,245.0,270.0,52.2,23.473,9493.4446,245.0,270.0,52.2,23.4676,9485.9451,245.0,270.0
5,4cab4c,EZY42AC,United Kingdom,54.59665,17.53275,11795.0,238,100,0.0,0,0,,54.5967,17.5327,11795.0158,238.0,100.0,0.0896,0.0669,0.2832,-0.0462,-0.1081,8.0,9.0,9.0,0.9333,0.4079,1.0,54.5994,17.5055,11798.7338,238.0,100.0,54.5994,17.5055,11798.7338,238.0,100.0,54.5994,17.5055,11798.7338,238.0,100.0,54.5994,17.5055,11798.7338,238.0,100.0,54.5994,17.5055,11798.7338,238.0,100.0,54.5994,17.5055,11798.7338,238.0,100.0,54.5994,17.5055,11798.7338,238.0,100.0,54.5994,17.5055,11798.7338,238.0,100.0,54.5994,17.5055,11798.7338,238.0,100.0,54.5994,17.5055,11798.7338,238.0,100.0,54.5994,17.5055,11798.7338,238.0,100.0,54.5989,17.5109,11804.6192,238.0,100.0,54.5983,17.5164,11802.8881,238.0,100.0,54.5978,17.5218,11806.1033,238.0,100.0,54.5972,17.5273,11804.0689,238.0,100.0,54.5967,17.5327,11795.0158,238.0,100.0
6,4ca87b,RYR2KE,Ireland,54.4,18.53731,10992.4,230,90,0.0,0,0,,54.4,18.5373,10992.4129,230.0,90.0,-0.304,-0.2156,-0.0273,-0.1338,-0.4196,8.0,9.0,9.0,0.9171,0.2706,1.0,54.4,18.5053,10999.4177,230.0,90.0,54.4,18.5053,10999.4177,230.0,90.0,54.4,18.5053,10999.4177,230.0,90.0,54.4,18.5053,10999.4177,230.0,90.0,54.4,18.5053,10999.4177,230.0,90.0,54.4,18.5053,10999.4177,230.0,90.0,54.4,18.5053,10999.4177,230.0,90.0,54.4,18.5053,10999.4177,230.0,90.0,54.4,18.5053,10999.4177,230.0,90.0,54.4,18.5053,10999.4177,230.0,90.0,54.4,18.5107,10998.4662,230.0,90.0,54.4,18.516,10994.0684,230.0,90.0,54.4,18.5213,10994.5531,230.0,90.0,54.4,18.5266,10996.3632,230.0,90.0,54.4,18.532,10995.5553,230.0,90.0,54.4,18.5373,10992.4129,230.0,90.0
6,471f8b,LOT283,Poland,52.51591,20.87806,9516.5,220,320,0.0,0,0,,52.5159,20.8781,9516.4792,220.0,320.0,-1.5184,0.1427,0.21,-0.0388,0.2556,8.0,9.0,9.0,0.9093,0.3387,1.0,52.5023,20.8969,9493.6672,220.0,320.0,52.5023,20.8969,9493.6672,220.0,320.0,52.5023,20.8969,9493.6672,220.0,320.0,52.5023,20.8969,9493.6672,220.0,320.0,52.5023,20.8969,9493.6672,220.0,320.0,52.5023,20.8969,9493.6672,220.0,320.0,52.5023,20.8969,9493.6672,220.0,320.0,52.5023,20.8969,9493.6672,220.0,320.0,52.5023,20.8969,9493.6672,220.0,320.0,52.5023,20.8969,9493.6672,220.0,320.0,52.5045,20.8937,9497.0134,220.0,320.0,52.5068,20.8906,9504.8593,220.0,320.0,52.5091,20.8875,9503.5962,220.0,320.0,52.5114,20.8843,9507.2607,220.0,320.0,52.5136,20.8812,9516.6468,220.0,320.0,52.5159,20.8781,9516.4792,220.0,320.0
6,3c6589,DLH4ZW,Germany,53.50393,14.53752,11501.2,240,80,0.0,0,0,,53.5039,14.5375,11501.2169,240.0,80.0,0.891,0.2979,0.2109,-0.1011,0.0711,8.0,9.0,9.0,0.9451,0.4212,1.0,53.5006,14.5054,11496.906,240.0,80.0,53.5006,14.5054,11496.906,240.0,80.0,53.5006,14.5054,11496.906,240.0,80.0,53.5006,14.5054,11496.906,240.0,80.0,53.5006,14.5054,11496.906,240.0,80.0,53.5006,14.5054,11496.906,240.0,80.0,53.5006,14.5054,11496.906,240.0,80.0,53.5006,14.5054,11496.906,240.0,80.0,53.5006,14.5054,11496.906,240.0,80.0,53.5006,14.5054,11496.906,240.0,80.0,53.5011,14.5107,11494.3175,240.0,80.0,53.5017,14.5161,11506.0334,240.0,80.0,53.5022,14.5214,11505.9919,240.0,80.0,53.5028,14.5268,11499.2833,240.0,80.0,53.5034,14.5322,11500.6972,240.0,80.0,53.5039,14.5375,11501.2169,240.0,80.0
6,4b1805,SWR12X,Switzerland,52.77915,17.98745,10794.8,235,200,0.0,0,0,,52.7791,17.9875,10794.7577,235.0,200.0,-0.8139,-0.3766,0.0062,-0.1201,0.0022,8.0,9.0,9.0,0.9417,0.4759,1.0,52.797,17.9982,10803.9712,235.0,200.0,52.797,17.9982,10803.9712,235.0,200.0,52.797,17.9982,10803.9712,235.0,200.0,52.797,17.9982,10803.9712,235.0,200.0,52.797,17.9982,10803.9712,235.0,200.0,52.797,17.9982,10803.9712,235.0,200.0,52.797,17.9982,10803.9712,235.0,200.0,52.797,17.9982,10803.9712,235.0,200.0,52.797,17.9982,10803.9712,235.0,200.0,52.797,17.9982,10803.9712,235.0,200.0,52.794,17.9964,10810.0159,235.0,200.0,52.7911,17.9946,10817.7237,235.0,200.0,52.7881,17.9928,10815.8511,235.0,200.0,52.7851,17.991,10811.4117,235.0,200.0,52.7821,17.9892,10800.6003,235.0,200.0,52.7791,17.9875,10794.7577,235.0,200.0
6,440048,BAW893,United Kingdom,53.0118,16.03398,12018.8,250,60,0.0,0,0,,53.0118,16.034,12018.7528,250.0,60.0,-0.0906,-0.2803,-0.1382,0.3232,-0.0466,8.0,9.0,9.0,0.9267,0.4765,1.0,53.0017,16.0049,12007.5733,250.0,60.0,53.0017,16.0049,12007.5733,250.0,60.0,53.0017,16.0049,12007.5733,250.0,60.0,53.0017,16.0049,12007.5733,250.0,60.0,53.0017,16.0049,12007.5733,250.0,60.0,53.0017,16.0049,12007.5733,250.0,60.0,53.0017,16.0049,12007.5733,250.0,60.0,53.0017,16.0049,12007.5733,250.0,60.0,53.0017,16.0049,12007.5733,250.0,60.0,53.0017,16.0049,12007.5733,250.0,60.0,53.0034,16.0097,12010.6284,250.0,60.0,53.0051,16.0146,12013.7498,250.0,60.0,53.0067,16.0194,12016.466,250.0,60.0,53.0084,16.0243,12016.5277,250.0,60.0,53.0101,16.0291,12008.9771,250.0,60.0,53.0118,16.034,12018.7528,250.0,60.0
6,4ac9b0,SAS2HK,Sweden,55.48961,17.03176,10482.3,220,120,0.0,0,0,,55.4896,17.0318,10482.3215,220.0,120.0,0.438,0.0343,-0.0706,-0.0074,-0.0715,8.0,9.0,9.0,0.9158,0.4254,1.0,55.4985,17.0045,10500.1842,220.0,120.0,55.4985,17.0045,10500.1842,220.0,120.0,55.4985,17.0045,10500.1842,220.0,120.0,55.4985,17.0045,10500.1842,220.0,120.0,55.4985,17.0045,10500.1842,220.0,120.0,55.4985,17.0045,10500.1842,220.0,120.0,55.4985,17.0045,10500.1842,220.0,120.0,55.4985,17.0045,10500.1842,220.0,120.0,55.4985,17.0045,10500.1842,220.0,120.0,55.4985,17.0045,10500.1842,220.0,120.0,55.497,17.0091,10498.475,220.0,120.0,55.4955,17.0136,10494.6236,220.0,120.0,55.4941,17.0181,10485.7935,220.0,120.0,55.4926,17.0227,10485.3873,220.0,120.0,55.4911,17.0272,10482.3277,220.0,120.0,55.4896,17.0318,10482.3215,220.0,120.0
6,3917a3,AFR1219,France,50.9816,14.51688,10976.6,225,150,0.0,0,0,,50.9816,14.5169,10976.5746,225.0,150.0,-1.7175,0.215,0.3291,-0.2939,0.1215,8.0,9.0,9.0,0.9333,0.2667,1.0,50.9974,14.5024,10992.6174,225.0,150.0,50.9974,14.5024,10992.6174,225.0,150.0,50.9974,14.5024,10992.6174,225.0,150.0,50.9974,14.5024,10992.6174,225.0,150.0,50.9974,14.5024,10992.6174,225.0,150.0,50.9974,14.5024,10992.6174,225.0,150.0,50.9974,14.5024,10992.6174,225.0,150.0,50.9974,14.5024,10992.6174,225.0,150.0,50.9974,14.5024,10992.6174,225.0,150.0,50.9974,14.5024,10992.6174,225.0,150.0,50.9947,14.5048,10995.5305,225.0,150.0,50.9921,14.5072,10992.71,225.0,150.0,50.9895,14.5096,10989.3346,225.0,150.0,50.9869,14.5121,10983.3781,225.0,150.0,50.9842,14.5145,10978.7898,225.0,150.0,50.9816,14.5169,10976.5746,225.0,150.0
6,46b8c1,FIN6KP,Finland,55.98092,20.98759,10013.4,215,200,0.0,0,0,,55.9809,20.9876,10013.4275,215.0,200.0,1.1238,-0.1266,0.1208,0.0182,0.0518,8.0,9.0,9.0,0.9,0.5025,1.0,55.9973,20.9982,10007.8677,215.0,200.0,55.9973,20.9982,10007.8677,215.0,200.0,55.9973,20.9982,10007.8677,215.0,200.0,55.9973,20.9982,10007.8677,215.0,200.0,55.9973,20.9982,10007.8677,215.0,200.0,55.9973,20.9982,10007.8677,215.0,200.0,55.9973,20.9982,10007.8677,215.0,200.0,55.9973,20.9982,10007.8677,215.0,200.0,55.9973,20.9982,10007.8677,215.0,200.0,55.9973,20.9982,10007.8677,215.0,200.0,55.9945,20.9965,10011.3047,215.0,200.0,55.9918,20.9947,10003.4887,215.0,200.0,55.9891,20.9929,10002.9392,215.0,200.0,55.9864,20.9911,10006.5556,215.0,200.0,55.9836,20.9894,10020.7767,215.0,200.0,55.9809,20.9876,10013.4275,215.0,200.0
6,4ca8e0,RYR3LM,Ireland,53.68905,19.76796,11200.6,232,240,0.0,0,0,,53.689,19.768,11200.602,232.0,240.0,-0.5679,0.2156,-0.0241,0.1375,-0.3229,8.0,9.0,9.0,0.9264,0.4246,1.0,53.6984,19.7954,11194.7523,232.0,240.0,53.6984,19.7954,11194.7523,232.0,240.0,53.6984,19.7954,11194.7523,232.0,240.0,53.6984,19.7954,11194.7523,232.0,240.0,53.6984,19.7954,11194.7523,232.0,240.0,53.6984,19.7954,11194.7523,232.0,240.0,53.6984,19.7954,11194.7523,232.0,240.0,53.6984,19.7954,11194.7523,232.0,240.0,53.6984,19.7954,11194.7523,232.0,240.0,53.6984,19.7954,11194.7523,232.0,240.0,53.6969,19.7908,11201.8593,232.0,240.0,53.6953,19.7863,11199.322,232.0,240.0,53.6937,19.7817,11197.015,232.0,240.0,53.6922,19.7771,11202.6529,232.0,240.0,53.6906,19.7725,11205.031,232.0,240.0,53.689,19.768,11200.602,232.0,240.0
6,478129,WZZ2BV,Hungary,51.70361,22.46699,10787.8,220,280,0.0,0,0,,51.7036,22.467,10787.808,220.0,280.0,-0.5623,-0.2143,0.0506,0.222,0.1401,8.0,9.0,9.0,0.935,0.3377,1.0,51.7005,22.4953,10799.5964,220.0,280.0,51.7005,22.4953,10799.5964,220.0,280.0,51.7005,22.4953,10799.5964,220.0,280.0,51.7005,22.4953,10799.5964,220.0,280.0,51.7005,22.4953,10799.5964,220.0,280.0,51.7005,22.4953,10799.5964,220.0,280.0,51.7005,22.4953,10799.5964,220.0,280.0,51.7005,22.4953,10799.5964,220.0,280.0,51.7005,22.4953,10799.5964,220.0,280.0,51.7005,22.4953,10799.5964,220.0,280.0,51.701,22.4906,10801.6689,220.0,280.0,51.7015,22.4859,10802.2984,220.0,280.0,51.7021,22.4811,10790.2423,220.0,280.0,51.7026,22.4764,10793.1496,220.0,280.0,51.7031,22.4717,10792.0397,220.0,280.0,51.7036,22.467,10787.808,220.0,280.0
6,4ba8c2,TAR9FX,Turkey,52.2,23.46225,9484.7,245,270,0.0,0,0,,52.2,23.4623,9484.692,245.0,270.0,0.8628,0.2927,-0.1763,0.174,-0.133,8.0,9.0,9.0,0.9284,0.4798,1.0,52.2,23.4946,9497.6859,245.0,270.0,52.2,23.4946,9497.6859,245.0,270.0,52.2,23.4946,9497.6859,245.0,270.0,52.2,23.4946,9497.6859,245.0,270.0,52.2,23.4946,9497.6859,245.0,270.0,52.2,23.4946,9497.6859,245.0,270.0,52.2,23.4946,9497.6859,245.0,270.0,52.2,23.4946,9497.6859,245.0,270.0,52.2,23.4946,9497.6859,245.0,270.0,52.2,23.4946,9497.6859,245.0,270.0,52.2,23.4892,9498.5552,245.0,270.0,52.2,23.4838,9495.8768,245.0,270.0,52.2,23.4784,9503.2663,245.0,270.0,52.2,23.473,9493.4446,245.0,270.0,52.2,23.4676,9485.9451,245.0,270.0,52.2,23.4623,9484.692,245.0,270.0
6,4cab4c,EZY42AC,United Kingdom,54.5961,17.5382,11796.5,238,100,0.0,0,0,,54.5961,17.5382,11796.5424,238.0,100.0,-1.2037,0.146,-0.0366,-0.1312,0.122,8.0,9.0,9.0,0.9245,0.3275,1.0,54.5994,17.5055,11798.7338,238.0,100.0,54.5994,17.5055,11798.7338,238.0,100.0,54.5994,17.5055,11798.7338,238.0,100.0,54.5994,17.5055,11798.7338,238.0,100.0,54.5994,17.5055,11798.7338,238.0,100.0,54.5994,17.5055,11798.7338,238.0,100.0,54.5994,17.5055,11798.7338,238.0,100.0,54.5994,17.5055,11798.7338,238.0,100.0,54.5994,17.5055,11798.7338,238.0,100.0,54.5994,17.5055,11798.7338,238.0,100.0,54.5989,17.5109,11804.6192,238.0,100.0,54.5983,17.5164,11802.8881,238.0,100.0,54.5978,17.5218,11806.1033,238.0,100.0,54.5972,17.5273,11804.0689,238.0,100.0,54.5967,17.5327,11795.0158,238.0,100.0,54.5961,17.5382,11796.5424,238.0,100.0
7,4ca87b,RYR2KE,Ireland,54.4,18.54264,10990.3,230,90,0.0,0,0,,54.4,18.5426,10990.3306,230.0,90.0,-0.9836,0.1598,0.1043,0.042,-0.113,8.0,9.0,9.0,0.9548,0.368,1.0,54.4,18.5053,10999.4177,230.0,90.0,54.4,18.5053,10999.4177,230.0,90.0,54.4,18.5053,10999.4177,230.0,90.0,54.4,18.5053,10999.4177,230.0,90.0,54.4,18.5053,10999.4177,230.0,90.0,54.4,18.5053,10999.4177,230.0,90.0,54.4,18.5053,10999.4177,230.0,90.0,54.4,18.5053,10999.4177,230.0,90.0,54.4,18.5053,10999.4177,230.0,90.0,54.4,18.5107,10998.4662,230.0,90.0,54.4,18.516,10994.0684,230.0,90.0,54.4,18.5213,10994.5531,230.0,90.0,54.4,18.5266,10996.3632,230.0,90.0,54.4,18.532,10995.5553,230.0,90.0,54.4,18.5373,10992.4129,230.0,90.0,54.4,18.5426,10990.3306,230.0,90.0
7,471f8b,LOT283,Poland,52.51819,20.87493,9522.3,220,320,0.0,0,0,,52.5182,20.8749,9522.3058,220.0,320.0,1.733,0.3139,0.2916,-0.0454,-0.1664,8.0,9.0,9.0,0.929,0.483,1.0,52.5023,20.8969,9493.6672,220.0,320.0,52.5023,20.8969,9493.6672,220.0,320.0,52.5023,20.8969,9493.6672,220.0,320.0,52.5023,20.8969,9493.6672,220.0,320.0,52.5023,20.8969,9493.6672,220.0,320.0,52.5023,20.8969,9493.6672,220.0,320.0,52.5023,20.8969,9493.6672,220.0,320.0,52.5023,20.8969,9493.6672,220.0,320.0,52.5023,20.8969,9493.6672,220.0,320.0,52.5045,20.8937,9497.0134,220.0,320.0,52.5068,20.8906,9504.8593,220.0,320.0,52.5091,20.8875,9503.5962,220.0,320.0,52.5114,20.8843,9507.2607,220.0,320.0,52.5136,20.8812,9516.6468,220.0,320.0,52.5159,20.8781,9516.4792,220.0,320.0,52.5182,20.8749,9522.3058,220.0,320.0
7,3c6589,DLH4ZW,Germany,53.5045,14.54288,11500.4,240,80,0.0,0,0,,53.5045,14.5429,11500.3955,240.0,80.0,-0.4137,0.1537,0.0829,-0.3179,-0.3062,8.0,9.0,9.0,0.9395,0.3763,1.0,53.5006,14.5054,11496.906,240.0,80.0,53.5006,14.5054,11496.906,240.0,80.0,53.5006,14.5054,11496.906,240.0,80.0,53.5006,14.5054,11496.906,240.0,80.0,53.5006,14.5054,11496.906,240.0,80.0,53.5006,14.5054,11496.906,240.0,80.0,53.5006,14.5054,11496.906,240.0,80.0,53.5006,14.5054,11496.906,240.0,80.0,53.5006,14.5054,11496.906,240.0,80.0,53.5011,14.5107,11494.3175,240.0,80.0,53.5017,14.5161,11506.0334,240.0,80.0,53.5022,14.5214,11505.9919,240.0,80.0,53.5028,14.5268,11499.2833,240.0,80.0,53.5034,14.5322,11500.6972,240.0,80.0,53.5039,14.5375,11501.2169,240.0,80.0,53.5045,14.5429,11500.3955,240.0,80.0
7,4b1805,SWR12X,Switzerland,52.77617,17.98566,10792.4,235,200,0.0,0,0,,52.7762,17.9857,10792.375,235.0,200.0,-0.3435,0.3717,-0.0167,0.1426,0.0317,8.0,9.0,9.0,0.9374,0.2979,1.0,52.797,17.9982,10803.9712,235.0,200.0,52.797,17.9982,10803.9712,235.0,200.0,52.797,17.9982,10803.9712,235.0,200.0,52.797,17.9982,10803.9712,235.0,200.0,52.797,17.9982,10803.9712,235.0,200.0,52.797,17.9982,10803.9712,235.0,200.0,52.797,17.9982,10803.9712,235.0,200.0,52.797,17.9982,10803.9712,235.0,200.0,52.797,17.9982,10803.9712,235.0,200.0,52.794,17.9964,10810.0159,235.0,200.0,52.7911,17.9946,10817.7237,235.0,200.0,52.7881,17.9928,10815.8511,235.0,200.0,52.7851,17.991,10811.4117,235.0,200.0,52.7821,17.9892,10800.6003,235.0,200.0,52.7791,17.9875,10794.7577,235.0,200.0,52.7762,17.9857,10792.375,235.0,200.0
7,440048,BAW893,United Kingdom,53.01349,16.03883,12010.8,250,60,0.0,0,0,,53.0135,16.0388,12010.8102,250.0,60.0,0.0563,-0.0094,0.4283,-0.2062,0.2448,8.0,9.0,9.0,0.9371,0.3319,1.0,53.0017,16.0049,12007.5733,250.0,60.0,53.0017,16.0049,12007.5733,250.0,60.0,53.0017,16.0049,12007.5733,250.0,60.0,53.0017,16.0049,12007.5733,250.0,60.0,53.0017,16.0049,12007.5733,250.0,60.0,53.0017,16.0049,12007.5733,250.0,60.0,53.0017,16.0049,12007.5733,250.0,60.0,53.0017,16.0049,12007.5733,250.0,60.0,53.0017,16.0049,12007.5733,250.0,60.0,53.0034,16.0097,12010.6284,250.0,60.0,53.0051,16.0146,12013.7498,250.0,60.0,53.0067,16.0194,12016.466,250.0,60.0,53.0084,16.0243,12016.5277,250.0,60.0,53.0101,16.0291,12008.9771,250.0,60.0,53.0118,16.034,12018.7528,250.0,60.0,53.0135,16.0388,12010.8102,250.0,60.0
7,4ac9b0,SAS2HK,Sweden,55.48813,17.0363,10483.2,220,120,0.0,0,0,,55.4881,17.0363,10483.1824,220.0,120.0,-0.6958,-0.1339,0.1746,-0.132,0.0333,8.0,9.0,9.0,0.8894,0.5539,1.0,55.4985,17.0045,10500.1842,220.0,120.0,55.4985,17.0045,10500.1842,220.0,120.0,55.4985,17.0045,10500.1842,220.0,120.0,55.4985,17.0045,10500.1842,220.0,120.0,55.4985,17.0045,10500.1842,220.0,120.0,55.4985,17.0045,10500.1842,220.0,120.0,55.4985,17.0045,10500.1842,220.0,120.0,55.4985,17.0045,10500.1842,220.0,120.0,55.4985,17.0045,10500.1842,220.0,120.0,55.497,17.0091,10498.475,220.0,120.0,55.4955,17.0136,10494.6236,220.0,120.0,55.4941,17.0181,10485.7935,220.0,120.0,55.4926,17.0227,10485.3873,220.0,120.0,55.4911,17.0272,10482.3277,220.0,120.0,55.4896,17.0318,10482.3215,220.0,120.0,55.4881,17.0363,10483.1824,220.0,120.0
7,3917a3,AFR1219,France,50.97897,14.51929,10973.7,225,150,0.0,0,0,,50.979,14.5193,10973.6561,225.0,150.0,0.48,0.5771,0.1517,-0.2124,0.0413,8.0,9.0,9.0,0.967,0.5194,1.0,50.9974,14.5024,10992.6174,225.0,150.0,50.9974,14.5024,10992.6174,225.0,150.0,50.9974,14.5024,10992.6174,225.0,150.0,50.9974,14.5024,10992.6174,225.0,150.0,50.9974,14.5024,10992.6174,225.0,150.0,50.9974,14.5024,10992.6174,225.0,150.0,50.9974,14.5024,10992.6174,225.0,150.0,50.9974,14.5024,10992.6174,225.0,150.0,50.9974,14.5024,10992.6174,225.0,150.0,50.9947,14.5048,10995.5305,225.0,150.0,50.9921,14.5072,10992.71,225.0,150.0,50.9895,14.5096,10989.3346,225.0,150.0,50.9869,14.5121,10983.3781,225.0,150.0,50.9842,14.5145,10978.7898,225.0,150.0,50.9816,14.5169,10976.5746,225.0,150.0,50.979,14.5193,10973.6561,225.0,150.0
7,46b8c1,FIN6KP,Finland,55.9782,20.98581,10005.3,215,200,0.0,0,0,,55.9782,20.9858,10005.3264,215.0,200.0,-0.5203,0.2797,0.0525,0.4009,-0.241,8.0,9.0,9.0,0.9103,0.0955,1.0,55.9973,20.9982,10007.8677,215.0,200.0,55.9973,20.9982,10007.8677,215.0,200.0,55.9973,20.9982,10007.8677,215.0,200.0,55.9973,20.9982,10007.8677,215.0,200.0,55.9973,20.9982,10007.8677,215.0,200.0,55.9973,20.9982,10007.8677,215.0,200.0,55.9973,20.9982,10007.8677,215.0,200.0,55.9973,20.9982,10007.8677,215.0,200.0,55.9973,20.9982,10007.8677,215.0,200.0,55.9945,20.9965,10011.3047,215.0,200.0,55.9918,20.9947,10003.4887,215.0,200.0,55.9891,20.9929,10002.9392,215.0,200.0,55.9864,20.9911,10006.5556,215.0,200.0,55.9836,20.9894,10020.7767,215.0,200.0,55.9809,20.9876,10013.4275,215.0,200.0,55.9782,20.9858,10005.3264,215.0,200.0
7,4ca8e0,RYR3LM,Ireland,53.68748,19.76338,11201.5,232,240,0.0,0,0,,53.6875,19.7634,11201.4655,232.0,240.0,0.0661,0.0334,0.1509,-0.1191,0.1434,8.0,9.0,9.0,0.8972,0.4376,1.0,53.6984,19.7954,11194.7523,232.0,240.0,53.6984,19.7954,11194.7523,232.0,240.0,53.6984,19.7954,11194.7523,232.0,240.0,53.6984,19.7954,11194.7523,232.0,240.0,53.6984,19.7954,11194.7523,232.0,240.0,53.6984,19.7954,11194.7523,232.0,240.0,53.6984,19.7954,11194.7523,232.0,240.0,53.6984,19.7954,11194.7523,232.0,240.0,53.6984,19.7954,11194.7523,232.0,240.0,53.6969,19.7908,11201.8593,232.0,240.0,53.6953,19.7863,11199.322,232.0,240.0,53.6937,19.7817,11197.015,232.0,240.0,53.6922,19.7771,11202.6529,232.0,240.0,53.6906,19.7725,11205.031,232.0,240.0,53.689,19.768,11200.602,232.0,240.0,53.6875,19.7634,11201.4655,232.0,240.0
7,478129,WZZ2BV,Hungary,51.70412,22.46227,10784.3,220,280,0.0,0,0,,51.7041,22.4623,10784.2709,220.0,280.0,0.6195,0.4164,0.2587,0.3549,-0.2942,8.0,9.0,9.0,0.9168,0.4404,1.0,51.7005,22.4953,10799.5964,220.0,280.0,51.7005,22.4953,10799.5964,220.0,280.0,51.7005,22.4953,10799.5964,220.0,280.0,51.7005,22.4953,10799.5964,220.0,280.0,51.7005,22.4953,10799.5964,220.0,280.0,51.7005,22.4953,10799.5964,220.0,280.0,51.7005,22.4953,10799.5964,220.0,280.0,51.7005,22.4953,10799.5964,220.0,280.0,51.7005,22.4953,10799.5964,220.0,280.0,51.701,22.4906,10801.6689,220.0,280.0,51.7015,22.4859,10802.2984,220.0,280.0,51.7021,22.4811,10790.2423,220.0,280.0,51.7026,22.4764,10793.1496,220.0,280.0,51.7031,22.4717,10792.0397,220.0,280.0,51.7036,22.467,10787.808,220.0,280.0,51.7041,22.4623,10784.2709,220.0,280.0
7,4ba8c2,TAR9FX,Turkey,52.2,23.45686,9479.6,245,270,0.0,0,0,,52.2,23.4569,9479.6258,245.0,270.0,-0.417,0.0031,-0.1925,0.0901,-0.192,8.0,9.0,9.0,0.9416,0.5531,1.0,52.2,23.4946,9497.6859,245.0,270.0,52.2,23.4946,9497.6859,245.0,270.0,52.2,23.4946,9497.6859,245.0,270.0,52.2,23.4946,9497.6859,245.0,270.0,52.2,23.4946,9497.6859,245.0,270.0,52.2,23.4946,9497.6859,245.0,270.0,52.2,23.4946,9497.6859,245.0,270.0,52.2,23.4946,9497.6859,245.0,270.0,52.2,23.4946,9497.6859,245.0,270.0,52.2,23.4892,9498.5552,245.0,270.0,52.2,23.4838,9495.8768,245.0,270.0,52.2,23.4784,9503.2663,245.0,270.0,52.2,23.473,9493.4446,245.0,270.0,52.2,23.4676,9485.9451,245.0,270.0,52.2,23.4623,9484.692,245.0,270.0,52.2,23.4569,9479.6258,245.0,270.0
7,4cab4c,EZY42AC,United Kingdom,54.59554,17.54366,11797.1,238,100,0.0,0,0,,54.5955,17.5437,11797.1099,238.0,100.0,2.4911,0.1162,0.0534,-0.2273,-0.2421,8.0,9.0,9.0,0.875,0.3036,1.0,54.5994,17.5055,11798.7338,238.0,100.0,54.5994,17.5055,11798.7338,238.0,100.0,54.5994,17.5055,11798.7338,238.0,100.0,54.5994,17.5055,11798.7338,238.0,100.0,54.5994,17.5055,11798.7338,238.0,100.0,54.5994,17.5055,11798.7338,238.0,100.0,54.5994,17.5055,11798.7338,238.0,100.0,54.5994,17.5055,11798.7338,238.0,100.0,54.5994,17.5055,11798.7338,238.0,100.0,54.5989,17.5109,11804.6192,238.0,100.0,54.5983,17.5164,11802.8881,238.0,100.0,54.5978,17.5218,11806.1033,238.0,100.0,54.5972,17.5273,11804.0689,238.0,100.0,54.5967,17.5327,11795.0158,238.0,100.0,54.5961,17.5382,11796.5424,238.0,100.0,54.5955,17.5437,11797.1099,238.0,100.0
8,4ca87b,RYR2KE,Ireland,54.4,18.54797,10987.1,230,90,0.0,0,0,,54.4,18.548,10987.0518,230.0,90.0,-0.6432,0.1244,-0.0018,0.1497,0.032,8.0,9.0,9.0,0.8832,0.31,1.0,54.4,18.5053,10999.4177,230.0,90.0,54.4,18.5053,10999.4177,230.0,90.0,54.4,18.5053,10999.4177,230.0,90.0,54.4,18.5053,10999.4177,230.0,90.0,54.4,18.5053,10999.4177,230.0,90.0,54.4,18.5053,10999.4177,230.0,90.0,54.4,18.5053,10999.4177,230.0,90.0,54.4,18.5053,10999.4177,230.0,90.0,54.4,18.5107,10998.4662,230.0,90.0,54.4,18.516,10994.0684,230.0,90.0,54.4,18.5213,10994.5531,230.0,90.0,54.4,18.5266,10996.3632,230.0,90.0,54.4,18.532,10995.5553,230.0,90.0,54.4,18.5373,10992.4129,230.0,90.0,54.4,18.5426,10990.3306,230.0,90.0,54.4,18.548,10987.0518,230.0,90.0
8,471f8b,LOT283,Poland,52.52046,20.87179,9524.0,220,320,0.0,0,0,,52.5205,20.8718,9523.9747,220.0,320.0,1.3266,0.1178,-0.193,-0.1738,-0.0138,8.0,9.0,9.0,0.9363,0.5722,1.0,52.5023,20.8969,9493.6672,220.0,320.0,52.5023,20.8969,9493.6672,220.0,320.0,52.5023,20.8969,9493.6672,220.0,320.0,52.5023,20.8969,9493.6672,220.0,320.0,52.5023,20.8969,9493.6672,220.0,320.0,52.5023,20.8969,9493.6672,220.0,320.0,52.5023,20.8969,9493.6672,220.0,320.0,52.5023,20.8969,9493.6672,220.0,320.0,52.5045,20.8937,9497.0134,220.0,320.0,52.5068,20.8906,9504.8593,220.0,320.0,52.5091,20.8875,9503.5962,220.0,320.0,52.5114,20.8843,9507.2607,220.0,320.0,52.5136,20.8812,9516.6468,220.0,320.0,52.5159,20.8781,9516.4792,220.0,320.0,52.5182,20.8749,9522.3058,220.0,320.0,52.5205,20.8718,9523.9747,220.0,320.0
8,3c6589,DLH4ZW,Germany,53.50506,14.54825,11502.2,240,80,0.0,0,0,,53.5051,14.5482,11502.2407,240.0,80.0,0.7997,-0.1041,0.2916,-0.1328,0.0776,8.0,9.0,9.0,0.9037,0.2917,1.0,53.5006,14.5054,11496.906,240.0,80.0,53.5006,14.5054,11496.906,240.0,80.0,53.5006,14.5054,11496.906,240.0,80.0,53.5006,14.5054,11496.906,240.0,80.0,53.5006,14.5054,11496.906,240.0,80.0,53.5006,14.5054,11496.906,240.0,80.0,53.5006,14.5054,11496.906,240.0,80.0,53.5006,14.5054,11496.906,240.0,80.0,53.5011,14.5107,11494.3175,240.0,80.0,53.5017,14.5161,11506.0334,240.0,80.0,53.5022,14.5214,11505.9919,240.0,80.0,53.5028,14.5268,11499.2833,240.0,80.0,53.5034,14.5322,11500.6972,240.0,80.0,53.5039,14.5375,11501.2169,240.0,80.0,53.5045,14.5429,11500.3955,240.0,80.0,53.5051,14.5482,11502.2407,240.0,80.0
8,4b1805,SWR12X,Switzerland,52.77319,17.98387,10793.4,235,200,0.0,0,0,,52.7732,17.9839,10793.3593,235.0,200.0,0.5417,0.0475,0.2036,0.402,0.2287,8.0,9.0,9.0,0.9503,0.5538,1.0,52.797,17.9982,10803.9712,235.0,200.0,52.797,17.9982,10803.9712,235.0,200.0,52.797,17.9982,10803.9712,235.0,200.0,52.797,17.9982,10803.9712,235.0,200.0,52.797,17.9982,10803.9712,235.0,200.0,52.797,17.9982,10803.9712,235.0,200.0,52.797,17.9982,10803.9712,235.0,200.0,52.797,17.9982,10803.9712,235.0,200.0,52.794,17.9964,10810.0159,235.0,200.0,52.7911,17.9946,10817.7237,235.0,200.0,52.7881,17.9928,10815.8511,235.0,200.0,52.7851,17.991,10811.4117,235.0,200.0,52.7821,17.9892,10800.6003,235.0,200.0,52.7791,17.9875,10794.7577,235.0,200.0,52.7762,17.9857,10792.375,235.0,200.0,52.7732,17.9839,10793.3593,235.0,200.0
8,440048,BAW893,United Kingdom,53.01518,16.04369,12017.8,250,60,0.0,0,1,smooth_drift,53.0152,16.0437,12017.7868,250.0,60.0,0.1836,0.04,-0.06,-0.1801,-0.0531,6.0,9.0,9.0,0.4,0.3245,1.0,53.0017,16.0049,12007.5733,250.0,60.0,53.0017,16.0049,12007.5733,250.0,60.0,53.0017,16.0049,12007.5733,250.0,60.0,53.0017,16.0049,12007.5733,250.0,60.0,53.0017,16.0049,12007.5733,250.0,60.0,53.0017,16.0049,12007.5733,250.0,60.0,53.0017,16.0049,12007.5733,250.0,60.0,53.0017,16.0049,12007.5733,250.0,60.0,53.0034,16.0097,12010.6284,250.0,60.0,53.0051,16.0146,12013.7498,250.0,60.0,53.0067,16.0194,12016.466,250.0,60.0,53.0084,16.0243,12016.5277,250.0,60.0,53.0101,16.0291,12008.9771,250.0,60.0,53.0118,16.034,12018.7528,250.0,60.0,53.0135,16.0388,12010.8102,250.0,60.0,53.0152,16.0437,12017.7868,250.0,60.0
8,4ac9b0,SAS2HK,Sweden,55.48664,17.04083,10482.3,220,120,0.0,0,0,,55.4866,17.0408,10482.3208,220.0,120.0,-0.5751,0.3816,0.4838,-0.1748,0.3003,8.0,9.0,9.0,0.9001,0.4226,1.0,55.4985,17.0045,10500.1842,220.0,120.0,55.4985,17.0045,10500.1842,220.0,120.0,55.4985,17.0045,10500.1842,220.0,120.0,55.4985,17.0045,10500.1842,220.0,120.0,55.4985,17.0045,10500.1842,220.0,120.0,55.4985,17.0045,10500.1842,220.0,120.0,55.4985,17.0045,10500.1842,220.0,120.0,55.4985,17.0045,10500.1842,220.0,120.0,55.497,17.0091,10498.475,220.0,120.0,55.4955,17.0136,10494.6236,220.0,120.0,55.4941,17.0181,10485.7935,220.0,120.0,55.4926,17.0227,10485.3873,220.0,120.0,55.4911,17.0272,10482.3277,220.0,120.0,55.4896,17.0318,10482.3215,220.0,120.0,55.4881,17.0363,10483.1824,220.0,120.0,55.4866,17.0408,10482.3208,220.0,120.0
8,3917a3,AFR1219,France,50.97634,14.5217,10972.8,225,150,0.0,0,1,smooth_drift,50.9763,14.5217,10972.7642,225.0,150.0,-0.868,0.04,-0.06,-0.4092,0.0856,6.0,9.0,9.0,0.4,0.3277,1.0,50.9974,14.5024,10992.6174,225.0,150.0,50.9974,14.5024,10992.6174,225.0,150.0,50.9974,14.5024,10992.6174,225.0,150.0,50.9974,14.5024,10992.6174,225.0,150.0,50.9974,14.5024,10992.6174,225.0,150.0,50.9974,14.5024,10992.6174,225.0,150.0,50.9974,14.5024,10992.6174,225.0,150.0,50.9974,14.5024,10992.6174,225.0,150.0,50.9947,14.5048,10995.5305,225.0,150.0,50.9921,14.5072,10992.71,225.0,150.0,50.9895,14.5096,10989.3346,225.0,150.0,50.9869,14.5121,10983.3781,225.0,150.0,50.9842,14.5145,10978.7898,225.0,150.0,50.9816,14.5169,10976.5746,225.0,150.0,50.979,14.5193,10973.6561,225.0,150.0,50.9763,14.5217,10972.7642,225.0,150.0
8,46b8c1,FIN6KP,Finland,55.97547,20.98404,10014.5,215,200,0.0,0,0,,55.9755,20.984,10014.4618,215.0,200.0,0.3546,0.0458,0.16,-0.1369,0.0035,8.0,9.0,9.0,0.9316,0.4333,1.0,55.9973,20.9982,10007.8677,215.0,200.0,55.9973,20.9982,10007.8677,215.0,200.0,55.9973,20.9982,10007.8677,215.0,200.0,55.9973,20.9982,10007.8677,215.0,200.0,55.9973,20.9982,10007.8677,215.0,200.0,55.9973,20.9982,10007.8677,215.0,200.0,55.9973,20.9982,10007.8677,215.0,200.0,55.9973,20.9982,10007.8677,215.0,200.0,55.9945,20.9965,10011.3047,215.0,200.0,55.9918,20.9947,10003.4887,215.0,200.0,55.9891,20.9929,10002.9392,215.0,200.0,55.9864,20.9911,10006.5556,215.0,200.0,55.9836,20.9894,10020.7767,215.0,200.0,55.9809,20.9876,10013.4275,215.0,200.0,55.9782,20.9858,10005.3264,215.0,200.0,55.9755,20.984,10014.4618,215.0,200.0
8,4ca8e0,RYR3LM,Ireland,53.68592,19.7588,11200.8,232,240,0.0,0,0,,53.6859,19.7588,11200.8315,232.0,240.0,1.9632,0.252,0.2309,0.0603,-0.1097,8.0,9.0,9.0,0.9329,0.4019,1.0,53.6984,19.7954,11194.7523,232.0,240.0,53.6984,19.7954,11194.7523,232.0,240.0,53.6984,19.7954,11194.7523,232.0,240.0,53.6984,19.7954,11194.7523,232.0,240.0,53.6984,19.7954,11194.7523,232.0,240.0,53.6984,19.7954,11194.7523,232.0,240.0,53.6984,19.7954,11194.7523,232.0,240.0,53.6984,19.7954,11194.7523,232.0,240.0,53.6969,19.7908,11201.8593,232.0,240.0,53.6953,19.7863,11199.322,232.0,240.0,53.6937,19.7817,11197.015,232.0,240.0,53.6922,19.7771,11202.6529,232.0,240.0,53.6906,19.7725,11205.031,232.0,240.0,53.689,19.768,11200.602,232.0,240.0,53.6875,19.7634,11201.4655,232.0,240.0,53.6859,19.7588,11200.8315,232.0,240.0
8,478129,WZZ2BV,Hungary,51.70464,22.45756,10779.5,220,280,0.0,0,0,,51.7046,22.4576,10779.495,220.0,280.0,-0.2262,0.6847,-0.2253,-0.1009,-0.3914,8.0,9.0,9.0,0.9355,0.2311,1.0,51.7005,22.4953,10799.5964,220.0,280.0,51.7005,22.4953,10799.5964,220.0,280.0,51.7005,22.4953,10799.5964,220.0,280.0,51.7005,22.4953,10799.5964,220.0,280.0,51.7005,22.4953,10799.5964,220.0,280.0,51.7005,22.4953,10799.5964,220.0,280.0,51.7005,22.4953,10799.5964,220.0,280.0,51.7005,22.4953,10799.5964,220.0,280.0,51.701,22.4906,10801.6689,220.0,280.0,51.7015,22.4859,10802.2984,220.0,280.0,51.7021,22.4811,10790.2423,220.0,280.0,51.7026,22.4764,10793.1496,220.0,280.0,51.7031,22.4717,10792.0397,220.0,280.0,51.7036,22.467,10787.808,220.0,280.0,51.7041,22.4623,10784.2709,220.0,280.0,51.7046,22.4576,10779.495,220.0,280.0
8,4ba8c2,TAR9FX,Turkey,52.2,23.45147,9488.8,245,270,0.0,0,0,,52.2,23.4515,9488.8273,245.0,270.0,-0.0183,0.352,-0.2688,0.2092,0.0336,8.0,9.0,9.0,0.9174,0.4297,1.0,52.2,23.4946,9497.6859,245.0,270.0,52.2,23.4946,9497.6859,245.0,270.0,52.2,23.4946,9497.6859,245.0,270.0,52.2,23.4946,9497.6859,245.0,270.0,52.2,23.4946,9497.6859,245.0,270.0,52.2,23.4946,9497.6859,245.0,270.0,52.2,23.4946,9497.6859,245.0,270.0,52.2,23.4946,9497.6859,245.0,270.0,52.2,23.4892,9498.5552,245.0,270.0,52.2,23.4838,9495.8768,245.0,270.0,52.2,23.4784,9503.2663,245.0,270.0,52.2,23.473,9493.4446,245.0,270.0,52.2,23.4676,9485.9451,245.0,270.0,52.2,23.4623,9484.692,245.0,270.0,52.2,23.4569,9479.6258,245.0,270.0,52.2,23.4515,9488.8273,245.0,270.0
8,4cab4c,EZY42AC,United Kingdom,54.59498,17.54912,11785.0,238,100,0.0,0,0,,54.595,17.5491,11784.9641,238.0,100.0,0.6603,0.3577,0.0276,-0.0282,0.1895,8.0,9.0,9.0,0.9279,0.3413,1.0,54.5994,17.5055,11798.7338,238.0,100.0,54.5994,17.5055,11798.7338,238.0,100.0,54.5994,17.5055,11798.7338,238.0,100.0,54.5994,17.5055,11798.7338,238.0,100.0,54.5994,17.5055,11798.7338,238.0,100.0,54.5994,17.5055,11798.7338,238.0,100.0,54.5994,17.5055,11798.7338,238.0,100.0,54.5994,17.5055,11798.7338,238.0,100.0,54.5989,17.5109,11804.6192,238.0,100.0,54.5983,17.5164,11802.8881,238.0,100.0,54.5978,17.5218,11806.1033,238.0,100.0,54.5972,17.5273,11804.0689,238.0,100.0,54.5967,17.5327,11795.0158,238.0,100.0,54.5961,17.5382,11796.5424,238.0,100.0,54.5955,17.5437,11797.1099,238.0,100.0,54.595,17.5491,11784.9641,238.0,100.0
9,4ca87b,RYR2KE,Ireland,54.4,18.5533,10986.3,230,90,0.0,0,0,,54.4,18.5533,10986.3107,230.0,90.0,0.2317,-0.0246,0.2657,-0.4505,0.3576,8.0,9.0,9.0,0.9187,0.5184,1.0,54.4,18.5053,10999.4177,230.0,90.0,54.4,18.5053,10999.4177,230.0,90.0,54.4,18.5053,10999.4177,230.0,90.0,54.4,18.5053,10999.4177,230.0,90.0,54.4,18.5053,10999.4177,230.0,90.0,54.4,18.5053,10999.4177,230.0,90.0,54.4,18.5053,10999.4177,230.0,90.0,54.4,18.5107,10998.4662,230.0,90.0,54.4,18.516,10994.0684,230.0,90.0,54.4,18.5213,10994.5531,230.0,90.0,54.4,18.5266,10996.3632,230.0,90.0,54.4,18.532,10995.5553,230.0,90.0,54.4,18.5373,10992.4129,230.0,90.0,54.4,18.5426,10990.3306,230.0,90.0,54.4,18.548,10987.0518,230.0,90.0,54.4,18.5533,10986.3107,230.0,90.0
9,471f8b,LOT283,Poland,52.52273,20.86865,9519.5,220,320,0.0,0,0,,52.5227,20.8687,9519.4686,220.0,320.0,-0.4817,0.1961,-0.2566,-0.0949,0.0133,8.0,9.0,9.0,0.9164,0.5048,1.0,52.5023,20.8969,9493.6672,220.0,320.0,52.5023,20.8969,9493.6672,220.0,320.0,52.5023,20.8969,9493.6672,220.0,320.0,52.5023,20.8969,9493.6672,220.0,320.0,52.5023,20.8969,9493.6672,220.0,320.0,52.5023,20.8969,9493.6672,220.0,320.0,52.5023,20.8969,9493.6672,220.0,320.0,52.5045,20.8937,9497.0134,220.0,320.0,52.5068,20.8906,9504.8593,220.0,320.0,52.5091,20.8875,9503.5962,220.0,320.0,52.5114,20.8843,9507.2607,220.0,320.0,52.5136,20.8812,9516.6468,220.0,320.0,52.5159,20.8781,9516.4792,220.0,320.0,52.5182,20.8749,9522.3058,220.0,320.0,52.5205,20.8718,9523.9747,220.0,320.0,52.5227,20.8687,9519.4686,220.0,320.0
9,3c6589,DLH4ZW,Germany,53.50562,14.55361,11502.3,240,80,0.0,0,0,,53.5056,14.5536,11502.3266,240.0,80.0,-3.571,0.272,0.0103,0.0121,-0.1744,8.0,9.0,9.0,0.9192,0.437,1.0,53.5006,14.5054,11496.906,240.0,80.0,53.5006,14.5054,11496.906,240.0,80.0,53.5006,14.5054,11496.906,240.0,80.0,53.5006,14.5054,11496.906,240.0,80.0,53.5006,14.5054,11496.906,240.0,80.0,53.5006,14.5054,11496.906,240.0,80.0,53.5006,14.5054,11496.906,240.0,80.0,53.5011,14.5107,11494.3175,240.0,80.0,53.5017,14.5161,11506.0334,240.0,80.0,53.5022,14.5214,11505.9919,240.0,80.0,53.5028,14.5268,11499.2833,240.0,80.0,53.5034,14.5322,11500.6972,240.0,80.0,53.5039,14.5375,11501.2169,240.0,80.0,53.5045,14.5429,11500.3955,240.0,80.0,53.5051,14.5482,11502.2407,240.0,80.0,53.5056,14.5536,11502.3266,240.0,80.0
9,4b1805,SWR12X,Switzerland,52.77021,17.98207,10798.7,235,200,0.0,0,0,,52.7702,17.9821,10798.7198,235.0,200.0,0.7868,0.0279,-0.006,-0.0626,-0.1896,8.0,9.0,9.0,0.9304,0.4498,1.0,52.797,17.9982,10803.9712,235.0,200.0,52.797,17.9982,10803.9712,235.0,200.0,52.797,17.9982,10803.9712,235.0,200.0,52.797,17.9982,10803.9712,235.0,200.0,52.797,17.9982,10803.9712,235.0,200.0,52.797,17.9982,10803.9712,235.0,200.0,52.797,17.9982,10803.9712,235.0,200.0,52.794,17.9964,10810.0159,235.0,200.0,52.7911,17.9946,10817.7237,235.0,200.0,52.7881,17.9928,10815.8511,235.0,200.0,52.7851,17.991,10811.4117,235.0,200.0,52.7821,17.9892,10800.6003,235.0,200.0,52.7791,17.9875,10794.7577,235.0,200.0,52.7762,17.9857,10792.375,235.0,200.0,52.7732,17.9839,10793.3593,235.0,200.0,52.7702,17.9821,10798.7198,235.0,200.0
9,440048,BAW893,United Kingdom,53.01763,16.04739,12017.9,250,60,0.0,0,1,smooth_drift,53.0176,16.0474,12017.9499,250.0,60.0,1.9817,0.04,-0.06,-0.1232,0.13,6.0,9.0,9.0,0.4,0.5201,1.0,53.0017,16.0049,12007.5733,250.0,60.0,53.0017,16.0049,12007.5733,250.0,60.0,53.0017,16.0049,12007.5733,250.0,60.0,53.0017,16.0049,12007.5733,250.0,60.0,53.0017,16.0049,12007.5733,250.0,60.0,53.0017,16.0049,12007.5733,250.0,60.0,53.0017,16.0049,12007.5733,250.0,60.0,53.0034,16.0097,12010.6284,250.0,60.0,53.0051,16.0146,12013.7498,250.0,60.0,53.0067,16.0194,12016.466,250.0,60.0,53.0084,16.0243,12016.5277,250.0,60.0,53.0101,16.0291,12008.9771,250.0,60.0,53.0118,16.034,12018.7528,250.0,60.0,53.0135,16.0388,12010.8102,250.0,60.0,53.0152,16.0437,12017.7868,250.0,60.0,53.0169,16.0485,12017.9499,250.0,60.0
9,4ac9b0,SAS2HK,Sweden,55.48516,17.04537,10488.3,220,120,0.0,0,0,,55.4852,17.0454,10488.3209,220.0,120.0,0.1093,0.1903,0.0097,-0.3024,0.1949,8.0,9.0,9.0,0.9136,0.3221,1.0,55.4985,17.0045,10500.1842,220.0,120.0,55.4985,17.0045,10500.1842,220.0,120.0,55.4985,17.0045,10500.1842,220.0,120.0,55.4985,17.0045,10500.1842,220.0,120.0,55.4985,17.0045,10500.1842,220.0,120.0,55.4985,17.0045,10500.1842,220.0,120.0,55.4985,17.0045,10500.1842,220.0,120.0,55.497,17.0091,10498.475,220.0,120.0,55.4955,17.0136,10494.6236,220.0,120.0,55.4941,17.0181,10485.7935,220.0,120.0,55.4926,17.0227,10485.3873,220.0,120.0,55.4911,17.0272,10482.3277,220.0,120.0,55.4896,17.0318,10482.3215,220.0,120.0,55.4881,17.0363,10483.1824,220.0,120.0,55.4866,17.0408,10482.3208,220.0,120.0,55.4852,17.0454,10488.3209,220.0,120.0
9,3917a3,AFR1219,France,50.97448,14.52295,10972.2,225,150,0.0,0,1,smooth_drift,50.9745,14.523,10972.1807,225.0,150.0,0.6688,0.04,-0.06,-0.1251,-0.1222,6.0,9.0,9.0,0.4,0.4738,1.0,50.9974,14.5024,10992.6174,225.0,150.0,50.9974,14.5024,10992.6174,225.0,150.0,50.9974,14.5024,10992.6174,225.0,150.0,50.9974,14.5024,10992.6174,225.0,150.0,50.9974,14.5024,10992.6174,225.0,150.0,50.9974,14.5024,10992.6174,225.0,150.0,50.9974,14.5024,10992.6174,225.0,150.0,50.9947,14.5048,10995.5305,225.0,150.0,50.9921,14.5072,10992.71,225.0,150.0,50.9895,14.5096,10989.3346,225.0,150.0,50.9869,14.5121,10983.3781,225.0,150.0,50.9842,14.5145,10978.7898,225.0,150.0,50.9816,14.5169,10976.5746,225.0,150.0,50.979,14.5193,10973.6561,225.0,150.0,50.9763,14.5217,10972.7642,225.0,150.0,50.9737,14.5241,10972.1807,225.0,150.0
9,46b8c1,FIN6KP,Finland,55.97275,20.98227,10015.2,215,200,0.0,0,0,,55.9727,20.9823,10015.2177,215.0,200.0,0.273,-0.026,0.0843,0.3298,-0.5069,8.0,9.0,9.0,0.9114,0.2691,1.0,55.9973,20.9982,10007.8677,215.0,200.0,55.9973,20.9982,10007.8677,215.0,200.0,55.9973,20.9982,10007.8677,215.0,200.0,55.9973,20.9982,10007.8677,215.0,200.0,55.9973,20.9982,10007.8677,215.0,200.0,55.9973,20.9982,10007.8677,215.0,200.0,55.9973,20.9982,10007.8677,215.0,200.0,55.9945,20.9965,10011.3047,215.0,200.0,55.9918,20.9947,10003.4887,215.0,200.0,55.9891,20.9929,10002.9392,215.0,200.0,55.9864,20.9911,10006.5556,215.0,200.0,55.9836,20.9894,10020.7767,215.0,200.0,55.9809,20.9876,10013.4275,215.0,200.0,55.9782,20.9858,10005.3264,215.0,200.0,55.9755,20.984,10014.4618,215.0,200.0,55.9727,20.9823,10015.2177,215.0,200.0
9,4ca8e0,RYR3LM,Ireland,53.68435,19.75423,11199.2,232,240,0.0,0,0,,53.6844,19.7542,11199.181,232.0,240.0,-1.1089,-0.1861,0.0626,0.042,-0.2102,8.0,9.0,9.0,0.9529,0.4151,1.0,53.6984,19.7954,11194.7523,232.0,240.0,53.6984,19.7954,11194.7523,232.0,240.0,53.6984,19.7954,11194.7523,232.0,240.0,53.6984,19.7954,11194.7523,232.0,240.0,53.6984,19.7954,11194.7523,232.0,240.0,53.6984,19.7954,11194.7523,232.0,240.0,53.6984,19.7954,11194.7523,232.0,240.0,53.6969,19.7908,11201.8593,232.0,240.0,53.6953,19.7863,11199.322,232.0,240.0,53.6937,19.7817,11197.015,232.0,240.0,53.6922,19.7771,11202.6529,232.0,240.0,53.6906,19.7725,11205.031,232.0,240.0,53.689,19.768,11200.602,232.0,240.0,53.6875,19.7634,11201.4655,232.0,240.0,53.6859,19.7588,11200.8315,232.0,240.0,53.6844,19.7542,11199.181,232.0,240.0
9,478129,WZZ2BV,Hungary,51.70515,22.45284,10784.4,220,280,0.0,0,0,,51.7052,22.4528,10784.3566,220.0,280.0,-0.0049,0.0573,-0.0823,-0.2337,0.1416,8.0,9.0,9.0,0.9008,0.2881,1.0,51.7005,22.4953,10799.5964,220.0,280.0,51.7005,22.4953,10799.5964,220.0,280.0,51.7005,22.4953,10799.5964,220.0,280.0,51.7005,22.4953,10799.5964,220.0,280.0,51.7005,22.4953,10799.5964,220.0,280.0,51.7005,22.4953,10799.5964,220.0,280.0,51.7005,22.4953,10799.5964,220.0,280.0,51.701,22.4906,10801.6689,220.0,280.0,51.7015,22.4859,10802.2984,220.0,280.0,51.7021,22.4811,10790.2423,220.0,280.0,51.7026,22.4764,10793.1496,220.0,280.0,51.7031,22.4717,10792.0397,220.0,280.0,51.7036,22.467,10787.808,220.0,280.0,51.7041,22.4623,10784.2709,220.0,280.0,51.7046,22.4576,10779.495,220.0,280.0,51.7052,22.4528,10784.3566,220.0,280.0
9,4ba8c2,TAR9FX,Turkey,52.2,23.44608,9487.0,245,270,0.0,0,0,,52.2,23.4461,9486.9912,245.0,270.0,-0.6867,0.4064,-0.1926,0.3169,0.3461,8.0,9.0,9.0,0.9165,0.2588,1.0,52.2,23.4946,9497.6859,245.0,270.0,52.2,23.4946,9497.6859,245.0,270.0,52.2,23.4946,9497.6859,245.0,270.0,52.2,23.4946,9497.6859,245.0,270.0,52.2,23.4946,9497.6859,245.0,270.0,52.2,23.4946,9497.6859,245.0,270.0,52.2,23.4946,9497.6859,245.0,270.0,52.2,23.4892,9498.5552,245.0,270.0,52.2,23.4838,9495.8768,245.0,270.0,52.2,23.4784,9503.2663,245.0,270.0,52.2,23.473,9493.4446,245.0,270.0,52.2,23.4676,9485.9451,245.0,270.0,52.2,23.4623,9484.692,245.0,270.0,52.2,23.4569,9479.6258,245.0,270.0,52.2,23.4515,9488.8273,245.0,270.0,52.2,23.4461,9486.9912,245.0,270.0
9,4cab4c,EZY42AC,United Kingdom,54.59442,17.55458,11780.3,238,100,0.0,0,0,,54.5944,17.5546,11780.3112,238.0,100.0,-0.2207,0.2599,-0.46,-0.0308,-0.1681,8.0,9.0,9.0,0.935,0.4815,1.0,54.5994,17.5055,11798.7338,238.0,100.0,54.5994,17.5055,11798.7338,238.0,100.0,54.5994,17.5055,11798.7338,238.0,100.0,54.5994,17.5055,11798.7338,238.0,100.0,54.5994,17.5055,11798.7338,238.0,100.0,54.5994,17.5055,11798.7338,238.0,100.0,54.5994,17.5055,11798.7338,238.0,100.0,54.5989,17.5109,11804.6192,238.0,100.0,54.5983,17.5164,11802.8881,238.0,100.0,54.5978,17.5218,11806.1033,238.0,100.0,54.5972,17.5273,11804.0689,238.0,100.0,54.5967,17.5327,11795.0158,238.0,100.0,54.5961,17.5382,11796.5424,238.0,100.0,54.5955,17.5437,11797.1099,238.0,100.0,54.595,17.5491,11784.9641,238.0,100.0,54.5944,17.5546,11780.3112,238.0,100.0
10,4ca87b,RYR2KE,Ireland,54.4,18.55863,10974.0,230,90,0.0,0,0,,54.4,18.5586,10974.0319,230.0,90.0,-1.1707,-0.0184,0.1312,-0.1406,-0.0633,8.0,9.0,9.0,0.9161,0.3283,1.0,54.4,18.5053,10999.4177,230.0,90.0,54.4,18.5053,10999.4177,230.0,90.0,54.4,18.5053,10999.4177,230.0,90.0,54.4,18.5053,10999.4177,230.0,90.0,54.4,18.5053,10999.4177,230.0,90.0,54.4,18.5053,10999.4177,230.0,90.0,54.4,18.5107,10998.4662,230.0,90.0,54.4,18.516,10994.0684,230.0,90.0,54.4,18.5213,10994.5531,230.0,90.0,54.4,18.5266,10996.3632,230.0,90.0,54.4,18.532,10995.5553,230.0,90.0,54.4,18.5373,10992.4129,230.0,90.0,54.4,18.5426,10990.3306,230.0,90.0,54.4,18.548,10987.0518,230.0,90.0,54.4,18.5533,10986.3107,230.0,90.0,54.4,18.5586,10974.0319,230.0,90.0
10,471f8b,LOT283,Poland,52.52501,20.86552,9525.0,220,320,0.0,0,0,,52.525,20.8655,9524.9962,220.0,320.0,-0.5535,-0.0396,-0.2,-0.1504,-0.1118,8.0,9.0,9.0,0.9133,0.4109,1.0,52.5023,20.8969,9493.6672,220.0,320.0,52.5023,20.8969,9493.6672,220.0,320.0,52.5023,20.8969,9493.6672,220.0,320.0,52.5023,20.8969,9493.6672,220.0,320.0,52.5023,20.8969,9493.6672,220.0,320.0,52.5023,20.8969,9493.6672,220.0,320.0,52.5045,20.8937,9497.0134,220.0,320.0,52.5068,20.8906,9504.8593,220.0,320.0,52.5091,20.8875,9503.5962,220.0,320.0,52.5114,20.8843,9507.2607,220.0,320.0,52.5136,20.8812,9516.6468,220.0,320.0,52.5159,20.8781,9516.4792,220.0,320.0,52.5182,20.8749,9522.3058,220.0,320.0,52.5205,20.8718,9523.9747,220.0,320.0,52.5227,20.8687,9519.4686,220.0,320.0,52.525,20.8655,9524.9962,220.0,320.0
10,3c6589,DLH4ZW,Germany,53.50618,14.55897,11501.5,240,80,0.0,0,0,,53.5062,14.559,11501.5407,240.0,80.0,2.0583,-0.2594,-0.23,-0.0522,-0.0344,8.0,9.0,9.0,0.8964,0.565,1.0,53.5006,14.5054,11496.906,240.0,80.0,53.5006,14.5054,11496.906,240.0,80.0,53.5006,14.5054,11496.906,240.0,80.0,53.5006,14.5054,11496.906,240.0,80.0,53.5006,14.5054,11496.906,240.0,80.0,53.5006,14.5054,11496.906,240.0,80.0,53.5011,14.5107,11494.3175,240.0,80.0,53.5017,14.5161,11506.0334,240.0,80.0,53.5022,14.5214,11505.9919,240.0,80.0,53.5028,14.5268,11499.2833,240.0,80.0,53.5034,14.5322,11500.6972,240.0,80.0,53.5039,14.5375,11501.2169,240.0,80.0,53.5045,14.5429,11500.3955,240.0,80.0,53.5051,14.5482,11502.2407,240.0,80.0,53.5056,14.5536,11502.3266,240.0,80.0,53.5062,14.559,11501.5407,240.0,80.0
10,4b1805,SWR12X,Switzerland,52.76723,17.98028,10791.4,235,200,0.0,0,0,,52.7672,17.9803,10791.3598,235.0,200.0,-0.6916,0.2734,0.4364,-0.2126,-0.1945,8.0,9.0,9.0,0.8978,0.3812,1.0,52.797,17.9982,10803.9712,235.0,200.0,52.797,17.9982,10803.9712,235.0,200.0,52.797,17.9982,10803.9712,235.0,200.0,52.797,17.9982,10803.9712,235.0,200.0,52.797,17.9982,10803.9712,235.0,200.0,52.797,17.9982,10803.9712,235.0,200.0,52.794,17.9964,10810.0159,235.0,200.0,52.7911,17.9946,10817.7237,235.0,200.0,52.7881,17.9928,10815.8511,235.0,200.0,52.7851,17.991,10811.4117,235.0,200.0,52.7821,17.9892,10800.6003,235.0,200.0,52.7791,17.9875,10794.7577,235.0,200.0,52.7762,17.9857,10792.375,235.0,200.0,52.7732,17.9839,10793.3593,235.0,200.0,52.7702,17.9821,10798.7198,235.0,200.0,52.7672,17.9803,10791.3598,235.0,200.0
10,440048,BAW893,United Kingdom,53.02086,16.04993,12018.5,250,60,0.0,0,1,smooth_drift,53.0209,16.0499,12018.4661,250.0,60.0,0.799,0.04,-0.06,0.3207,-0.0572,6.0,9.0,9.0,0.4,0.4016,1.0,53.0017,16.0049,12007.5733,250.0,60.0,53.0017,16.0049,12007.5733,250.0,60.0,53.0017,16.0049,12007.5733,250.0,60.0,53.0017,16.0049,12007.5733,250.0,60.0,53.0017,16.0049,12007.5733,250.0,60.0,53.0017,16.0049,12007.5733,250.0,60.0,53.0034,16.0097,12010.6284,250.0,60.0,53.0051,16.0146,12013.7498,250.0,60.0,53.0067,16.0194,12016.466,250.0,60.0,53.0084,16.0243,12016.5277,250.0,60.0,53.0101,16.0291,12008.9771,250.0,60.0,53.0118,16.034,12018.7528,250.0,60.0,53.0135,16.0388,12010.8102,250.0,60.0,53.0152,16.0437,12017.7868,250.0,60.0,53.0169,16.0485,12017.9499,250.0,60.0,53.0193,16.0522,12018.4661,250.0,60.0
10,4ac9b0,SAS2HK,Sweden,55.48368,17.0499,10498.9,220,120,0.0,0,0,,55.4837,17.0499,10498.8556,220.0,120.0,0.9237,0.0154,0.0434,-0.0143,0.0609,8.0,9.0,9.0,0.9127,0.3312,1.0,55.4985,17.0045,10500.1842,220.0,120.0,55.4985,17.0045,10500.1842,220.0,120.0,55.4985,17.0045,10500.1842,220.0,120.0,55.4985,17.0045,10500.1842,220.0,120.0,55.4985,17.0045,10500.1842,220.0,120.0,55.4985,17.0045,10500.1842,220.0,120.0,55.497,17.0091,10498.475,220.0,120.0,55.4955,17.0136,10494.6236,220.0,120.0,55.4941,17.0181,10485.7935,220.0,120.0,55.4926,17.0227,10485.3873,220.0,120.0,55.4911,17.0272,10482.3277,220.0,120.0,55.4896,17.0318,10482.3215,220.0,120.0,55.4881,17.0363,10483.1824,220.0,120.0,55.4866,17.0408,10482.3208,220.0,120.0,55.4852,17.0454,10488.3209,220.0,120.0,55.4837,17.0499,10498.8556,220.0,120.0
10,3917a3,AFR1219,France,50.97339,14.52306,10965.2,225,150,0.0,0,1,smooth_drift,50.9734,14.5231,10965.2396,225.0,150.0,-0.4631,0.04,-0.06,0.22,0.1954,6.0,9.0,9.0,0.4,0.2593,1.0,50.9974,14.5024,10992.6174,225.0,150.0,50.9974,14.5024,10992.6174,225.0,150.0,50.9974,14.5024,10992.6174,225.0,150.0,50.9974,14.5024,10992.6174,225.0,150.0,50.9974,14.5024,10992.6174,225.0,150.0,50.9974,14.5024,10992.6174,225.0,150.0,50.9947,14.5048,10995.5305,225.0,150.0,50.9921,14.5072,10992.71,225.0,150.0,50.9895,14.5096,10989.3346,225.0,150.0,50.9869,14.5121,10983.3781,225.0,150.0,50.9842,14.5145,10978.7898,225.0,150.0,50.9816,14.5169,10976.5746,225.0,150.0,50.979,14.5193,10973.6561,225.0,150.0,50.9763,14.5217,10972.7642,225.0,150.0,50.9737,14.5241,10972.1807,225.0,150.0,50.9719,14.5254,10965.2396,225.0,150.0
10,46b8c1,FIN6KP,Finland,55.97002,20.9805,10015.2,215,200,0.0,0,0,,55.97,20.9805,10015.2406,215.0,200.0,0.4893,0.0675,-0.0798,0.1748,-0.1986,8.0,9.0,9.0,0.8989,0.3083,1.0,55.9973,20.9982,10007.8677,215.0,200.0,55.9973,20.9982,10007.8677,215.0,200.0,55.9973,20.9982,10007.8677,215.0,200.0,55.9973,20.9982,10007.8677,215.0,200.0,55.9973,20.9982,10007.8677,215.0,200.0,55.9973,20.9982,10007.8677,215.0,200.0,55.9945,20.9965,10011.3047,215.0,200.0,55.9918,20.9947,10003.4887,215.0,200.0,55.9891,20.9929,10002.9392,215.0,200.0,55.9864,20.9911,10006.5556,215.0,200.0,55.9836,20.9894,10020.7767,215.0,200.0,55.9809,20.9876,10013.4275,215.0,200.0,55.9782,20.9858,10005.3264,215.0,200.0,55.9755,20.984,10014.4618,215.0,200.0,55.9727,20.9823,10015.2177,215.0,200.0,55.97,20.9805,10015.2406,215.0,200.0
10,4ca8e0,RYR3LM,Ireland,53.68279,19.74965,11190.9,232,240,0.0,0,0,,53.6828,19.7497,11190.9378,232.0,240.0,-0.9045,0.1868,-0.2214,-0.1735,0.084,8.0,9.0,9.0,0.9243,0.6085,1.0,53.6984,19.7954,11194.7523,232.0,240.0,53.6984,19.7954,11194.7523,232.0,240.0,53.6984,19.7954,11194.7523,232.0,240.0,53.6984,19.7954,11194.7523,232.0,240.0,53.6984,19.7954,11194.7523,232.0,240.0,53.6984,19.7954,11194.7523,232.0,240.0,53.6969,19.7908,11201.8593,232.0,240.0,53.6953,19.7863,11199.322,232.0,240.0,53.6937,19.7817,11197.015,232.0,240.0,53.6922,19.7771,11202.6529,232.0,240.0,53.6906,19.7725,11205.031,232.0,240.0,53.689,19.768,11200.602,232.0,240.0,53.6875,19.7634,11201.4655,232.0,240.0,53.6859,19.7588,11200.8315,232.0,240.0,53.6844,19.7542,11199.181,232.0,240.0,53.6828,19.7497,11190.9378,232.0,240.0
10,478129,WZZ2BV,Hungary,51.70567,22.44812,10786.3,220,280,0.0,0,0,,51.7057,22.4481,10786.3282,220.0,280.0,0.0536,0.3518,-0.2089,0.0088,-0.3579,8.0,9.0,9.0,0.9367,0.3257,1.0,51.7005,22.4953,10799.5964,220.0,280.0,51.7005,22.4953,10799.5964,220.0,280.0,51.7005,22.4953,10799.5964,220.0,280.0,51.7005,22.4953,10799.5964,220.0,280.0,51.7005,22.4953,10799.5964,220.0,280.0,51.7005,22.4953,10799.5964,220.0,280.0,51.701,22.4906,10801.6689,220.0,280.0,51.7015,22.4859,10802.2984,220.0,280.0,51.7021,22.4811,10790.2423,220.0,280.0,51.7026,22.4764,10793.1496,220.0,280.0,51.7031,22.4717,10792.0397,220.0,280.0,51.7036,22.467,10787.808,220.0,280.0,51.7041,22.4623,10784.2709,220.0,280.0,51.7046,22.4576,10779.495,220.0,280.0,51.7052,22.4528,10784.3566,220.0,280.0,51.7057,22.4481,10786.3282,220.0,280.0
10,4ba8c2,TAR9FX,Turkey,52.2,23.44068,9493.0,245,270,0.0,0,0,,52.2,23.4407,9492.9755,245.0,270.0,-0.8305,0.0395,0.3107,0.2229,-0.1017,8.0,9.0,9.0,0.926,0.3769,1.0,52.2,23.4946,9497.6859,245.0,270.0,52.2,23.4946,9497.6859,245.0,270.0,52.2,23.4946,9497.6859,245.0,270.0,52.2,23.4946,9497.6859,245.0,270.0,52.2,23.4946,9497.6859,245.0,270.0,52.2,23.4946,9497.6859,245.0,270.0,52.2,23.4892,9498.5552,245.0,270.0,52.2,23.4838,9495.8768,245.0,270.0,52.2,23.4784,9503.2663,245.0,270.0,52.2,23.473,9493.4446,245.0,270.0,52.2,23.4676,9485.9451,245.0,270.0,52.2,23.4623,9484.692,245.0,270.0,52.2,23.4569,9479.6258,245.0,270.0,52.2,23.4515,9488.8273,245.0,270.0,52.2,23.4461,9486.9912,245.0,270.0,52.2,23.4407,9492.9755,245.0,270.0
10,4cab4c,EZY42AC,United Kingdom,54.59387,17.56003,11780.5,238,100,0.0,0,0,,54.5939,17.56,11780.5098,238.0,100.0,-1.4575,0.0932,-0.0512,-0.1332,0.0799,8.0,9.0,9.0,0.9617,0.4246,1.0,54.5994,17.5055,11798.7338,238.0,100.0,54.5994,17.5055,11798.7338,238.0,100.0,54.5994,17.5055,11798.7338,238.0,100.0,54.5994,17.5055,11798.7338,238.0,100.0,54.5994,17.5055,11798.7338,238.0,100.0,54.5994,17.5055,11798.7338,238.0,100.0,54.5989,17.5109,11804.6192,238.0,100.0,54.5983,17.5164,11802.8881,238.0,100.0,54.5978,17.5218,11806.1033,238.0,100.0,54.5972,17.5273,11804.0689,238.0,100.0,54.5967,17.5327,11795.0158,238.0,100.0,54.5961,17.5382,11796.5424,238.0,100.0,54.5955,17.5437,11797.1099,238.0,100.0,54.595,17.5491,11784.9641,238.0,100.0,54.5944,17.5546,11780.3112,238.0,100.0,54.5939,17.56,11780.5098,238.0,100.0
11,4ca87b,RYR2KE,Ireland,54.4,18.56396,10981.2,230,90,0.0,0,0,,54.4,18.564,10981.1796,230.0,90.0,-0.7175,-0.194,0.043,-0.1916,-0.0936,8.0,9.0,9.0,0.9124,0.4352,1.0,54.4,18.5053,10999.4177,230.0,90.0,54.4,18.5053,10999.4177,230.0,90.0,54.4,18.5053,10999.4177,230.0,90.0,54.4,18.5053,10999.4177,230.0,90.0,54.4,18.5053,10999.4177,230.0,90.0,54.4,18.5107,10998.4662,230.0,90.0,54.4,18.516,10994.0684,230.0,90.0,54.4,18.5213,10994.5531,230.0,90.0,54.4,18.5266,10996.3632,230.0,90.0,54.4,18.532,10995.5553,230.0,90.0,54.4,18.5373,10992.4129,230.0,90.0,54.4,18.5426,10990.3306,230.0,90.0,54.4,18.548,10987.0518,230.0,90.0,54.4,18.5533,10986.3107,230.0,90.0,54.4,18.5586,10974.0319,230.0,90.0,54.4,18.564,10981.1796,230.0,90.0
11,471f8b,LOT283,Poland,52.52728,20.86238,9519.9,220,320,0.0,0,0,,52.5273,20.8624,9519.8636,220.0,320.0,-1.0513,0.2588,0.0793,-0.4849,-0.1636,8.0,9.0,9.0,0.9325,0.4847,1.0,52.5023,20.8969,9493.6672,220.0,320.0,52.5023,20.8969,9493.6672,220.0,320.0,52.5023,20.8969,9493.6672,220.0,320.0,52.5023,20.8969,9493.6672,220.0,320.0,52.5023,20.8969,9493.6672,220.0,320.0,52.5045,20.8937,9497.0134,220.0,320.0,52.5068,20.8906,9504.8593,220.0,320.0,52.5091,20.8875,9503.5962,220.0,320.0,52.5114,20.8843,9507.2607,220.0,320.0,52.5136,20.8812,9516.6468,220.0,320.0,52.5159,20.8781,9516.4792,220.0,320.0,52.5182,20.8749,9522.3058,220.0,320.0,52.5205,20.8718,9523.9747,220.0,320.0,52.5227,20.8687,9519.4686,220.0,320.0,52.525,20.8655,9524.9962,220.0,320.0,52.5273,20.8624,9519.8636,220.0,320.0
11,3c6589,DLH4ZW,Germany,53.50674,14.56433,11505.1,240,80,0.0,0,0,,53.5067,14.5643,11505.1127,240.0,80.0,-0.7805,0.0855,0.0208,-0.4632,0.0966,8.0,9.0,9.0,0.9176,0.4114,1.0,53.5006,14.5054,11496.906,240.0,80.0,53.5006,14.5054,11496.906,240.0,80.0,53.5006,14.5054,11496.906,240.0,80.0,53.5006,14.5054,11496.906,240.0,80.0,53.5006,14.5054,11496.906,240.0,80.0,53.5011,14.5107,11494.3175,240.0,80.0,53.5017,14.5161,11506.0334,240.0,80.0,53.5022,14.5214,11505.9919,240.0,80.0,53.5028,14.5268,11499.2833,240.0,80.0,53.5034,14.5322,11500.6972,240.0,80.0,53.5039,14.5375,11501.2169,240.0,80.0,53.5045,14.5429,11500.3955,240.0,80.0,53.5051,14.5482,11502.2407,240.0,80.0,53.5056,14.5536,11502.3266,240.0,80.0,53.5062,14.559,11501.5407,240.0,80.0,53.5067,14.5643,11505.1127,240.0,80.0
11,4b1805,SWR12X,Switzerland,52.76425,17.97849,10786.1,235,200,0.0,0,0,,52.7643,17.9785,10786.1062,235.0,200.0,-0.1032,0.0997,0.2085,0.0316,-0.0251,8.0,9.0,9.0,0.9475,0.3799,1.0,52.797,17.9982,10803.9712,235.0,200.0,52.797,17.9982,10803.9712,235.0,200.0,52.797,17.9982,10803.9712,235.0,200.0,52.797,17.9982,10803.9712,235.0,200.0,52.797,17.9982,10803.9712,235.0,200.0,52.794,17.9964,10810.0159,235.0,200.0,52.7911,17.9946,10817.7237,235.0,200.0,52.7881,17.9928,10815.8511,235.0,200.0,52.7851,17.991,10811.4117,235.0,200.0,52.7821,17.9892,10800.6003,235.0,200.0,52.7791,17.9875,10794.7577,235.0,200.0,52.7762,17.9857,10792.375,235.0,200.0,52.7732,17.9839,10793.3593,235.0,200.0,52.7702,17.9821,10798.7198,235.0,200.0,52.7672,17.9803,10791.3598,235.0,200.0,52.7643,17.9785,10786.1062,235.0,200.0
11,440048,BAW893,United Kingdom,53.02485,16.05133,12028.0,250,60,0.0,0,1,smooth_drift,53.0248,16.0513,12027.9702,250.0,60.0,0.1206,0.04,-0.06,0.165,0.0481,6.0,9.0,9.0,0.4,0.3085,1.0,53.0017,16.0049,12007.5733,250.0,60.0,53.0017,16.0049,12007.5733,250.0,60.0,53.0017,16.0049,12007.5733,250.0,60.0,53.0017,16.0049,12007.5733,250.0,60.0,53.0017,16.0049,12007.5733,250.0,60.0,53.0034,16.0097,12010.6284,250.0,60.0,53.0051,16.0146,12013.7498,250.0,60.0,53.0067,16.0194,12016.466,250.0,60.0,53.0084,16.0243,12016.5277,250.0,60.0,53.0101,16.0291,12008.9771,250.0,60.0,53.0118,16.034,12018.7528,250.0,60.0,53.0135,16.0388,12010.8102,250.0,60.0,53.0152,16.0437,12017.7868,250.0,60.0,53.0169,16.0485,12017.9499,250.0,60.0,53.0193,16.0522,12018.4661,250.0,60.0,53.0225,16.0548,12027.9702,250.0,60.0
11,4ac9b0,SAS2HK,Sweden,55.48219,17.05444,10502.8,220,120,0.0,0,0,,55.4822,17.0544,10502.8152,220.0,120.0,0.6177,0.0321,0.0666,0.3075,-0.0311,8.0,9.0,9.0,0.9135,0.2666,1.0,55.4985,17.0045,10500.1842,220.0,120.0,55.4985,17.0045,10500.1842,220.0,120.0,55.4985,17.0045,10500.1842,220.0,120.0,55.4985,17.0045,10500.1842,220.0,120.0,55.4985,17.0045,10500.1842,220.0,120.0,55.497,17.0091,10498.475,220.0,120.0,55.4955,17.0136,10494.6236,220.0,120.0,55.4941,17.0181,10485.7935,220.0,120.0,55.4926,17.0227,10485.3873,220.0,120.0,55.4911,17.0272,10482.3277,220.0,120.0,55.4896,17.0318,10482.3215,220.0,120.0,55.4881,17.0363,10483.1824,220.0,120.0,55.4866,17.0408,10482.3208,220.0,120.0,55.4852,17.0454,10488.3209,220.0,120.0,55.4837,17.0499,10498.8556,220.0,120.0,55.4822,17.0544,10502.8152,220.0,120.0
11,3917a3,AFR1219,France,50.97307,14.522,10967.8,225,150,0.0,0,1,smooth_drift,50.9731,14.522,10967.8236,225.0,150.0,-0.4419,0.04,-0.06,0.2942,0.0482,6.0,9.0,9.0,0.4,0.4136,1.0,50.9974,14.5024,10992.6174,225.0,150.0,50.9974,14.5024,10992.6174,225.0,150.0,50.9974,14.5024,10992.6174,225.0,150.0,50.9974,14.5024,10992.6174,225.0,150.0,50.9974,14.5024,10992.6174,225.0,150.0,50.9947,14.5048,10995.5305,225.0,150.0,50.9921,14.5072,10992.71,225.0,150.0,50.9895,14.5096,10989.3346,225.0,150.0,50.9869,14.5121,10983.3781,225.0,150.0,50.9842,14.5145,10978.7898,225.0,150.0,50.9816,14.5169,10976.5746,225.0,150.0,50.979,14.5193,10973.6561,225.0,150.0,50.9763,14.5217,10972.7642,225.0,150.0,50.9737,14.5241,10972.1807,225.0,150.0,50.9719,14.5254,10965.2396,225.0,150.0,50.9708,14.5255,10967.8236,225.0,150.0
11,46b8c1,FIN6KP,Finland,55.9673,20.97872,10014.7,215,200,0.0,0,0,,55.9673,20.9787,10014.7486,215.0,200.0,2.3338,0.01,0.0884,0.2816,-0.0177,8.0,9.0,9.0,0.8809,0.1117,1.0,55.9973,20.9982,10007.8677,215.0,200.0,55.9973,20.9982,10007.8677,215.0,200.0,55.9973,20.9982,10007.8677,215.0,200.0,55.9973,20.9982,10007.8677,215.0,200.0,55.9973,20.9982,10007.8677,215.0,200.0,55.9945,20.9965,10011.3047,215.0,200.0,55.9918,20.9947,10003.4887,215.0,200.0,55.9891,20.9929,10002.9392,215.0,200.0,55.9864,20.9911,10006.5556,215.0,200.0,55.9836,20.9894,10020.7767,215.0,200.0,55.9809,20.9876,10013.4275,215.0,200.0,55.9782,20.9858,10005.3264,215.0,200.0,55.9755,20.984,10014.4618,215.0,200.0,55.9727,20.9823,10015.2177,215.0,200.0,55.97,20.9805,10015.2406,215.0,200.0,55.9673,20.9787,10014.7486,215.0,200.0
11,4ca8e0,RYR3LM,Ireland,53.68122,19.74508,11194.6,232,240,0.0,0,0,,53.6812,19.7451,11194.5871,232.0,240.0,0.0896,-0.1664,0.2488,-0.0783,0.0086,8.0,9.0,9.0,0.9262,0.3431,1.0,53.6984,19.7954,11194.7523,232.0,240.0,53.6984,19.7954,11194.7523,232.0,240.0,53.6984,19.7954,11194.7523,232.0,240.0,53.6984,19.7954,11194.7523,232.0,240.0,53.6984,19.7954,11194.7523,232.0,240.0,53.6969,19.7908,11201.8593,232.0,240.0,53.6953,19.7863,11199.322,232.0,240.0,53.6937,19.7817,11197.015,232.0,240.0,53.6922,19.7771,11202.6529,232.0,240.0,53.6906,19.7725,11205.031,232.0,240.0,53.689,19.768,11200.602,232.0,240.0,53.6875,19.7634,11201.4655,232.0,240.0,53.6859,19.7588,11200.8315,232.0,240.0,53.6844,19.7542,11199.181,232.0,240.0,53.6828,19.7497,11190.9378,232.0,240.0,53.6812,19.7451,11194.5871,232.0,240.0
11,478129,WZZ2BV,Hungary,51.70618,22.44341,10782.7,220,280,0.0,0,0,,51.7062,22.4434,10782.6519,220.0,280.0,0.3108,-0.0092,0.2955,-0.04,0.1699,8.0,9.0,9.0,0.9746,0.5198,1.0,51.7005,22.4953,10799.5964,220.0,280.0,51.7005,22.4953,10799.5964,220.0,280.0,51.7005,22.4953,10799.5964,220.0,280.0,51.7005,22.4953,10799.5964,220.0,280.0,51.7005,22.4953,10799.5964,220.0,280.0,51.701,22.4906,10801.6689,220.0,280.0,51.7015,22.4859,10802.2984,220.0,280.0,51.7021,22.4811,10790.2423,220.0,280.0,51.7026,22.4764,10793.1496,220.0,280.0,51.7031,22.4717,10792.0397,220.0,280.0,51.7036,22.467,10787.808,220.0,280.0,51.7041,22.4623,10784.2709,220.0,280.0,51.7046,22.4576,10779.495,220.0,280.0,51.7052,22.4528,10784.3566,220.0,280.0,51.7057,22.4481,10786.3282,220.0,280.0,51.7062,22.4434,10782.6519,220.0,280.0
11,4ba8c2,TAR9FX,Turkey,52.2,23.43529,9487.0,245,270,0.0,0,0,,52.2,23.4353,9486.9593,245.0,270.0,0.0385,0.0985,0.0171,-0.0519,-0.0607,8.0,9.0,9.0,0.8991,0.3093,1.0,52.2,23.4946,9497.6859,245.0,270.0,52.2,23.4946,9497.6859,245.0,270.0,52.2,23.4946,9497.6859,245.0,270.0,52.2,23.4946,9497.6859,245.0,270.0,52.2,23.4946,9497.6859,245.0,270.0,52.2,23.4892,9498.5552,245.0,270.0,52.2,23.4838,9495.8768,245.0,270.0,52.2,23.4784,9503.2663,245.0,270.0,52.2,23.473,9493.4446,245.0,270.0,52.2,23.4676,9485.9451,245.0,270.0,52.2,23.4623,9484.692,245.0,270.0,52.2,23.4569,9479.6258,245.0,270.0,52.2,23.4515,9488.8273,245.0,270.0,52.2,23.4461,9486.9912,245.0,270.0,52.2,23.4407,9492.9755,245.0,270.0,52.2,23.4353,9486.9593,245.0,270.0
11,4cab4c,EZY42AC,United Kingdom,54.59331,17.56549,11776.6,238,100,0.0,0,0,,54.5933,17.5655,11776.6345,238.0,100.0,0.9309,0.5487,-0.1229,0.4099,-0.1484,8.0,9.0,9.0,0.93,0.3122,1.0,54.5994,17.5055,11798.7338,238.0,100.0,54.5994,17.5055,11798.7338,238.0,100.0,54.5994,17.5055,11798.7338,238.0,100.0,54.5994,17.5055,11798.7338,238.0,100.0,54.5994,17.5055,11798.7338,238.0,100.0,54.5989,17.5109,11804.6192,238.0,100.0,54.5983,17.5164,11802.8881,238.0,100.0,54.5978,17.5218,11806.1033,238.0,100.0,54.5972,17.5273,11804.0689,238.0,100.0,54.5967,17.5327,11795.0158,238.0,100.0,54.5961,17.5382,11796.5424,238.0,100.0,54.5955,17.5437,11797.1099,238.0,100.0,54.595,17.5491,11784.9641,238.0,100.0,54.5944,17.5546,11780.3112,238.0,100.0,54.5939,17.56,11780.5098,238.0,100.0,54.5933,17.5655,11776.6345,238.0,100.0
12,4ca87b,RYR2KE,Ireland,54.4,18.56929,10988.2,230,90,0.0,0,0,,54.4,18.5693,10988.2039,230.0,90.0,0.4272,-0.1875,0.0613,0.2989,-0.0134,8.0,9.0,9.0,0.9403,0.3981,1.0,54.4,18.5053,10999.4177,230.0,90.0,54.4,18.5053,10999.4177,230.0,90.0,54.4,18.5053,10999.4177,230.0,90.0,54.4,18.5053,10999.4177,230.0,90.0,54.4,18.5107,10998.4662,230.0,90.0,54.4,18.516,10994.0684,230.0,90.0,54.4,18.5213,10994.5531,230.0,90.0,54.4,18.5266,10996.3632,230.0,90.0,54.4,18.532,10995.5553,230.0,90.0,54.4,18.5373,10992.4129,230.0,90.0,54.4,18.5426,10990.3306,230.0,90.0,54.4,18.548,10987.0518,230.0,90.0,54.4,18.5533,10986.3107,230.0,90.0,54.4,18.5586,10974.0319,230.0,90.0,54.4,18.564,10981.1796,230.0,90.0,54.4,18.5693,10988.2039,230.0,90.0
12,471f8b,LOT283,Poland,52.52955,20.85925,9521.5,220,320,0.0,0,0,,52.5296,20.8592,9521.4715,220.0,320.0,-0.5272,-0.1876,0.2005,-0.1375,0.0902,8.0,9.0,9.0,0.9534,0.4842,1.0,52.5023,20.8969,9493.6672,220.0,320.0,52.5023,20.8969,9493.6672,220.0,320.0,52.5023,20.8969,9493.6672,220.0,320.0,52.5023,20.8969,9493.6672,220.0,320.0,52.5045,20.8937,9497.0134,220.0,320.0,52.5068,20.8906,9504.8593,220.0,320.0,52.5091,20.8875,9503.5962,220.0,320.0,52.5114,20.8843,9507.2607,220.0,320.0,52.5136,20.8812,9516.6468,220.0,320.0,52.5159,20.8781,9516.4792,220.0,320.0,52.5182,20.8749,9522.3058,220.0,320.0,52.5205,20.8718,9523.9747,220.0,320.0,52.5227,20.8687,9519.4686,220.0,320.0,52.525,20.8655,9524.9962,220.0,320.0,52.5273,20.8624,9519.8636,220.0,320.0,52.5296,20.8592,9521.4715,220.0,320.0
12,3c6589,DLH4ZW,Germany,53.50731,14.56969,11510.2,240,80,0.0,0,0,,53.5073,14.5697,11510.2008,240.0,80.0,-0.4135,0.3051,0.1889,-0.221,0.2602,8.0,9.0,9.0,0.9253,0.4002,1.0,53.5006,14.5054,11496.906,240.0,80.0,53.5006,14.5054,11496.906,240.0,80.0,53.5006,14.5054,11496.906,240.0,80.0,53.5006,14.5054,11496.906,240.0,80.0,53.5011,14.5107,11494.3175,240.0,80.0,53.5017,14.5161,11506.0334,240.0,80.0,53.5022,14.5214,11505.9919,240.0,80.0,53.5028,14.5268,11499.2833,240.0,80.0,53.5034,14.5322,11500.6972,240.0,80.0,53.5039,14.5375,11501.2169,240.0,80.0,53.5045,14.5429,11500.3955,240.0,80.0,53.5051,14.5482,11502.2407,240.0,80.0,53.5056,14.5536,11502.3266,240.0,80.0,53.5062,14.559,11501.5407,240.0,80.0,53.5067,14.5643,11505.1127,240.0,80.0,53.5073,14.5697,11510.2008,240.0,80.0
12,4b1805,SWR12X,Switzerland,52.76127,17.9767,10788.4,235,200,0.0,0,0,,52.7613,17.9767,10788.3635,235.0,200.0,1.0629,-0.126,-0.2455,0.0114,-0.006,8.0,9.0,9.0,0.9908,0.5412,1.0,52.797,17.9982,10803.9712,235.0,200.0,52.797,17.9982,10803.9712,235.0,200.0,52.797,17.9982,10803.9712,235.0,200.0,52.797,17.9982,10803.9712,235.0,200.0,52.794,17.9964,10810.0159,235.0,200.0,52.7911,17.9946,10817.7237,235.0,200.0,52.7881,17.9928,10815.8511,235.0,200.0,52.7851,17.991,10811.4117,235.0,200.0,52.7821,17.9892,10800.6003,235.0,200.0,52.7791,17.9875,10794.7577,235.0,200.0,52.7762,17.9857,10792.375,235.0,200.0,52.7732,17.9839,10793.3593,235.0,200.0,52.7702,17.9821,10798.7198,235.0,200.0,52.7672,17.9803,10791.3598,235.0,200.0,52.7643,17.9785,10786.1062,235.0,200.0,52.7613,17.9767,10788.3635,235.0,200.0
12,440048,BAW893,United Kingdom,53.02961,16.05157,12024.6,250,60,0.0,0,1,smooth_drift,53.0296,16.0516,12024.6322,250.0,60.0,0.2737,0.04,-0.06,0.0005,0.0156,6.0,9.0,9.0,0.4,0.3334,1.0,53.0017,16.0049,12007.5733,250.0,60.0,53.0017,16.0049,12007.5733,250.0,60.0,53.0017,16.0049,12007.5733,250.0,60.0,53.0017,16.0049,12007.5733,250.0,60.0,53.0034,16.0097,12010.6284,250.0,60.0,53.0051,16.0146,12013.7498,250.0,60.0,53.0067,16.0194,12016.466,250.0,60.0,53.0084,16.0243,12016.5277,250.0,60.0,53.0101,16.0291,12008.9771,250.0,60.0,53.0118,16.034,12018.7528,250.0,60.0,53.0135,16.0388,12010.8102,250.0,60.0,53.0152,16.0437,12017.7868,250.0,60.0,53.0169,16.0485,12017.9499,250.0,60.0,53.0193,16.0522,12018.4661,250.0,60.0,53.0225,16.0548,12027.9702,250.0,60.0,53.0265,16.0562,12024.6322,250.0,60.0
12,4ac9b0,SAS2HK,Sweden,55.48071,17.05897,10499.8,220,120,0.0,0,0,,55.4807,17.059,10499.8386,220.0,120.0,-0.7608,-0.3081,0.1157,0.0805,-0.219,8.0,9.0,9.0,0.9323,0.4429,1.0,55.4985,17.0045,10500.1842,220.0,120.0,55.4985,17.0045,10500.1842,220.0,120.0,55.4985,17.0045,10500.1842,220.0,120.0,55.4985,17.0045,10500.1842,220.0,120.0,55.497,17.0091,10498.475,220.0,120.0,55.4955,17.0136,10494.6236,220.0,120.0,55.4941,17.0181,10485.7935,220.0,120.0,55.4926,17.0227,10485.3873,220.0,120.0,55.4911,17.0272,10482.3277,220.0,120.0,55.4896,17.0318,10482.3215,220.0,120.0,55.4881,17.0363,10483.1824,220.0,120.0,55.4866,17.0408,10482.3208,220.0,120.0,55.4852,17.0454,10488.3209,220.0,120.0,55.4837,17.0499,10498.8556,220.0,120.0,55.4822,17.0544,10502.8152,220.0,120.0,55.4807,17.059,10499.8386,220.0,120.0
12,3917a3,AFR1219,France,50.97352,14.5198,10968.5,225,150,0.0,0,1,smooth_drift,50.9735,14.5198,10968.5308,225.0,150.0,0.5443,0.04,-0.06,0.1804,-0.0201,6.0,9.0,9.0,0.4,0.4589,1.0,50.9974,14.5024,10992.6174,225.0,150.0,50.9974,14.5024,10992.6174,225.0,150.0,50.9974,14.5024,10992.6174,225.0,150.0,50.9974,14.5024,10992.6174,225.0,150.0,50.9947,14.5048,10995.5305,225.0,150.0,50.9921,14.5072,10992.71,225.0,150.0,50.9895,14.5096,10989.3346,225.0,150.0,50.9869,14.5121,10983.3781,225.0,150.0,50.9842,14.5145,10978.7898,225.0,150.0,50.9816,14.5169,10976.5746,225.0,150.0,50.979,14.5193,10973.6561,225.0,150.0,50.9763,14.5217,10972.7642,225.0,150.0,50.9737,14.5241,10972.1807,225.0,150.0,50.9719,14.5254,10965.2396,225.0,150.0,50.9708,14.5255,10967.8236,225.0,150.0,50.9704,14.5244,10968.5308,225.0,150.0
12,46b8c1,FIN6KP,Finland,55.96457,20.97695,10018.7,215,200,0.0,0,0,,55.9646,20.977,10018.6562,215.0,200.0,-0.5252,-0.0258,0.2459,-0.0103,-0.0592,8.0,9.0,9.0,0.9116,0.3571,1.0,55.9973,20.9982,10007.8677,215.0,200.0,55.9973,20.9982,10007.8677,215.0,200.0,55.9973,20.9982,10007.8677,215.0,200.0,55.9973,20.9982,10007.8677,215.0,200.0,55.9945,20.9965,10011.3047,215.0,200.0,55.9918,20.9947,10003.4887,215.0,200.0,55.9891,20.9929,10002.9392,215.0,200.0,55.9864,20.9911,10006.5556,215.0,200.0,55.9836,20.9894,10020.7767,215.0,200.0,55.9809,20.9876,10013.4275,215.0,200.0,55.9782,20.9858,10005.3264,215.0,200.0,55.9755,20.984,10014.4618,215.0,200.0,55.9727,20.9823,10015.2177,215.0,200.0,55.97,20.9805,10015.2406,215.0,200.0,55.9673,20.9787,10014.7486,215.0,200.0,55.9646,20.977,10018.6562,215.0,200.0
12,4ca8e0,RYR3LM,Ireland,53.67966,19.7405,11198.1,232,240,0.0,0,0,,53.6797,19.7405,11198.0691,232.0,240.0,-0.0062,-0.0814,0.2904,-0.2929,-0.0212,8.0,9.0,9.0,0.9078,0.4435,1.0,53.6984,19.7954,11194.7523,232.0,240.0,53.6984,19.7954,11194.7523,232.0,240.0,53.6984,19.7954,11194.7523,232.0,240.0,53.6984,19.7954,11194.7523,232.0,240.0,53.6969,19.7908,11201.8593,232.0,240.0,53.6953,19.7863,11199.322,232.0,240.0,53.6937,19.7817,11197.015,232.0,240.0,53.6922,19.7771,11202.6529,232.0,240.0,53.6906,19.7725,11205.031,232.0,240.0,53.689,19.768,11200.602,232.0,240.0,53.6875,19.7634,11201.4655,232.0,240.0,53.6859,19.7588,11200.8315,232.0,240.0,53.6844,19.7542,11199.181,232.0,240.0,53.6828,19.7497,11190.9378,232.0,240.0,53.6812,19.7451,11194.5871,232.0,240.0,53.6797,19.7405,11198.0691,232.0,240.0
12,478129,WZZ2BV,Hungary,51.7067,22.43869,10790.7,220,280,0.0,0,0,,51.7067,22.4387,10790.6965,220.0,280.0,0.024,0.3346,-0.3675,0.3353,0.2525,8.0,9.0,9.0,0.8997,0.4227,1.0,51.7005,22.4953,10799.5964,220.0,280.0,51.7005,22.4953,10799.5964,220.0,280.0,51.7005,22.4953,10799.5964,220.0,280.0,51.7005,22.4953,10799.5964,220.0,280.0,51.701,22.4906,10801.6689,220.0,280.0,51.7015,22.4859,10802.2984,220.0,280.0,51.7021,22.4811,10790.2423,220.0,280.0,51.7026,22.4764,10793.1496,220.0,280.0,51.7031,22.4717,10792.0397,220.0,280.0,51.7036,22.467,10787.808,220.0,280.0,51.7041,22.4623,10784.2709,220.0,280.0,51.7046,22.4576,10779.495,220.0,280.0,51.7052,22.4528,10784.3566,220.0,280.0,51.7057,22.4481,10786.3282,220.0,280.0,51.7062,22.4434,10782.6519,220.0,280.0,51.7067,22.4387,10790.6965,220.0,280.0
12,4ba8c2,TAR9FX,Turkey,52.2,23.4299,9487.4,245,270,0.0,0,0,,52.2,23.4299,9487.4355,245.0,270.0,-0.1175,-0.2412,-0.2744,-0.0557,-0.1253,8.0,9.0,9.0,0.9392,0.5832,1.0,52.2,23.4946,9497.6859,245.0,270.0,52.2,23.4946,9497.6859,245.0,270.0,52.2,23.4946,9497.6859,245.0,270.0,52.2,23.4946,9497.6859,245.0,270.0,52.2,23.4892,9498.5552,245.0,270.0,52.2,23.4838,9495.8768,245.0,270.0,52.2,23.4784,9503.2663,245.0,270.0,52.2,23.473,9493.4446,245.0,270.0,52.2,23.4676,9485.9451,245.0,270.0,52.2,23.4623,9484.692,245.0,270.0,52.2,23.4569,9479.6258,245.0,270.0,52.2,23.4515,9488.8273,245.0,270.0,52.2,23.4461,9486.9912,245.0,270.0,52.2,23.4407,9492.9755,245.0,270.0,52.2,23.4353,9486.9593,245.0,270.0,52.2,23.4299,9487.4355,245.0,270.0
12,4cab4c,EZY42AC,United Kingdom,54.59275,17.57095,11792.3,238,100,0.0,0,0,,54.5928,17.5709,11792.315,238.0,100.0,1.9569,0.1827,-0.2249,0.0395,-0.0813,8.0,9.0,9.0,0.9733,0.444,1.0,54.5994,17.5055,11798.7338,238.0,100.0,54.5994,17.5055,11798.7338,238.0,100.0,54.5994,17.5055,11798.7338,238.0,100.0,54.5994,17.5055,11798.7338,238.0,100.0,54.5989,17.5109,11804.6192,238.0,100.0,54.5983,17.5164,11802.8881,238.0,100.0,54.5978,17.5218,11806.1033,238.0,100.0,54.5972,17.5273,11804.0689,238.0,100.0,54.5967,17.5327,11795.0158,238.0,100.0,54.5961,17.5382,11796.5424,238.0,100.0,54.5955,17.5437,11797.1099,238.0,100.0,54.595,17.5491,11784.9641,238.0,100.0,54.5944,17.5546,11780.3112,238.0,100.0,54.5939,17.56,11780.5098,238.0,100.0,54.5933,17.5655,11776.6345,238.0,100.0,54.5928,17.5709,11792.315,238.0,100.0
13,4ca87b,RYR2KE,Ireland,54.4,18.57462,10989.4,230,90,0.0,0,0,,54.4,18.5746,10989.401,230.0,90.0,-0.5384,-0.011,-0.0395,-0.0097,0.1901,8.0,9.0,9.0,0.9196,0.3338,1.0,54.4,18.5053,10999.4177,230.0,90.0,54.4,18.5053,10999.4177,230.0,90.0,54.4,18.5053,10999.4177,230.0,90.0,54.4,18.5107,10998.4662,230.0,90.0,54.4,18.516,10994.0684,230.0,90.0,54.4,18.5213,10994.5531,230.0,90.0,54.4,18.5266,10996.3632,230.0,90.0,54.4,18.532,10995.5553,230.0,90.0,54.4,18.5373,10992.4129,230.0,90.0,54.4,18.5426,10990.3306,230.0,90.0,54.4,18.548,10987.0518,230.0,90.0,54.4,18.5533,10986.3107,230.0,90.0,54.4,18.5586,10974.0319,230.0,90.0,54.4,18.564,10981.1796,230.0,90.0,54.4,18.5693,10988.2039,230.0,90.0,54.4,18.5746,10989.401,230.0,90.0
13,471f8b,LOT283,Poland,52.53183,20.85611,9517.2,220,320,0.0,0,0,,52.5318,20.8561,9517.1659,220.0,320.0,-0.5506,-0.2391,-0.0261,0.1332,-0.0584,8.0,9.0,9.0,0.9198,0.3974,1.0,52.5023,20.8969,9493.6672,220.0,320.0,52.5023,20.8969,9493.6672,220.0,320.0,52.5023,20.8969,9493.6672,220.0,320.0,52.5045,20.8937,9497.0134,220.0,320.0,52.5068,20.8906,9504.8593,220.0,320.0,52.5091,20.8875,9503.5962,220.0,320.0,52.5114,20.8843,9507.2607,220.0,320.0,52.5136,20.8812,9516.6468,220.0,320.0,52.5159,20.8781,9516.4792,220.0,320.0,52.5182,20.8749,9522.3058,220.0,320.0,52.5205,20.8718,9523.9747,220.0,320.0,52.5227,20.8687,9519.4686,220.0,320.0,52.525,20.8655,9524.9962,220.0,320.0,52.5273,20.8624,9519.8636,220.0,320.0,52.5296,20.8592,9521.4715,220.0,320.0,52.5318,20.8561,9517.1659,220.0,320.0
13,3c6589,DLH4ZW,Germany,53.50787,14.57505,11498.2,240,80,0.0,0,0,,53.5079,14.5751,11498.1659,240.0,80.0,1.0639,0.166,-0.033,0.08,0.1741,8.0,9.0,9.0,0.9317,0.3823,1.0,53.5006,14.5054,11496.906,240.0,80.0,53.5006,14.5054,11496.906,240.0,80.0,53.5006,14.5054,11496.906,240.0,80.0,53.5011,14.5107,11494.3175,240.0,80.0,53.5017,14.5161,11506.0334,240.0,80.0,53.5022,14.5214,11505.9919,240.0,80.0,53.5028,14.5268,11499.2833,240.0,80.0,53.5034,14.5322,11500.6972,240.0,80.0,53.5039,14.5375,11501.2169,240.0,80.0,53.5045,14.5429,11500.3955,240.0,80.0,53.5051,14.5482,11502.2407,240.0,80.0,53.5056,14.5536,11502.3266,240.0,80.0,53.5062,14.559,11501.5407,240.0,80.0,53.5067,14.5643,11505.1127,240.0,80.0,53.5073,14.5697,11510.2008,240.0,80.0,53.5079,14.5751,11498.1659,240.0,80.0
13,4b1805,SWR12X,Switzerland,52.75829,17.97491,10789.9,235,200,0.0,0,0,,52.7583,17.9749,10789.9116,235.0,200.0,-0.8496,0.1788,-0.1989,-0.1021,-0.1503,8.0,9.0,9.0,0.905,0.3922,1.0,52.797,17.9982,10803.9712,235.0,200.0,52.797,17.9982,10803.9712,235.0,200.0,52.797,17.9982,10803.9712,235.0,200.0,52.794,17.9964,10810.0159,235.0,200.0,52.7911,17.9946,10817.7237,235.0,200.0,52.7881,17.9928,10815.8511,235.0,200.0,52.7851,17.991,10811.4117,235.0,200.0,52.7821,17.9892,10800.6003,235.0,200.0,52.7791,17.9875,10794.7577,235.0,200.0,52.7762,17.9857,10792.375,235.0,200.0,52.7732,17.9839,10793.3593,235.0,200.0,52.7702,17.9821,10798.7198,235.0,200.0,52.7672,17.9803,10791.3598,235.0,200.0,52.7643,17.9785,10786.1062,235.0,200.0,52.7613,17.9767,10788.3635,235.0,200.0,52.7583,17.9749,10789.9116,235.0,200.0
13,440048,BAW893,United Kingdom,53.03514,16.05066,12014.9,250,60,0.0,0,1,smooth_drift,53.0351,16.0507,12014.9295,250.0,60.0,3.138,0.04,-0.06,-0.1995,0.164,6.0,9.0,9.0,0.4,0.4093,1.0,53.0017,16.0049,12007.5733,250.0,60.0,53.0017,16.0049,12007.5733,250.0,60.0,53.0017,16.0049,12007.5733,250.0,60.0,53.0034,16.0097,12010.6284,250.0,60.0,53.0051,16.0146,12013.7498,250.0,60.0,53.0067,16.0194,12016.466,250.0,60.0,53.0084,16.0243,12016.5277,250.0,60.0,53.0101,16.0291,12008.9771,250.0,60.0,53.0118,16.034,12018.7528,250.0,60.0,53.0135,16.0388,12010.8102,250.0,60.0,53.0152,16.0437,12017.7868,250.0,60.0,53.0169,16.0485,12017.9499,250.0,60.0,53.0193,16.0522,12018.4661,250.0,60.0,53.0225,16.0548,12027.9702,250.0,60.0,53.0265,16.0562,12024.6322,250.0,60.0,53.0313,16.0564,12014.9295,250.0,60.0
13,4ac9b0,SAS2HK,Sweden,55.47922,17.06351,10499.7,220,120,0.0,0,0,,55.4792,17.0635,10499.7306,220.0,120.0,-1.5576,-0.0115,-0.2797,-0.379,0.1287,8.0,9.0,9.0,0.9319,0.4182,1.0,55.4985,17.0045,10500.1842,220.0,120.0,55.4985,17.0045,10500.1842,220.0,120.0,55.4985,17.0045,10500.1842,220.0,120.0,55.497,17.0091,10498.475,220.0,120.0,55.4955,17.0136,10494.6236,220.0,120.0,55.4941,17.0181,10485.7935,220.0,120.0,55.4926,17.0227,10485.3873,220.0,120.0,55.4911,17.0272,10482.3277,220.0,120.0,55.4896,17.0318,10482.3215,220.0,120.0,55.4881,17.0363,10483.1824,220.0,120.0,55.4866,17.0408,10482.3208,220.0,120.0,55.4852,17.0454,10488.3209,220.0,120.0,55.4837,17.0499,10498.8556,220.0,120.0,55.4822,17.0544,10502.8152,220.0,120.0,55.4807,17.059,10499.8386,220.0,120.0,55.4792,17.0635,10499.7306,220.0,120.0
13,3917a3,AFR1219,France,50.97474,14.51644,10973.1,225,150,0.0,0,1,smooth_drift,50.9747,14.5164,10973.0893,225.0,150.0,0.9608,0.04,-0.06,-0.1118,0.142,6.0,9.0,9.0,0.4,0.5866,1.0,50.9974,14.5024,10992.6174,225.0,150.0,50.9974,14.5024,10992.6174,225.0,150.0,50.9974,14.5024,10992.6174,225.0,150.0,50.9947,14.5048,10995.5305,225.0,150.0,50.9921,14.5072,10992.71,225.0,150.0,50.9895,14.5096,10989.3346,225.0,150.0,50.9869,14.5121,10983.3781,225.0,150.0,50.9842,14.5145,10978.7898,225.0,150.0,50.9816,14.5169,10976.5746,225.0,150.0,50.979,14.5193,10973.6561,225.0,150.0,50.9763,14.5217,10972.7642,225.0,150.0,50.9737,14.5241,10972.1807,225.0,150.0,50.9719,14.5254,10965.2396,225.0,150.0,50.9708,14.5255,10967.8236,225.0,150.0,50.9704,14.5244,10968.5308,225.0,150.0,50.9709,14.5222,10973.0893,225.0,150.0
13,46b8c1,FIN6KP,Finland,55.96184,20.97518,10016.3,215,200,0.0,0,0,,55.9618,20.9752,10016.3044,215.0,200.0,-0.2809,-0.4741,0.0567,0.1587,-0.0777,8.0,9.0,9.0,0.9277,0.4529,1.0,55.9973,20.9982,10007.8677,215.0,200.0,55.9973,20.9982,10007.8677,215.0,200.0,55.9973,20.9982,10007.8677,215.0,200.0,55.9945,20.9965,10011.3047,215.0,200.0,55.9918,20.9947,10003.4887,215.0,200.0,55.9891,20.9929,10002.9392,215.0,200.0,55.9864,20.9911,10006.5556,215.0,200.0,55.9836,20.9894,10020.7767,215.0,200.0,55.9809,20.9876,10013.4275,215.0,200.0,55.9782,20.9858,10005.3264,215.0,200.0,55.9755,20.984,10014.4618,215.0,200.0,55.9727,20.9823,10015.2177,215.0,200.0,55.97,20.9805,10015.2406,215.0,200.0,55.9673,20.9787,10014.7486,215.0,200.0,55.9646,20.977,10018.6562,215.0,200.0,55.9618,20.9752,10016.3044,215.0,200.0
13,4ca8e0,RYR3LM,Ireland,53.67809,19.73592,11200.7,232,240,0.0,0,0,,53.6781,19.7359,11200.7369,232.0,240.0,-0.0291,-0.0773,0.1939,-0.0953,-0.176,8.0,9.0,9.0,0.8848,0.3258,1.0,53.6984,19.7954,11194.7523,232.0,240.0,53.6984,19.7954,11194.7523,232.0,240.0,53.6984,19.7954,11194.7523,232.0,240.0,53.6969,19.7908,11201.8593,232.0,240.0,53.6953,19.7863,11199.322,232.0,240.0,53.6937,19.7817,11197.015,232.0,240.0,53.6922,19.7771,11202.6529,232.0,240.0,53.6906,19.7725,11205.031,232.0,240.0,53.689,19.768,11200.602,232.0,240.0,53.6875,19.7634,11201.4655,232.0,240.0,53.6859,19.7588,11200.8315,232.0,240.0,53.6844,19.7542,11199.181,232.0,240.0,53.6828,19.7497,11190.9378,232.0,240.0,53.6812,19.7451,11194.5871,232.0,240.0,53.6797,19.7405,11198.0691,232.0,240.0,53.6781,19.7359,11200.7369,232.0,240.0
13,478129,WZZ2BV,Hungary,51.70721,22.43397,10797.2,220,280,0.0,0,0,,51.7072,22.434,10797.1923,220.0,280.0,0.1228,0.145,0.0683,0.0003,0.3082,8.0,9.0,9.0,0.8671,0.3973,1.0,51.7005,22.4953,10799.5964,220.0,280.0,51.7005,22.4953,10799.5964,220.0,280.0,51.7005,22.4953,10799.5964,220.0,280.0,51.701,22.4906,10801.6689,220.0,280.0,51.7015,22.4859,10802.2984,220.0,280.0,51.7021,22.4811,10790.2423,220.0,280.0,51.7026,22.4764,10793.1496,220.0,280.0,51.7031,22.4717,10792.0397,220.0,280.0,51.7036,22.467,10787.808,220.0,280.0,51.7041,22.4623,10784.2709,220.0,280.0,51.7046,22.4576,10779.495,220.0,280.0,51.7052,22.4528,10784.3566,220.0,280.0,51.7057,22.4481,10786.3282,220.0,280.0,51.7062,22.4434,10782.6519,220.0,280.0,51.7067,22.4387,10790.6965,220.0,280.0,51.7072,22.434,10797.1923,220.0,280.0
13,4ba8c2,TAR9FX,Turkey,52.2,23.42451,9489.5,245,270,0.0,0,0,,52.2,23.4245,9489.5374,245.0,270.0,-0.1828,-0.2014,0.1946,-0.4382,-0.0738,8.0,9.0,9.0,0.9196,0.4468,1.0,52.2,23.4946,9497.6859,245.0,270.0,52.2,23.4946,9497.6859,245.0,270.0,52.2,23.4946,9497.6859,245.0,270.0,52.2,23.4892,9498.5552,245.0,270.0,52.2,23.4838,9495.8768,245.0,270.0,52.2,23.4784,9503.2663,245.0,270.0,52.2,23.473,9493.4446,245.0,270.0,52.2,23.4676,9485.9451,245.0,270.0,52.2,23.4623,9484.692,245.0,270.0,52.2,23.4569,9479.6258,245.0,270.0,52.2,23.4515,9488.8273,245.0,270.0,52.2,23.4461,9486.9912,245.0,270.0,52.2,23.4407,9492.9755,245.0,270.0,52.2,23.4353,9486.9593,245.0,270.0,52.2,23.4299,9487.4355,245.0,270.0,52.2,23.4245,9489.5374,245.0,270.0
13,4cab4c,EZY42AC,United Kingdom,54.59219,17.57641,11795.4,238,100,0.0,0,0,,54.5922,17.5764,11795.3681,238.0,100.0,-1.0197,-0.273,-0.4486,0.2927,-0.1296,8.0,9.0,9.0,0.9115,0.3757,1.0,54.5994,17.5055,11798.7338,238.0,100.0,54.5994,17.5055,11798.7338,238.0,100.0,54.5994,17.5055,11798.7338,238.0,100.0,54.5989,17.5109,11804.6192,238.0,100.0,54.5983,17.5164,11802.8881,238.0,100.0,54.5978,17.5218,11806.1033,238.0,100.0,54.5972,17.5273,11804.0689,238.0,100.0,54.5967,17.5327,11795.0158,238.0,100.0,54.5961,17.5382,11796.5424,238.0,100.0,54.5955,17.5437,11797.1099,238.0,100.0,54.595,17.5491,11784.9641,238.0,100.0,54.5944,17.5546,11780.3112,238.0,100.0,54.5939,17.56,11780.5098,238.0,100.0,54.5933,17.5655,11776.6345,238.0,100.0,54.5928,17.5709,11792.315,238.0,100.0,54.5922,17.5764,11795.3681,238.0,100.0
14,4ca87b,RYR2KE,Ireland,54.4,18.57995,10989.9,230,90,0.0,0,0,,54.4,18.5799,10989.8518,230.0,90.0,0.3292,0.3398,0.2049,0.0094,-0.0718,8.0,9.0,9.0,0.9402,0.2185,1.0,54.4,18.5053,10999.4177,230.0,90.0,54.4,18.5053,10999.4177,230.0,90.0,54.4,18.5107,10998.4662,230.0,90.0,54.4,18.516,10994.0684,230.0,90.0,54.4,18.5213,10994.5531,230.0,90.0,54.4,18.5266,10996.3632,230.0,90.0,54.4,18.532,10995.5553,230.0,90.0,54.4,18.5373,10992.4129,230.0,90.0,54.4,18.5426,10990.3306,230.0,90.0,54.4,18.548,10987.0518,230.0,90.0,54.4,18.5533,10986.3107,230.0,90.0,54.4,18.5586,10974.0319,230.0,90.0,54.4,18.564,10981.1796,230.0,90.0,54.4,18.5693,10988.2039,230.0,90.0,54.4,18.5746,10989.401,230.0,90.0,54.4,18.5799,10989.8518,230.0,90.0
14,471f8b,LOT283,Poland,52.5341,20.85298,9516.9,220,320,0.0,0,0,,52.5341,20.853,9516.8844,220.0,320.0,-0.1956,-0.2658,-0.175,0.0108,-0.1698,8.0,9.0,9.0,0.932,0.4108,1.0,52.5023,20.8969,9493.6672,220.0,320.0,52.5023,20.8969,9493.6672,220.0,320.0,52.5045,20.8937,9497.0134,220.0,320.0,52.5068,20.8906,9504.8593,220.0,320.0,52.5091,20.8875,9503.5962,220.0,320.0,52.5114,20.8843,9507.2607,220.0,320.0,52.5136,20.8812,9516.6468,220.0,320.0,52.5159,20.8781,9516.4792,220.0,320.0,52.5182,20.8749,9522.3058,220.0,320.0,52.5205,20.8718,9523.9747,220.0,320.0,52.5227,20.8687,9519.4686,220.0,320.0,52.525,20.8655,9524.9962,220.0,320.0,52.5273,20.8624,9519.8636,220.0,320.0,52.5296,20.8592,9521.4715,220.0,320.0,52.5318,20.8561,9517.1659,220.0,320.0,52.5341,20.853,9516.8844,220.0,320.0
14,3c6589,DLH4ZW,Germany,53.50843,14.58041,11499.9,240,80,0.0,0,0,,53.5084,14.5804,11499.8885,240.0,80.0,-0.7381,0.1312,0.0624,-0.0555,0.3957,8.0,9.0,9.0,0.9032,0.4645,1.0,53.5006,14.5054,11496.906,240.0,80.0,53.5006,14.5054,11496.906,240.0,80.0,53.5011,14.5107,11494.3175,240.0,80.0,53.5017,14.5161,11506.0334,240.0,80.0,53.5022,14.5214,11505.9919,240.0,80.0,53.5028,14.5268,11499.2833,240.0,80.0,53.5034,14.5322,11500.6972,240.0,80.0,53.5039,14.5375,11501.2169,240.0,80.0,53.5045,14.5429,11500.3955,240.0,80.0,53.5051,14.5482,11502.2407,240.0,80.0,53.5056,14.5536,11502.3266,240.0,80.0,53.5062,14.559,11501.5407,240.0,80.0,53.5067,14.5643,11505.1127,240.0,80.0,53.5073,14.5697,11510.2008,240.0,80.0,53.5079,14.5751,11498.1659,240.0,80.0,53.5084,14.5804,11499.8885,240.0,80.0
14,4b1805,SWR12X,Switzerland,52.75532,17.97311,10786.6,235,200,0.0,0,0,,52.7553,17.9731,10786.5856,235.0,200.0,-1.7059,0.1556,0.0546,0.2923,-0.1557,8.0,9.0,9.0,0.8939,0.5153,1.0,52.797,17.9982,10803.9712,235.0,200.0,52.797,17.9982,10803.9712,235.0,200.0,52.794,17.9964,10810.0159,235.0,200.0,52.7911,17.9946,10817.7237,235.0,200.0,52.7881,17.9928,10815.8511,235.0,200.0,52.7851,17.991,10811.4117,235.0,200.0,52.7821,17.9892,10800.6003,235.0,200.0,52.7791,17.9875,10794.7577,235.0,200.0,52.7762,17.9857,10792.375,235.0,200.0,52.7732,17.9839,10793.3593,235.0,200.0,52.7702,17.9821,10798.7198,235.0,200.0,52.7672,17.9803,10791.3598,235.0,200.0,52.7643,17.9785,10786.1062,235.0,200.0,52.7613,17.9767,10788.3635,235.0,200.0,52.7583,17.9749,10789.9116,235.0,200.0,52.7553,17.9731,10786.5856,235.0,200.0
14,440048,BAW893,United Kingdom,53.04145,16.04859,12019.5,250,60,0.0,0,1,smooth_drift,53.0414,16.0486,12019.5342,250.0,60.0,-2.1002,0.04,-0.06,-0.044,-0.2002,6.0,9.0,9.0,0.4,0.4183,1.0,53.0017,16.0049,12007.5733,250.0,60.0,53.0017,16.0049,12007.5733,250.0,60.0,53.0034,16.0097,12010.6284,250.0,60.0,53.0051,16.0146,12013.7498,250.0,60.0,53.0067,16.0194,12016.466,250.0,60.0,53.0084,16.0243,12016.5277,250.0,60.0,53.0101,16.0291,12008.9771,250.0,60.0,53.0118,16.034,12018.7528,250.0,60.0,53.0135,16.0388,12010.8102,250.0,60.0,53.0152,16.0437,12017.7868,250.0,60.0,53.0169,16.0485,12017.9499,250.0,60.0,53.0193,16.0522,12018.4661,250.0,60.0,53.0225,16.0548,12027.9702,250.0,60.0,53.0265,16.0562,12024.6322,250.0,60.0,53.0313,16.0564,12014.9295,250.0,60.0,53.0368,16.0555,12019.5342,250.0,60.0
14,4ac9b0,SAS2HK,Sweden,55.47774,17.06804,10502.0,220,120,0.0,0,0,,55.4777,17.068,10501.9943,220.0,120.0,-0.3969,-0.1223,0.1796,-0.0621,-0.5774,8.0,9.0,9.0,0.9088,0.4051,1.0,55.4985,17.0045,10500.1842,220.0,120.0,55.4985,17.0045,10500.1842,220.0,120.0,55.497,17.0091,10498.475,220.0,120.0,55.4955,17.0136,10494.6236,220.0,120.0,55.4941,17.0181,10485.7935,220.0,120.0,55.4926,17.0227,10485.3873,220.0,120.0,55.4911,17.0272,10482.3277,220.0,120.0,55.4896,17.0318,10482.3215,220.0,120.0,55.4881,17.0363,10483.1824,220.0,120.0,55.4866,17.0408,10482.3208,220.0,120.0,55.4852,17.0454,10488.3209,220.0,120.0,55.4837,17.0499,10498.8556,220.0,120.0,55.4822,17.0544,10502.8152,220.0,120.0,55.4807,17.059,10499.8386,220.0,120.0,55.4792,17.0635,10499.7306,220.0,120.0,55.4777,17.068,10501.9943,220.0,120.0
14,3917a3,AFR1219,France,50.97672,14.51193,10971.5,225,150,0.0,0,1,smooth_drift,50.9767,14.5119,10971.4551,225.0,150.0,-0.2947,0.04,-0.06,-0.0731,-0.0824,6.0,9.0,9.0,0.4,0.4769,1.0,50.9974,14.5024,10992.6174,225.0,150.0,50.9974,14.5024,10992.6174,225.0,150.0,50.9947,14.5048,10995.5305,225.0,150.0,50.9921,14.5072,10992.71,225.0,150.0,50.9895,14.5096,10989.3346,225.0,150.0,50.9869,14.5121,10983.3781,225.0,150.0,50.9842,14.5145,10978.7898,225.0,150.0,50.9816,14.5169,10976.5746,225.0,150.0,50.979,14.5193,10973.6561,225.0,150.0,50.9763,14.5217,10972.7642,225.0,150.0,50.9737,14.5241,10972.1807,225.0,150.0,50.9719,14.5254,10965.2396,225.0,150.0,50.9708,14.5255,10967.8236,225.0,150.0,50.9704,14.5244,10968.5308,225.0,150.0,50.9709,14.5222,10973.0893,225.0,150.0,50.9721,14.5188,10971.4551,225.0,150.0
14,46b8c1,FIN6KP,Finland,55.95912,20.97341,10010.8,215,200,0.0,0,0,,55.9591,20.9734,10010.7566,215.0,200.0,1.0727,0.2733,-0.1893,0.0967,-0.2347,8.0,9.0,9.0,0.8928,0.4516,1.0,55.9973,20.9982,10007.8677,215.0,200.0,55.9973,20.9982,10007.8677,215.0,200.0,55.9945,20.9965,10011.3047,215.0,200.0,55.9918,20.9947,10003.4887,215.0,200.0,55.9891,20.9929,10002.9392,215.0,200.0,55.9864,20.9911,10006.5556,215.0,200.0,55.9836,20.9894,10020.7767,215.0,200.0,55.9809,20.9876,10013.4275,215.0,200.0,55.9782,20.9858,10005.3264,215.0,200.0,55.9755,20.984,10014.4618,215.0,200.0,55.9727,20.9823,10015.2177,215.0,200.0,55.97,20.9805,10015.2406,215.0,200.0,55.9673,20.9787,10014.7486,215.0,200.0,55.9646,20.977,10018.6562,215.0,200.0,55.9618,20.9752,10016.3044,215.0,200.0,55.9591,20.9734,10010.7566,215.0,200.0
14,4ca8e0,RYR3LM,Ireland,53.67653,19.73135,11203.0,232,240,0.0,0,0,,53.6765,19.7313,11203.0141,232.0,240.0,0.5751,0.1515,-0.2273,-0.3262,0.3536,8.0,9.0,9.0,0.9481,0.3483,1.0,53.6984,19.7954,11194.7523,232.0,240.0,53.6984,19.7954,11194.7523,232.0,240.0,53.6969,19.7908,11201.8593,232.0,240.0,53.6953,19.7863,11199.322,232.0,240.0,53.6937,19.7817,11197.015,232.0,240.0,53.6922,19.7771,11202.6529,232.0,240.0,53.6906,19.7725,11205.031,232.0,240.0,53.689,19.768,11200.602,232.0,240.0,53.6875,19.7634,11201.4655,232.0,240.0,53.6859,19.7588,11200.8315,232.0,240.0,53.6844,19.7542,11199.181,232.0,240.0,53.6828,19.7497,11190.9378,232.0,240.0,53.6812,19.7451,11194.5871,232.0,240.0,53.6797,19.7405,11198.0691,232.0,240.0,53.6781,19.7359,11200.7369,232.0,240.0,53.6765,19.7313,11203.0141,232.0,240.0
14,478129,WZZ2BV,Hungary,51.70773,22.42926,10792.1,220,280,0.0,0,0,,51.7077,22.4293,10792.1186,220.0,280.0,0.1502,-0.2915,-0.1604,-0.0743,-0.4222,8.0,9.0,9.0,0.9022,0.4795,1.0,51.7005,22.4953,10799.5964,220.0,280.0,51.7005,22.4953,10799.5964,220.0,280.0,51.701,22.4906,10801.6689,220.0,280.0,51.7015,22.4859,10802.2984,220.0,280.0,51.7021,22.4811,10790.2423,220.0,280.0,51.7026,22.4764,10793.1496,220.0,280.0,51.7031,22.4717,10792.0397,220.0,280.0,51.7036,22.467,10787.808,220.0,280.0,51.7041,22.4623,10784.2709,220.0,280.0,51.7046,22.4576,10779.495,220.0,280.0,51.7052,22.4528,10784.3566,220.0,280.0,51.7057,22.4481,10786.3282,220.0,280.0,51.7062,22.4434,10782.6519,220.0,280.0,51.7067,22.4387,10790.6965,220.0,280.0,51.7072,22.434,10797.1923,220.0,280.0,51.7077,22.4293,10792.1186,220.0,280.0
14,4ba8c2,TAR9FX,Turkey,52.2,23.41911,9489.5,245,270,0.0,0,0,,52.2,23.4191,9489.451,245.0,270.0,-1.4349,0.1049,-0.4011,-0.0784,-0.1945,8.0,9.0,9.0,0.9221,0.3947,1.0,52.2,23.4946,9497.6859,245.0,270.0,52.2,23.4946,9497.6859,245.0,270.0,52.2,23.4892,9498.5552,245.0,270.0,52.2,23.4838,9495.8768,245.0,270.0,52.2,23.4784,9503.2663,245.0,270.0,52.2,23.473,9493.4446,245.0,270.0,52.2,23.4676,9485.9451,245.0,270.0,52.2,23.4623,9484.692,245.0,270.0,52.2,23.4569,9479.6258,245.0,270.0,52.2,23.4515,9488.8273,245.0,270.0,52.2,23.4461,9486.9912,245.0,270.0,52.2,23.4407,9492.9755,245.0,270.0,52.2,23.4353,9486.9593,245.0,270.0,52.2,23.4299,9487.4355,245.0,270.0,52.2,23.4245,9489.5374,245.0,270.0,52.2,23.4191,9489.451,245.0,270.0
14,4cab4c,EZY42AC,United Kingdom,54.59164,17.58186,11801.4,238,100,0.0,0,0,,54.5916,17.5819,11801.3636,238.0,100.0,-0.7067,0.2799,-0.057,-0.1597,0.2467,8.0,9.0,9.0,0.9182,0.4472,1.0,54.5994,17.5055,11798.7338,238.0,100.0,54.5994,17.5055,11798.7338,238.0,100.0,54.5989,17.5109,11804.6192,238.0,100.0,54.5983,17.5164,11802.8881,238.0,100.0,54.5978,17.5218,11806.1033,238.0,100.0,54.5972,17.5273,11804.0689,238.0,100.0,54.5967,17.5327,11795.0158,238.0,100.0,54.5961,17.5382,11796.5424,238.0,100.0,54.5955,17.5437,11797.1099,238.0,100.0,54.595,17.5491,11784.9641,238.0,100.0,54.5944,17.5546,11780.3112,238.0,100.0,54.5939,17.56,11780.5098,238.0,100.0,54.5933,17.5655,11776.6345,238.0,100.0,54.5928,17.5709,11792.315,238.0,100.0,54.5922,17.5764,11795.3681,238.0,100.0,54.5916,17.5819,11801.3636,238.0,100.0
15,4ca87b,RYR2KE,Ireland,54.4,18.58528,10988.7,230,90,0.0,0,0,,54.4,18.5853,10988.6917,230.0,90.0,1.1483,0.0081,0.0571,0.073,-0.0329,8.0,9.0,9.0,0.8986,0.5685,1.0,54.4,18.5053,10999.4177,230.0,90.0,54.4,18.5107,10998.4662,230.0,90.0,54.4,18.516,10994.0684,230.0,90.0,54.4,18.5213,10994.5531,230.0,90.0,54.4,18.5266,10996.3632,230.0,90.0,54.4,18.532,10995.5553,230.0,90.0,54.4,18.5373,10992.4129,230.0,90.0,54.4,18.5426,10990.3306,230.0,90.0,54.4,18.548,10987.0518,230.0,90.0,54.4,18.5533,10986.3107,230.0,90.0,54.4,18.5586,10974.0319,230.0,90.0,54.4,18.564,10981.1796,230.0,90.0,54.4,18.5693,10988.2039,230.0,90.0,54.4,18.5746,10989.401,230.0,90.0,54.4,18.5799,10989.8518,230.0,90.0,54.4,18.5853,10988.6917,230.0,90.0
15,471f8b,LOT283,Poland,52.53637,20.84984,9530.5,220,320,0.0,0,0,,52.5364,20.8498,9530.4518,220.0,320.0,0.9886,0.2747,0.0337,0.3143,0.261,8.0,9.0,9.0,0.9135,0.2977,1.0,52.5023,20.8969,9493.6672,220.0,320.0,52.5045,20.8937,9497.0134,220.0,320.0,52.5068,20.8906,9504.8593,220.0,320.0,52.5091,20.8875,9503.5962,220.0,320.0,52.5114,20.8843,9507.2607,220.0,320.0,52.5136,20.8812,9516.6468,220.0,320.0,52.5159,20.8781,9516.4792,220.0,320.0,52.5182,20.8749,9522.3058,220.0,320.0,52.5205,20.8718,9523.9747,220.0,320.0,52.5227,20.8687,9519.4686,220.0,320.0,52.525,20.8655,9524.9962,220.0,320.0,52.5273,20.8624,9519.8636,220.0,320.0,52.5296,20.8592,9521.4715,220.0,320.0,52.5318,20.8561,9517.1659,220.0,320.0,52.5341,20.853,9516.8844,220.0,320.0,52.5364,20.8498,9530.4518,220.0,320.0
15,3c6589,DLH4ZW,Germany,53.50899,14.58577,11508.8,240,80,0.0,0,0,,53.509,14.5858,11508.8394,240.0,80.0,0.0934,0.0726,0.1064,-0.1187,-0.2021,8.0,9.0,9.0,0.9444,0.3201,1.0,53.5006,14.5054,11496.906,240.0,80.0,53.5011,14.5107,11494.3175,240.0,80.0,53.5017,14.5161,11506.0334,240.0,80.0,53.5022,14.5214,11505.9919,240.0,80.0,53.5028,14.5268,11499.2833,240.0,80.0,53.5034,14.5322,11500.6972,240.0,80.0,53.5039,14.5375,11501.2169,240.0,80.0,53.5045,14.5429,11500.3955,240.0,80.0,53.5051,14.5482,11502.2407,240.0,80.0,53.5056,14.5536,11502.3266,240.0,80.0,53.5062,14.559,11501.5407,240.0,80.0,53.5067,14.5643,11505.1127,240.0,80.0,53.5073,14.5697,11510.2008,240.0,80.0,53.5079,14.5751,11498.1659,240.0,80.0,53.5084,14.5804,11499.8885,240.0,80.0,53.509,14.5858,11508.8394,240.0,80.0
15,4b1805,SWR12X,Switzerland,52.75234,17.97132,10790.8,235,200,0.0,0,0,,52.7523,17.9713,10790.8252,235.0,200.0,0.766,-0.1227,0.006,0.2969,-0.1904,8.0,9.0,9.0,0.9501,0.4726,1.0,52.797,17.9982,10803.9712,235.0,200.0,52.794,17.9964,10810.0159,235.0,200.0,52.7911,17.9946,10817.7237,235.0,200.0,52.7881,17.9928,10815.8511,235.0,200.0,52.7851,17.991,10811.4117,235.0,200.0,52.7821,17.9892,10800.6003,235.0,200.0,52.7791,17.9875,10794.7577,235.0,200.0,52.7762,17.9857,10792.375,235.0,200.0,52.7732,17.9839,10793.3593,235.0,200.0,52.7702,17.9821,10798.7198,235.0,200.0,52.7672,17.9803,10791.3598,235.0,200.0,52.7643,17.9785,10786.1062,235.0,200.0,52.7613,17.9767,10788.3635,235.0,200.0,52.7583,17.9749,10789.9116,235.0,200.0,52.7553,17.9731,10786.5856,235.0,200.0,52.7523,17.9713,10790.8252,235.0,200.0
15,440048,BAW893,United Kingdom,53.04852,16.04537,12016.8,250,60,0.0,0,1,smooth_drift,53.0485,16.0454,12016.8109,250.0,60.0,-0.4204,0.04,-0.06,0.0908,-0.1597,6.0,9.0,9.0,0.4,0.4356,1.0,53.0017,16.0049,12007.5733,250.0,60.0,53.0034,16.0097,12010.6284,250.0,60.0,53.0051,16.0146,12013.7498,250.0,60.0,53.0067,16.0194,12016.466,250.0,60.0,53.0084,16.0243,12016.5277,250.0,60.0,53.0101,16.0291,12008.9771,250.0,60.0,53.0118,16.034,12018.7528,250.0,60.0,53.0135,16.0388,12010.8102,250.0,60.0,53.0152,16.0437,12017.7868,250.0,60.0,53.0169,16.0485,12017.9499,250.0,60.0,53.0193,16.0522,12018.4661,250.0,60.0,53.0225,16.0548,12027.9702,250.0,60.0,53.0265,16.0562,12024.6322,250.0,60.0,53.0313,16.0564,12014.9295,250.0,60.0,53.0368,16.0555,12019.5342,250.0,60.0,53.0431,16.0534,12016.8109,250.0,60.0
15,4ac9b0,SAS2HK,Sweden,55.47626,17.07258,10499.4,220,120,0.0,0,0,,55.4763,17.0726,10499.3858,220.0,120.0,0.6498,-0.0364,0.2407,-0.2105,-0.0862,8.0,9.0,9.0,0.9337,0.2353,1.0,55.4985,17.0045,10500.1842,220.0,120.0,55.497,17.0091,10498.475,220.0,120.0,55.4955,17.0136,10494.6236,220.0,120.0,55.4941,17.0181,10485.7935,220.0,120.0,55.4926,17.0227,10485.3873,220.0,120.0,55.4911,17.0272,10482.3277,220.0,120.0,55.4896,17.0318,10482.3215,220.0,120.0,55.4881,17.0363,10483.1824,220.0,120.0,55.4866,17.0408,10482.3208,220.0,120.0,55.4852,17.0454,10488.3209,220.0,120.0,55.4837,17.0499,10498.8556,220.0,120.0,55.4822,17.0544,10502.8152,220.0,120.0,55.4807,17.059,10499.8386,220.0,120.0,55.4792,17.0635,10499.7306,220.0,120.0,55.4777,17.068,10501.9943,220.0,120.0,55.4763,17.0726,10499.3858,220.0,120.0
15,3917a3,AFR1219,France,50.97948,14.50626,10980.5,225,150,0.0,0,1,smooth_drift,50.9795,14.5063,10980.455,225.0,150.0,-0.7838,0.04,-0.06,-0.2748,-0.1126,6.0,9.0,9.0,0.4,0.4078,1.0,50.9974,14.5024,10992.6174,225.0,150.0,50.9947,14.5048,10995.5305,225.0,150.0,50.9921,14.5072,10992.71,225.0,150.0,50.9895,14.5096,10989.3346,225.0,150.0,50.9869,14.5121,10983.3781,225.0,150.0,50.9842,14.5145,10978.7898,225.0,150.0,50.9816,14.5169,10976.5746,225.0,150.0,50.979,14.5193,10973.6561,225.0,150.0,50.9763,14.5217,10972.7642,225.0,150.0,50.9737,14.5241,10972.1807,225.0,150.0,50.9719,14.5254,10965.2396,225.0,150.0,50.9708,14.5255,10967.8236,225.0,150.0,50.9704,14.5244,10968.5308,225.0,150.0,50.9709,14.5222,10973.0893,225.0,150.0,50.9721,14.5188,10971.4551,225.0,150.0,50.9741,14.5143,10980.455,225.0,150.0
15,46b8c1,FIN6KP,Finland,55.95639,20.97163,10009.5,215,200,0.0,0,0,,55.9564,20.9716,10009.5173,215.0,200.0,-1.8611,-0.0661,-0.0413,-0.0934,-0.1397,8.0,9.0,9.0,0.9108,0.3928,1.0,55.9973,20.9982,10007.8677,215.0,200.0,55.9945,20.9965,10011.3047,215.0,200.0,55.9918,20.9947,10003.4887,215.0,200.0,55.9891,20.9929,10002.9392,215.0,200.0,55.9864,20.9911,10006.5556,215.0,200.0,55.9836,20.9894,10020.7767,215.0,200.0,55.9809,20.9876,10013.4275,215.0,200.0,55.9782,20.9858,10005.3264,215.0,200.0,55.9755,20.984,10014.4618,215.0,200.0,55.9727,20.9823,10015.2177,215.0,200.0,55.97,20.9805,10015.2406,215.0,200.0,55.9673,20.9787,10014.7486,215.0,200.0,55.9646,20.977,10018.6562,215.0,200.0,55.9618,20.9752,10016.3044,215.0,200.0,55.9591,20.9734,10010.7566,215.0,200.0,55.9564,20.9716,10009.5173,215.0,200.0
15,4ca8e0,RYR3LM,Ireland,53.67496,19.72677,11206.8,232,240,0.0,0,0,,53.675,19.7268,11206.8419,232.0,240.0,-0.2248,-0.2397,0.3375,0.0599,-0.3223,8.0,9.0,9.0,0.9625,0.2307,1.0,53.6984,19.7954,11194.7523,232.0,240.0,53.6969,19.7908,11201.8593,232.0,240.0,53.6953,19.7863,11199.322,232.0,240.0,53.6937,19.7817,11197.015,232.0,240.0,53.6922,19.7771,11202.6529,232.0,240.0,53.6906,19.7725,11205.031,232.0,240.0,53.689,19.768,11200.602,232.0,240.0,53.6875,19.7634,11201.4655,232.0,240.0,53.6859,19.7588,11200.8315,232.0,240.0,53.6844,19.7542,11199.181,232.0,240.0,53.6828,19.7497,11190.9378,232.0,240.0,53.6812,19.7451,11194.5871,232.0,240.0,53.6797,19.7405,11198.0691,232.0,240.0,53.6781,19.7359,11200.7369,232.0,240.0,53.6765,19.7313,11203.0141,232.0,240.0,53.675,19.7268,11206.8419,232.0,240.0
15,478129,WZZ2BV,Hungary,51.70824,22.42454,10786.7,220,280,0.0,0,0,,51.7082,22.4245,10786.7201,220.0,280.0,1.671,-0.561,-0.3131,0.0245,0.0545,8.0,9.0,9.0,0.9201,0.3963,1.0,51.7005,22.4953,10799.5964,220.0,280.0,51.701,22.4906,10801.6689,220.0,280.0,51.7015,22.4859,10802.2984,220.0,280.0,51.7021,22.4811,10790.2423,220.0,280.0,51.7026,22.4764,10793.1496,220.0,280.0,51.7031,22.4717,10792.0397,220.0,280.0,51.7036,22.467,10787.808,220.0,280.0,51.7041,22.4623,10784.2709,220.0,280.0,51.7046,22.4576,10779.495,220.0,280.0,51.7052,22.4528,10784.3566,220.0,280.0,51.7057,22.4481,10786.3282,220.0,280.0,51.7062,22.4434,10782.6519,220.0,280.0,51.7067,22.4387,10790.6965,220.0,280.0,51.7072,22.434,10797.1923,220.0,280.0,51.7077,22.4293,10792.1186,220.0,280.0,51.7082,22.4245,10786.7201,220.0,280.0
15,4ba8c2,TAR9FX,Turkey,52.2,23.41372,9484.1,245,270,0.0,0,0,,52.2,23.4137,9484.0597,245.0,270.0,-0.0122,-0.2253,0.085,-0.5122,-0.2509,8.0,9.0,9.0,0.9231,0.4729,1.0,52.2,23.4946,9497.6859,245.0,270.0,52.2,23.4892,9498.5552,245.0,270.0,52.2,23.4838,9495.8768,245.0,270.0,52.2,23.4784,9503.2663,245.0,270.0,52.2,23.473,9493.4446,245.0,270.0,52.2,23.4676,9485.9451,245.0,270.0,52.2,23.4623,9484.692,245.0,270.0,52.2,23.4569,9479.6258,245.0,270.0,52.2,23.4515,9488.8273,245.0,270.0,52.2,23.4461,9486.9912,245.0,270.0,52.2,23.4407,9492.9755,245.0,270.0,52.2,23.4353,9486.9593,245.0,270.0,52.2,23.4299,9487.4355,245.0,270.0,52.2,23.4245,9489.5374,245.0,270.0,52.2,23.4191,9489.451,245.0,270.0,52.2,23.4137,9484.0597,245.0,270.0
15,4cab4c,EZY42AC,United Kingdom,54.59108,17.58732,11801.3,238,100,0.0,0,0,,54.5911,17.5873,11801.3101,238.0,100.0,-0.0964,0.0062,0.1362,0.0997,-0.0856,8.0,9.0,9.0,0.9314,0.5106,1.0,54.5994,17.5055,11798.7338,238.0,100.0,54.5989,17.5109,11804.6192,238.0,100.0,54.5983,17.5164,11802.8881,238.0,100.0,54.5978,17.5218,11806.1033,238.0,100.0,54.5972,17.5273,11804.0689,238.0,100.0,54.5967,17.5327,11795.0158,238.0,100.0,54.5961,17.5382,11796.5424,238.0,100.0,54.5955,17.5437,11797.1099,238.0,100.0,54.595,17.5491,11784.9641,238.0,100.0,54.5944,17.5546,11780.3112,238.0,100.0,54.5939,17.56,11780.5098,238.0,100.0,54.5933,17.5655,11776.6345,238.0,100.0,54.5928,17.5709,11792.315,238.0,100.0,54.5922,17.5764,11795.3681,238.0,100.0,54.5916,17.5819,11801.3636,238.0,100.0,54.5911,17.5873,11801.3101,238.0,100.0
16,4ca87b,RYR2KE,Ireland,54.4,18.59061,10988.8,230,90,0.0,0,0,,54.4,18.5906,10988.777,230.0,90.0,-1.7508,0.0455,-0.0193,0.1945,0.1124,8.0,9.0,9.0,0.9314,0.1699,1.0,54.4,18.5107,10998.4662,230.0,90.0,54.4,18.516,10994.0684,230.0,90.0,54.4,18.5213,10994.5531,230.0,90.0,54.4,18.5266,10996.3632,230.0,90.0,54.4,18.532,10995.5553,230.0,90.0,54.4,18.5373,10992.4129,230.0,90.0,54.4,18.5426,10990.3306,230.0,90.0,54.4,18.548,10987.0518,230.0,90.0,54.4,18.5533,10986.3107,230.0,90.0,54.4,18.5586,10974.0319,230.0,90.0,54.4,18.564,10981.1796,230.0,90.0,54.4,18.5693,10988.2039,230.0,90.0,54.4,18.5746,10989.401,230.0,90.0,54.4,18.5799,10989.8518,230.0,90.0,54.4,18.5853,10988.6917,230.0,90.0,54.4,18.5906,10988.777,230.0,90.0
16,471f8b,LOT283,Poland,52.53865,20.8467,9530.6,220,320,0.0,0,0,,52.5386,20.8467,9530.5709,220.0,320.0,-0.6593,0.2211,-0.1214,0.1879,-0.1245,8.0,9.0,9.0,0.9314,0.3648,1.0,52.5045,20.8937,9497.0134,220.0,320.0,52.5068,20.8906,9504.8593,220.0,320.0,52.5091,20.8875,9503.5962,220.0,320.0,52.5114,20.8843,9507.2607,220.0,320.0,52.5136,20.8812,9516.6468,220.0,320.0,52.5159,20.8781,9516.4792,220.0,320.0,52.5182,20.8749,9522.3058,220.0,320.0,52.5205,20.8718,9523.9747,220.0,320.0,52.5227,20.8687,9519.4686,220.0,320.0,52.525,20.8655,9524.9962,220.0,320.0,52.5273,20.8624,9519.8636,220.0,320.0,52.5296,20.8592,9521.4715,220.0,320.0,52.5318,20.8561,9517.1659,220.0,320.0,52.5341,20.853,9516.8844,220.0,320.0,52.5364,20.8498,9530.4518,220.0,320.0,52.5386,20.8467,9530.5709,220.0,320.0
16,3c6589,DLH4ZW,Germany,53.50956,14.59113,11506.4,240,80,0.0,0,0,,53.5096,14.5911,11506.3875,240.0,80.0,0.3751,0.0567,-0.0089,0.1219,-0.1935,8.0,9.0,9.0,0.951,0.5015,1.0,53.5011,14.5107,11494.3175,240.0,80.0,53.5017,14.5161,11506.0334,240.0,80.0,53.5022,14.5214,11505.9919,240.0,80.0,53.5028,14.5268,11499.2833,240.0,80.0,53.5034,14.5322,11500.6972,240.0,80.0,53.5039,14.5375,11501.2169,240.0,80.0,53.5045,14.5429,11500.3955,240.0,80.0,53.5051,14.5482,11502.2407,240.0,80.0,53.5056,14.5536,11502.3266,240.0,80.0,53.5062,14.559,11501.5407,240.0,80.0,53.5067,14.5643,11505.1127,240.0,80.0,53.5073,14.5697,11510.2008,240.0,80.0,53.5079,14.5751,11498.1659,240.0,80.0,53.5084,14.5804,11499.8885,240.0,80.0,53.509,14.5858,11508.8394,240.0,80.0,53.5096,14.5911,11506.3875,240.0,80.0
16,4b1805,SWR12X,Switzerland,52.74936,17.96953,10787.9,235,200,0.0,0,0,,52.7494,17.9695,10787.9269,235.0,200.0,0.95,0.487,-0.1259,0.0381,-0.4336,8.0,9.0,9.0,0.9493,0.5564,1.0,52.794,17.9964,10810.0159,235.0,200.0,52.7911,17.9946,10817.7237,235.0,200.0,52.7881,17.9928,10815.8511,235.0,200.0,52.7851,17.991,10811.4117,235.0,200.0,52.7821,17.9892,10800.6003,235.0,200.0,52.7791,17.9875,10794.7577,235.0,200.0,52.7762,17.9857,10792.375,235.0,200.0,52.7732,17.9839,10793.3593,235.0,200.0,52.7702,17.9821,10798.7198,235.0,200.0,52.7672,17.9803,10791.3598,235.0,200.0,52.7643,17.9785,10786.1062,235.0,200.0,52.7613,17.9767,10788.3635,235.0,200.0,52.7583,17.9749,10789.9116,235.0,200.0,52.7553,17.9731,10786.5856,235.0,200.0,52.7523,17.9713,10790.8252,235.0,200.0,52.7494,17.9695,10787.9269,235.0,200.0
16,440048,BAW893,United Kingdom,53.05636,16.041,12011.2,250,60,0.0,0,1,smooth_drift,53.0564,16.041,12011.1539,250.0,60.0,3.1184,0.04,-0.06,0.0632,0.0241,6.0,9.0,9.0,0.4,0.3479,1.0,53.0034,16.0097,12010.6284,250.0,60.0,53.0051,16.0146,12013.7498,250.0,60.0,53.0067,16.0194,12016.466,250.0,60.0,53.0084,16.0243,12016.5277,250.0,60.0,53.0101,16.0291,12008.9771,250.0,60.0,53.0118,16.034,12018.7528,250.0,60.0,53.0135,16.0388,12010.8102,250.0,60.0,53.0152,16.0437,12017.7868,250.0,60.0,53.0169,16.0485,12017.9499,250.0,60.0,53.0193,16.0522,12018.4661,250.0,60.0,53.0225,16.0548,12027.9702,250.0,60.0,53.0265,16.0562,12024.6322,250.0,60.0,53.0313,16.0564,12014.9295,250.0,60.0,53.0368,16.0555,12019.5342,250.0,60.0,53.0431,16.0534,12016.8109,250.0,60.0,53.0502,16.0502,12011.1539,250.0,60.0
16,4ac9b0,SAS2HK,Sweden,55.47477,17.07711,10497.0,220,120,0.0,0,0,,55.4748,17.0771,10497.0491,220.0,120.0,1.8504,-0.1153,-0.2255,0.0481,0.1771,8.0,9.0,9.0,0.9234,0.3886,1.0,55.497,17.0091,10498.475,220.0,120.0,55.4955,17.0136,10494.6236,220.0,120.0,55.4941,17.0181,10485.7935,220.0,120.0,55.4926,17.0227,10485.3873,220.0,120.0,55.4911,17.0272,10482.3277,220.0,120.0,55.4896,17.0318,10482.3215,220.0,120.0,55.4881,17.0363,10483.1824,220.0,120.0,55.4866,17.0408,10482.3208,220.0,120.0,55.4852,17.0454,10488.3209,220.0,120.0,55.4837,17.0499,10498.8556,220.0,120.0,55.4822,17.0544,10502.8152,220.0,120.0,55.4807,17.059,10499.8386,220.0,120.0,55.4792,17.0635,10499.7306,220.0,120.0,55.4777,17.068,10501.9943,220.0,120.0,55.4763,17.0726,10499.3858,220.0,120.0,55.4748,17.0771,10497.0491,220.0,120.0
16,3917a3,AFR1219,France,50.98301,14.49944,10980.4,225,150,0.0,0,1,smooth_drift,50.983,14.4994,10980.4092,225.0,150.0,-0.292,0.04,-0.06,0.3421,-0.0575,6.0,9.0,9.0,0.4,0.3978,1.0,50.9947,14.5048,10995.5305,225.0,150.0,50.9921,14.5072,10992.71,225.0,150.0,50.9895,14.5096,10989.3346,225.0,150.0,50.9869,14.5121,10983.3781,225.0,150.0,50.9842,14.5145,10978.7898,225.0,150.0,50.9816,14.5169,10976.5746,225.0,150.0,50.979,14.5193,10973.6561,225.0,150.0,50.9763,14.5217,10972.7642,225.0,150.0,50.9737,14.5241,10972.1807,225.0,150.0,50.9719,14.5254,10965.2396,225.0,150.0,50.9708,14.5255,10967.8236,225.0,150.0,50.9704,14.5244,10968.5308,225.0,150.0,50.9709,14.5222,10973.0893,225.0,150.0,50.9721,14.5188,10971.4551,225.0,150.0,50.9741,14.5143,10980.455,225.0,150.0,50.9769,14.5087,10980.4092,225.0,150.0
16,46b8c1,FIN6KP,Finland,55.95367,20.96986,10009.3,215,200,0.0,0,0,,55.9537,20.9699,10009.2878,215.0,200.0,-0.9674,-0.073,-0.0625,0.0179,0.1353,8.0,9.0,9.0,0.9504,0.6731,1.0,55.9945,20.9965,10011.3047,215.0,200.0,55.9918,20.9947,10003.4887,215.0,200.0,55.9891,20.9929,10002.9392,215.0,200.0,55.9864,20.9911,10006.5556,215.0,200.0,55.9836,20.9894,10020.7767,215.0,200.0,55.9809,20.9876,10013.4275,215.0,200.0,55.9782,20.9858,10005.3264,215.0,200.0,55.9755,20.984,10014.4618,215.0,200.0,55.9727,20.9823,10015.2177,215.0,200.0,55.97,20.9805,10015.2406,215.0,200.0,55.9673,20.9787,10014.7486,215.0,200.0,55.9646,20.977,10018.6562,215.0,200.0,55.9618,20.9752,10016.3044,215.0,200.0,55.9591,20.9734,10010.7566,215.0,200.0,55.9564,20.9716,10009.5173,215.0,200.0,55.9537,20.9699,10009.2878,215.0,200.0
16,4ca8e0,RYR3LM,Ireland,53.6734,19.7222,11201.9,232,240,0.0,0,0,,53.6734,19.7222,11201.9196,232.0,240.0,2.5451,-0.0434,0.0686,-0.2512,-0.0775,8.0,9.0,9.0,0.931,0.3803,1.0,53.6969,19.7908,11201.8593,232.0,240.0,53.6953,19.7863,11199.322,232.0,240.0,53.6937,19.7817,11197.015,232.0,240.0,53.6922,19.7771,11202.6529,232.0,240.0,53.6906,19.7725,11205.031,232.0,240.0,53.689,19.768,11200.602,232.0,240.0,53.6875,19.7634,11201.4655,232.0,240.0,53.6859,19.7588,11200.8315,232.0,240.0,53.6844,19.7542,11199.181,232.0,240.0,53.6828,19.7497,11190.9378,232.0,240.0,53.6812,19.7451,11194.5871,232.0,240.0,53.6797,19.7405,11198.0691,232.0,240.0,53.6781,19.7359,11200.7369,232.0,240.0,53.6765,19.7313,11203.0141,232.0,240.0,53.675,19.7268,11206.8419,232.0,240.0,53.6734,19.7222,11201.9196,232.0,240.0
16,478129,WZZ2BV,Hungary,51.70876,22.41983,10785.5,220,280,0.0,0,0,,51.7088,22.4198,10785.501,220.0,280.0,0.5935,0.299,0.0277,-0.0131,-0.2499,8.0,9.0,9.0,0.9284,0.3499,1.0,51.701,22.4906,10801.6689,220.0,280.0,51.7015,22.4859,10802.2984,220.0,280.0,51.7021,22.4811,10790.2423,220.0,280.0,51.7026,22.4764,10793.1496,220.0,280.0,51.7031,22.4717,10792.0397,220.0,280.0,51.7036,22.467,10787.808,220.0,280.0,51.7041,22.4623,10784.2709,220.0,280.0,51.7046,22.4576,10779.495,220.0,280.0,51.7052,22.4528,10784.3566,220.0,280.0,51.7057,22.4481,10786.3282,220.0,280.0,51.7062,22.4434,10782.6519,220.0,280.0,51.7067,22.4387,10790.6965,220.0,280.0,51.7072,22.434,10797.1923,220.0,280.0,51.7077,22.4293,10792.1186,220.0,280.0,51.7082,22.4245,10786.7201,220.0,280.0,51.7088,22.4198,10785.501,220.0,280.0
16,4ba8c2,TAR9FX,Turkey,52.2,23.40833,9492.7,245,270,0.0,0,0,,52.2,23.4083,9492.7241,245.0,270.0,1.6137,0.079,-0.259,0.071,0.0498,8.0,9.0,9.0,0.8738,0.1603,1.0,52.2,23.4892,9498.5552,245.0,270.0,52.2,23.4838,9495.8768,245.0,270.0,52.2,23.4784,9503.2663,245.0,270.0,52.2,23.473,9493.4446,245.0,270.0,52.2,23.4676,9485.9451,245.0,270.0,52.2,23.4623,9484.692,245.0,270.0,52.2,23.4569,9479.6258,245.0,270.0,52.2,23.4515,9488.8273,245.0,270.0,52.2,23.4461,9486.9912,245.0,270.0,52.2,23.4407,9492.9755,245.0,270.0,52.2,23.4353,9486.9593,245.0,270.0,52.2,23.4299,9487.4355,245.0,270.0,52.2,23.4245,9489.5374,245.0,270.0,52.2,23.4191,9489.451,245.0,270.0,52.2,23.4137,9484.0597,245.0,270.0,52.2,23.4083,9492.7241,245.0,270.0
16,4cab4c,EZY42AC,United Kingdom,54.59052,17.59278,11796.9,238,100,0.0,0,0,,54.5905,17.5928,11796.8881,238.0,100.0,0.7074,0.0365,0.0861,-0.1077,0.3502,8.0,9.0,9.0,0.9158,0.338,1.0,54.5989,17.5109,11804.6192,238.0,100.0,54.5983,17.5164,11802.8881,238.0,100.0,54.5978,17.5218,11806.1033,238.0,100.0,54.5972,17.5273,11804.0689,238.0,100.0,54.5967,17.5327,11795.0158,238.0,100.0,54.5961,17.5382,11796.5424,238.0,100.0,54.5955,17.5437,11797.1099,238.0,100.0,54.595,17.5491,11784.9641,238.0,100.0,54.5944,17.5546,11780.3112,238.0,100.0,54.5939,17.56,11780.5098,238.0,100.0,54.5933,17.5655,11776.6345,238.0,100.0,54.5928,17.5709,11792.315,238.0,100.0,54.5922,17.5764,11795.3681,238.0,100.0,54.5916,17.5819,11801.3636,238.0,100.0,54.5911,17.5873,11801.3101,238.0,100.0,54.5905,17.5928,11796.8881,238.0,100.0
17,4ca87b,RYR2KE,Ireland,54.4,18.59594,10984.9,230,90,0.0,0,0,,54.4,18.5959,10984.8735,230.0,90.0,0.6305,-0.1316,0.0061,-0.0234,-0.0857,8.0,9.0,9.0,0.9344,0.4523,1.0,54.4,18.516,10994.0684,230.0,90.0,54.4,18.5213,10994.5531,230.0,90.0,54.4,18.5266,10996.3632,230.0,90.0,54.4,18.532,10995.5553,230.0,90.0,54.4,18.5373,10992.4129,230.0,90.0,54.4,18.5426,10990.3306,230.0,90.0,54.4,18.548,10987.0518,230.0,90.0,54.4,18.5533,10986.3107,230.0,90.0,54.4,18.5586,10974.0319,230.0,90.0,54.4,18.564,10981.1796,230.0,90.0,54.4,18.5693,10988.2039,230.0,90.0,54.4,18.5746,10989.401,230.0,90.0,54.4,18.5799,10989.8518,230.0,90.0,54.4,18.5853,10988.6917,230.0,90.0,54.4,18.5906,10988.777,230.0,90.0,54.4,18.5959,10984.8735,230.0,90.0
17,471f8b,LOT283,Poland,52.54092,20.84357,9527.8,220,320,0.0,0,0,,52.5409,20.8436,9527.8115,220.0,320.0,-0.5257,0.1334,-0.1348,0.0299,-0.1647,8.0,9.0,9.0,0.9021,0.5204,1.0,52.5068,20.8906,9504.8593,220.0,320.0,52.5091,20.8875,9503.5962,220.0,320.0,52.5114,20.8843,9507.2607,220.0,320.0,52.5136,20.8812,9516.6468,220.0,320.0,52.5159,20.8781,9516.4792,220.0,320.0,52.5182,20.8749,9522.3058,220.0,320.0,52.5205,20.8718,9523.9747,220.0,320.0,52.5227,20.8687,9519.4686,220.0,320.0,52.525,20.8655,9524.9962,220.0,320.0,52.5273,20.8624,9519.8636,220.0,320.0,52.5296,20.8592,9521.4715,220.0,320.0,52.5318,20.8561,9517.1659,220.0,320.0,52.5341,20.853,9516.8844,220.0,320.0,52.5364,20.8498,9530.4518,220.0,320.0,52.5386,20.8467,9530.5709,220.0,320.0,52.5409,20.8436,9527.8115,220.0,320.0
17,3c6589,DLH4ZW,Germany,53.51012,14.5965,11506.4,240,80,0.0,0,0,,53.5101,14.5965,11506.4147,240.0,80.0,0.2568,-0.0682,0.1391,0.0073,-0.0434,8.0,9.0,9.0,0.9335,0.4376,1.0,53.5017,14.5161,11506.0334,240.0,80.0,53.5022,14.5214,11505.9919,240.0,80.0,53.5028,14.5268,11499.2833,240.0,80.0,53.5034,14.5322,11500.6972,240.0,80.0,53.5039,14.5375,11501.2169,240.0,80.0,53.5045,14.5429,11500.3955,240.0,80.0,53.5051,14.5482,11502.2407,240.0,80.0,53.5056,14.5536,11502.3266,240.0,80.0,53.5062,14.559,11501.5407,240.0,80.0,53.5067,14.5643,11505.1127,240.0,80.0,53.5073,14.5697,11510.2008,240.0,80.0,53.5079,14.5751,11498.1659,240.0,80.0,53.5084,14.5804,11499.8885,240.0,80.0,53.509,14.5858,11508.8394,240.0,80.0,53.5096,14.5911,11506.3875,240.0,80.0,53.5101,14.5965,11506.4147,240.0,80.0
17,4b1805,SWR12X,Switzerland,52.74638,17.96774,10788.3,235,200,0.0,0,0,,52.7464,17.9677,10788.3301,235.0,200.0,0.8013,0.2913,0.1502,0.0384,0.2832,8.0,9.0,9.0,0.9145,0.326,1.0,52.7911,17.9946,10817.7237,235.0,200.0,52.7881,17.9928,10815.8511,235.0,200.0,52.7851,17.991,10811.4117,235.0,200.0,52.7821,17.9892,10800.6003,235.0,200.0,52.7791,17.9875,10794.7577,235.0,200.0,52.7762,17.9857,10792.375,235.0,200.0,52.7732,17.9839,10793.3593,235.0,200.0,52.7702,17.9821,10798.7198,235.0,200.0,52.7672,17.9803,10791.3598,235.0,200.0,52.7643,17.9785,10786.1062,235.0,200.0,52.7613,17.9767,10788.3635,235.0,200.0,52.7583,17.9749,10789.9116,235.0,200.0,52.7553,17.9731,10786.5856,235.0,200.0,52.7523,17.9713,10790.8252,235.0,200.0,52.7494,17.9695,10787.9269,235.0,200.0,52.7464,17.9677,10788.3301,235.0,200.0
17,440048,BAW893,United Kingdom,53.06497,16.03547,12014.1,250,60,0.0,0,1,smooth_drift,53.065,16.0355,12014.0639,250.0,60.0,-1.1757,0.04,-0.06,0.0305,0.06,6.0,9.0,9.0,0.4,0.6158,1.0,53.0051,16.0146,12013.7498,250.0,60.0,53.0067,16.0194,12016.466,250.0,60.0,53.0084,16.0243,12016.5277,250.0,60.0,53.0101,16.0291,12008.9771,250.0,60.0,53.0118,16.034,12018.7528,250.0,60.0,53.0135,16.0388,12010.8102,250.0,60.0,53.0152,16.0437,12017.7868,250.0,60.0,53.0169,16.0485,12017.9499,250.0,60.0,53.0193,16.0522,12018.4661,250.0,60.0,53.0225,16.0548,12027.9702,250.0,60.0,53.0265,16.0562,12024.6322,250.0,60.0,53.0313,16.0564,12014.9295,250.0,60.0,53.0368,16.0555,12019.5342,250.0,60.0,53.0431,16.0534,12016.8109,250.0,60.0,53.0502,16.0502,12011.1539,250.0,60.0,53.058,16.0459,12014.0639,250.0,60.0
17,4ac9b0,SAS2HK,Sweden,55.47329,17.08165,10499.8,220,120,0.0,0,0,,55.4733,17.0816,10499.8203,220.0,120.0,1.494,0.0209,0.0924,0.241,-0.4191,8.0,9.0,9.0,0.9376,0.4942,1.0,55.4955,17.0136,10494.6236,220.0,120.0,55.4941,17.0181,10485.7935,220.0,120.0,55.4926,17.0227,10485.3873,220.0,120.0,55.4911,17.0272,10482.3277,220.0,120.0,55.4896,17.0318,10482.3215,220.0,120.0,55.4881,17.0363,10483.1824,220.0,120.0,55.4866,17.0408,10482.3208,220.0,120.0,55.4852,17.0454,10488.3209,220.0,120.0,55.4837,17.0499,10498.8556,220.0,120.0,55.4822,17.0544,10502.8152,220.0,120.0,55.4807,17.059,10499.8386,220.0,120.0,55.4792,17.0635,10499.7306,220.0,120.0,55.4777,17.068,10501.9943,220.0,120.0,55.4763,17.0726,10499.3858,220.0,120.0,55.4748,17.0771,10497.0491,220.0,120.0,55.4733,17.0816,10499.8203,220.0,120.0
17,3917a3,AFR1219,France,50.9873,14.49147,10986.8,225,150,0.0,0,1,smooth_drift,50.9873,14.4915,10986.8255,225.0,150.0,1.0036,0.04,-0.06,0.3704,0.1709,6.0,9.0,9.0,0.4,0.469,1.0,50.9921,14.5072,10992.71,225.0,150.0,50.9895,14.5096,10989.3346,225.0,150.0,50.9869,14.5121,10983.3781,225.0,150.0,50.9842,14.5145,10978.7898,225.0,150.0,50.9816,14.5169,10976.5746,225.0,150.0,50.979,14.5193,10973.6561,225.0,150.0,50.9763,14.5217,10972.7642,225.0,150.0,50.9737,14.5241,10972.1807,225.0,150.0,50.9719,14.5254,10965.2396,225.0,150.0,50.9708,14.5255,10967.8236,225.0,150.0,50.9704,14.5244,10968.5308,225.0,150.0,50.9709,14.5222,10973.0893,225.0,150.0,50.9721,14.5188,10971.4551,225.0,150.0,50.9741,14.5143,10980.455,225.0,150.0,50.9769,14.5087,10980.4092,225.0,150.0,50.9804,14.5018,10986.8255,225.0,150.0
17,46b8c1,FIN6KP,Finland,55.95094,20.96809,10011.7,215,200,0.0,0,0,,55.9509,20.9681,10011.7263,215.0,200.0,-1.0022,0.0363,-0.161,-0.1837,-0.1121,8.0,9.0,9.0,0.9384,0.5125,1.0,55.9918,20.9947,10003.4887,215.0,200.0,55.9891,20.9929,10002.9392,215.0,200.0,55.9864,20.9911,10006.5556,215.0,200.0,55.9836,20.9894,10020.7767,215.0,200.0,55.9809,20.9876,10013.4275,215.0,200.0,55.9782,20.9858,10005.3264,215.0,200.0,55.9755,20.984,10014.4618,215.0,200.0,55.9727,20.9823,10015.2177,215.0,200.0,55.97,20.9805,10015.2406,215.0,200.0,55.9673,20.9787,10014.7486,215.0,200.0,55.9646,20.977,10018.6562,215.0,200.0,55.9618,20.9752,10016.3044,215.0,200.0,55.9591,20.9734,10010.7566,215.0,200.0,55.9564,20.9716,10009.5173,215.0,200.0,55.9537,20.9699,10009.2878,215.0,200.0,55.9509,20.9681,10011.7263,215.0,200.0
17,4ca8e0,RYR3LM,Ireland,53.67183,19.71762,11199.6,232,240,0.0,0,0,,53.6718,19.7176,11199.5571,232.0,240.0,-2.4718,-0.2985,0.1437,0.0894,0.0221,8.0,9.0,9.0,0.9451,0.4362,1.0,53.6953,19.7863,11199.322,232.0,240.0,53.6937,19.7817,11197.015,232.0,240.0,53.6922,19.7771,11202.6529,232.0,240.0,53.6906,19.7725,11205.031,232.0,240.0,53.689,19.768,11200.602,232.0,240.0,53.6875,19.7634,11201.4655,232.0,240.0,53.6859,19.7588,11200.8315,232.0,240.0,53.6844,19.7542,11199.181,232.0,240.0,53.6828,19.7497,11190.9378,232.0,240.0,53.6812,19.7451,11194.5871,232.0,240.0,53.6797,19.7405,11198.0691,232.0,240.0,53.6781,19.7359,11200.7369,232.0,240.0,53.6765,19.7313,11203.0141,232.0,240.0,53.675,19.7268,11206.8419,232.0,240.0,53.6734,19.7222,11201.9196,232.0,240.0,53.6718,19.7176,11199.5571,232.0,240.0
17,478129,WZZ2BV,Hungary,51.70927,22.41511,10784.2,220,280,0.0,0,0,,51.7093,22.4151,10784.2463,220.0,280.0,-1.0675,-0.0149,0.0736,0.342,0.4677,8.0,9.0,9.0,0.9438,0.3525,1.0,51.7015,22.4859,10802.2984,220.0,280.0,51.7021,22.4811,10790.2423,220.0,280.0,51.7026,22.4764,10793.1496,220.0,280.0,51.7031,22.4717,10792.0397,220.0,280.0,51.7036,22.467,10787.808,220.0,280.0,51.7041,22.4623,10784.2709,220.0,280.0,51.7046,22.4576,10779.495,220.0,280.0,51.7052,22.4528,10784.3566,220.0,280.0,51.7057,22.4481,10786.3282,220.0,280.0,51.7062,22.4434,10782.6519,220.0,280.0,51.7067,22.4387,10790.6965,220.0,280.0,51.7072,22.434,10797.1923,220.0,280.0,51.7077,22.4293,10792.1186,220.0,280.0,51.7082,22.4245,10786.7201,220.0,280.0,51.7088,22.4198,10785.501,220.0,280.0,51.7093,22.4151,10784.2463,220.0,280.0
17,4ba8c2,TAR9FX,Turkey,52.2,23.40294,9494.9,245,270,0.0,0,0,,52.2,23.4029,9494.949,245.0,270.0,-1.8244,0.3421,-0.1393,-0.005,0.2458,8.0,9.0,9.0,0.9113,0.4735,1.0,52.2,23.4838,9495.8768,245.0,270.0,52.2,23.4784,9503.2663,245.0,270.0,52.2,23.473,9493.4446,245.0,270.0,52.2,23.4676,9485.9451,245.0,270.0,52.2,23.4623,9484.692,245.0,270.0,52.2,23.4569,9479.6258,245.0,270.0,52.2,23.4515,9488.8273,245.0,270.0,52.2,23.4461,9486.9912,245.0,270.0,52.2,23.4407,9492.9755,245.0,270.0,52.2,23.4353,9486.9593,245.0,270.0,52.2,23.4299,9487.4355,245.0,270.0,52.2,23.4245,9489.5374,245.0,270.0,52.2,23.4191,9489.451,245.0,270.0,52.2,23.4137,9484.0597,245.0,270.0,52.2,23.4083,9492.7241,245.0,270.0,52.2,23.4029,9494.949,245.0,270.0
17,4cab4c,EZY42AC,United Kingdom,54.58996,17.59823,11795.8,238,100,0.0,0,0,,54.59,17.5982,11795.8236,238.0,100.0,2.3638,-0.3135,-0.1381,0.2417,0.0383,8.0,9.0,9.0,0.9463,0.377,1.0,54.5983,17.5164,11802.8881,238.0,100.0,54.5978,17.5218,11806.1033,238.0,100.0,54.5972,17.5273,11804.0689,238.0,100.0,54.5967,17.5327,11795.0158,238.0,100.0,54.5961,17.5382,11796.5424,238.0,100.0,54.5955,17.5437,11797.1099,238.0,100.0,54.595,17.5491,11784.9641,238.0,100.0,54.5944,17.5546,11780.3112,238.0,100.0,54.5939,17.56,11780.5098,238.0,100.0,54.5933,17.5655,11776.6345,238.0,100.0,54.5928,17.5709,11792.315,238.0,100.0,54.5922,17.5764,11795.3681,238.0,100.0,54.5916,17.5819,11801.3636,238.0,100.0,54.5911,17.5873,11801.3101,238.0,100.0,54.5905,17.5928,11796.8881,238.0,100.0,54.59,17.5982,11795.8236,238.0,100.0
18,4ca87b,RYR2KE,Ireland,54.4,18.60127,10983.1,230,90,0.0,0,0,,54.4,18.6013,10983.0827,230.0,90.0,-1.3107,-0.2734,-0.2722,-0.1974,0.0213,8.0,9.0,9.0,0.9077,0.3076,1.0,54.4,18.5213,10994.5531,230.0,90.0,54.4,18.5266,10996.3632,230.0,90.0,54.4,18.532,10995.5553,230.0,90.0,54.4,18.5373,10992.4129,230.0,90.0,54.4,18.5426,10990.3306,230.0,90.0,54.4,18.548,10987.0518,230.0,90.0,54.4,18.5533,10986.3107,230.0,90.0,54.4,18.5586,10974.0319,230.0,90.0,54.4,18.564,10981.1796,230.0,90.0,54.4,18.5693,10988.2039,230.0,90.0,54.4,18.5746,10989.401,230.0,90.0,54.4,18.5799,10989.8518,230.0,90.0,54.4,18.5853,10988.6917,230.0,90.0,54.4,18.5906,10988.777,230.0,90.0,54.4,18.5959,10984.8735,230.0,90.0,54.4,18.6013,10983.0827,230.0,90.0
18,471f8b,LOT283,Poland,52.54319,20.84043,9533.8,220,320,0.0,0,0,,52.5432,20.8404,9533.7779,220.0,320.0,0.2076,0.0135,0.0522,-0.0785,0.1492,8.0,9.0,9.0,0.922,0.4356,1.0,52.5091,20.8875,9503.5962,220.0,320.0,52.5114,20.8843,9507.2607,220.0,320.0,52.5136,20.8812,9516.6468,220.0,320.0,52.5159,20.8781,9516.4792,220.0,320.0,52.5182,20.8749,9522.3058,220.0,320.0,52.5205,20.8718,9523.9747,220.0,320.0,52.5227,20.8687,9519.4686,220.0,320.0,52.525,20.8655,9524.9962,220.0,320.0,52.5273,20.8624,9519.8636,220.0,320.0,52.5296,20.8592,9521.4715,220.0,320.0,52.5318,20.8561,9517.1659,220.0,320.0,52.5341,20.853,9516.8844,220.0,320.0,52.5364,20.8498,9530.4518,220.0,320.0,52.5386,20.8467,9530.5709,220.0,320.0,52.5409,20.8436,9527.8115,220.0,320.0,52.5432,20.8404,9533.7779,220.0,320.0
18,3c6589,DLH4ZW,Germany,53.51068,14.60186,11510.6,240,80,0.0,0,0,,53.5107,14.6019,11510.5552,240.0,80.0,-0.1119,0.1278,0.0655,0.0688,0.0566,8.0,9.0,9.0,0.8751,0.4454,1.0,53.5022,14.5214,11505.9919,240.0,80.0,53.5028,14.5268,11499.2833,240.0,80.0,53.5034,14.5322,11500.6972,240.0,80.0,53.5039,14.5375,11501.2169,240.0,80.0,53.5045,14.5429,11500.3955,240.0,80.0,53.5051,14.5482,11502.2407,240.0,80.0,53.5056,14.5536,11502.3266,240.0,80.0,53.5062,14.559,11501.5407,240.0,80.0,53.5067,14.5643,11505.1127,240.0,80.0,53.5073,14.5697,11510.2008,240.0,80.0,53.5079,14.5751,11498.1659,240.0,80.0,53.5084,14.5804,11499.8885,240.0,80.0,53.509,14.5858,11508.8394,240.0,80.0,53.5096,14.5911,11506.3875,240.0,80.0,53.5101,14.5965,11506.4147,240.0,80.0,53.5107,14.6019,11510.5552,240.0,80.0
18,4b1805,SWR12X,Switzerland,52.7434,17.96595,10786.7,235,200,0.0,0,0,,52.7434,17.966,10786.6913,235.0,200.0,-1.6912,0.1303,0.0371,0.1261,0.3659,8.0,9.0,9.0,0.9499,0.4219,1.0,52.7881,17.9928,10815.8511,235.0,200.0,52.7851,17.991,10811.4117,235.0,200.0,52.7821,17.9892,10800.6003,235.0,200.0,52.7791,17.9875,10794.7577,235.0,200.0,52.7762,17.9857,10792.375,235.0,200.0,52.7732,17.9839,10793.3593,235.0,200.0,52.7702,17.9821,10798.7198,235.0,200.0,52.7672,17.9803,10791.3598,235.0,200.0,52.7643,17.9785,10786.1062,235.0,200.0,52.7613,17.9767,10788.3635,235.0,200.0,52.7583,17.9749,10789.9116,235.0,200.0,52.7553,17.9731,10786.5856,235.0,200.0,52.7523,17.9713,10790.8252,235.0,200.0,52.7494,17.9695,10787.9269,235.0,200.0,52.7464,17.9677,10788.3301,235.0,200.0,52.7434,17.966,10786.6913,235.0,200.0
18,440048,BAW893,United Kingdom,53.07434,16.0288,12017.8,250,60,0.0,0,1,smooth_drift,53.0743,16.0288,12017.7819,250.0,60.0,-0.8143,0.04,-0.06,0.1779,0.011,6.0,9.0,9.0,0.4,0.5247,1.0,53.0067,16.0194,12016.466,250.0,60.0,53.0084,16.0243,12016.5277,250.0,60.0,53.0101,16.0291,12008.9771,250.0,60.0,53.0118,16.034,12018.7528,250.0,60.0,53.0135,16.0388,12010.8102,250.0,60.0,53.0152,16.0437,12017.7868,250.0,60.0,53.0169,16.0485,12017.9499,250.0,60.0,53.0193,16.0522,12018.4661,250.0,60.0,53.0225,16.0548,12027.9702,250.0,60.0,53.0265,16.0562,12024.6322,250.0,60.0,53.0313,16.0564,12014.9295,250.0,60.0,53.0368,16.0555,12019.5342,250.0,60.0,53.0431,16.0534,12016.8109,250.0,60.0,53.0502,16.0502,12011.1539,250.0,60.0,53.058,16.0459,12014.0639,250.0,60.0,53.0667,16.0403,12017.7819,250.0,60.0
18,4ac9b0,SAS2HK,Sweden,55.4718,17.08618,10497.1,220,120,0.0,0,0,,55.4718,17.0862,10497.13,220.0,120.0,0.4718,-0.0274,0.3776,0.0724,-0.1442,8.0,9.0,9.0,0.8908,0.3427,1.0,55.4941,17.0181,10485.7935,220.0,120.0,55.4926,17.0227,10485.3873,220.0,120.0,55.4911,17.0272,10482.3277,220.0,120.0,55.4896,17.0318,10482.3215,220.0,120.0,55.4881,17.0363,10483.1824,220.0,120.0,55.4866,17.0408,10482.3208,220.0,120.0,55.4852,17.0454,10488.3209,220.0,120.0,55.4837,17.0499,10498.8556,220.0,120.0,55.4822,17.0544,10502.8152,220.0,120.0,55.4807,17.059,10499.8386,220.0,120.0,55.4792,17.0635,10499.7306,220.0,120.0,55.4777,17.068,10501.9943,220.0,120.0,55.4763,17.0726,10499.3858,220.0,120.0,55.4748,17.0771,10497.0491,220.0,120.0,55.4733,17.0816,10499.8203,220.0,120.0,55.4718,17.0862,10497.13,220.0,120.0
18,3917a3,AFR1219,France,50.99236,14.48234,10989.7,225,150,0.0,0,1,smooth_drift,50.9924,14.4823,10989.7227,225.0,150.0,-0.792,0.04,-0.06,0.0951,-0.0004,6.0,9.0,9.0,0.4,0.5587,1.0,50.9895,14.5096,10989.3346,225.0,150.0,50.9869,14.5121,10983.3781,225.0,150.0,50.9842,14.5145,10978.7898,225.0,150.0,50.9816,14.5169,10976.5746,225.0,150.0,50.979,14.5193,10973.6561,225.0,150.0,50.9763,14.5217,10972.7642,225.0,150.0,50.9737,14.5241,10972.1807,225.0,150.0,50.9719,14.5254,10965.2396,225.0,150.0,50.9708,14.5255,10967.8236,225.0,150.0,50.9704,14.5244,10968.5308,225.0,150.0,50.9709,14.5222,10973.0893,225.0,150.0,50.9721,14.5188,10971.4551,225.0,150.0,50.9741,14.5143,10980.455,225.0,150.0,50.9769,14.5087,10980.4092,225.0,150.0,50.9804,14.5018,10986.8255,225.0,150.0,50.9847,14.4939,10989.7227,225.0,150.0
18,46b8c1,FIN6KP,Finland,55.94822,20.96632,10015.0,215,200,0.0,0,0,,55.9482,20.9663,10015.0261,215.0,200.0,0.9017,-0.0064,0.2259,0.2456,0.1787,8.0,9.0,9.0,0.8966,0.3953,1.0,55.9891,20.9929,10002.9392,215.0,200.0,55.9864,20.9911,10006.5556,215.0,200.0,55.9836,20.9894,10020.7767,215.0,200.0,55.9809,20.9876,10013.4275,215.0,200.0,55.9782,20.9858,10005.3264,215.0,200.0,55.9755,20.984,10014.4618,215.0,200.0,55.9727,20.9823,10015.2177,215.0,200.0,55.97,20.9805,10015.2406,215.0,200.0,55.9673,20.9787,10014.7486,215.0,200.0,55.9646,20.977,10018.6562,215.0,200.0,55.9618,20.9752,10016.3044,215.0,200.0,55.9591,20.9734,10010.7566,215.0,200.0,55.9564,20.9716,10009.5173,215.0,200.0,55.9537,20.9699,10009.2878,215.0,200.0,55.9509,20.9681,10011.7263,215.0,200.0,55.9482,20.9663,10015.0261,215.0,200.0
18,4ca8e0,RYR3LM,Ireland,53.67027,19.71305,11195.1,232,240,0.0,0,0,,53.6703,19.713,11195.0513,232.0,240.0,-0.8552,0.0424,-0.1065,-0.2488,-0.011,8.0,9.0,9.0,0.9118,0.4007,1.0,53.6937,19.7817,11197.015,232.0,240.0,53.6922,19.7771,11202.6529,232.0,240.0,53.6906,19.7725,11205.031,232.0,240.0,53.689,19.768,11200.602,232.0,240.0,53.6875,19.7634,11201.4655,232.0,240.0,53.6859,19.7588,11200.8315,232.0,240.0,53.6844,19.7542,11199.181,232.0,240.0,53.6828,19.7497,11190.9378,232.0,240.0,53.6812,19.7451,11194.5871,232.0,240.0,53.6797,19.7405,11198.0691,232.0,240.0,53.6781,19.7359,11200.7369,232.0,240.0,53.6765,19.7313,11203.0141,232.0,240.0,53.675,19.7268,11206.8419,232.0,240.0,53.6734,19.7222,11201.9196,232.0,240.0,53.6718,19.7176,11199.5571,232.0,240.0,53.6703,19.713,11195.0513,232.0,240.0
18,478129,WZZ2BV,Hungary,51.70979,22.41039,10777.7,220,280,0.0,0,0,,51.7098,22.4104,10777.7129,220.0,280.0,1.4827,0.0756,0.2372,0.019,-0.1381,8.0,9.0,9.0,0.8977,0.2802,1.0,51.7021,22.4811,10790.2423,220.0,280.0,51.7026,22.4764,10793.1496,220.0,280.0,51.7031,22.4717,10792.0397,220.0,280.0,51.7036,22.467,10787.808,220.0,280.0,51.7041,22.4623,10784.2709,220.0,280.0,51.7046,22.4576,10779.495,220.0,280.0,51.7052,22.4528,10784.3566,220.0,280.0,51.7057,22.4481,10786.3282,220.0,280.0,51.7062,22.4434,10782.6519,220.0,280.0,51.7067,22.4387,10790.6965,220.0,280.0,51.7072,22.434,10797.1923,220.0,280.0,51.7077,22.4293,10792.1186,220.0,280.0,51.7082,22.4245,10786.7201,220.0,280.0,51.7088,22.4198,10785.501,220.0,280.0,51.7093,22.4151,10784.2463,220.0,280.0,51.7098,22.4104,10777.7129,220.0,280.0
18,4ba8c2,TAR9FX,Turkey,52.2,23.39755,9489.9,245,270,0.0,0,0,,52.2,23.3975,9489.9291,245.0,270.0,3.0031,-0.2601,0.0537,0.3243,-0.2594,8.0,9.0,9.0,0.9377,0.4306,1.0,52.2,23.4784,9503.2663,245.0,270.0,52.2,23.473,9493.4446,245.0,270.0,52.2,23.4676,9485.9451,245.0,270.0,52.2,23.4623,9484.692,245.0,270.0,52.2,23.4569,9479.6258,245.0,270.0,52.2,23.4515,9488.8273,245.0,270.0,52.2,23.4461,9486.9912,245.0,270.0,52.2,23.4407,9492.9755,245.0,270.0,52.2,23.4353,9486.9593,245.0,270.0,52.2,23.4299,9487.4355,245.0,270.0,52.2,23.4245,9489.5374,245.0,270.0,52.2,23.4191,9489.451,245.0,270.0,52.2,23.4137,9484.0597,245.0,270.0,52.2,23.4083,9492.7241,245.0,270.0,52.2,23.4029,9494.949,245.0,270.0,52.2,23.3975,9489.9291,245.0,270.0
18,4cab4c,EZY42AC,United Kingdom,54.5894,17.60369,11808.8,238,100,0.0,0,0,,54.5894,17.6037,11808.8244,238.0,100.0,1.6931,-0.397,0.1945,0.0846,0.3718,8.0,9.0,9.0,0.9066,0.5364,1.0,54.5978,17.5218,11806.1033,238.0,100.0,54.5972,17.5273,11804.0689,238.0,100.0,54.5967,17.5327,11795.0158,238.0,100.0,54.5961,17.5382,11796.5424,238.0,100.0,54.5955,17.5437,11797.1099,238.0,100.0,54.595,17.5491,11784.9641,238.0,100.0,54.5944,17.5546,11780.3112,238.0,100.0,54.5939,17.56,11780.5098,238.0,100.0,54.5933,17.5655,11776.6345,238.0,100.0,54.5928,17.5709,11792.315,238.0,100.0,54.5922,17.5764,11795.3681,238.0,100.0,54.5916,17.5819,11801.3636,238.0,100.0,54.5911,17.5873,11801.3101,238.0,100.0,54.5905,17.5928,11796.8881,238.0,100.0,54.59,17.5982,11795.8236,238.0,100.0,54.5894,17.6037,11808.8244,238.0,100.0
19,4ca87b,RYR2KE,Ireland,54.4,18.6066,10981.4,230,90,0.0,0,0,,54.4,18.6066,10981.3659,230.0,90.0,0.7264,0.1685,0.0812,-0.0872,0.056,8.0,9.0,9.0,0.9188,0.5584,1.0,54.4,18.5266,10996.3632,230.0,90.0,54.4,18.532,10995.5553,230.0,90.0,54.4,18.5373,10992.4129,230.0,90.0,54.4,18.5426,10990.3306,230.0,90.0,54.4,18.548,10987.0518,230.0,90.0,54.4,18.5533,10986.3107,230.0,90.0,54.4,18.5586,10974.0319,230.0,90.0,54.4,18.564,10981.1796,230.0,90.0,54.4,18.5693,10988.2039,230.0,90.0,54.4,18.5746,10989.401,230.0,90.0,54.4,18.5799,10989.8518,230.0,90.0,54.4,18.5853,10988.6917,230.0,90.0,54.4,18.5906,10988.777,230.0,90.0,54.4,18.5959,10984.8735,230.0,90.0,54.4,18.6013,10983.0827,230.0,90.0,54.4,18.6066,10981.3659,230.0,90.0
19,471f8b,LOT283,Poland,52.54547,20.83729,9532.3,220,320,0.0,0,0,,52.5455,20.8373,9532.3088,220.0,320.0,0.101,-0.0532,-0.0973,-0.2817,0.2053,8.0,9.0,9.0,0.9077,0.4417,1.0,52.5114,20.8843,9507.2607,220.0,320.0,52.5136,20.8812,9516.6468,220.0,320.0,52.5159,20.8781,9516.4792,220.0,320.0,52.5182,20.8749,9522.3058,220.0,320.0,52.5205,20.8718,9523.9747,220.0,320.0,52.5227,20.8687,9519.4686,220.0,320.0,52.525,20.8655,9524.9962,220.0,320.0,52.5273,20.8624,9519.8636,220.0,320.0,52.5296,20.8592,9521.4715,220.0,320.0,52.5318,20.8561,9517.1659,220.0,320.0,52.5341,20.853,9516.8844,220.0,320.0,52.5364,20.8498,9530.4518,220.0,320.0,52.5386,20.8467,9530.5709,220.0,320.0,52.5409,20.8436,9527.8115,220.0,320.0,52.5432,20.8404,9533.7779,220.0,320.0,52.5455,20.8373,9532.3088,220.0,320.0
19,3c6589,DLH4ZW,Germany,53.51124,14.60722,11515.3,240,80,0.0,0,0,,53.5112,14.6072,11515.262,240.0,80.0,0.497,0.0249,0.5738,-0.1584,-0.1177,8.0,9.0,9.0,0.9241,0.39,1.0,53.5028,14.5268,11499.2833,240.0,80.0,53.5034,14.5322,11500.6972,240.0,80.0,53.5039,14.5375,11501.2169,240.0,80.0,53.5045,14.5429,11500.3955,240.0,80.0,53.5051,14.5482,11502.2407,240.0,80.0,53.5056,14.5536,11502.3266,240.0,80.0,53.5062,14.559,11501.5407,240.0,80.0,53.5067,14.5643,11505.1127,240.0,80.0,53.5073,14.5697,11510.2008,240.0,80.0,53.5079,14.5751,11498.1659,240.0,80.0,53.5084,14.5804,11499.8885,240.0,80.0,53.509,14.5858,11508.8394,240.0,80.0,53.5096,14.5911,11506.3875,240.0,80.0,53.5101,14.5965,11506.4147,240.0,80.0,53.5107,14.6019,11510.5552,240.0,80.0,53.5112,14.6072,11515.262,240.0,80.0
19,4b1805,SWR12X,Switzerland,52.74042,17.96416,10785.3,235,200,0.0,0,0,,52.7404,17.9642,10785.3081,235.0,200.0,0.1592,-0.314,-0.2158,-0.0381,0.1656,8.0,9.0,9.0,0.9009,0.4953,1.0,52.7851,17.991,10811.4117,235.0,200.0,52.7821,17.9892,10800.6003,235.0,200.0,52.7791,17.9875,10794.7577,235.0,200.0,52.7762,17.9857,10792.375,235.0,200.0,52.7732,17.9839,10793.3593,235.0,200.0,52.7702,17.9821,10798.7198,235.0,200.0,52.7672,17.9803,10791.3598,235.0,200.0,52.7643,17.9785,10786.1062,235.0,200.0,52.7613,17.9767,10788.3635,235.0,200.0,52.7583,17.9749,10789.9116,235.0,200.0,52.7553,17.9731,10786.5856,235.0,200.0,52.7523,17.9713,10790.8252,235.0,200.0,52.7494,17.9695,10787.9269,235.0,200.0,52.7464,17.9677,10788.3301,235.0,200.0,52.7434,17.966,10786.6913,235.0,200.0,52.7404,17.9642,10785.3081,235.0,200.0
19,440048,BAW893,United Kingdom,53.08449,16.02097,12016.6,250,60,0.0,0,1,smooth_drift,53.0845,16.021,12016.6452,250.0,60.0,0.9589,0.04,-0.06,0.3342,0.2547,6.0,9.0,9.0,0.4,0.3713,1.0,53.0084,16.0243,12016.5277,250.0,60.0,53.0101,16.0291,12008.9771,250.0,60.0,53.0118,16.034,12018.7528,250.0,60.0,53.0135,16.0388,12010.8102,250.0,60.0,53.0152,16.0437,12017.7868,250.0,60.0,53.0169,16.0485,12017.9499,250.0,60.0,53.0193,16.0522,12018.4661,250.0,60.0,53.0225,16.0548,12027.9702,250.0,60.0,53.0265,16.0562,12024.6322,250.0,60.0,53.0313,16.0564,12014.9295,250.0,60.0,53.0368,16.0555,12019.5342,250.0,60.0,53.0431,16.0534,12016.8109,250.0,60.0,53.0502,16.0502,12011.1539,250.0,60.0,53.058,16.0459,12014.0639,250.0,60.0,53.0667,16.0403,12017.7819,250.0,60.0,53.076,16.0337,12016.6452,250.0,60.0
19,4ac9b0,SAS2HK,Sweden,55.47032,17.09072,10494.0,220,120,0.0,0,0,,55.4703,17.0907,10494.0092,220.0,120.0,2.0256,0.1937,0.0245,-0.0574,-0.338,8.0,9.0,9.0,0.9418,0.3411,1.0,55.4926,17.0227,10485.3873,220.0,120.0,55.4911,17.0272,10482.3277,220.0,120.0,55.4896,17.0318,10482.3215,220.0,120.0,55.4881,17.0363,10483.1824,220.0,120.0,55.4866,17.0408,10482.3208,220.0,120.0,55.4852,17.0454,10488.3209,220.0,120.0,55.4837,17.0499,10498.8556,220.0,120.0,55.4822,17.0544,10502.8152,220.0,120.0,55.4807,17.059,10499.8386,220.0,120.0,55.4792,17.0635,10499.7306,220.0,120.0,55.4777,17.068,10501.9943,220.0,120.0,55.4763,17.0726,10499.3858,220.0,120.0,55.4748,17.0771,10497.0491,220.0,120.0,55.4733,17.0816,10499.8203,220.0,120.0,55.4718,17.0862,10497.13,220.0,120.0,55.4703,17.0907,10494.0092,220.0,120.0
19,3917a3,AFR1219,France,50.9982,14.47206,10988.4,225,150,0.0,0,1,smooth_drift,50.9982,14.4721,10988.3555,225.0,150.0,-0.298,0.04,-0.06,-0.3765,-0.177,6.0,9.0,9.0,0.4,0.2694,1.0,50.9869,14.5121,10983.3781,225.0,150.0,50.9842,14.5145,10978.7898,225.0,150.0,50.9816,14.5169,10976.5746,225.0,150.0,50.979,14.5193,10973.6561,225.0,150.0,50.9763,14.5217,10972.7642,225.0,150.0,50.9737,14.5241,10972.1807,225.0,150.0,50.9719,14.5254,10965.2396,225.0,150.0,50.9708,14.5255,10967.8236,225.0,150.0,50.9704,14.5244,10968.5308,225.0,150.0,50.9709,14.5222,10973.0893,225.0,150.0,50.9721,14.5188,10971.4551,225.0,150.0,50.9741,14.5143,10980.455,225.0,150.0,50.9769,14.5087,10980.4092,225.0,150.0,50.9804,14.5018,10986.8255,225.0,150.0,50.9847,14.4939,10989.7227,225.0,150.0,50.9897,14.4847,10988.3555,225.0,150.0
19,46b8c1,FIN6KP,Finland,55.94549,20.96455,10016.3,215,200,0.0,0,0,,55.9455,20.9645,10016.2997,215.0,200.0,2.2055,-0.1724,-0.3294,-0.0764,-0.0824,8.0,9.0,9.0,0.9182,0.3623,1.0,55.9864,20.9911,10006.5556,215.0,200.0,55.9836,20.9894,10020.7767,215.0,200.0,55.9809,20.9876,10013.4275,215.0,200.0,55.9782,20.9858,10005.3264,215.0,200.0,55.9755,20.984,10014.4618,215.0,200.0,55.9727,20.9823,10015.2177,215.0,200.0,55.97,20.9805,10015.2406,215.0,200.0,55.9673,20.9787,10014.7486,215.0,200.0,55.9646,20.977,10018.6562,215.0,200.0,55.9618,20.9752,10016.3044,215.0,200.0,55.9591,20.9734,10010.7566,215.0,200.0,55.9564,20.9716,10009.5173,215.0,200.0,55.9537,20.9699,10009.2878,215.0,200.0,55.9509,20.9681,10011.7263,215.0,200.0,55.9482,20.9663,10015.0261,215.0,200.0,55.9455,20.9645,10016.2997,215.0,200.0
19,4ca8e0,RYR3LM,Ireland,53.6687,19.70847,11194.5,232,240,0.0,0,0,,53.6687,19.7085,11194.4989,232.0,240.0,0.0178,0.2917,0.0262,0.1855,0.2048,8.0,9.0,9.0,0.9257,0.37,1.0,53.6922,19.7771,11202.6529,232.0,240.0,53.6906,19.7725,11205.031,232.0,240.0,53.689,19.768,11200.602,232.0,240.0,53.6875,19.7634,11201.4655,232.0,240.0,53.6859,19.7588,11200.8315,232.0,240.0,53.6844,19.7542,11199.181,232.0,240.0,53.6828,19.7497,11190.9378,232.0,240.0,53.6812,19.7451,11194.5871,232.0,240.0,53.6797,19.7405,11198.0691,232.0,240.0,53.6781,19.7359,11200.7369,232.0,240.0,53.6765,19.7313,11203.0141,232.0,240.0,53.675,19.7268,11206.8419,232.0,240.0,53.6734,19.7222,11201.9196,232.0,240.0,53.6718,19.7176,11199.5571,232.0,240.0,53.6703,19.713,11195.0513,232.0,240.0,53.6687,19.7085,11194.4989,232.0,240.0
19,478129,WZZ2BV,Hungary,51.71031,22.40568,10790.8,220,280,0.0,0,0,,51.7103,22.4057,10790.7542,220.0,280.0,1.5394,0.0027,-0.1528,0.1372,-0.0231,8.0,9.0,9.0,0.9342,0.4686,1.0,51.7026,22.4764,10793.1496,220.0,280.0,51.7031,22.4717,10792.0397,220.0,280.0,51.7036,22.467,10787.808,220.0,280.0,51.7041,22.4623,10784.2709,220.0,280.0,51.7046,22.4576,10779.495,220.0,280.0,51.7052,22.4528,10784.3566,220.0,280.0,51.7057,22.4481,10786.3282,220.0,280.0,51.7062,22.4434,10782.6519,220.0,280.0,51.7067,22.4387,10790.6965,220.0,280.0,51.7072,22.434,10797.1923,220.0,280.0,51.7077,22.4293,10792.1186,220.0,280.0,51.7082,22.4245,10786.7201,220.0,280.0,51.7088,22.4198,10785.501,220.0,280.0,51.7093,22.4151,10784.2463,220.0,280.0,51.7098,22.4104,10777.7129,220.0,280.0,51.7103,22.4057,10790.7542,220.0,280.0
19,4ba8c2,TAR9FX,Turkey,52.2,23.39215,9493.3,245,270,0.0,0,0,,52.2,23.3922,9493.3474,245.0,270.0,0.2785,-0.224,-0.096,-0.5076,0.1171,8.0,9.0,9.0,0.9295,0.2918,1.0,52.2,23.473,9493.4446,245.0,270.0,52.2,23.4676,9485.9451,245.0,270.0,52.2,23.4623,9484.692,245.0,270.0,52.2,23.4569,9479.6258,245.0,270.0,52.2,23.4515,9488.8273,245.0,270.0,52.2,23.4461,9486.9912,245.0,270.0,52.2,23.4407,9492.9755,245.0,270.0,52.2,23.4353,9486.9593,245.0,270.0,52.2,23.4299,9487.4355,245.0,270.0,52.2,23.4245,9489.5374,245.0,270.0,52.2,23.4191,9489.451,245.0,270.0,52.2,23.4137,9484.0597,245.0,270.0,52.2,23.4083,9492.7241,245.0,270.0,52.2,23.4029,9494.949,245.0,270.0,52.2,23.3975,9489.9291,245.0,270.0,52.2,23.3922,9493.3474,245.0,270.0
19,4cab4c,EZY42AC,United Kingdom,54.58885,17.60915,11798.2,238,100,0.0,0,0,,54.5888,17.6091,11798.2099,238.0,100.0,-0.7579,-0.1427,0.0451,-0.0269,-0.0279,8.0,9.0,9.0,0.896,0.5978,1.0,54.5972,17.5273,11804.0689,238.0,100.0,54.5967,17.5327,11795.0158,238.0,100.0,54.5961,17.5382,11796.5424,238.0,100.0,54.5955,17.5437,11797.1099,238.0,100.0,54.595,17.5491,11784.9641,238.0,100.0,54.5944,17.5546,11780.3112,238.0,100.0,54.5939,17.56,11780.5098,238.0,100.0,54.5933,17.5655,11776.6345,238.0,100.0,54.5928,17.5709,11792.315,238.0,100.0,54.5922,17.5764,11795.3681,238.0,100.0,54.5916,17.5819,11801.3636,238.0,100.0,54.5911,17.5873,11801.3101,238.0,100.0,54.5905,17.5928,11796.8881,238.0,100.0,54.59,17.5982,11795.8236,238.0,100.0,54.5894,17.6037,11808.8244,238.0,100.0,54.5888,17.6091,11798.2099,238.0,100.0
20,4ca87b,RYR2KE,Ireland,54.4,18.61193,10981.8,230,90,0.0,0,0,,54.4,18.6119,10981.7859,230.0,90.0,1.5693,-0.2004,0.0945,0.2208,-0.0779,8.0,9.0,9.0,0.9407,0.424,1.0,54.4,18.532,10995.5553,230.0,90.0,54.4,18.5373,10992.4129,230.0,90.0,54.4,18.5426,10990.3306,230.0,90.0,54.4,18.548,10987.0518,230.0,90.0,54.4,18.5533,10986.3107,230.0,90.0,54.4,18.5586,10974.0319,230.0,90.0,54.4,18.564,10981.1796,230.0,90.0,54.4,18.5693,10988.2039,230.0,90.0,54.4,18.5746,10989.401,230.0,90.0,54.4,18.5799,10989.8518,230.0,90.0,54.4,18.5853,10988.6917,230.0,90.0,54.4,18.5906,10988.777,230.0,90.0,54.4,18.5959,10984.8735,230.0,90.0,54.4,18.6013,10983.0827,230.0,90.0,54.4,18.6066,10981.3659,230.0,90.0,54.4,18.6119,10981.7859,230.0,90.0
20,471f8b,LOT283,Poland,52.54774,20.83416,9531.0,220,320,0.0,0,0,,52.5477,20.8342,9530.9828,220.0,320.0,0.9041,0.0286,0.121,-0.0866,-0.0953,8.0,9.0,9.0,0.8949,0.345,1.0,52.5136,20.8812,9516.6468,220.0,320.0,52.5159,20.8781,9516.4792,220.0,320.0,52.5182,20.8749,9522.3058,220.0,320.0,52.5205,20.8718,9523.9747,220.0,320.0,52.5227,20.8687,9519.4686,220.0,320.0,52.525,20.8655,9524.9962,220.0,320.0,52.5273,20.8624,9519.8636,220.0,320.0,52.5296,20.8592,9521.4715,220.0,320.0,52.5318,20.8561,9517.1659,220.0,320.0,52.5341,20.853,9516.8844,220.0,320.0,52.5364,20.8498,9530.4518,220.0,320.0,52.5386,20.8467,9530.5709,220.0,320.0,52.5409,20.8436,9527.8115,220.0,320.0,52.5432,20.8404,9533.7779,220.0,320.0,52.5455,20.8373,9532.3088,220.0,320.0,52.5477,20.8342,9530.9828,220.0,320.0
20,3c6589,DLH4ZW,Germany,53.5118,14.61258,11514.2,240,80,0.0,0,0,,53.5118,14.6126,11514.1716,240.0,80.0,0.6079,-0.0566,-0.0979,0.209,0.0846,8.0,9.0,9.0,0.9299,0.4129,1.0,53.5034,14.5322,11500.6972,240.0,80.0,53.5039,14.5375,11501.2169,240.0,80.0,53.5045,14.5429,11500.3955,240.0,80.0,53.5051,14.5482,11502.2407,240.0,80.0,53.5056,14.5536,11502.3266,240.0,80.0,53.5062,14.559,11501.5407,240.0,80.0,53.5067,14.5643,11505.1127,240.0,80.0,53.5073,14.5697,11510.2008,240.0,80.0,53.5079,14.5751,11498.1659,240.0,80.0,53.5084,14.5804,11499.8885,240.0,80.0,53.509,14.5858,11508.8394,240.0,80.0,53.5096,14.5911,11506.3875,240.0,80.0,53.5101,14.5965,11506.4147,240.0,80.0,53.5107,14.6019,11510.5552,240.0,80.0,53.5112,14.6072,11515.262,240.0,80.0,53.5118,14.6126,11514.1716,240.0,80.0
20,4b1805,SWR12X,Switzerland,52.73744,17.96237,10784.9,235,200,0.0,0,0,,52.7374,17.9624,10784.8594,235.0,200.0,-0.537,-0.3187,0.4224,0.1814,0.0241,8.0,9.0,9.0,0.9196,0.4691,1.0,52.7821,17.9892,10800.6003,235.0,200.0,52.7791,17.9875,10794.7577,235.0,200.0,52.7762,17.9857,10792.375,235.0,200.0,52.7732,17.9839,10793.3593,235.0,200.0,52.7702,17.9821,10798.7198,235.0,200.0,52.7672,17.9803,10791.3598,235.0,200.0,52.7643,17.9785,10786.1062,235.0,200.0,52.7613,17.9767,10788.3635,235.0,200.0,52.7583,17.9749,10789.9116,235.0,200.0,52.7553,17.9731,10786.5856,235.0,200.0,52.7523,17.9713,10790.8252,235.0,200.0,52.7494,17.9695,10787.9269,235.0,200.0,52.7464,17.9677,10788.3301,235.0,200.0,52.7434,17.966,10786.6913,235.0,200.0,52.7404,17.9642,10785.3081,235.0,200.0,52.7374,17.9624,10784.8594,235.0,200.0
20,440048,BAW893,United Kingdom,53.09541,16.01198,12004.7,250,60,0.0,0,1,smooth_drift,53.0954,16.012,12004.7176,250.0,60.0,0.2951,0.04,-0.06,-0.071,0.0892,6.0,9.0,9.0,0.4,0.5708,1.0,53.0101,16.0291,12008.9771,250.0,60.0,53.0118,16.034,12018.7528,250.0,60.0,53.0135,16.0388,12010.8102,250.0,60.0,53.0152,16.0437,12017.7868,250.0,60.0,53.0169,16.0485,12017.9499,250.0,60.0,53.0193,16.0522,12018.4661,250.0,60.0,53.0225,16.0548,12027.9702,250.0,60.0,53.0265,16.0562,12024.6322,250.0,60.0,53.0313,16.0564,12014.9295,250.0,60.0,53.0368,16.0555,12019.5342,250.0,60.0,53.0431,16.0534,12016.8109,250.0,60.0,53.0502,16.0502,12011.1539,250.0,60.0,53.058,16.0459,12014.0639,250.0,60.0,53.0667,16.0403,12017.7819,250.0,60.0,53.076,16.0337,12016.6452,250.0,60.0,53.0862,16.0258,12004.7176,250.0,60.0
20,4ac9b0,SAS2HK,Sweden,55.46884,17.09525,10490.6,220,120,0.0,0,0,,55.4688,17.0953,10490.625,220.0,120.0,-0.262,0.054,-0.0651,-0.1615,0.0008,8.0,9.0,9.0,0.9296,0.2053,1.0,55.4911,17.0272,10482.3277,220.0,120.0,55.4896,17.0318,10482.3215,220.0,120.0,55.4881,17.0363,10483.1824,220.0,120.0,55.4866,17.0408,10482.3208,220.0,120.0,55.4852,17.0454,10488.3209,220.0,120.0,55.4837,17.0499,10498.8556,220.0,120.0,55.4822,17.0544,10502.8152,220.0,120.0,55.4807,17.059,10499.8386,220.0,120.0,55.4792,17.0635,10499.7306,220.0,120.0,55.4777,17.068,10501.9943,220.0,120.0,55.4763,17.0726,10499.3858,220.0,120.0,55.4748,17.0771,10497.0491,220.0,120.0,55.4733,17.0816,10499.8203,220.0,120.0,55.4718,17.0862,10497.13,220.0,120.0,55.4703,17.0907,10494.0092,220.0,120.0,55.4688,17.0953,10490.625,220.0,120.0
20,3917a3,AFR1219,France,51.0048,14.46062,10982.8,225,150,0.0,0,1,smooth_drift,51.0048,14.4606,10982.7604,225.0,150.0,1.562,0.04,-0.06,0.159,0.0403,6.0,9.0,9.0,0.4,0.6214,1.0,50.9842,14.5145,10978.7898,225.0,150.0,50.9816,14.5169,10976.5746,225.0,150.0,50.979,14.5193,10973.6561,225.0,150.0,50.9763,14.5217,10972.7642,225.0,150.0,50.9737,14.5241,10972.1807,225.0,150.0,50.9719,14.5254,10965.2396,225.0,150.0,50.9708,14.5255,10967.8236,225.0,150.0,50.9704,14.5244,10968.5308,225.0,150.0,50.9709,14.5222,10973.0893,225.0,150.0,50.9721,14.5188,10971.4551,225.0,150.0,50.9741,14.5143,10980.455,225.0,150.0,50.9769,14.5087,10980.4092,225.0,150.0,50.9804,14.5018,10986.8255,225.0,150.0,50.9847,14.4939,10989.7227,225.0,150.0,50.9897,14.4847,10988.3555,225.0,150.0,50.9956,14.4745,10982.7604,225.0,150.0
20,46b8c1,FIN6KP,Finland,55.94277,20.96278,10021.9,215,200,0.0,0,0,,55.9428,20.9628,10021.9317,215.0,200.0,0.2206,0.1578,0.0748,-0.508,-0.1942,8.0,9.0,9.0,0.9395,0.339,1.0,55.9836,20.9894,10020.7767,215.0,200.0,55.9809,20.9876,10013.4275,215.0,200.0,55.9782,20.9858,10005.3264,215.0,200.0,55.9755,20.984,10014.4618,215.0,200.0,55.9727,20.9823,10015.2177,215.0,200.0,55.97,20.9805,10015.2406,215.0,200.0,55.9673,20.9787,10014.7486,215.0,200.0,55.9646,20.977,10018.6562,215.0,200.0,55.9618,20.9752,10016.3044,215.0,200.0,55.9591,20.9734,10010.7566,215.0,200.0,55.9564,20.9716,10009.5173,215.0,200.0,55.9537,20.9699,10009.2878,215.0,200.0,55.9509,20.9681,10011.7263,215.0,200.0,55.9482,20.9663,10015.0261,215.0,200.0,55.9455,20.9645,10016.2997,215.0,200.0,55.9428,20.9628,10021.9317,215.0,200.0
20,4ca8e0,RYR3LM,Ireland,53.66714,19.7039,11200.3,232,240,0.0,0,0,,53.6671,19.7039,11200.2571,232.0,240.0,-0.1887,-0.2541,-0.1397,-0.0173,0.1212,8.0,9.0,9.0,0.9227,0.2923,1.0,53.6906,19.7725,11205.031,232.0,240.0,53.689,19.768,11200.602,232.0,240.0,53.6875,19.7634,11201.4655,232.0,240.0,53.6859,19.7588,11200.8315,232.0,240.0,53.6844,19.7542,11199.181,232.0,240.0,53.6828,19.7497,11190.9378,232.0,240.0,53.6812,19.7451,11194.5871,232.0,240.0,53.6797,19.7405,11198.0691,232.0,240.0,53.6781,19.7359,11200.7369,232.0,240.0,53.6765,19.7313,11203.0141,232.0,240.0,53.675,19.7268,11206.8419,232.0,240.0,53.6734,19.7222,11201.9196,232.0,240.0,53.6718,19.7176,11199.5571,232.0,240.0,53.6703,19.713,11195.0513,232.0,240.0,53.6687,19.7085,11194.4989,232.0,240.0,53.6671,19.7039,11200.2571,232.0,240.0
20,478129,WZZ2BV,Hungary,51.71082,22.40096,10795.3,220,280,0.0,0,0,,51.7108,22.401,10795.3389,220.0,280.0,1.1715,-0.1677,-0.1964,0.0406,-0.0696,8.0,9.0,9.0,0.9531,0.3438,1.0,51.7031,22.4717,10792.0397,220.0,280.0,51.7036,22.467,10787.808,220.0,280.0,51.7041,22.4623,10784.2709,220.0,280.0,51.7046,22.4576,10779.495,220.0,280.0,51.7052,22.4528,10784.3566,220.0,280.0,51.7057,22.4481,10786.3282,220.0,280.0,51.7062,22.4434,10782.6519,220.0,280.0,51.7067,22.4387,10790.6965,220.0,280.0,51.7072,22.434,10797.1923,220.0,280.0,51.7077,22.4293,10792.1186,220.0,280.0,51.7082,22.4245,10786.7201,220.0,280.0,51.7088,22.4198,10785.501,220.0,280.0,51.7093,22.4151,10784.2463,220.0,280.0,51.7098,22.4104,10777.7129,220.0,280.0,51.7103,22.4057,10790.7542,220.0,280.0,51.7108,22.401,10795.3389,220.0,280.0
20,4ba8c2,TAR9FX,Turkey,52.2,23.38676,9491.1,245,270,0.0,0,0,,52.2,23.3868,9491.0922,245.0,270.0,0.9195,-0.1807,-0.0827,-0.1772,0.0588,8.0,9.0,9.0,0.9378,0.4749,1.0,52.2,23.4676,9485.9451,245.0,270.0,52.2,23.4623,9484.692,245.0,270.0,52.2,23.4569,9479.6258,245.0,270.0,52.2,23.4515,9488.8273,245.0,270.0,52.2,23.4461,9486.9912,245.0,270.0,52.2,23.4407,9492.9755,245.0,270.0,52.2,23.4353,9486.9593,245.0,270.0,52.2,23.4299,9487.4355,245.0,270.0,52.2,23.4245,9489.5374,245.0,270.0,52.2,23.4191,9489.451,245.0,270.0,52.2,23.4137,9484.0597,245.0,270.0,52.2,23.4083,9492.7241,245.0,270.0,52.2,23.4029,9494.949,245.0,270.0,52.2,23.3975,9489.9291,245.0,270.0,52.2,23.3922,9493.3474,245.0,270.0,52.2,23.3868,9491.0922,245.0,270.0
20,4cab4c,EZY42AC,United Kingdom,54.58829,17.6146,11794.1,238,100,0.0,0,0,,54.5883,17.6146,11794.1484,238.0,100.0,-0.3755,0.2598,-0.3005,-0.0611,0.0436,8.0,9.0,9.0,0.9378,0.2816,1.0,54.5967,17.5327,11795.0158,238.0,100.0,54.5961,17.5382,11796.5424,238.0,100.0,54.5955,17.5437,11797.1099,238.0,100.0,54.595,17.5491,11784.9641,238.0,100.0,54.5944,17.5546,11780.3112,238.0,100.0,54.5939,17.56,11780.5098,238.0,100.0,54.5933,17.5655,11776.6345,238.0,100.0,54.5928,17.5709,11792.315,238.0,100.0,54.5922,17.5764,11795.3681,238.0,100.0,54.5916,17.5819,11801.3636,238.0,100.0,54.5911,17.5873,11801.3101,238.0,100.0,54.5905,17.5928,11796.8881,238.0,100.0,54.59,17.5982,11795.8236,238.0,100.0,54.5894,17.6037,11808.8244,238.0,100.0,54.5888,17.6091,11798.2099,238.0,100.0,54.5883,17.6146,11794.1484,238.0,100.0
21,4ca87b,RYR2KE,Ireland,54.4,18.61726,10984.8,230,90,0.0,0,0,,54.4,18.6173,10984.7592,230.0,90.0,-0.8116,-0.0652,0.1,0.0242,0.1981,8.0,9.0,9.0,0.9209,0.3372,1.0,54.4,18.5373,10992.4129,230.0,90.0,54.4,18.5426,10990.3306,230.0,90.0,54.4,18.548,10987.0518,230.0,90.0,54.4,18.5533,10986.3107,230.0,90.0,54.4,18.5586,10974.0319,230.0,90.0,54.4,18.564,10981.1796,230.0,90.0,54.4,18.5693,10988.2039,230.0,90.0,54.4,18.5746,10989.401,230.0,90.0,54.4,18.5799,10989.8518,230.0,90.0,54.4,18.5853,10988.6917,230.0,90.0,54.4,18.5906,10988.777,230.0,90.0,54.4,18.5959,10984.8735,230.0,90.0,54.4,18.6013,10983.0827,230.0,90.0,54.4,18.6066,10981.3659,230.0,90.0,54.4,18.6119,10981.7859,230.0,90.0,54.4,18.6173,10984.7592,230.0,90.0
21,471f8b,LOT283,Poland,52.55001,20.83102,9523.3,220,320,0.0,0,0,,52.55,20.831,9523.3203,220.0,320.0,0.8383,-0.2251,-0.1244,0.3045,0.1696,8.0,9.0,9.0,0.9006,0.5636,1.0,52.5159,20.8781,9516.4792,220.0,320.0,52.5182,20.8749,9522.3058,220.0,320.0,52.5205,20.8718,9523.9747,220.0,320.0,52.5227,20.8687,9519.4686,220.0,320.0,52.525,20.8655,9524.9962,220.0,320.0,52.5273,20.8624,9519.8636,220.0,320.0,52.5296,20.8592,9521.4715,220.0,320.0,52.5318,20.8561,9517.1659,220.0,320.0,52.5341,20.853,9516.8844,220.0,320.0,52.5364,20.8498,9530.4518,220.0,320.0,52.5386,20.8467,9530.5709,220.0,320.0,52.5409,20.8436,9527.8115,220.0,320.0,52.5432,20.8404,9533.7779,220.0,320.0,52.5455,20.8373,9532.3088,220.0,320.0,52.5477,20.8342,9530.9828,220.0,320.0,52.55,20.831,9523.3203,220.0,320.0
21,3c6589,DLH4ZW,Germany,53.51237,14.61794,11517.9,240,80,0.0,0,0,,53.5124,14.6179,11517.8872,240.0,80.0,-1.3425,0.0902,0.0461,0.1242,0.0263,8.0,9.0,9.0,0.8829,0.3701,1.0,53.5039,14.5375,11501.2169,240.0,80.0,53.5045,14.5429,11500.3955,240.0,80.0,53.5051,14.5482,11502.2407,240.0,80.0,53.5056,14.5536,11502.3266,240.0,80.0,53.5062,14.559,11501.5407,240.0,80.0,53.5067,14.5643,11505.1127,240.0,80.0,53.5073,14.5697,11510.2008,240.0,80.0,53.5079,14.5751,11498.1659,240.0,80.0,53.5084,14.5804,11499.8885,240.0,80.0,53.509,14.5858,11508.8394,240.0,80.0,53.5096,14.5911,11506.3875,240.0,80.0,53.5101,14.5965,11506.4147,240.0,80.0,53.5107,14.6019,11510.5552,240.0,80.0,53.5112,14.6072,11515.262,240.0,80.0,53.5118,14.6126,11514.1716,240.0,80.0,53.5124,14.6179,11517.8872,240.0,80.0
21,4b1805,SWR12X,Switzerland,52.73446,17.96058,10776.9,235,200,0.0,0,0,,52.7345,17.9606,10776.869,235.0,200.0,0.0579,0.1848,0.351,-0.1711,0.1237,8.0,9.0,9.0,0.9126,0.2686,1.0,52.7791,17.9875,10794.7577,235.0,200.0,52.7762,17.9857,10792.375,235.0,200.0,52.7732,17.9839,10793.3593,235.0,200.0,52.7702,17.9821,10798.7198,235.0,200.0,52.7672,17.9803,10791.3598,235.0,200.0,52.7643,17.9785,10786.1062,235.0,200.0,52.7613,17.9767,10788.3635,235.0,200.0,52.7583,17.9749,10789.9116,235.0,200.0,52.7553,17.9731,10786.5856,235.0,200.0,52.7523,17.9713,10790.8252,235.0,200.0,52.7494,17.9695,10787.9269,235.0,200.0,52.7464,17.9677,10788.3301,235.0,200.0,52.7434,17.966,10786.6913,235.0,200.0,52.7404,17.9642,10785.3081,235.0,200.0,52.7374,17.9624,10784.8594,235.0,200.0,52.7345,17.9606,10776.869,235.0,200.0
21,440048,BAW893,United Kingdom,53.10709,16.00185,12004.2,250,60,0.0,0,1,smooth_drift,53.1071,16.0018,12004.1533,250.0,60.0,-0.4313,0.04,-0.06,-0.2421,-0.1657,6.0,9.0,9.0,0.4,0.3719,1.0,53.0118,16.034,12018.7528,250.0,60.0,53.0135,16.0388,12010.8102,250.0,60.0,53.0152,16.0437,12017.7868,250.0,60.0,53.0169,16.0485,12017.9499,250.0,60.0,53.0193,16.0522,12018.4661,250.0,60.0,53.0225,16.0548,12027.9702,250.0,60.0,53.0265,16.0562,12024.6322,250.0,60.0,53.0313,16.0564,12014.9295,250.0,60.0,53.0368,16.0555,12019.5342,250.0,60.0,53.0431,16.0534,12016.8109,250.0,60.0,53.0502,16.0502,12011.1539,250.0,60.0,53.058,16.0459,12014.0639,250.0,60.0,53.0667,16.0403,12017.7819,250.0,60.0,53.076,16.0337,12016.6452,250.0,60.0,53.0862,16.0258,12004.7176,250.0,60.0,53.0971,16.0168,12004.1533,250.0,60.0
21,4ac9b0,SAS2HK,Sweden,55.46735,17.09979,10494.8,220,120,0.0,0,0,,55.4674,17.0998,10494.8004,220.0,120.0,0.8079,-0.5179,-0.0679,-0.0946,0.0935,8.0,9.0,9.0,0.9004,0.2809,1.0,55.4896,17.0318,10482.3215,220.0,120.0,55.4881,17.0363,10483.1824,220.0,120.0,55.4866,17.0408,10482.3208,220.0,120.0,55.4852,17.0454,10488.3209,220.0,120.0,55.4837,17.0499,10498.8556,220.0,120.0,55.4822,17.0544,10502.8152,220.0,120.0,55.4807,17.059,10499.8386,220.0,120.0,55.4792,17.0635,10499.7306,220.0,120.0,55.4777,17.068,10501.9943,220.0,120.0,55.4763,17.0726,10499.3858,220.0,120.0,55.4748,17.0771,10497.0491,220.0,120.0,55.4733,17.0816,10499.8203,220.0,120.0,55.4718,17.0862,10497.13,220.0,120.0,55.4703,17.0907,10494.0092,220.0,120.0,55.4688,17.0953,10490.625,220.0,120.0,55.4674,17.0998,10494.8004,220.0,120.0
21,3917a3,AFR1219,France,51.01217,14.44803,10976.1,225,150,0.0,0,1,smooth_drift,51.0122,14.448,10976.1472,225.0,150.0,-0.8566,0.04,-0.06,0.3824,-0.1895,6.0,9.0,9.0,0.4,0.4426,1.0,50.9816,14.5169,10976.5746,225.0,150.0,50.979,14.5193,10973.6561,225.0,150.0,50.9763,14.5217,10972.7642,225.0,150.0,50.9737,14.5241,10972.1807,225.0,150.0,50.9719,14.5254,10965.2396,225.0,150.0,50.9708,14.5255,10967.8236,225.0,150.0,50.9704,14.5244,10968.5308,225.0,150.0,50.9709,14.5222,10973.0893,225.0,150.0,50.9721,14.5188,10971.4551,225.0,150.0,50.9741,14.5143,10980.455,225.0,150.0,50.9769,14.5087,10980.4092,225.0,150.0,50.9804,14.5018,10986.8255,225.0,150.0,50.9847,14.4939,10989.7227,225.0,150.0,50.9897,14.4847,10988.3555,225.0,150.0,50.9956,14.4745,10982.7604,225.0,150.0,51.0022,14.463,10976.1472,225.0,150.0
21,46b8c1,FIN6KP,Finland,55.94004,20.96101,10020.1,215,200,0.0,0,0,,55.94,20.961,10020.1251,215.0,200.0,-0.8611,0.027,0.0832,0.0642,0.3709,8.0,9.0,9.0,0.9051,0.1725,1.0,55.9809,20.9876,10013.4275,215.0,200.0,55.9782,20.9858,10005.3264,215.0,200.0,55.9755,20.984,10014.4618,215.0,200.0,55.9727,20.9823,10015.2177,215.0,200.0,55.97,20.9805,10015.2406,215.0,200.0,55.9673,20.9787,10014.7486,215.0,200.0,55.9646,20.977,10018.6562,215.0,200.0,55.9618,20.9752,10016.3044,215.0,200.0,55.9591,20.9734,10010.7566,215.0,200.0,55.9564,20.9716,10009.5173,215.0,200.0,55.9537,20.9699,10009.2878,215.0,200.0,55.9509,20.9681,10011.7263,215.0,200.0,55.9482,20.9663,10015.0261,215.0,200.0,55.9455,20.9645,10016.2997,215.0,200.0,55.9428,20.9628,10021.9317,215.0,200.0,55.94,20.961,10020.1251,215.0,200.0
21,4ca8e0,RYR3LM,Ireland,53.66557,19.69932,11200.1,232,240,0.0,0,0,,53.6656,19.6993,11200.0578,232.0,240.0,-0.1061,-0.3614,0.1849,-0.3306,0.0328,8.0,9.0,9.0,0.9126,0.3907,1.0,53.689,19.768,11200.602,232.0,240.0,53.6875,19.7634,11201.4655,232.0,240.0,53.6859,19.7588,11200.8315,232.0,240.0,53.6844,19.7542,11199.181,232.0,240.0,53.6828,19.7497,11190.9378,232.0,240.0,53.6812,19.7451,11194.5871,232.0,240.0,53.6797,19.7405,11198.0691,232.0,240.0,53.6781,19.7359,11200.7369,232.0,240.0,53.6765,19.7313,11203.0141,232.0,240.0,53.675,19.7268,11206.8419,232.0,240.0,53.6734,19.7222,11201.9196,232.0,240.0,53.6718,19.7176,11199.5571,232.0,240.0,53.6703,19.713,11195.0513,232.0,240.0,53.6687,19.7085,11194.4989,232.0,240.0,53.6671,19.7039,11200.2571,232.0,240.0,53.6656,19.6993,11200.0578,232.0,240.0
21,478129,WZZ2BV,Hungary,51.71134,22.39624,10794.9,220,280,0.0,0,0,,51.7113,22.3962,10794.9072,220.0,280.0,-1.4444,-0.3848,-0.0925,-0.1826,0.051,8.0,9.0,9.0,0.9066,0.5569,1.0,51.7036,22.467,10787.808,220.0,280.0,51.7041,22.4623,10784.2709,220.0,280.0,51.7046,22.4576,10779.495,220.0,280.0,51.7052,22.4528,10784.3566,220.0,280.0,51.7057,22.4481,10786.3282,220.0,280.0,51.7062,22.4434,10782.6519,220.0,280.0,51.7067,22.4387,10790.6965,220.0,280.0,51.7072,22.434,10797.1923,220.0,280.0,51.7077,22.4293,10792.1186,220.0,280.0,51.7082,22.4245,10786.7201,220.0,280.0,51.7088,22.4198,10785.501,220.0,280.0,51.7093,22.4151,10784.2463,220.0,280.0,51.7098,22.4104,10777.7129,220.0,280.0,51.7103,22.4057,10790.7542,220.0,280.0,51.7108,22.401,10795.3389,220.0,280.0,51.7113,22.3962,10794.9072,220.0,280.0
21,4ba8c2,TAR9FX,Turkey,52.2,23.38137,9494.6,245,270,0.0,0,0,,52.2,23.3814,9494.6362,245.0,270.0,0.6018,-0.175,-0.2325,-0.3058,-0.1326,8.0,9.0,9.0,0.9123,0.3406,1.0,52.2,23.4623,9484.692,245.0,270.0,52.2,23.4569,9479.6258,245.0,270.0,52.2,23.4515,9488.8273,245.0,270.0,52.2,23.4461,9486.9912,245.0,270.0,52.2,23.4407,9492.9755,245.0,270.0,52.2,23.4353,9486.9593,245.0,270.0,52.2,23.4299,9487.4355,245.0,270.0,52.2,23.4245,9489.5374,245.0,270.0,52.2,23.4191,9489.451,245.0,270.0,52.2,23.4137,9484.0597,245.0,270.0,52.2,23.4083,9492.7241,245.0,270.0,52.2,23.4029,9494.949,245.0,270.0,52.2,23.3975,9489.9291,245.0,270.0,52.2,23.3922,9493.3474,245.0,270.0,52.2,23.3868,9491.0922,245.0,270.0,52.2,23.3814,9494.6362,245.0,270.0
21,4cab4c,EZY42AC,United Kingdom,54.58773,17.62006,11789.6,238,100,0.0,0,0,,54.5877,17.6201,11789.6308,238.0,100.0,0.751,-0.3365,-0.2324,0.1534,0.1346,8.0,9.0,9.0,0.9205,0.4216,1.0,54.5961,17.5382,11796.5424,238.0,100.0,54.5955,17.5437,11797.1099,238.0,100.0,54.595,17.5491,11784.9641,238.0,100.0,54.5944,17.5546,11780.3112,238.0,100.0,54.5939,17.56,11780.5098,238.0,100.0,54.5933,17.5655,11776.6345,238.0,100.0,54.5928,17.5709,11792.315,238.0,100.0,54.5922,17.5764,11795.3681,238.0,100.0,54.5916,17.5819,11801.3636,238.0,100.0,54.5911,17.5873,11801.3101,238.0,100.0,54.5905,17.5928,11796.8881,238.0,100.0,54.59,17.5982,11795.8236,238.0,100.0,54.5894,17.6037,11808.8244,238.0,100.0,54.5888,17.6091,11798.2099,238.0,100.0,54.5883,17.6146,11794.1484,238.0,100.0,54.5877,17.6201,11789.6308,238.0,100.0
22,4ca87b,RYR2KE,Ireland,54.4,18.62259,10986.5,230,90,0.0,0,0,,54.4,18.6226,10986.5221,230.0,90.0,0.6684,0.0241,-0.2043,-0.049,-0.2053,8.0,9.0,9.0,0.9587,0.4785,1.0,54.4,18.5426,10990.3306,230.0,90.0,54.4,18.548,10987.0518,230.0,90.0,54.4,18.5533,10986.3107,230.0,90.0,54.4,18.5586,10974.0319,230.0,90.0,54.4,18.564,10981.1796,230.0,90.0,54.4,18.5693,10988.2039,230.0,90.0,54.4,18.5746,10989.401,230.0,90.0,54.4,18.5799,10989.8518,230.0,90.0,54.4,18.5853,10988.6917,230.0,90.0,54.4,18.5906,10988.777,230.0,90.0,54.4,18.5959,10984.8735,230.0,90.0,54.4,18.6013,10983.0827,230.0,90.0,54.4,18.6066,10981.3659,230.0,90.0,54.4,18.6119,10981.7859,230.0,90.0,54.4,18.6173,10984.7592,230.0,90.0,54.4,18.6226,10986.5221,230.0,90.0
22,471f8b,LOT283,Poland,52.55229,20.82788,9523.1,220,320,0.0,0,0,,52.5523,20.8279,9523.071,220.0,320.0,-0.9268,0.0097,-0.2962,-0.0377,0.2189,8.0,9.0,9.0,0.8928,0.5461,1.0,52.5182,20.8749,9522.3058,220.0,320.0,52.5205,20.8718,9523.9747,220.0,320.0,52.5227,20.8687,9519.4686,220.0,320.0,52.525,20.8655,9524.9962,220.0,320.0,52.5273,20.8624,9519.8636,220.0,320.0,52.5296,20.8592,9521.4715,220.0,320.0,52.5318,20.8561,9517.1659,220.0,320.0,52.5341,20.853,9516.8844,220.0,320.0,52.5364,20.8498,9530.4518,220.0,320.0,52.5386,20.8467,9530.5709,220.0,320.0,52.5409,20.8436,9527.8115,220.0,320.0,52.5432,20.8404,9533.7779,220.0,320.0,52.5455,20.8373,9532.3088,220.0,320.0,52.5477,20.8342,9530.9828,220.0,320.0,52.55,20.831,9523.3203,220.0,320.0,52.5523,20.8279,9523.071,220.0,320.0
22,3c6589,DLH4ZW,Germany,53.51293,14.6233,11523.3,240,80,0.0,0,0,,53.5129,14.6233,11523.2558,240.0,80.0,-1.0849,-0.1709,-0.0267,-0.1901,0.0075,8.0,9.0,9.0,0.9261,0.4328,1.0,53.5045,14.5429,11500.3955,240.0,80.0,53.5051,14.5482,11502.2407,240.0,80.0,53.5056,14.5536,11502.3266,240.0,80.0,53.5062,14.559,11501.5407,240.0,80.0,53.5067,14.5643,11505.1127,240.0,80.0,53.5073,14.5697,11510.2008,240.0,80.0,53.5079,14.5751,11498.1659,240.0,80.0,53.5084,14.5804,11499.8885,240.0,80.0,53.509,14.5858,11508.8394,240.0,80.0,53.5096,14.5911,11506.3875,240.0,80.0,53.5101,14.5965,11506.4147,240.0,80.0,53.5107,14.6019,11510.5552,240.0,80.0,53.5112,14.6072,11515.262,240.0,80.0,53.5118,14.6126,11514.1716,240.0,80.0,53.5124,14.6179,11517.8872,240.0,80.0,53.5129,14.6233,11523.2558,240.0,80.0
22,4b1805,SWR12X,Switzerland,52.73148,17.95879,10772.1,235,200,0.0,0,0,,52.7315,17.9588,10772.0903,235.0,200.0,1.3238,0.3203,-0.0885,-0.0608,-0.0238,8.0,9.0,9.0,0.9098,0.2196,1.0,52.7762,17.9857,10792.375,235.0,200.0,52.7732,17.9839,10793.3593,235.0,200.0,52.7702,17.9821,10798.7198,235.0,200.0,52.7672,17.9803,10791.3598,235.0,200.0,52.7643,17.9785,10786.1062,235.0,200.0,52.7613,17.9767,10788.3635,235.0,200.0,52.7583,17.9749,10789.9116,235.0,200.0,52.7553,17.9731,10786.5856,235.0,200.0,52.7523,17.9713,10790.8252,235.0,200.0,52.7494,17.9695,10787.9269,235.0,200.0,52.7464,17.9677,10788.3301,235.0,200.0,52.7434,17.966,10786.6913,235.0,200.0,52.7404,17.9642,10785.3081,235.0,200.0,52.7374,17.9624,10784.8594,235.0,200.0,52.7345,17.9606,10776.869,235.0,200.0,52.7315,17.9588,10772.0903,235.0,200.0
22,440048,BAW893,United Kingdom,53.11955,15.99056,12008.0,250,60,0.0,0,1,smooth_drift,53.1196,15.9906,12007.9809,250.0,60.0,-0.1201,0.04,-0.06,-0.025,-0.2615,6.0,9.0,9.0,0.4,0.4572,1.0,53.0135,16.0388,12010.8102,250.0,60.0,53.0152,16.0437,12017.7868,250.0,60.0,53.0169,16.0485,12017.9499,250.0,60.0,53.0193,16.0522,12018.4661,250.0,60.0,53.0225,16.0548,12027.9702,250.0,60.0,53.0265,16.0562,12024.6322,250.0,60.0,53.0313,16.0564,12014.9295,250.0,60.0,53.0368,16.0555,12019.5342,250.0,60.0,53.0431,16.0534,12016.8109,250.0,60.0,53.0502,16.0502,12011.1539,250.0,60.0,53.058,16.0459,12014.0639,250.0,60.0,53.0667,16.0403,12017.7819,250.0,60.0,53.076,16.0337,12016.6452,250.0,60.0,53.0862,16.0258,12004.7176,250.0,60.0,53.0971,16.0168,12004.1533,250.0,60.0,53.1088,16.0067,12007.9809,250.0,60.0
22,4ac9b0,SAS2HK,Sweden,55.46587,17.10432,10499.7,220,120,0.0,0,0,,55.4659,17.1043,10499.6638,220.0,120.0,2.0508,0.0038,0.1643,-0.2168,-0.2007,8.0,9.0,9.0,0.9331,0.2709,1.0,55.4881,17.0363,10483.1824,220.0,120.0,55.4866,17.0408,10482.3208,220.0,120.0,55.4852,17.0454,10488.3209,220.0,120.0,55.4837,17.0499,10498.8556,220.0,120.0,55.4822,17.0544,10502.8152,220.0,120.0,55.4807,17.059,10499.8386,220.0,120.0,55.4792,17.0635,10499.7306,220.0,120.0,55.4777,17.068,10501.9943,220.0,120.0,55.4763,17.0726,10499.3858,220.0,120.0,55.4748,17.0771,10497.0491,220.0,120.0,55.4733,17.0816,10499.8203,220.0,120.0,55.4718,17.0862,10497.13,220.0,120.0,55.4703,17.0907,10494.0092,220.0,120.0,55.4688,17.0953,10490.625,220.0,120.0,55.4674,17.0998,10494.8004,220.0,120.0,55.4659,17.1043,10499.6638,220.0,120.0
22,3917a3,AFR1219,France,51.02031,14.43429,10977.3,225,150,0.0,0,1,smooth_drift,51.0203,14.4343,10977.3285,225.0,150.0,1.0503,0.04,-0.06,-0.0917,-0.1692,6.0,9.0,9.0,0.4,0.2541,1.0,50.979,14.5193,10973.6561,225.0,150.0,50.9763,14.5217,10972.7642,225.0,150.0,50.9737,14.5241,10972.1807,225.0,150.0,50.9719,14.5254,10965.2396,225.0,150.0,50.9708,14.5255,10967.8236,225.0,150.0,50.9704,14.5244,10968.5308,225.0,150.0,50.9709,14.5222,10973.0893,225.0,150.0,50.9721,14.5188,10971.4551,225.0,150.0,50.9741,14.5143,10980.455,225.0,150.0,50.9769,14.5087,10980.4092,225.0,150.0,50.9804,14.5018,10986.8255,225.0,150.0,50.9847,14.4939,10989.7227,225.0,150.0,50.9897,14.4847,10988.3555,225.0,150.0,50.9956,14.4745,10982.7604,225.0,150.0,51.0022,14.463,10976.1472,225.0,150.0,51.0095,14.4504,10977.3285,225.0,150.0
22,46b8c1,FIN6KP,Finland,55.93732,20.95923,10019.3,215,200,0.0,0,0,,55.9373,20.9592,10019.2504,215.0,200.0,-1.3146,0.1977,0.1286,0.1815,-0.0224,8.0,9.0,9.0,0.9145,0.4268,1.0,55.9782,20.9858,10005.3264,215.0,200.0,55.9755,20.984,10014.4618,215.0,200.0,55.9727,20.9823,10015.2177,215.0,200.0,55.97,20.9805,10015.2406,215.0,200.0,55.9673,20.9787,10014.7486,215.0,200.0,55.9646,20.977,10018.6562,215.0,200.0,55.9618,20.9752,10016.3044,215.0,200.0,55.9591,20.9734,10010.7566,215.0,200.0,55.9564,20.9716,10009.5173,215.0,200.0,55.9537,20.9699,10009.2878,215.0,200.0,55.9509,20.9681,10011.7263,215.0,200.0,55.9482,20.9663,10015.0261,215.0,200.0,55.9455,20.9645,10016.2997,215.0,200.0,55.9428,20.9628,10021.9317,215.0,200.0,55.94,20.961,10020.1251,215.0,200.0,55.9373,20.9592,10019.2504,215.0,200.0
22,4ca8e0,RYR3LM,Ireland,53.66401,19.69475,11195.6,232,240,0.0,0,0,,53.664,19.6947,11195.622,232.0,240.0,-0.9173,-0.1322,0.1962,0.1044,-0.0023,8.0,9.0,9.0,0.9231,0.4753,1.0,53.6875,19.7634,11201.4655,232.0,240.0,53.6859,19.7588,11200.8315,232.0,240.0,53.6844,19.7542,11199.181,232.0,240.0,53.6828,19.7497,11190.9378,232.0,240.0,53.6812,19.7451,11194.5871,232.0,240.0,53.6797,19.7405,11198.0691,232.0,240.0,53.6781,19.7359,11200.7369,232.0,240.0,53.6765,19.7313,11203.0141,232.0,240.0,53.675,19.7268,11206.8419,232.0,240.0,53.6734,19.7222,11201.9196,232.0,240.0,53.6718,19.7176,11199.5571,232.0,240.0,53.6703,19.713,11195.0513,232.0,240.0,53.6687,19.7085,11194.4989,232.0,240.0,53.6671,19.7039,11200.2571,232.0,240.0,53.6656,19.6993,11200.0578,232.0,240.0,53.664,19.6947,11195.622,232.0,240.0
22,478129,WZZ2BV,Hungary,51.71185,22.39152,10795.0,220,280,0.0,0,0,,51.7119,22.3915,10794.9852,220.0,280.0,0.5833,-0.1181,0.1404,0.0013,0.1229,8.0,9.0,9.0,0.9144,0.277,1.0,51.7041,22.4623,10784.2709,220.0,280.0,51.7046,22.4576,10779.495,220.0,280.0,51.7052,22.4528,10784.3566,220.0,280.0,51.7057,22.4481,10786.3282,220.0,280.0,51.7062,22.4434,10782.6519,220.0,280.0,51.7067,22.4387,10790.6965,220.0,280.0,51.7072,22.434,10797.1923,220.0,280.0,51.7077,22.4293,10792.1186,220.0,280.0,51.7082,22.4245,10786.7201,220.0,280.0,51.7088,22.4198,10785.501,220.0,280.0,51.7093,22.4151,10784.2463,220.0,280.0,51.7098,22.4104,10777.7129,220.0,280.0,51.7103,22.4057,10790.7542,220.0,280.0,51.7108,22.401,10795.3389,220.0,280.0,51.7113,22.3962,10794.9072,220.0,280.0,51.7119,22.3915,10794.9852,220.0,280.0
22,4ba8c2,TAR9FX,Turkey,52.2,23.37598,9497.7,245,270,0.0,0,0,,52.2,23.376,9497.7119,245.0,270.0,-0.2123,0.1036,-0.0498,0.0562,0.0756,8.0,9.0,9.0,0.9183,0.2351,1.0,52.2,23.4569,9479.6258,245.0,270.0,52.2,23.4515,9488.8273,245.0,270.0,52.2,23.4461,9486.9912,245.0,270.0,52.2,23.4407,9492.9755,245.0,270.0,52.2,23.4353,9486.9593,245.0,270.0,52.2,23.4299,9487.4355,245.0,270.0,52.2,23.4245,9489.5374,245.0,270.0,52.2,23.4191,9489.451,245.0,270.0,52.2,23.4137,9484.0597,245.0,270.0,52.2,23.4083,9492.7241,245.0,270.0,52.2,23.4029,9494.949,245.0,270.0,52.2,23.3975,9489.9291,245.0,270.0,52.2,23.3922,9493.3474,245.0,270.0,52.2,23.3868,9491.0922,245.0,270.0,52.2,23.3814,9494.6362,245.0,270.0,52.2,23.376,9497.7119,245.0,270.0
22,4cab4c,EZY42AC,United Kingdom,54.58717,17.62552,11788.5,238,100,0.0,0,0,,54.5872,17.6255,11788.4601,238.0,100.0,0.1245,-0.306,0.2665,0.3958,-0.0162,8.0,9.0,9.0,0.9157,0.3767,1.0,54.5955,17.5437,11797.1099,238.0,100.0,54.595,17.5491,11784.9641,238.0,100.0,54.5944,17.5546,11780.3112,238.0,100.0,54.5939,17.56,11780.5098,238.0,100.0,54.5933,17.5655,11776.6345,238.0,100.0,54.5928,17.5709,11792.315,238.0,100.0,54.5922,17.5764,11795.3681,238.0,100.0,54.5916,17.5819,11801.3636,238.0,100.0,54.5911,17.5873,11801.3101,238.0,100.0,54.5905,17.5928,11796.8881,238.0,100.0,54.59,17.5982,11795.8236,238.0,100.0,54.5894,17.6037,11808.8244,238.0,100.0,54.5888,17.6091,11798.2099,238.0,100.0,54.5883,17.6146,11794.1484,238.0,100.0,54.5877,17.6201,11789.6308,238.0,100.0,54.5872,17.6255,11788.4601,238.0,100.0
23,4ca87b,RYR2KE,Ireland,54.4,18.62792,10985.5,230,90,0.0,0,0,,54.4,18.6279,10985.4614,230.0,90.0,-0.3724,-0.0042,-0.2396,0.0957,-0.1307,8.0,9.0,9.0,0.8919,0.3499,1.0,54.4,18.548,10987.0518,230.0,90.0,54.4,18.5533,10986.3107,230.0,90.0,54.4,18.5586,10974.0319,230.0,90.0,54.4,18.564,10981.1796,230.0,90.0,54.4,18.5693,10988.2039,230.0,90.0,54.4,18.5746,10989.401,230.0,90.0,54.4,18.5799,10989.8518,230.0,90.0,54.4,18.5853,10988.6917,230.0,90.0,54.4,18.5906,10988.777,230.0,90.0,54.4,18.5959,10984.8735,230.0,90.0,54.4,18.6013,10983.0827,230.0,90.0,54.4,18.6066,10981.3659,230.0,90.0,54.4,18.6119,10981.7859,230.0,90.0,54.4,18.6173,10984.7592,230.0,90.0,54.4,18.6226,10986.5221,230.0,90.0,54.4,18.6279,10985.4614,230.0,90.0
23,471f8b,LOT283,Poland,52.55456,20.82474,9526.7,220,320,0.0,0,0,,52.5546,20.8247,9526.6768,220.0,320.0,-0.5615,-0.0873,-0.3089,0.0373,-0.0309,8.0,9.0,9.0,0.9448,0.5333,1.0,52.5205,20.8718,9523.9747,220.0,320.0,52.5227,20.8687,9519.4686,220.0,320.0,52.525,20.8655,9524.9962,220.0,320.0,52.5273,20.8624,9519.8636,220.0,320.0,52.5296,20.8592,9521.4715,220.0,320.0,52.5318,20.8561,9517.1659,220.0,320.0,52.5341,20.853,9516.8844,220.0,320.0,52.5364,20.8498,9530.4518,220.0,320.0,52.5386,20.8467,9530.5709,220.0,320.0,52.5409,20.8436,9527.8115,220.0,320.0,52.5432,20.8404,9533.7779,220.0,320.0,52.5455,20.8373,9532.3088,220.0,320.0,52.5477,20.8342,9530.9828,220.0,320.0,52.55,20.831,9523.3203,220.0,320.0,52.5523,20.8279,9523.071,220.0,320.0,52.5546,20.8247,9526.6768,220.0,320.0
23,3c6589,DLH4ZW,Germany,53.51349,14.62867,11520.9,240,80,0.0,0,0,,53.5135,14.6287,11520.9304,240.0,80.0,-0.9121,0.1967,0.0041,0.1617,0.2856,8.0,9.0,9.0,0.9075,0.4383,1.0,53.5051,14.5482,11502.2407,240.0,80.0,53.5056,14.5536,11502.3266,240.0,80.0,53.5062,14.559,11501.5407,240.0,80.0,53.5067,14.5643,11505.1127,240.0,80.0,53.5073,14.5697,11510.2008,240.0,80.0,53.5079,14.5751,11498.1659,240.0,80.0,53.5084,14.5804,11499.8885,240.0,80.0,53.509,14.5858,11508.8394,240.0,80.0,53.5096,14.5911,11506.3875,240.0,80.0,53.5101,14.5965,11506.4147,240.0,80.0,53.5107,14.6019,11510.5552,240.0,80.0,53.5112,14.6072,11515.262,240.0,80.0,53.5118,14.6126,11514.1716,240.0,80.0,53.5124,14.6179,11517.8872,240.0,80.0,53.5129,14.6233,11523.2558,240.0,80.0,53.5135,14.6287,11520.9304,240.0,80.0
23,4b1805,SWR12X,Switzerland,52.72851,17.957,10767.7,235,200,0.0,0,0,,52.7285,17.957,10767.6657,235.0,200.0,1.2608,-0.1018,0.2793,0.0774,0.1515,8.0,9.0,9.0,0.9566,0.6049,1.0,52.7732,17.9839,10793.3593,235.0,200.0,52.7702,17.9821,10798.7198,235.0,200.0,52.7672,17.9803,10791.3598,235.0,200.0,52.7643,17.9785,10786.1062,235.0,200.0,52.7613,17.9767,10788.3635,235.0,200.0,52.7583,17.9749,10789.9116,235.0,200.0,52.7553,17.9731,10786.5856,235.0,200.0,52.7523,17.9713,10790.8252,235.0,200.0,52.7494,17.9695,10787.9269,235.0,200.0,52.7464,17.9677,10788.3301,235.0,200.0,52.7434,17.966,10786.6913,235.0,200.0,52.7404,17.9642,10785.3081,235.0,200.0,52.7374,17.9624,10784.8594,235.0,200.0,52.7345,17.9606,10776.869,235.0,200.0,52.7315,17.9588,10772.0903,235.0,200.0,52.7285,17.957,10767.6657,235.0,200.0
23,440048,BAW893,United Kingdom,53.13277,15.97812,12005.0,250,60,0.0,0,1,smooth_drift,53.1328,15.9781,12005.0237,250.0,60.0,-0.198,0.04,-0.06,0.0802,0.199,6.0,9.0,9.0,0.4,0.181,1.0,53.0152,16.0437,12017.7868,250.0,60.0,53.0169,16.0485,12017.9499,250.0,60.0,53.0193,16.0522,12018.4661,250.0,60.0,53.0225,16.0548,12027.9702,250.0,60.0,53.0265,16.0562,12024.6322,250.0,60.0,53.0313,16.0564,12014.9295,250.0,60.0,53.0368,16.0555,12019.5342,250.0,60.0,53.0431,16.0534,12016.8109,250.0,60.0,53.0502,16.0502,12011.1539,250.0,60.0,53.058,16.0459,12014.0639,250.0,60.0,53.0667,16.0403,12017.7819,250.0,60.0,53.076,16.0337,12016.6452,250.0,60.0,53.0862,16.0258,12004.7176,250.0,60.0,53.0971,16.0168,12004.1533,250.0,60.0,53.1088,16.0067,12007.9809,250.0,60.0,53.1212,15.9954,12005.0237,250.0,60.0
23,4ac9b0,SAS2HK,Sweden,55.46438,17.10885,10499.2,220,120,0.0,0,0,,55.4644,17.1089,10499.2112,220.0,120.0,-1.1695,0.1789,0.1172,-0.1053,-0.2558,8.0,9.0,9.0,0.9086,0.3743,1.0,55.4866,17.0408,10482.3208,220.0,120.0,55.4852,17.0454,10488.3209,220.0,120.0,55.4837,17.0499,10498.8556,220.0,120.0,55.4822,17.0544,10502.8152,220.0,120.0,55.4807,17.059,10499.8386,220.0,120.0,55.4792,17.0635,10499.7306,220.0,120.0,55.4777,17.068,10501.9943,220.0,120.0,55.4763,17.0726,10499.3858,220.0,120.0,55.4748,17.0771,10497.0491,220.0,120.0,55.4733,17.0816,10499.8203,220.0,120.0,55.4718,17.0862,10497.13,220.0,120.0,55.4703,17.0907,10494.0092,220.0,120.0,55.4688,17.0953,10490.625,220.0,120.0,55.4674,17.0998,10494.8004,220.0,120.0,55.4659,17.1043,10499.6638,220.0,120.0,55.4644,17.1089,10499.2112,220.0,120.0
23,3917a3,AFR1219,France,51.02922,14.4194,10964.0,225,150,0.0,0,1,smooth_drift,51.0292,14.4194,10964.0498,225.0,150.0,0.3548,0.04,-0.06,-0.193,0.2232,6.0,9.0,9.0,0.4,0.4111,1.0,50.9763,14.5217,10972.7642,225.0,150.0,50.9737,14.5241,10972.1807,225.0,150.0,50.9719,14.5254,10965.2396,225.0,150.0,50.9708,14.5255,10967.8236,225.0,150.0,50.9704,14.5244,10968.5308,225.0,150.0,50.9709,14.5222,10973.0893,225.0,150.0,50.9721,14.5188,10971.4551,225.0,150.0,50.9741,14.5143,10980.455,225.0,150.0,50.9769,14.5087,10980.4092,225.0,150.0,50.9804,14.5018,10986.8255,225.0,150.0,50.9847,14.4939,10989.7227,225.0,150.0,50.9897,14.4847,10988.3555,225.0,150.0,50.9956,14.4745,10982.7604,225.0,150.0,51.0022,14.463,10976.1472,225.0,150.0,51.0095,14.4504,10977.3285,225.0,150.0,51.0177,14.4367,10964.0498,225.0,150.0
23,46b8c1,FIN6KP,Finland,55.93459,20.95746,10016.6,215,200,0.0,0,0,,55.9346,20.9575,10016.5984,215.0,200.0,-0.5006,0.0067,-0.062,-0.0016,-0.3532,8.0,9.0,9.0,0.8926,0.3539,1.0,55.9755,20.984,10014.4618,215.0,200.0,55.9727,20.9823,10015.2177,215.0,200.0,55.97,20.9805,10015.2406,215.0,200.0,55.9673,20.9787,10014.7486,215.0,200.0,55.9646,20.977,10018.6562,215.0,200.0,55.9618,20.9752,10016.3044,215.0,200.0,55.9591,20.9734,10010.7566,215.0,200.0,55.9564,20.9716,10009.5173,215.0,200.0,55.9537,20.9699,10009.2878,215.0,200.0,55.9509,20.9681,10011.7263,215.0,200.0,55.9482,20.9663,10015.0261,215.0,200.0,55.9455,20.9645,10016.2997,215.0,200.0,55.9428,20.9628,10021.9317,215.0,200.0,55.94,20.961,10020.1251,215.0,200.0,55.9373,20.9592,10019.2504,215.0,200.0,55.9346,20.9575,10016.5984,215.0,200.0
23,4ca8e0,RYR3LM,Ireland,53.66244,19.69017,11194.4,232,240,0.0,0,0,,53.6624,19.6902,11194.3644,232.0,240.0,0.2542,0.0912,0.0582,0.2678,0.0025,8.0,9.0,9.0,0.9736,0.4483,1.0,53.6859,19.7588,11200.8315,232.0,240.0,53.6844,19.7542,11199.181,232.0,240.0,53.6828,19.7497,11190.9378,232.0,240.0,53.6812,19.7451,11194.5871,232.0,240.0,53.6797,19.7405,11198.0691,232.0,240.0,53.6781,19.7359,11200.7369,232.0,240.0,53.6765,19.7313,11203.0141,232.0,240.0,53.675,19.7268,11206.8419,232.0,240.0,53.6734,19.7222,11201.9196,232.0,240.0,53.6718,19.7176,11199.5571,232.0,240.0,53.6703,19.713,11195.0513,232.0,240.0,53.6687,19.7085,11194.4989,232.0,240.0,53.6671,19.7039,11200.2571,232.0,240.0,53.6656,19.6993,11200.0578,232.0,240.0,53.664,19.6947,11195.622,232.0,240.0,53.6624,19.6902,11194.3644,232.0,240.0
23,478129,WZZ2BV,Hungary,51.71237,22.38681,10786.3,220,280,0.0,0,0,,51.7124,22.3868,10786.2746,220.0,280.0,-0.2928,-0.1227,0.0993,-0.0455,-0.1206,8.0,9.0,9.0,0.9167,0.2736,1.0,51.7046,22.4576,10779.495,220.0,280.0,51.7052,22.4528,10784.3566,220.0,280.0,51.7057,22.4481,10786.3282,220.0,280.0,51.7062,22.4434,10782.6519,220.0,280.0,51.7067,22.4387,10790.6965,220.0,280.0,51.7072,22.434,10797.1923,220.0,280.0,51.7077,22.4293,10792.1186,220.0,280.0,51.7082,22.4245,10786.7201,220.0,280.0,51.7088,22.4198,10785.501,220.0,280.0,51.7093,22.4151,10784.2463,220.0,280.0,51.7098,22.4104,10777.7129,220.0,280.0,51.7103,22.4057,10790.7542,220.0,280.0,51.7108,22.401,10795.3389,220.0,280.0,51.7113,22.3962,10794.9072,220.0,280.0,51.7119,22.3915,10794.9852,220.0,280.0,51.7124,22.3868,10786.2746,220.0,280.0
23,4ba8c2,TAR9FX,Turkey,52.2,23.37058,9501.2,245,270,0.0,0,0,,52.2,23.3706,9501.1626,245.0,270.0,-0.5561,0.1772,-0.0586,-0.2396,0.0204,8.0,9.0,9.0,0.9392,0.5126,1.0,52.2,23.4515,9488.8273,245.0,270.0,52.2,23.4461,9486.9912,245.0,270.0,52.2,23.4407,9492.9755,245.0,270.0,52.2,23.4353,9486.9593,245.0,270.0,52.2,23.4299,9487.4355,245.0,270.0,52.2,23.4245,9489.5374,245.0,270.0,52.2,23.4191,9489.451,245.0,270.0,52.2,23.4137,9484.0597,245.0,270.0,52.2,23.4083,9492.7241,245.0,270.0,52.2,23.4029,9494.949,245.0,270.0,52.2,23.3975,9489.9291,245.0,270.0,52.2,23.3922,9493.3474,245.0,270.0,52.2,23.3868,9491.0922,245.0,270.0,52.2,23.3814,9494.6362,245.0,270.0,52.2,23.376,9497.7119,245.0,270.0,52.2,23.3706,9501.1626,245.0,270.0
23,4cab4c,EZY42AC,United Kingdom,54.58662,17.63097,11797.2,238,100,0.0,0,0,,54.5866,17.631,11797.187,238.0,100.0,0.7558,0.0164,0.3912,0.0607,0.0833,8.0,9.0,9.0,0.9274,0.4227,1.0,54.595,17.5491,11784.9641,238.0,100.0,54.5944,17.5546,11780.3112,238.0,100.0,54.5939,17.56,11780.5098,238.0,100.0,54.5933,17.5655,11776.6345,238.0,100.0,54.5928,17.5709,11792.315,238.0,100.0,54.5922,17.5764,11795.3681,238.0,100.0,54.5916,17.5819,11801.3636,238.0,100.0,54.5911,17.5873,11801.3101,238.0,100.0,54.5905,17.5928,11796.8881,238.0,100.0,54.59,17.5982,11795.8236,238.0,100.0,54.5894,17.6037,11808.8244,238.0,100.0,54.5888,17.6091,11798.2099,238.0,100.0,54.5883,17.6146,11794.1484,238.0,100.0,54.5877,17.6201,11789.6308,238.0,100.0,54.5872,17.6255,11788.4601,238.0,100.0,54.5866,17.631,11797.187,238.0,100.0
24,4ca87b,RYR2KE,Ireland,54.4,18.63325,10980.3,230,90,0.0,0,0,,54.4,18.6332,10980.3492,230.0,90.0,1.2509,-0.1103,0.2175,-0.0449,-0.1648,8.0,9.0,9.0,0.9151,0.2976,1.0,54.4,18.5533,10986.3107,230.0,90.0,54.4,18.5586,10974.0319,230.0,90.0,54.4,18.564,10981.1796,230.0,90.0,54.4,18.5693,10988.2039,230.0,90.0,54.4,18.5746,10989.401,230.0,90.0,54.4,18.5799,10989.8518,230.0,90.0,54.4,18.5853,10988.6917,230.0,90.0,54.4,18.5906,10988.777,230.0,90.0,54.4,18.5959,10984.8735,230.0,90.0,54.4,18.6013,10983.0827,230.0,90.0,54.4,18.6066,10981.3659,230.0,90.0,54.4,18.6119,10981.7859,230.0,90.0,54.4,18.6173,10984.7592,230.0,90.0,54.4,18.6226,10986.5221,230.0,90.0,54.4,18.6279,10985.4614,230.0,90.0,54.4,18.6332,10980.3492,230.0,90.0
24,471f8b,LOT283,Poland,52.55683,20.82161,9532.0,220,320,0.0,0,0,,52.5568,20.8216,9531.9755,220.0,320.0,0.4835,0.4496,-0.1396,-0.1778,0.0458,8.0,9.0,9.0,0.9301,0.3085,1.0,52.5227,20.8687,9519.4686,220.0,320.0,52.525,20.8655,9524.9962,220.0,320.0,52.5273,20.8624,9519.8636,220.0,320.0,52.5296,20.8592,9521.4715,220.0,320.0,52.5318,20.8561,9517.1659,220.0,320.0,52.5341,20.853,9516.8844,220.0,320.0,52.5364,20.8498,9530.4518,220.0,320.0,52.5386,20.8467,9530.5709,220.0,320.0,52.5409,20.8436,9527.8115,220.0,320.0,52.5432,20.8404,9533.7779,220.0,320.0,52.5455,20.8373,9532.3088,220.0,320.0,52.5477,20.8342,9530.9828,220.0,320.0,52.55,20.831,9523.3203,220.0,320.0,52.5523,20.8279,9523.071,220.0,320.0,52.5546,20.8247,9526.6768,220.0,320.0,52.5568,20.8216,9531.9755,220.0,320.0
24,3c6589,DLH4ZW,Germany,53.51405,14.63403,11513.8,240,80,0.0,0,0,,53.5141,14.634,11513.8239,240.0,80.0,-2.8398,0.0672,-0.4765,0.1144,-0.0429,8.0,9.0,9.0,0.9077,0.3171,1.0,53.5056,14.5536,11502.3266,240.0,80.0,53.5062,14.559,11501.5407,240.0,80.0,53.5067,14.5643,11505.1127,240.0,80.0,53.5073,14.5697,11510.2008,240.0,80.0,53.5079,14.5751,11498.1659,240.0,80.0,53.5084,14.5804,11499.8885,240.0,80.0,53.509,14.5858,11508.8394,240.0,80.0,53.5096,14.5911,11506.3875,240.0,80.0,53.5101,14.5965,11506.4147,240.0,80.0,53.5107,14.6019,11510.5552,240.0,80.0,53.5112,14.6072,11515.262,240.0,80.0,53.5118,14.6126,11514.1716,240.0,80.0,53.5124,14.6179,11517.8872,240.0,80.0,53.5129,14.6233,11523.2558,240.0,80.0,53.5135,14.6287,11520.9304,240.0,80.0,53.5141,14.634,11513.8239,240.0,80.0
24,4b1805,SWR12X,Switzerland,52.72553,17.95521,10769.5,235,200,0.0,0,0,,52.7255,17.9552,10769.4594,235.0,200.0,-0.2359,0.1099,-0.075,-0.1257,-0.0914,8.0,9.0,9.0,0.9385,0.4213,1.0,52.7702,17.9821,10798.7198,235.0,200.0,52.7672,17.9803,10791.3598,235.0,200.0,52.7643,17.9785,10786.1062,235.0,200.0,52.7613,17.9767,10788.3635,235.0,200.0,52.7583,17.9749,10789.9116,235.0,200.0,52.7553,17.9731,10786.5856,235.0,200.0,52.7523,17.9713,10790.8252,235.0,200.0,52.7494,17.9695,10787.9269,235.0,200.0,52.7464,17.9677,10788.3301,235.0,200.0,52.7434,17.966,10786.6913,235.0,200.0,52.7404,17.9642,10785.3081,235.0,200.0,52.7374,17.9624,10784.8594,235.0,200.0,52.7345,17.9606,10776.869,235.0,200.0,52.7315,17.9588,10772.0903,235.0,200.0,52.7285,17.957,10767.6657,235.0,200.0,52.7255,17.9552,10769.4594,235.0,200.0
24,440048,BAW893,United Kingdom,53.14677,15.96452,12008.2,250,60,0.0,0,1,smooth_drift,53.1468,15.9645,12008.183,250.0,60.0,1.0294,0.04,-0.06,-0.049,-0.1972,6.0,9.0,9.0,0.4,0.3665,1.0,53.0169,16.0485,12017.9499,250.0,60.0,53.0193,16.0522,12018.4661,250.0,60.0,53.0225,16.0548,12027.9702,250.0,60.0,53.0265,16.0562,12024.6322,250.0,60.0,53.0313,16.0564,12014.9295,250.0,60.0,53.0368,16.0555,12019.5342,250.0,60.0,53.0431,16.0534,12016.8109,250.0,60.0,53.0502,16.0502,12011.1539,250.0,60.0,53.058,16.0459,12014.0639,250.0,60.0,53.0667,16.0403,12017.7819,250.0,60.0,53.076,16.0337,12016.6452,250.0,60.0,53.0862,16.0258,12004.7176,250.0,60.0,53.0971,16.0168,12004.1533,250.0,60.0,53.1088,16.0067,12007.9809,250.0,60.0,53.1212,15.9954,12005.0237,250.0,60.0,53.1345,15.983,12008.183,250.0,60.0
24,4ac9b0,SAS2HK,Sweden,55.4629,17.11339,10505.6,220,120,0.0,0,0,,55.4629,17.1134,10505.6364,220.0,120.0,-0.2369,-0.3632,0.0799,-0.1464,0.1116,8.0,9.0,9.0,0.9096,0.4817,1.0,55.4852,17.0454,10488.3209,220.0,120.0,55.4837,17.0499,10498.8556,220.0,120.0,55.4822,17.0544,10502.8152,220.0,120.0,55.4807,17.059,10499.8386,220.0,120.0,55.4792,17.0635,10499.7306,220.0,120.0,55.4777,17.068,10501.9943,220.0,120.0,55.4763,17.0726,10499.3858,220.0,120.0,55.4748,17.0771,10497.0491,220.0,120.0,55.4733,17.0816,10499.8203,220.0,120.0,55.4718,17.0862,10497.13,220.0,120.0,55.4703,17.0907,10494.0092,220.0,120.0,55.4688,17.0953,10490.625,220.0,120.0,55.4674,17.0998,10494.8004,220.0,120.0,55.4659,17.1043,10499.6638,220.0,120.0,55.4644,17.1089,10499.2112,220.0,120.0,55.4629,17.1134,10505.6364,220.0,120.0
24,3917a3,AFR1219,France,51.0389,14.40335,10967.1,225,150,0.0,0,1,smooth_drift,51.0389,14.4033,10967.0552,225.0,150.0,-0.2803,0.04,-0.06,-0.0511,0.01,6.0,9.0,9.0,0.4,0.331,1.0,50.9737,14.5241,10972.1807,225.0,150.0,50.9719,14.5254,10965.2396,225.0,150.0,50.9708,14.5255,10967.8236,225.0,150.0,50.9704,14.5244,10968.5308,225.0,150.0,50.9709,14.5222,10973.0893,225.0,150.0,50.9721,14.5188,10971.4551,225.0,150.0,50.9741,14.5143,10980.455,225.0,150.0,50.9769,14.5087,10980.4092,225.0,150.0,50.9804,14.5018,10986.8255,225.0,150.0,50.9847,14.4939,10989.7227,225.0,150.0,50.9897,14.4847,10988.3555,225.0,150.0,50.9956,14.4745,10982.7604,225.0,150.0,51.0022,14.463,10976.1472,225.0,150.0,51.0095,14.4504,10977.3285,225.0,150.0,51.0177,14.4367,10964.0498,225.0,150.0,51.0266,14.4218,10967.0552,225.0,150.0
24,46b8c1,FIN6KP,Finland,55.93186,20.95569,10015.8,215,200,0.0,0,0,,55.9319,20.9557,10015.7791,215.0,200.0,-1.0248,0.1346,0.0909,0.1846,0.0337,8.0,9.0,9.0,0.9463,0.5016,1.0,55.9727,20.9823,10015.2177,215.0,200.0,55.97,20.9805,10015.2406,215.0,200.0,55.9673,20.9787,10014.7486,215.0,200.0,55.9646,20.977,10018.6562,215.0,200.0,55.9618,20.9752,10016.3044,215.0,200.0,55.9591,20.9734,10010.7566,215.0,200.0,55.9564,20.9716,10009.5173,215.0,200.0,55.9537,20.9699,10009.2878,215.0,200.0,55.9509,20.9681,10011.7263,215.0,200.0,55.9482,20.9663,10015.0261,215.0,200.0,55.9455,20.9645,10016.2997,215.0,200.0,55.9428,20.9628,10021.9317,215.0,200.0,55.94,20.961,10020.1251,215.0,200.0,55.9373,20.9592,10019.2504,215.0,200.0,55.9346,20.9575,10016.5984,215.0,200.0,55.9319,20.9557,10015.7791,215.0,200.0
24,4ca8e0,RYR3LM,Ireland,53.66088,19.6856,11196.1,232,240,0.0,0,0,,53.6609,19.6856,11196.0998,232.0,240.0,-1.1342,-0.0477,-0.2942,0.005,-0.1804,8.0,9.0,9.0,0.96,0.3245,1.0,53.6844,19.7542,11199.181,232.0,240.0,53.6828,19.7497,11190.9378,232.0,240.0,53.6812,19.7451,11194.5871,232.0,240.0,53.6797,19.7405,11198.0691,232.0,240.0,53.6781,19.7359,11200.7369,232.0,240.0,53.6765,19.7313,11203.0141,232.0,240.0,53.675,19.7268,11206.8419,232.0,240.0,53.6734,19.7222,11201.9196,232.0,240.0,53.6718,19.7176,11199.5571,232.0,240.0,53.6703,19.713,11195.0513,232.0,240.0,53.6687,19.7085,11194.4989,232.0,240.0,53.6671,19.7039,11200.2571,232.0,240.0,53.6656,19.6993,11200.0578,232.0,240.0,53.664,19.6947,11195.622,232.0,240.0,53.6624,19.6902,11194.3644,232.0,240.0,53.6609,19.6856,11196.0998,232.0,240.0
24,478129,WZZ2BV,Hungary,51.71288,22.38209,10789.3,220,280,0.0,0,0,,51.7129,22.3821,10789.3094,220.0,280.0,1.1612,0.3801,0.0375,-0.2052,0.197,8.0,9.0,9.0,0.9287,0.414,1.0,51.7052,22.4528,10784.3566,220.0,280.0,51.7057,22.4481,10786.3282,220.0,280.0,51.7062,22.4434,10782.6519,220.0,280.0,51.7067,22.4387,10790.6965,220.0,280.0,51.7072,22.434,10797.1923,220.0,280.0,51.7077,22.4293,10792.1186,220.0,280.0,51.7082,22.4245,10786.7201,220.0,280.0,51.7088,22.4198,10785.501,220.0,280.0,51.7093,22.4151,10784.2463,220.0,280.0,51.7098,22.4104,10777.7129,220.0,280.0,51.7103,22.4057,10790.7542,220.0,280.0,51.7108,22.401,10795.3389,220.0,280.0,51.7113,22.3962,10794.9072,220.0,280.0,51.7119,22.3915,10794.9852,220.0,280.0,51.7124,22.3868,10786.2746,220.0,280.0,51.7129,22.3821,10789.3094,220.0,280.0
24,4ba8c2,TAR9FX,Turkey,52.2,23.36519,9507.4,245,270,0.0,0,0,,52.2,23.3652,9507.3705,245.0,270.0,-1.1071,0.1334,0.2519,-0.3039,-0.1079,8.0,9.0,9.0,0.9485,0.4247,1.0,52.2,23.4461,9486.9912,245.0,270.0,52.2,23.4407,9492.9755,245.0,270.0,52.2,23.4353,9486.9593,245.0,270.0,52.2,23.4299,9487.4355,245.0,270.0,52.2,23.4245,9489.5374,245.0,270.0,52.2,23.4191,9489.451,245.0,270.0,52.2,23.4137,9484.0597,245.0,270.0,52.2,23.4083,9492.7241,245.0,270.0,52.2,23.4029,9494.949,245.0,270.0,52.2,23.3975,9489.9291,245.0,270.0,52.2,23.3922,9493.3474,245.0,270.0,52.2,23.3868,9491.0922,245.0,270.0,52.2,23.3814,9494.6362,245.0,270.0,52.2,23.376,9497.7119,245.0,270.0,52.2,23.3706,9501.1626,245.0,270.0,52.2,23.3652,9507.3705,245.0,270.0
24,4cab4c,EZY42AC,United Kingdom,54.58606,17.63643,11801.8,238,100,0.0,0,0,,54.5861,17.6364,11801.7692,238.0,100.0,-0.2933,0.0974,0.4312,-0.0796,-0.104,8.0,9.0,9.0,0.8998,0.5205,1.0,54.5944,17.5546,11780.3112,238.0,100.0,54.5939,17.56,11780.5098,238.0,100.0,54.5933,17.5655,11776.6345,238.0,100.0,54.5928,17.5709,11792.315,238.0,100.0,54.5922,17.5764,11795.3681,238.0,100.0,54.5916,17.5819,11801.3636,238.0,100.0,54.5911,17.5873,11801.3101,238.0,100.0,54.5905,17.5928,11796.8881,238.0,100.0,54.59,17.5982,11795.8236,238.0,100.0,54.5894,17.6037,11808.8244,238.0,100.0,54.5888,17.6091,11798.2099,238.0,100.0,54.5883,17.6146,11794.1484,238.0,100.0,54.5877,17.6201,11789.6308,238.0,100.0,54.5872,17.6255,11788.4601,238.0,100.0,54.5866,17.631,11797.187,238.0,100.0,54.5861,17.6364,11801.7692,238.0,100.0
25,4ca87b,RYR2KE,Ireland,54.4,18.63858,10980.3,230,90,0.0,0,0,,54.4,18.6386,10980.3025,230.0,90.0,0.1035,0.0261,-0.2048,-0.1733,-0.023,8.0,9.0,9.0,0.9666,0.3672,1.0,54.4,18.5586,10974.0319,230.0,90.0,54.4,18.564,10981.1796,230.0,90.0,54.4,18.5693,10988.2039,230.0,90.0,54.4,18.5746,10989.401,230.0,90.0,54.4,18.5799,10989.8518,230.0,90.0,54.4,18.5853,10988.6917,230.0,90.0,54.4,18.5906,10988.777,230.0,90.0,54.4,18.5959,10984.8735,230.0,90.0,54.4,18.6013,10983.0827,230.0,90.0,54.4,18.6066,10981.3659,230.0,90.0,54.4,18.6119,10981.7859,230.0,90.0,54.4,18.6173,10984.7592,230.0,90.0,54.4,18.6226,10986.5221,230.0,90.0,54.4,18.6279,10985.4614,230.0,90.0,54.4,18.6332,10980.3492,230.0,90.0,54.4,18.6386,10980.3025,230.0,90.0
25,471f8b,LOT283,Poland,52.55911,20.81847,9541.9,220,320,0.0,0,0,,52.5591,20.8185,9541.8548,220.0,320.0,-2.0618,0.1321,0.114,-0.0662,-0.1028,8.0,9.0,9.0,0.9423,0.2189,1.0,52.525,20.8655,9524.9962,220.0,320.0,52.5273,20.8624,9519.8636,220.0,320.0,52.5296,20.8592,9521.4715,220.0,320.0,52.5318,20.8561,9517.1659,220.0,320.0,52.5341,20.853,9516.8844,220.0,320.0,52.5364,20.8498,9530.4518,220.0,320.0,52.5386,20.8467,9530.5709,220.0,320.0,52.5409,20.8436,9527.8115,220.0,320.0,52.5432,20.8404,9533.7779,220.0,320.0,52.5455,20.8373,9532.3088,220.0,320.0,52.5477,20.8342,9530.9828,220.0,320.0,52.55,20.831,9523.3203,220.0,320.0,52.5523,20.8279,9523.071,220.0,320.0,52.5546,20.8247,9526.6768,220.0,320.0,52.5568,20.8216,9531.9755,220.0,320.0,52.5591,20.8185,9541.8548,220.0,320.0
25,3c6589,DLH4ZW,Germany,53.51461,14.63939,11508.8,240,80,0.0,0,0,,53.5146,14.6394,11508.8462,240.0,80.0,-1.4962,0.5102,0.0923,-0.3393,-0.0184,8.0,9.0,9.0,0.9217,0.4794,1.0,53.5062,14.559,11501.5407,240.0,80.0,53.5067,14.5643,11505.1127,240.0,80.0,53.5073,14.5697,11510.2008,240.0,80.0,53.5079,14.5751,11498.1659,240.0,80.0,53.5084,14.5804,11499.8885,240.0,80.0,53.509,14.5858,11508.8394,240.0,80.0,53.5096,14.5911,11506.3875,240.0,80.0,53.5101,14.5965,11506.4147,240.0,80.0,53.5107,14.6019,11510.5552,240.0,80.0,53.5112,14.6072,11515.262,240.0,80.0,53.5118,14.6126,11514.1716,240.0,80.0,53.5124,14.6179,11517.8872,240.0,80.0,53.5129,14.6233,11523.2558,240.0,80.0,53.5135,14.6287,11520.9304,240.0,80.0,53.5141,14.634,11513.8239,240.0,80.0,53.5146,14.6394,11508.8462,240.0,80.0
25,4b1805,SWR12X,Switzerland,52.72255,17.95342,10771.9,235,200,0.0,0,0,,52.7225,17.9534,10771.9283,235.0,200.0,0.6391,0.2823,0.1076,-0.0078,0.1359,8.0,9.0,9.0,0.9077,0.4965,1.0,52.7672,17.9803,10791.3598,235.0,200.0,52.7643,17.9785,10786.1062,235.0,200.0,52.7613,17.9767,10788.3635,235.0,200.0,52.7583,17.9749,10789.9116,235.0,200.0,52.7553,17.9731,10786.5856,235.0,200.0,52.7523,17.9713,10790.8252,235.0,200.0,52.7494,17.9695,10787.9269,235.0,200.0,52.7464,17.9677,10788.3301,235.0,200.0,52.7434,17.966,10786.6913,235.0,200.0,52.7404,17.9642,10785.3081,235.0,200.0,52.7374,17.9624,10784.8594,235.0,200.0,52.7345,17.9606,10776.869,235.0,200.0,52.7315,17.9588,10772.0903,235.0,200.0,52.7285,17.957,10767.6657,235.0,200.0,52.7255,17.9552,10769.4594,235.0,200.0,52.7225,17.9534,10771.9283,235.0,200.0
25,440048,BAW893,United Kingdom,53.16153,15.94978,12015.9,250,60,0.0,0,1,smooth_drift,53.1615,15.9498,12015.9208,250.0,60.0,0.0673,0.04,-0.06,-0.2639,0.0589,6.0,9.0,9.0,0.4,0.4875,1.0,53.0193,16.0522,12018.4661,250.0,60.0,53.0225,16.0548,12027.9702,250.0,60.0,53.0265,16.0562,12024.6322,250.0,60.0,53.0313,16.0564,12014.9295,250.0,60.0,53.0368,16.0555,12019.5342,250.0,60.0,53.0431,16.0534,12016.8109,250.0,60.0,53.0502,16.0502,12011.1539,250.0,60.0,53.058,16.0459,12014.0639,250.0,60.0,53.0667,16.0403,12017.7819,250.0,60.0,53.076,16.0337,12016.6452,250.0,60.0,53.0862,16.0258,12004.7176,250.0,60.0,53.0971,16.0168,12004.1533,250.0,60.0,53.1088,16.0067,12007.9809,250.0,60.0,53.1212,15.9954,12005.0237,250.0,60.0,53.1345,15.983,12008.183,250.0,60.0,53.1485,15.9694,12015.9208,250.0,60.0
25,4ac9b0,SAS2HK,Sweden,55.46142,17.11792,10505.2,220,120,0.0,0,0,,55.4614,17.1179,10505.2036,220.0,120.0,0.1818,-0.045,0.3011,-0.2736,-0.4207,8.0,9.0,9.0,0.8801,0.4058,1.0,55.4837,17.0499,10498.8556,220.0,120.0,55.4822,17.0544,10502.8152,220.0,120.0,55.4807,17.059,10499.8386,220.0,120.0,55.4792,17.0635,10499.7306,220.0,120.0,55.4777,17.068,10501.9943,220.0,120.0,55.4763,17.0726,10499.3858,220.0,120.0,55.4748,17.0771,10497.0491,220.0,120.0,55.4733,17.0816,10499.8203,220.0,120.0,55.4718,17.0862,10497.13,220.0,120.0,55.4703,17.0907,10494.0092,220.0,120.0,55.4688,17.0953,10490.625,220.0,120.0,55.4674,17.0998,10494.8004,220.0,120.0,55.4659,17.1043,10499.6638,220.0,120.0,55.4644,17.1089,10499.2112,220.0,120.0,55.4629,17.1134,10505.6364,220.0,120.0,55.4614,17.1179,10505.2036,220.0,120.0
25,3917a3,AFR1219,France,51.04935,14.38615,10965.1,225,150,0.0,0,1,smooth_drift,51.0493,14.3861,10965.1217,225.0,150.0,1.0884,0.04,-0.06,-0.0317,0.0304,6.0,9.0,9.0,0.4,0.4802,1.0,50.9719,14.5254,10965.2396,225.0,150.0,50.9708,14.5255,10967.8236,225.0,150.0,50.9704,14.5244,10968.5308,225.0,150.0,50.9709,14.5222,10973.0893,225.0,150.0,50.9721,14.5188,10971.4551,225.0,150.0,50.9741,14.5143,10980.455,225.0,150.0,50.9769,14.5087,10980.4092,225.0,150.0,50.9804,14.5018,10986.8255,225.0,150.0,50.9847,14.4939,10989.7227,225.0,150.0,50.9897,14.4847,10988.3555,225.0,150.0,50.9956,14.4745,10982.7604,225.0,150.0,51.0022,14.463,10976.1472,225.0,150.0,51.0095,14.4504,10977.3285,225.0,150.0,51.0177,14.4367,10964.0498,225.0,150.0,51.0266,14.4218,10967.0552,225.0,150.0,51.0363,14.4058,10965.1217,225.0,150.0
25,46b8c1,FIN6KP,Finland,55.92914,20.95392,10017.8,215,200,0.0,0,0,,55.9291,20.9539,10017.7575,215.0,200.0,-1.536,-0.2866,-0.1047,-0.1078,0.0425,8.0,9.0,9.0,0.8914,0.5204,1.0,55.97,20.9805,10015.2406,215.0,200.0,55.9673,20.9787,10014.7486,215.0,200.0,55.9646,20.977,10018.6562,215.0,200.0,55.9618,20.9752,10016.3044,215.0,200.0,55.9591,20.9734,10010.7566,215.0,200.0,55.9564,20.9716,10009.5173,215.0,200.0,55.9537,20.9699,10009.2878,215.0,200.0,55.9509,20.9681,10011.7263,215.0,200.0,55.9482,20.9663,10015.0261,215.0,200.0,55.9455,20.9645,10016.2997,215.0,200.0,55.9428,20.9628,10021.9317,215.0,200.0,55.94,20.961,10020.1251,215.0,200.0,55.9373,20.9592,10019.2504,215.0,200.0,55.9346,20.9575,10016.5984,215.0,200.0,55.9319,20.9557,10015.7791,215.0,200.0,55.9291,20.9539,10017.7575,215.0,200.0
25,4ca8e0,RYR3LM,Ireland,53.65931,19.68103,11193.6,232,240,0.0,0,0,,53.6593,19.681,11193.6068,232.0,240.0,0.1012,0.0962,0.2379,0.0096,0.0098,8.0,9.0,9.0,0.9204,0.39,1.0,53.6828,19.7497,11190.9378,232.0,240.0,53.6812,19.7451,11194.5871,232.0,240.0,53.6797,19.7405,11198.0691,232.0,240.0,53.6781,19.7359,11200.7369,232.0,240.0,53.6765,19.7313,11203.0141,232.0,240.0,53.675,19.7268,11206.8419,232.0,240.0,53.6734,19.7222,11201.9196,232.0,240.0,53.6718,19.7176,11199.5571,232.0,240.0,53.6703,19.713,11195.0513,232.0,240.0,53.6687,19.7085,11194.4989,232.0,240.0,53.6671,19.7039,11200.2571,232.0,240.0,53.6656,19.6993,11200.0578,232.0,240.0,53.664,19.6947,11195.622,232.0,240.0,53.6624,19.6902,11194.3644,232.0,240.0,53.6609,19.6856,11196.0998,232.0,240.0,53.6593,19.681,11193.6068,232.0,240.0
25,478129,WZZ2BV,Hungary,51.7134,22.37737,10791.1,220,280,0.0,0,0,,51.7134,22.3774,10791.0884,220.0,280.0,0.6185,0.2001,0.1538,-0.1429,-0.0114,8.0,9.0,9.0,0.9199,0.4954,1.0,51.7057,22.4481,10786.3282,220.0,280.0,51.7062,22.4434,10782.6519,220.0,280.0,51.7067,22.4387,10790.6965,220.0,280.0,51.7072,22.434,10797.1923,220.0,280.0,51.7077,22.4293,10792.1186,220.0,280.0,51.7082,22.4245,10786.7201,220.0,280.0,51.7088,22.4198,10785.501,220.0,280.0,51.7093,22.4151,10784.2463,220.0,280.0,51.7098,22.4104,10777.7129,220.0,280.0,51.7103,22.4057,10790.7542,220.0,280.0,51.7108,22.401,10795.3389,220.0,280.0,51.7113,22.3962,10794.9072,220.0,280.0,51.7119,22.3915,10794.9852,220.0,280.0,51.7124,22.3868,10786.2746,220.0,280.0,51.7129,22.3821,10789.3094,220.0,280.0,51.7134,22.3774,10791.0884,220.0,280.0
25,4ba8c2,TAR9FX,Turkey,52.2,23.3598,9507.9,245,270,0.0,0,0,,52.2,23.3598,9507.9272,245.0,270.0,0.4227,0.0099,0.2317,-0.0852,0.2258,8.0,9.0,9.0,0.9323,0.411,1.0,52.2,23.4407,9492.9755,245.0,270.0,52.2,23.4353,9486.9593,245.0,270.0,52.2,23.4299,9487.4355,245.0,270.0,52.2,23.4245,9489.5374,245.0,270.0,52.2,23.4191,9489.451,245.0,270.0,52.2,23.4137,9484.0597,245.0,270.0,52.2,23.4083,9492.7241,245.0,270.0,52.2,23.4029,9494.949,245.0,270.0,52.2,23.3975,9489.9291,245.0,270.0,52.2,23.3922,9493.3474,245.0,270.0,52.2,23.3868,9491.0922,245.0,270.0,52.2,23.3814,9494.6362,245.0,270.0,52.2,23.376,9497.7119,245.0,270.0,52.2,23.3706,9501.1626,245.0,270.0,52.2,23.3652,9507.3705,245.0,270.0,52.2,23.3598,9507.9272,245.0,270.0
25,4cab4c,EZY42AC,United Kingdom,54.5855,17.64189,11807.9,238,100,0.0,0,0,,54.5855,17.6419,11807.8544,238.0,100.0,-0.8212,0.1234,-0.135,0.0886,-0.014,8.0,9.0,9.0,0.9171,0.2662,1.0,54.5939,17.56,11780.5098,238.0,100.0,54.5933,17.5655,11776.6345,238.0,100.0,54.5928,17.5709,11792.315,238.0,100.0,54.5922,17.5764,11795.3681,238.0,100.0,54.5916,17.5819,11801.3636,238.0,100.0,54.5911,17.5873,11801.3101,238.0,100.0,54.5905,17.5928,11796.8881,238.0,100.0,54.59,17.5982,11795.8236,238.0,100.0,54.5894,17.6037,11808.8244,238.0,100.0,54.5888,17.6091,11798.2099,238.0,100.0,54.5883,17.6146,11794.1484,238.0,100.0,54.5877,17.6201,11789.6308,238.0,100.0,54.5872,17.6255,11788.4601,238.0,100.0,54.5866,17.631,11797.187,238.0,100.0,54.5861,17.6364,11801.7692,238.0,100.0,54.5855,17.6419,11807.8544,238.0,100.0
26,4ca87b,RYR2KE,Ireland,54.4,18.64391,10981.9,230,90,0.0,0,0,,54.4,18.6439,10981.8741,230.0,90.0,1.5188,0.0909,0.1667,0.1101,0.0609,8.0,9.0,9.0,0.9,0.3641,1.0,54.4,18.564,10981.1796,230.0,90.0,54.4,18.5693,10988.2039,230.0,90.0,54.4,18.5746,10989.401,230.0,90.0,54.4,18.5799,10989.8518,230.0,90.0,54.4,18.5853,10988.6917,230.0,90.0,54.4,18.5906,10988.777,230.0,90.0,54.4,18.5959,10984.8735,230.0,90.0,54.4,18.6013,10983.0827,230.0,90.0,54.4,18.6066,10981.3659,230.0,90.0,54.4,18.6119,10981.7859,230.0,90.0,54.4,18.6173,10984.7592,230.0,90.0,54.4,18.6226,10986.5221,230.0,90.0,54.4,18.6279,10985.4614,230.0,90.0,54.4,18.6332,10980.3492,230.0,90.0,54.4,18.6386,10980.3025,230.0,90.0,54.4,18.6439,10981.8741,230.0,90.0
26,471f8b,LOT283,Poland,52.56138,20.81533,9544.2,220,320,0.0,0,0,,52.5614,20.8153,9544.2084,220.0,320.0,-0.08,0.234,0.042,-0.0519,0.3139,8.0,9.0,9.0,0.9231,0.6718,1.0,52.5273,20.8624,9519.8636,220.0,320.0,52.5296,20.8592,9521.4715,220.0,320.0,52.5318,20.8561,9517.1659,220.0,320.0,52.5341,20.853,9516.8844,220.0,320.0,52.5364,20.8498,9530.4518,220.0,320.0,52.5386,20.8467,9530.5709,220.0,320.0,52.5409,20.8436,9527.8115,220.0,320.0,52.5432,20.8404,9533.7779,220.0,320.0,52.5455,20.8373,9532.3088,220.0,320.0,52.5477,20.8342,9530.9828,220.0,320.0,52.55,20.831,9523.3203,220.0,320.0,52.5523,20.8279,9523.071,220.0,320.0,52.5546,20.8247,9526.6768,220.0,320.0,52.5568,20.8216,9531.9755,220.0,320.0,52.5591,20.8185,9541.8548,220.0,320.0,52.5614,20.8153,9544.2084,220.0,320.0
26,3c6589,DLH4ZW,Germany,53.51518,14.64475,11507.3,240,80,0.0,0,0,,53.5152,14.6448,11507.2783,240.0,80.0,-0.1184,-0.0623,0.1952,-0.4226,-0.103,8.0,9.0,9.0,0.923,0.4911,1.0,53.5067,14.5643,11505.1127,240.0,80.0,53.5073,14.5697,11510.2008,240.0,80.0,53.5079,14.5751,11498.1659,240.0,80.0,53.5084,14.5804,11499.8885,240.0,80.0,53.509,14.5858,11508.8394,240.0,80.0,53.5096,14.5911,11506.3875,240.0,80.0,53.5101,14.5965,11506.4147,240.0,80.0,53.5107,14.6019,11510.5552,240.0,80.0,53.5112,14.6072,11515.262,240.0,80.0,53.5118,14.6126,11514.1716,240.0,80.0,53.5124,14.6179,11517.8872,240.0,80.0,53.5129,14.6233,11523.2558,240.0,80.0,53.5135,14.6287,11520.9304,240.0,80.0,53.5141,14.634,11513.8239,240.0,80.0,53.5146,14.6394,11508.8462,240.0,80.0,53.5152,14.6448,11507.2783,240.0,80.0
26,4b1805,SWR12X,Switzerland,52.71957,17.95163,10772.4,235,200,0.0,0,0,,52.7196,17.9516,10772.3805,235.0,200.0,1.9926,0.1066,0.0233,0.1962,-0.1267,8.0,9.0,9.0,0.9116,0.4847,1.0,52.7643,17.9785,10786.1062,235.0,200.0,52.7613,17.9767,10788.3635,235.0,200.0,52.7583,17.9749,10789.9116,235.0,200.0,52.7553,17.9731,10786.5856,235.0,200.0,52.7523,17.9713,10790.8252,235.0,200.0,52.7494,17.9695,10787.9269,235.0,200.0,52.7464,17.9677,10788.3301,235.0,200.0,52.7434,17.966,10786.6913,235.0,200.0,52.7404,17.9642,10785.3081,235.0,200.0,52.7374,17.9624,10784.8594,235.0,200.0,52.7345,17.9606,10776.869,235.0,200.0,52.7315,17.9588,10772.0903,235.0,200.0,52.7285,17.957,10767.6657,235.0,200.0,52.7255,17.9552,10769.4594,235.0,200.0,52.7225,17.9534,10771.9283,235.0,200.0,52.7196,17.9516,10772.3805,235.0,200.0
26,440048,BAW893,United Kingdom,53.17706,15.93388,12001.6,250,60,0.0,0,1,smooth_drift,53.1771,15.9339,12001.6419,250.0,60.0,-0.7585,0.04,-0.06,-0.337,-0.2039,6.0,9.0,9.0,0.4,0.4942,1.0,53.0225,16.0548,12027.9702,250.0,60.0,53.0265,16.0562,12024.6322,250.0,60.0,53.0313,16.0564,12014.9295,250.0,60.0,53.0368,16.0555,12019.5342,250.0,60.0,53.0431,16.0534,12016.8109,250.0,60.0,53.0502,16.0502,12011.1539,250.0,60.0,53.058,16.0459,12014.0639,250.0,60.0,53.0667,16.0403,12017.7819,250.0,60.0,53.076,16.0337,12016.6452,250.0,60.0,53.0862,16.0258,12004.7176,250.0,60.0,53.0971,16.0168,12004.1533,250.0,60.0,53.1088,16.0067,12007.9809,250.0,60.0,53.1212,15.9954,12005.0237,250.0,60.0,53.1345,15.983,12008.183,250.0,60.0,53.1485,15.9694,12015.9208,250.0,60.0,53.1632,15.9546,12001.6419,250.0,60.0
26,4ac9b0,SAS2HK,Sweden,55.45993,17.12245,10499.8,220,120,0.0,0,0,,55.4599,17.1225,10499.7843,220.0,120.0,-0.3293,-0.058,-0.1233,-0.0146,0.0191,8.0,9.0,9.0,0.8906,0.3728,1.0,55.4822,17.0544,10502.8152,220.0,120.0,55.4807,17.059,10499.8386,220.0,120.0,55.4792,17.0635,10499.7306,220.0,120.0,55.4777,17.068,10501.9943,220.0,120.0,55.4763,17.0726,10499.3858,220.0,120.0,55.4748,17.0771,10497.0491,220.0,120.0,55.4733,17.0816,10499.8203,220.0,120.0,55.4718,17.0862,10497.13,220.0,120.0,55.4703,17.0907,10494.0092,220.0,120.0,55.4688,17.0953,10490.625,220.0,120.0,55.4674,17.0998,10494.8004,220.0,120.0,55.4659,17.1043,10499.6638,220.0,120.0,55.4644,17.1089,10499.2112,220.0,120.0,55.4629,17.1134,10505.6364,220.0,120.0,55.4614,17.1179,10505.2036,220.0,120.0,55.4599,17.1225,10499.7843,220.0,120.0
26,3917a3,AFR1219,France,51.06057,14.36779,10966.2,225,150,0.0,0,1,smooth_drift,51.0606,14.3678,10966.1538,225.0,150.0,1.8219,0.04,-0.06,-0.0281,0.1502,6.0,9.0,9.0,0.4,0.4962,1.0,50.9708,14.5255,10967.8236,225.0,150.0,50.9704,14.5244,10968.5308,225.0,150.0,50.9709,14.5222,10973.0893,225.0,150.0,50.9721,14.5188,10971.4551,225.0,150.0,50.9741,14.5143,10980.455,225.0,150.0,50.9769,14.5087,10980.4092,225.0,150.0,50.9804,14.5018,10986.8255,225.0,150.0,50.9847,14.4939,10989.7227,225.0,150.0,50.9897,14.4847,10988.3555,225.0,150.0,50.9956,14.4745,10982.7604,225.0,150.0,51.0022,14.463,10976.1472,225.0,150.0,51.0095,14.4504,10977.3285,225.0,150.0,51.0177,14.4367,10964.0498,225.0,150.0,51.0266,14.4218,10967.0552,225.0,150.0,51.0363,14.4058,10965.1217,225.0,150.0,51.0467,14.3886,10966.1538,225.0,150.0
26,46b8c1,FIN6KP,Finland,55.92641,20.95215,10017.7,215,200,0.0,0,0,,55.9264,20.9522,10017.7141,215.0,200.0,-1.0281,-0.1701,-0.3365,-0.0077,-0.1577,8.0,9.0,9.0,0.9107,0.3655,1.0,55.9673,20.9787,10014.7486,215.0,200.0,55.9646,20.977,10018.6562,215.0,200.0,55.9618,20.9752,10016.3044,215.0,200.0,55.9591,20.9734,10010.7566,215.0,200.0,55.9564,20.9716,10009.5173,215.0,200.0,55.9537,20.9699,10009.2878,215.0,200.0,55.9509,20.9681,10011.7263,215.0,200.0,55.9482,20.9663,10015.0261,215.0,200.0,55.9455,20.9645,10016.2997,215.0,200.0,55.9428,20.9628,10021.9317,215.0,200.0,55.94,20.961,10020.1251,215.0,200.0,55.9373,20.9592,10019.2504,215.0,200.0,55.9346,20.9575,10016.5984,215.0,200.0,55.9319,20.9557,10015.7791,215.0,200.0,55.9291,20.9539,10017.7575,215.0,200.0,55.9264,20.9522,10017.7141,215.0,200.0
26,4ca8e0,RYR3LM,Ireland,53.65775,19.67645,11191.1,232,240,0.0,0,0,,53.6577,19.6765,11191.0831,232.0,240.0,0.4382,0.0265,-0.0635,-0.187,0.1165,8.0,9.0,9.0,0.9047,0.4227,1.0,53.6812,19.7451,11194.5871,232.0,240.0,53.6797,19.7405,11198.0691,232.0,240.0,53.6781,19.7359,11200.7369,232.0,240.0,53.6765,19.7313,11203.0141,232.0,240.0,53.675,19.7268,11206.8419,232.0,240.0,53.6734,19.7222,11201.9196,232.0,240.0,53.6718,19.7176,11199.5571,232.0,240.0,53.6703,19.713,11195.0513,232.0,240.0,53.6687,19.7085,11194.4989,232.0,240.0,53.6671,19.7039,11200.2571,232.0,240.0,53.6656,19.6993,11200.0578,232.0,240.0,53.664,19.6947,11195.622,232.0,240.0,53.6624,19.6902,11194.3644,232.0,240.0,53.6609,19.6856,11196.0998,232.0,240.0,53.6593,19.681,11193.6068,232.0,240.0,53.6577,19.6765,11191.0831,232.0,240.0
26,478129,WZZ2BV,Hungary,51.71391,22.37266,10795.1,220,280,0.0,0,0,,51.7139,22.3727,10795.1461,220.0,280.0,-1.8321,0.2429,-0.0916,0.0345,-0.139,8.0,9.0,9.0,0.9174,0.368,1.0,51.7062,22.4434,10782.6519,220.0,280.0,51.7067,22.4387,10790.6965,220.0,280.0,51.7072,22.434,10797.1923,220.0,280.0,51.7077,22.4293,10792.1186,220.0,280.0,51.7082,22.4245,10786.7201,220.0,280.0,51.7088,22.4198,10785.501,220.0,280.0,51.7093,22.4151,10784.2463,220.0,280.0,51.7098,22.4104,10777.7129,220.0,280.0,51.7103,22.4057,10790.7542,220.0,280.0,51.7108,22.401,10795.3389,220.0,280.0,51.7113,22.3962,10794.9072,220.0,280.0,51.7119,22.3915,10794.9852,220.0,280.0,51.7124,22.3868,10786.2746,220.0,280.0,51.7129,22.3821,10789.3094,220.0,280.0,51.7134,22.3774,10791.0884,220.0,280.0,51.7139,22.3727,10795.1461,220.0,280.0
26,4ba8c2,TAR9FX,Turkey,52.2,23.35441,9511.5,245,270,0.0,0,0,,52.2,23.3544,9511.5188,245.0,270.0,-0.9087,-0.1002,0.0291,0.1659,0.1517,8.0,9.0,9.0,0.9095,0.2741,1.0,52.2,23.4353,9486.9593,245.0,270.0,52.2,23.4299,9487.4355,245.0,270.0,52.2,23.4245,9489.5374,245.0,270.0,52.2,23.4191,9489.451,245.0,270.0,52.2,23.4137,9484.0597,245.0,270.0,52.2,23.4083,9492.7241,245.0,270.0,52.2,23.4029,9494.949,245.0,270.0,52.2,23.3975,9489.9291,245.0,270.0,52.2,23.3922,9493.3474,245.0,270.0,52.2,23.3868,9491.0922,245.0,270.0,52.2,23.3814,9494.6362,245.0,270.0,52.2,23.376,9497.7119,245.0,270.0,52.2,23.3706,9501.1626,245.0,270.0,52.2,23.3652,9507.3705,245.0,270.0,52.2,23.3598,9507.9272,245.0,270.0,52.2,23.3544,9511.5188,245.0,270.0
26,4cab4c,EZY42AC,United Kingdom,54.58494,17.64734,11801.0,238,100,0.0,0,0,,54.5849,17.6473,11801.0493,238.0,100.0,-0.4944,0.2026,-0.367,-0.1994,-0.2118,8.0,9.0,9.0,0.9517,0.2919,1.0,54.5933,17.5655,11776.6345,238.0,100.0,54.5928,17.5709,11792.315,238.0,100.0,54.5922,17.5764,11795.3681,238.0,100.0,54.5916,17.5819,11801.3636,238.0,100.0,54.5911,17.5873,11801.3101,238.0,100.0,54.5905,17.5928,11796.8881,238.0,100.0,54.59,17.5982,11795.8236,238.0,100.0,54.5894,17.6037,11808.8244,238.0,100.0,54.5888,17.6091,11798.2099,238.0,100.0,54.5883,17.6146,11794.1484,238.0,100.0,54.5877,17.6201,11789.6308,238.0,100.0,54.5872,17.6255,11788.4601,238.0,100.0,54.5866,17.631,11797.187,238.0,100.0,54.5861,17.6364,11801.7692,238.0,100.0,54.5855,17.6419,11807.8544,238.0,100.0,54.5849,17.6473,11801.0493,238.0,100.0
27,4ca87b,RYR2KE,Ireland,54.4,18.64924,10988.2,230,90,0.0,0,0,,54.4,18.6492,10988.2388,230.0,90.0,-1.874,-0.3396,0.3115,0.0151,-0.0903,8.0,9.0,9.0,0.9251,0.4874,1.0,54.4,18.5693,10988.2039,230.0,90.0,54.4,18.5746,10989.401,230.0,90.0,54.4,18.5799,10989.8518,230.0,90.0,54.4,18.5853,10988.6917,230.0,90.0,54.4,18.5906,10988.777,230.0,90.0,54.4,18.5959,10984.8735,230.0,90.0,54.4,18.6013,10983.0827,230.0,90.0,54.4,18.6066,10981.3659,230.0,90.0,54.4,18.6119,10981.7859,230.0,90.0,54.4,18.6173,10984.7592,230.0,90.0,54.4,18.6226,10986.5221,230.0,90.0,54.4,18.6279,10985.4614,230.0,90.0,54.4,18.6332,10980.3492,230.0,90.0,54.4,18.6386,10980.3025,230.0,90.0,54.4,18.6439,10981.8741,230.0,90.0,54.4,18.6492,10988.2388,230.0,90.0
27,471f8b,LOT283,Poland,52.56366,20.81219,9550.8,220,320,0.0,0,0,,52.5637,20.8122,9550.7897,220.0,320.0,1.6938,0.08,0.3365,0.0605,0.0516,8.0,9.0,9.0,0.9243,0.3709,1.0,52.5296,20.8592,9521.4715,220.0,320.0,52.5318,20.8561,9517.1659,220.0,320.0,52.5341,20.853,9516.8844,220.0,320.0,52.5364,20.8498,9530.4518,220.0,320.0,52.5386,20.8467,9530.5709,220.0,320.0,52.5409,20.8436,9527.8115,220.0,320.0,52.5432,20.8404,9533.7779,220.0,320.0,52.5455,20.8373,9532.3088,220.0,320.0,52.5477,20.8342,9530.9828,220.0,320.0,52.55,20.831,9523.3203,220.0,320.0,52.5523,20.8279,9523.071,220.0,320.0,52.5546,20.8247,9526.6768,220.0,320.0,52.5568,20.8216,9531.9755,220.0,320.0,52.5591,20.8185,9541.8548,220.0,320.0,52.5614,20.8153,9544.2084,220.0,320.0,52.5637,20.8122,9550.7897,220.0,320.0
27,3c6589,DLH4ZW,Germany,53.51574,14.65011,11504.7,240,80,0.0,0,0,,53.5157,14.6501,11504.652,240.0,80.0,-0.7364,-0.0081,-0.0818,-0.0523,0.2609,8.0,9.0,9.0,0.9066,0.4076,1.0,53.5073,14.5697,11510.2008,240.0,80.0,53.5079,14.5751,11498.1659,240.0,80.0,53.5084,14.5804,11499.8885,240.0,80.0,53.509,14.5858,11508.8394,240.0,80.0,53.5096,14.5911,11506.3875,240.0,80.0,53.5101,14.5965,11506.4147,240.0,80.0,53.5107,14.6019,11510.5552,240.0,80.0,53.5112,14.6072,11515.262,240.0,80.0,53.5118,14.6126,11514.1716,240.0,80.0,53.5124,14.6179,11517.8872,240.0,80.0,53.5129,14.6233,11523.2558,240.0,80.0,53.5135,14.6287,11520.9304,240.0,80.0,53.5141,14.634,11513.8239,240.0,80.0,53.5146,14.6394,11508.8462,240.0,80.0,53.5152,14.6448,11507.2783,240.0,80.0,53.5157,14.6501,11504.652,240.0,80.0
27,4b1805,SWR12X,Switzerland,52.71659,17.94984,10773.4,235,200,0.0,0,0,,52.7166,17.9498,10773.3572,235.0,200.0,-0.7511,0.0917,-0.1675,0.2748,-0.0452,8.0,9.0,9.0,0.9268,0.5174,1.0,52.7613,17.9767,10788.3635,235.0,200.0,52.7583,17.9749,10789.9116,235.0,200.0,52.7553,17.9731,10786.5856,235.0,200.0,52.7523,17.9713,10790.8252,235.0,200.0,52.7494,17.9695,10787.9269,235.0,200.0,52.7464,17.9677,10788.3301,235.0,200.0,52.7434,17.966,10786.6913,235.0,200.0,52.7404,17.9642,10785.3081,235.0,200.0,52.7374,17.9624,10784.8594,235.0,200.0,52.7345,17.9606,10776.869,235.0,200.0,52.7315,17.9588,10772.0903,235.0,200.0,52.7285,17.957,10767.6657,235.0,200.0,52.7255,17.9552,10769.4594,235.0,200.0,52.7225,17.9534,10771.9283,235.0,200.0,52.7196,17.9516,10772.3805,235.0,200.0,52.7166,17.9498,10773.3572,235.0,200.0
27,440048,BAW893,United Kingdom,53.19337,15.91683,12007.8,250,60,0.0,0,1,smooth_drift,53.1934,15.9168,12007.7822,250.0,60.0,-0.5188,0.04,-0.06,-0.1535,0.1312,6.0,9.0,9.0,0.4,0.388,1.0,53.0265,16.0562,12024.6322,250.0,60.0,53.0313,16.0564,12014.9295,250.0,60.0,53.0368,16.0555,12019.5342,250.0,60.0,53.0431,16.0534,12016.8109,250.0,60.0,53.0502,16.0502,12011.1539,250.0,60.0,53.058,16.0459,12014.0639,250.0,60.0,53.0667,16.0403,12017.7819,250.0,60.0,53.076,16.0337,12016.6452,250.0,60.0,53.0862,16.0258,12004.7176,250.0,60.0,53.0971,16.0168,12004.1533,250.0,60.0,53.1088,16.0067,12007.9809,250.0,60.0,53.1212,15.9954,12005.0237,250.0,60.0,53.1345,15.983,12008.183,250.0,60.0,53.1485,15.9694,12015.9208,250.0,60.0,53.1632,15.9546,12001.6419,250.0,60.0,53.1788,15.9388,12007.7822,250.0,60.0
27,4ac9b0,SAS2HK,Sweden,55.45845,17.12699,10499.6,220,120,0.0,0,0,,55.4584,17.127,10499.6014,220.0,120.0,0.815,0.0203,0.1288,0.0677,0.2876,8.0,9.0,9.0,0.9484,0.6307,1.0,55.4807,17.059,10499.8386,220.0,120.0,55.4792,17.0635,10499.7306,220.0,120.0,55.4777,17.068,10501.9943,220.0,120.0,55.4763,17.0726,10499.3858,220.0,120.0,55.4748,17.0771,10497.0491,220.0,120.0,55.4733,17.0816,10499.8203,220.0,120.0,55.4718,17.0862,10497.13,220.0,120.0,55.4703,17.0907,10494.0092,220.0,120.0,55.4688,17.0953,10490.625,220.0,120.0,55.4674,17.0998,10494.8004,220.0,120.0,55.4659,17.1043,10499.6638,220.0,120.0,55.4644,17.1089,10499.2112,220.0,120.0,55.4629,17.1134,10505.6364,220.0,120.0,55.4614,17.1179,10505.2036,220.0,120.0,55.4599,17.1225,10499.7843,220.0,120.0,55.4584,17.127,10499.6014,220.0,120.0
27,3917a3,AFR1219,France,51.07255,14.34828,10961.6,225,150,0.0,0,1,smooth_drift,51.0726,14.3483,10961.5852,225.0,150.0,1.8285,0.04,-0.06,-0.0734,0.1289,6.0,9.0,9.0,0.4,0.5163,1.0,50.9704,14.5244,10968.5308,225.0,150.0,50.9709,14.5222,10973.0893,225.0,150.0,50.9721,14.5188,10971.4551,225.0,150.0,50.9741,14.5143,10980.455,225.0,150.0,50.9769,14.5087,10980.4092,225.0,150.0,50.9804,14.5018,10986.8255,225.0,150.0,50.9847,14.4939,10989.7227,225.0,150.0,50.9897,14.4847,10988.3555,225.0,150.0,50.9956,14.4745,10982.7604,225.0,150.0,51.0022,14.463,10976.1472,225.0,150.0,51.0095,14.4504,10977.3285,225.0,150.0,51.0177,14.4367,10964.0498,225.0,150.0,51.0266,14.4218,10967.0552,225.0,150.0,51.0363,14.4058,10965.1217,225.0,150.0,51.0467,14.3886,10966.1538,225.0,150.0,51.0579,14.3702,10961.5852,225.0,150.0
27,46b8c1,FIN6KP,Finland,55.92369,20.95038,10012.0,215,200,0.0,0,0,,55.9237,20.9504,10012.0088,215.0,200.0,0.7806,-0.1447,-0.2477,0.1655,0.409,8.0,9.0,9.0,0.9145,0.3524,1.0,55.9646,20.977,10018.6562,215.0,200.0,55.9618,20.9752,10016.3044,215.0,200.0,55.9591,20.9734,10010.7566,215.0,200.0,55.9564,20.9716,10009.5173,215.0,200.0,55.9537,20.9699,10009.2878,215.0,200.0,55.9509,20.9681,10011.7263,215.0,200.0,55.9482,20.9663,10015.0261,215.0,200.0,55.9455,20.9645,10016.2997,215.0,200.0,55.9428,20.9628,10021.9317,215.0,200.0,55.94,20.961,10020.1251,215.0,200.0,55.9373,20.9592,10019.2504,215.0,200.0,55.9346,20.9575,10016.5984,215.0,200.0,55.9319,20.9557,10015.7791,215.0,200.0,55.9291,20.9539,10017.7575,215.0,200.0,55.9264,20.9522,10017.7141,215.0,200.0,55.9237,20.9504,10012.0088,215.0,200.0
27,4ca8e0,RYR3LM,Ireland,53.65618,19.67188,11200.6,232,240,0.0,0,0,,53.6562,19.6719,11200.6298,232.0,240.0,-0.5212,-0.1585,-0.1299,0.1246,0.0961,8.0,9.0,9.0,0.9293,0.3935,1.0,53.6797,19.7405,11198.0691,232.0,240.0,53.6781,19.7359,11200.7369,232.0,240.0,53.6765,19.7313,11203.0141,232.0,240.0,53.675,19.7268,11206.8419,232.0,240.0,53.6734,19.7222,11201.9196,232.0,240.0,53.6718,19.7176,11199.5571,232.0,240.0,53.6703,19.713,11195.0513,232.0,240.0,53.6687,19.7085,11194.4989,232.0,240.0,53.6671,19.7039,11200.2571,232.0,240.0,53.6656,19.6993,11200.0578,232.0,240.0,53.664,19.6947,11195.622,232.0,240.0,53.6624,19.6902,11194.3644,232.0,240.0,53.6609,19.6856,11196.0998,232.0,240.0,53.6593,19.681,11193.6068,232.0,240.0,53.6577,19.6765,11191.0831,232.0,240.0,53.6562,19.6719,11200.6298,232.0,240.0
27,478129,WZZ2BV,Hungary,51.71443,22.36794,10794.0,220,280,0.0,0,0,,51.7144,22.3679,10793.9807,220.0,280.0,-0.0685,0.2187,-0.0204,-0.0134,0.0787,8.0,9.0,9.0,0.9123,0.4182,1.0,51.7067,22.4387,10790.6965,220.0,280.0,51.7072,22.434,10797.1923,220.0,280.0,51.7077,22.4293,10792.1186,220.0,280.0,51.7082,22.4245,10786.7201,220.0,280.0,51.7088,22.4198,10785.501,220.0,280.0,51.7093,22.4151,10784.2463,220.0,280.0,51.7098,22.4104,10777.7129,220.0,280.0,51.7103,22.4057,10790.7542,220.0,280.0,51.7108,22.401,10795.3389,220.0,280.0,51.7113,22.3962,10794.9072,220.0,280.0,51.7119,22.3915,10794.9852,220.0,280.0,51.7124,22.3868,10786.2746,220.0,280.0,51.7129,22.3821,10789.3094,220.0,280.0,51.7134,22.3774,10791.0884,220.0,280.0,51.7139,22.3727,10795.1461,220.0,280.0,51.7144,22.3679,10793.9807,220.0,280.0
27,4ba8c2,TAR9FX,Turkey,52.2,23.34901,9510.1,245,270,0.0,0,0,,52.2,23.349,9510.1231,245.0,270.0,-0.0257,-0.1994,0.0863,0.2219,-0.1555,8.0,9.0,9.0,0.9138,0.4484,1.0,52.2,23.4299,9487.4355,245.0,270.0,52.2,23.4245,9489.5374,245.0,270.0,52.2,23.4191,9489.451,245.0,270.0,52.2,23.4137,9484.0597,245.0,270.0,52.2,23.4083,9492.7241,245.0,270.0,52.2,23.4029,9494.949,245.0,270.0,52.2,23.3975,9489.9291,245.0,270.0,52.2,23.3922,9493.3474,245.0,270.0,52.2,23.3868,9491.0922,245.0,270.0,52.2,23.3814,9494.6362,245.0,270.0,52.2,23.376,9497.7119,245.0,270.0,52.2,23.3706,9501.1626,245.0,270.0,52.2,23.3652,9507.3705,245.0,270.0,52.2,23.3598,9507.9272,245.0,270.0,52.2,23.3544,9511.5188,245.0,270.0,52.2,23.349,9510.1231,245.0,270.0
27,4cab4c,EZY42AC,United Kingdom,54.58439,17.6528,11805.1,238,100,0.0,0,0,,54.5844,17.6528,11805.07,238.0,100.0,0.2742,0.0238,-0.2764,0.6673,0.0568,8.0,9.0,9.0,0.9372,0.2636,1.0,54.5928,17.5709,11792.315,238.0,100.0,54.5922,17.5764,11795.3681,238.0,100.0,54.5916,17.5819,11801.3636,238.0,100.0,54.5911,17.5873,11801.3101,238.0,100.0,54.5905,17.5928,11796.8881,238.0,100.0,54.59,17.5982,11795.8236,238.0,100.0,54.5894,17.6037,11808.8244,238.0,100.0,54.5888,17.6091,11798.2099,238.0,100.0,54.5883,17.6146,11794.1484,238.0,100.0,54.5877,17.6201,11789.6308,238.0,100.0,54.5872,17.6255,11788.4601,238.0,100.0,54.5866,17.631,11797.187,238.0,100.0,54.5861,17.6364,11801.7692,238.0,100.0,54.5855,17.6419,11807.8544,238.0,100.0,54.5849,17.6473,11801.0493,238.0,100.0,54.5844,17.6528,11805.07,238.0,100.0
28,4ca87b,RYR2KE,Ireland,54.4,18.65457,10993.9,230,90,0.0,0,0,,54.4,18.6546,10993.8605,230.0,90.0,-1.606,0.2533,-0.1992,0.403,0.3729,8.0,9.0,9.0,0.9048,0.5734,1.0,54.4,18.5746,10989.401,230.0,90.0,54.4,18.5799,10989.8518,230.0,90.0,54.4,18.5853,10988.6917,230.0,90.0,54.4,18.5906,10988.777,230.0,90.0,54.4,18.5959,10984.8735,230.0,90.0,54.4,18.6013,10983.0827,230.0,90.0,54.4,18.6066,10981.3659,230.0,90.0,54.4,18.6119,10981.7859,230.0,90.0,54.4,18.6173,10984.7592,230.0,90.0,54.4,18.6226,10986.5221,230.0,90.0,54.4,18.6279,10985.4614,230.0,90.0,54.4,18.6332,10980.3492,230.0,90.0,54.4,18.6386,10980.3025,230.0,90.0,54.4,18.6439,10981.8741,230.0,90.0,54.4,18.6492,10988.2388,230.0,90.0,54.4,18.6546,10993.8605,230.0,90.0
28,471f8b,LOT283,Poland,52.56593,20.80905,9544.1,220,320,0.0,0,0,,52.5659,20.8091,9544.1018,220.0,320.0,0.2278,-0.0312,0.2909,0.2461,-0.1229,8.0,9.0,9.0,0.8921,0.5272,1.0,52.5318,20.8561,9517.1659,220.0,320.0,52.5341,20.853,9516.8844,220.0,320.0,52.5364,20.8498,9530.4518,220.0,320.0,52.5386,20.8467,9530.5709,220.0,320.0,52.5409,20.8436,9527.8115,220.0,320.0,52.5432,20.8404,9533.7779,220.0,320.0,52.5455,20.8373,9532.3088,220.0,320.0,52.5477,20.8342,9530.9828,220.0,320.0,52.55,20.831,9523.3203,220.0,320.0,52.5523,20.8279,9523.071,220.0,320.0,52.5546,20.8247,9526.6768,220.0,320.0,52.5568,20.8216,9531.9755,220.0,320.0,52.5591,20.8185,9541.8548,220.0,320.0,52.5614,20.8153,9544.2084,220.0,320.0,52.5637,20.8122,9550.7897,220.0,320.0,52.5659,20.8091,9544.1018,220.0,320.0
28,3c6589,DLH4ZW,Germany,53.5163,14.65548,11500.9,240,80,0.0,0,0,,53.5163,14.6555,11500.8859,240.0,80.0,-0.7639,0.3284,0.0271,0.2754,-0.0784,8.0,9.0,9.0,0.9404,0.4429,1.0,53.5079,14.5751,11498.1659,240.0,80.0,53.5084,14.5804,11499.8885,240.0,80.0,53.509,14.5858,11508.8394,240.0,80.0,53.5096,14.5911,11506.3875,240.0,80.0,53.5101,14.5965,11506.4147,240.0,80.0,53.5107,14.6019,11510.5552,240.0,80.0,53.5112,14.6072,11515.262,240.0,80.0,53.5118,14.6126,11514.1716,240.0,80.0,53.5124,14.6179,11517.8872,240.0,80.0,53.5129,14.6233,11523.2558,240.0,80.0,53.5135,14.6287,11520.9304,240.0,80.0,53.5141,14.634,11513.8239,240.0,80.0,53.5146,14.6394,11508.8462,240.0,80.0,53.5152,14.6448,11507.2783,240.0,80.0,53.5157,14.6501,11504.652,240.0,80.0,53.5163,14.6555,11500.8859,240.0,80.0
28,4b1805,SWR12X,Switzerland,52.71361,17.94805,10770.5,235,200,0.0,0,0,,52.7136,17.948,10770.4727,235.0,200.0,-0.2999,0.0216,-0.1378,0.0057,-0.1296,8.0,9.0,9.0,0.9508,0.4261,1.0,52.7583,17.9749,10789.9116,235.0,200.0,52.7553,17.9731,10786.5856,235.0,200.0,52.7523,17.9713,10790.8252,235.0,200.0,52.7494,17.9695,10787.9269,235.0,200.0,52.7464,17.9677,10788.3301,235.0,200.0,52.7434,17.966,10786.6913,235.0,200.0,52.7404,17.9642,10785.3081,235.0,200.0,52.7374,17.9624,10784.8594,235.0,200.0,52.7345,17.9606,10776.869,235.0,200.0,52.7315,17.9588,10772.0903,235.0,200.0,52.7285,17.957,10767.6657,235.0,200.0,52.7255,17.9552,10769.4594,235.0,200.0,52.7225,17.9534,10771.9283,235.0,200.0,52.7196,17.9516,10772.3805,235.0,200.0,52.7166,17.9498,10773.3572,235.0,200.0,52.7136,17.948,10770.4727,235.0,200.0
28,440048,BAW893,United Kingdom,53.21044,15.89863,12003.5,250,60,0.0,0,1,smooth_drift,53.2104,15.8986,12003.5001,250.0,60.0,0.7781,0.04,-0.06,0.0567,-0.1502,6.0,9.0,9.0,0.4,0.4564,1.0,53.0313,16.0564,12014.9295,250.0,60.0,53.0368,16.0555,12019.5342,250.0,60.0,53.0431,16.0534,12016.8109,250.0,60.0,53.0502,16.0502,12011.1539,250.0,60.0,53.058,16.0459,12014.0639,250.0,60.0,53.0667,16.0403,12017.7819,250.0,60.0,53.076,16.0337,12016.6452,250.0,60.0,53.0862,16.0258,12004.7176,250.0,60.0,53.0971,16.0168,12004.1533,250.0,60.0,53.1088,16.0067,12007.9809,250.0,60.0,53.1212,15.9954,12005.0237,250.0,60.0,53.1345,15.983,12008.183,250.0,60.0,53.1485,15.9694,12015.9208,250.0,60.0,53.1632,15.9546,12001.6419,250.0,60.0,53.1788,15.9388,12007.7822,250.0,60.0,53.1951,15.9217,12003.5001,250.0,60.0
28,4ac9b0,SAS2HK,Sweden,55.45697,17.13152,10496.5,220,120,0.0,0,0,,55.457,17.1315,10496.5102,220.0,120.0,2.3227,-0.1223,0.0956,-0.1372,-0.0348,8.0,9.0,9.0,0.8934,0.4319,1.0,55.4792,17.0635,10499.7306,220.0,120.0,55.4777,17.068,10501.9943,220.0,120.0,55.4763,17.0726,10499.3858,220.0,120.0,55.4748,17.0771,10497.0491,220.0,120.0,55.4733,17.0816,10499.8203,220.0,120.0,55.4718,17.0862,10497.13,220.0,120.0,55.4703,17.0907,10494.0092,220.0,120.0,55.4688,17.0953,10490.625,220.0,120.0,55.4674,17.0998,10494.8004,220.0,120.0,55.4659,17.1043,10499.6638,220.0,120.0,55.4644,17.1089,10499.2112,220.0,120.0,55.4629,17.1134,10505.6364,220.0,120.0,55.4614,17.1179,10505.2036,220.0,120.0,55.4599,17.1225,10499.7843,220.0,120.0,55.4584,17.127,10499.6014,220.0,120.0,55.457,17.1315,10496.5102,220.0,120.0
28,3917a3,AFR1219,France,51.08531,14.32762,10957.6,225,150,0.0,0,1,smooth_drift,51.0853,14.3276,10957.6143,225.0,150.0,-0.6117,0.04,-0.06,-0.147,0.0639,6.0,9.0,9.0,0.4,0.4357,1.0,50.9709,14.5222,10973.0893,225.0,150.0,50.9721,14.5188,10971.4551,225.0,150.0,50.9741,14.5143,10980.455,225.0,150.0,50.9769,14.5087,10980.4092,225.0,150.0,50.9804,14.5018,10986.8255,225.0,150.0,50.9847,14.4939,10989.7227,225.0,150.0,50.9897,14.4847,10988.3555,225.0,150.0,50.9956,14.4745,10982.7604,225.0,150.0,51.0022,14.463,10976.1472,225.0,150.0,51.0095,14.4504,10977.3285,225.0,150.0,51.0177,14.4367,10964.0498,225.0,150.0,51.0266,14.4218,10967.0552,225.0,150.0,51.0363,14.4058,10965.1217,225.0,150.0,51.0467,14.3886,10966.1538,225.0,150.0,51.0579,14.3702,10961.5852,225.0,150.0,51.0699,14.3507,10957.6143,225.0,150.0
28,46b8c1,FIN6KP,Finland,55.92096,20.94861,10012.8,215,200,0.0,0,0,,55.921,20.9486,10012.7795,215.0,200.0,-1.1746,0.0719,0.0888,-0.0926,0.1622,8.0,9.0,9.0,0.9024,0.3607,1.0,55.9618,20.9752,10016.3044,215.0,200.0,55.9591,20.9734,10010.7566,215.0,200.0,55.9564,20.9716,10009.5173,215.0,200.0,55.9537,20.9699,10009.2878,215.0,200.0,55.9509,20.9681,10011.7263,215.0,200.0,55.9482,20.9663,10015.0261,215.0,200.0,55.9455,20.9645,10016.2997,215.0,200.0,55.9428,20.9628,10021.9317,215.0,200.0,55.94,20.961,10020.1251,215.0,200.0,55.9373,20.9592,10019.2504,215.0,200.0,55.9346,20.9575,10016.5984,215.0,200.0,55.9319,20.9557,10015.7791,215.0,200.0,55.9291,20.9539,10017.7575,215.0,200.0,55.9264,20.9522,10017.7141,215.0,200.0,55.9237,20.9504,10012.0088,215.0,200.0,55.921,20.9486,10012.7795,215.0,200.0
28,4ca8e0,RYR3LM,Ireland,53.65462,19.66731,11195.0,232,240,0.0,0,0,,53.6546,19.6673,11194.9735,232.0,240.0,-0.6598,-0.4242,-0.3395,-0.1459,0.0519,8.0,9.0,9.0,0.9296,0.2746,1.0,53.6781,19.7359,11200.7369,232.0,240.0,53.6765,19.7313,11203.0141,232.0,240.0,53.675,19.7268,11206.8419,232.0,240.0,53.6734,19.7222,11201.9196,232.0,240.0,53.6718,19.7176,11199.5571,232.0,240.0,53.6703,19.713,11195.0513,232.0,240.0,53.6687,19.7085,11194.4989,232.0,240.0,53.6671,19.7039,11200.2571,232.0,240.0,53.6656,19.6993,11200.0578,232.0,240.0,53.664,19.6947,11195.622,232.0,240.0,53.6624,19.6902,11194.3644,232.0,240.0,53.6609,19.6856,11196.0998,232.0,240.0,53.6593,19.681,11193.6068,232.0,240.0,53.6577,19.6765,11191.0831,232.0,240.0,53.6562,19.6719,11200.6298,232.0,240.0,53.6546,19.6673,11194.9735,232.0,240.0
28,478129,WZZ2BV,Hungary,51.71494,22.36322,10795.3,220,280,0.0,0,0,,51.7149,22.3632,10795.2545,220.0,280.0,-0.8102,-0.3027,-0.061,0.1331,-0.1607,8.0,9.0,9.0,0.9125,0.3623,1.0,51.7072,22.434,10797.1923,220.0,280.0,51.7077,22.4293,10792.1186,220.0,280.0,51.7082,22.4245,10786.7201,220.0,280.0,51.7088,22.4198,10785.501,220.0,280.0,51.7093,22.4151,10784.2463,220.0,280.0,51.7098,22.4104,10777.7129,220.0,280.0,51.7103,22.4057,10790.7542,220.0,280.0,51.7108,22.401,10795.3389,220.0,280.0,51.7113,22.3962,10794.9072,220.0,280.0,51.7119,22.3915,10794.9852,220.0,280.0,51.7124,22.3868,10786.2746,220.0,280.0,51.7129,22.3821,10789.3094,220.0,280.0,51.7134,22.3774,10791.0884,220.0,280.0,51.7139,22.3727,10795.1461,220.0,280.0,51.7144,22.3679,10793.9807,220.0,280.0,51.7149,22.3632,10795.2545,220.0,280.0
28,4ba8c2,TAR9FX,Turkey,52.2,23.34362,9507.7,245,270,0.0,0,0,,52.2,23.3436,9507.7007,245.0,270.0,0.6836,0.2385,0.1457,0.286,0.005,8.0,9.0,9.0,0.8612,0.3283,1.0,52.2,23.4245,9489.5374,245.0,270.0,52.2,23.4191,9489.451,245.0,270.0,52.2,23.4137,9484.0597,245.0,270.0,52.2,23.4083,9492.7241,245.0,270.0,52.2,23.4029,9494.949,245.0,270.0,52.2,23.3975,9489.9291,245.0,270.0,52.2,23.3922,9493.3474,245.0,270.0,52.2,23.3868,9491.0922,245.0,270.0,52.2,23.3814,9494.6362,245.0,270.0,52.2,23.376,9497.7119,245.0,270.0,52.2,23.3706,9501.1626,245.0,270.0,52.2,23.3652,9507.3705,245.0,270.0,52.2,23.3598,9507.9272,245.0,270.0,52.2,23.3544,9511.5188,245.0,270.0,52.2,23.349,9510.1231,245.0,270.0,52.2,23.3436,9507.7007,245.0,270.0
28,4cab4c,EZY42AC,United Kingdom,54.58383,17.65825,11800.1,238,100,0.0,0,0,,54.5838,17.6583,11800.0659,238.0,100.0,1.6342,0.1747,0.0814,-0.0813,0.0726,8.0,9.0,9.0,0.9251,0.3854,1.0,54.5922,17.5764,11795.3681,238.0,100.0,54.5916,17.5819,11801.3636,238.0,100.0,54.5911,17.5873,11801.3101,238.0,100.0,54.5905,17.5928,11796.8881,238.0,100.0,54.59,17.5982,11795.8236,238.0,100.0,54.5894,17.6037,11808.8244,238.0,100.0,54.5888,17.6091,11798.2099,238.0,100.0,54.5883,17.6146,11794.1484,238.0,100.0,54.5877,17.6201,11789.6308,238.0,100.0,54.5872,17.6255,11788.4601,238.0,100.0,54.5866,17.631,11797.187,238.0,100.0,54.5861,17.6364,11801.7692,238.0,100.0,54.5855,17.6419,11807.8544,238.0,100.0,54.5849,17.6473,11801.0493,238.0,100.0,54.5844,17.6528,11805.07,238.0,100.0,54.5838,17.6583,11800.0659,238.0,100.0
29,4ca87b,RYR2KE,Ireland,54.4,18.6599,10992.4,230,90,0.0,0,0,,54.4,18.6599,10992.4421,230.0,90.0,0.611,0.2228,-0.1359,0.3038,-0.0701,8.0,9.0,9.0,0.9322,0.358,1.0,54.4,18.5799,10989.8518,230.0,90.0,54.4,18.5853,10988.6917,230.0,90.0,54.4,18.5906,10988.777,230.0,90.0,54.4,18.5959,10984.8735,230.0,90.0,54.4,18.6013,10983.0827,230.0,90.0,54.4,18.6066,10981.3659,230.0,90.0,54.4,18.6119,10981.7859,230.0,90.0,54.4,18.6173,10984.7592,230.0,90.0,54.4,18.6226,10986.5221,230.0,90.0,54.4,18.6279,10985.4614,230.0,90.0,54.4,18.6332,10980.3492,230.0,90.0,54.4,18.6386,10980.3025,230.0,90.0,54.4,18.6439,10981.8741,230.0,90.0,54.4,18.6492,10988.2388,230.0,90.0,54.4,18.6546,10993.8605,230.0,90.0,54.4,18.6599,10992.4421,230.0,90.0
29,471f8b,LOT283,Poland,52.5682,20.80592,9553.3,220,320,0.0,0,0,,52.5682,20.8059,9553.3361,220.0,320.0,0.5841,0.0258,0.0883,-0.2332,0.0154,8.0,9.0,9.0,0.9521,0.2756,1.0,52.5341,20.853,9516.8844,220.0,320.0,52.5364,20.8498,9530.4518,220.0,320.0,52.5386,20.8467,9530.5709,220.0,320.0,52.5409,20.8436,9527.8115,220.0,320.0,52.5432,20.8404,9533.7779,220.0,320.0,52.5455,20.8373,9532.3088,220.0,320.0,52.5477,20.8342,9530.9828,220.0,320.0,52.55,20.831,9523.3203,220.0,320.0,52.5523,20.8279,9523.071,220.0,320.0,52.5546,20.8247,9526.6768,220.0,320.0,52.5568,20.8216,9531.9755,220.0,320.0,52.5591,20.8185,9541.8548,220.0,320.0,52.5614,20.8153,9544.2084,220.0,320.0,52.5637,20.8122,9550.7897,220.0,320.0,52.5659,20.8091,9544.1018,220.0,320.0,52.5682,20.8059,9553.3361,220.0,320.0
29,3c6589,DLH4ZW,Germany,53.51686,14.66084,11502.8,240,80,0.0,0,0,,53.5169,14.6608,11502.8292,240.0,80.0,0.2995,0.0504,-0.0354,0.012,-0.3706,8.0,9.0,9.0,0.9313,0.4983,1.0,53.5084,14.5804,11499.8885,240.0,80.0,53.509,14.5858,11508.8394,240.0,80.0,53.5096,14.5911,11506.3875,240.0,80.0,53.5101,14.5965,11506.4147,240.0,80.0,53.5107,14.6019,11510.5552,240.0,80.0,53.5112,14.6072,11515.262,240.0,80.0,53.5118,14.6126,11514.1716,240.0,80.0,53.5124,14.6179,11517.8872,240.0,80.0,53.5129,14.6233,11523.2558,240.0,80.0,53.5135,14.6287,11520.9304,240.0,80.0,53.5141,14.634,11513.8239,240.0,80.0,53.5146,14.6394,11508.8462,240.0,80.0,53.5152,14.6448,11507.2783,240.0,80.0,53.5157,14.6501,11504.652,240.0,80.0,53.5163,14.6555,11500.8859,240.0,80.0,53.5169,14.6608,11502.8292,240.0,80.0
29,4b1805,SWR12X,Switzerland,52.71063,17.94626,10768.7,235,200,0.0,0,0,,52.7106,17.9463,10768.7294,235.0,200.0,1.6898,-0.1143,-0.4049,-0.0919,-0.1073,8.0,9.0,9.0,0.9213,0.299,1.0,52.7553,17.9731,10786.5856,235.0,200.0,52.7523,17.9713,10790.8252,235.0,200.0,52.7494,17.9695,10787.9269,235.0,200.0,52.7464,17.9677,10788.3301,235.0,200.0,52.7434,17.966,10786.6913,235.0,200.0,52.7404,17.9642,10785.3081,235.0,200.0,52.7374,17.9624,10784.8594,235.0,200.0,52.7345,17.9606,10776.869,235.0,200.0,52.7315,17.9588,10772.0903,235.0,200.0,52.7285,17.957,10767.6657,235.0,200.0,52.7255,17.9552,10769.4594,235.0,200.0,52.7225,17.9534,10771.9283,235.0,200.0,52.7196,17.9516,10772.3805,235.0,200.0,52.7166,17.9498,10773.3572,235.0,200.0,52.7136,17.948,10770.4727,235.0,200.0,52.7106,17.9463,10768.7294,235.0,200.0
29,440048,BAW893,United Kingdom,53.22828,15.87927,11993.3,250,60,0.0,0,1,smooth_drift,53.2283,15.8793,11993.3178,250.0,60.0,1.9251,0.04,-0.06,0.1972,0.1147,6.0,9.0,9.0,0.4,0.4146,1.0,53.0368,16.0555,12019.5342,250.0,60.0,53.0431,16.0534,12016.8109,250.0,60.0,53.0502,16.0502,12011.1539,250.0,60.0,53.058,16.0459,12014.0639,250.0,60.0,53.0667,16.0403,12017.7819,250.0,60.0,53.076,16.0337,12016.6452,250.0,60.0,53.0862,16.0258,12004.7176,250.0,60.0,53.0971,16.0168,12004.1533,250.0,60.0,53.1088,16.0067,12007.9809,250.0,60.0,53.1212,15.9954,12005.0237,250.0,60.0,53.1345,15.983,12008.183,250.0,60.0,53.1485,15.9694,12015.9208,250.0,60.0,53.1632,15.9546,12001.6419,250.0,60.0,53.1788,15.9388,12007.7822,250.0,60.0,53.1951,15.9217,12003.5001,250.0,60.0,53.2121,15.9035,11993.3178,250.0,60.0
29,4ac9b0,SAS2HK,Sweden,55.45548,17.13605,10497.1,220,120,0.0,0,0,,55.4555,17.1361,10497.0528,220.0,120.0,1.8986,-0.177,-0.2481,0.0097,-0.0803,8.0,9.0,9.0,0.8851,0.3468,1.0,55.4777,17.068,10501.9943,220.0,120.0,55.4763,17.0726,10499.3858,220.0,120.0,55.4748,17.0771,10497.0491,220.0,120.0,55.4733,17.0816,10499.8203,220.0,120.0,55.4718,17.0862,10497.13,220.0,120.0,55.4703,17.0907,10494.0092,220.0,120.0,55.4688,17.0953,10490.625,220.0,120.0,55.4674,17.0998,10494.8004,220.0,120.0,55.4659,17.1043,10499.6638,220.0,120.0,55.4644,17.1089,10499.2112,220.0,120.0,55.4629,17.1134,10505.6364,220.0,120.0,55.4614,17.1179,10505.2036,220.0,120.0,55.4599,17.1225,10499.7843,220.0,120.0,55.4584,17.127,10499.6014,220.0,120.0,55.457,17.1315,10496.5102,220.0,120.0,55.4555,17.1361,10497.0528,220.0,120.0
29,3917a3,AFR1219,France,51.09883,14.3058,10957.5,225,150,0.0,0,1,smooth_drift,51.0988,14.3058,10957.4657,225.0,150.0,0.407,0.04,-0.06,-0.1757,0.1329,6.0,9.0,9.0,0.4,0.2168,1.0,50.9721,14.5188,10971.4551,225.0,150.0,50.9741,14.5143,10980.455,225.0,150.0,50.9769,14.5087,10980.4092,225.0,150.0,50.9804,14.5018,10986.8255,225.0,150.0,50.9847,14.4939,10989.7227,225.0,150.0,50.9897,14.4847,10988.3555,225.0,150.0,50.9956,14.4745,10982.7604,225.0,150.0,51.0022,14.463,10976.1472,225.0,150.0,51.0095,14.4504,10977.3285,225.0,150.0,51.0177,14.4367,10964.0498,225.0,150.0,51.0266,14.4218,10967.0552,225.0,150.0,51.0363,14.4058,10965.1217,225.0,150.0,51.0467,14.3886,10966.1538,225.0,150.0,51.0579,14.3702,10961.5852,225.0,150.0,51.0699,14.3507,10957.6143,225.0,150.0,51.0827,14.33,10957.4657,225.0,150.0
29,46b8c1,FIN6KP,Finland,55.91824,20.94684,10013.2,215,200,0.0,0,0,,55.9182,20.9468,10013.2329,215.0,200.0,-0.9063,-0.2129,0.3136,0.1498,-0.1935,8.0,9.0,9.0,0.9209,0.2422,1.0,55.9591,20.9734,10010.7566,215.0,200.0,55.9564,20.9716,10009.5173,215.0,200.0,55.9537,20.9699,10009.2878,215.0,200.0,55.9509,20.9681,10011.7263,215.0,200.0,55.9482,20.9663,10015.0261,215.0,200.0,55.9455,20.9645,10016.2997,215.0,200.0,55.9428,20.9628,10021.9317,215.0,200.0,55.94,20.961,10020.1251,215.0,200.0,55.9373,20.9592,10019.2504,215.0,200.0,55.9346,20.9575,10016.5984,215.0,200.0,55.9319,20.9557,10015.7791,215.0,200.0,55.9291,20.9539,10017.7575,215.0,200.0,55.9264,20.9522,10017.7141,215.0,200.0,55.9237,20.9504,10012.0088,215.0,200.0,55.921,20.9486,10012.7795,215.0,200.0,55.9182,20.9468,10013.2329,215.0,200.0
29,4ca8e0,RYR3LM,Ireland,53.65305,19.66273,11188.6,232,240,0.0,0,0,,53.6531,19.6627,11188.6123,232.0,240.0,0.5665,-0.0356,-0.1326,0.0262,0.0656,8.0,9.0,9.0,0.8911,0.3642,1.0,53.6765,19.7313,11203.0141,232.0,240.0,53.675,19.7268,11206.8419,232.0,240.0,53.6734,19.7222,11201.9196,232.0,240.0,53.6718,19.7176,11199.5571,232.0,240.0,53.6703,19.713,11195.0513,232.0,240.0,53.6687,19.7085,11194.4989,232.0,240.0,53.6671,19.7039,11200.2571,232.0,240.0,53.6656,19.6993,11200.0578,232.0,240.0,53.664,19.6947,11195.622,232.0,240.0,53.6624,19.6902,11194.3644,232.0,240.0,53.6609,19.6856,11196.0998,232.0,240.0,53.6593,19.681,11193.6068,232.0,240.0,53.6577,19.6765,11191.0831,232.0,240.0,53.6562,19.6719,11200.6298,232.0,240.0,53.6546,19.6673,11194.9735,232.0,240.0,53.6531,19.6627,11188.6123,232.0,240.0
29,478129,WZZ2BV,Hungary,51.71546,22.3585,10799.7,220,280,0.0,0,0,,51.7155,22.3585,10799.7336,220.0,280.0,-0.2342,0.1465,0.0655,-0.0896,-0.0465,8.0,9.0,9.0,0.9247,0.4284,1.0,51.7077,22.4293,10792.1186,220.0,280.0,51.7082,22.4245,10786.7201,220.0,280.0,51.7088,22.4198,10785.501,220.0,280.0,51.7093,22.4151,10784.2463,220.0,280.0,51.7098,22.4104,10777.7129,220.0,280.0,51.7103,22.4057,10790.7542,220.0,280.0,51.7108,22.401,10795.3389,220.0,280.0,51.7113,22.3962,10794.9072,220.0,280.0,51.7119,22.3915,10794.9852,220.0,280.0,51.7124,22.3868,10786.2746,220.0,280.0,51.7129,22.3821,10789.3094,220.0,280.0,51.7134,22.3774,10791.0884,220.0,280.0,51.7139,22.3727,10795.1461,220.0,280.0,51.7144,22.3679,10793.9807,220.0,280.0,51.7149,22.3632,10795.2545,220.0,280.0,51.7155,22.3585,10799.7336,220.0,280.0
29,4ba8c2,TAR9FX,Turkey,52.2,23.33823,9509.6,245,270,0.0,0,0,,52.2,23.3382,9509.592,245.0,270.0,0.0071,0.1456,0.0375,0.032,-0.1161,8.0,9.0,9.0,0.9198,0.5474,1.0,52.2,23.4191,9489.451,245.0,270.0,52.2,23.4137,9484.0597,245.0,270.0,52.2,23.4083,9492.7241,245.0,270.0,52.2,23.4029,9494.949,245.0,270.0,52.2,23.3975,9489.9291,245.0,270.0,52.2,23.3922,9493.3474,245.0,270.0,52.2,23.3868,9491.0922,245.0,270.0,52.2,23.3814,9494.6362,245.0,270.0,52.2,23.376,9497.7119,245.0,270.0,52.2,23.3706,9501.1626,245.0,270.0,52.2,23.3652,9507.3705,245.0,270.0,52.2,23.3598,9507.9272,245.0,270.0,52.2,23.3544,9511.5188,245.0,270.0,52.2,23.349,9510.1231,245.0,270.0,52.2,23.3436,9507.7007,245.0,270.0,52.2,23.3382,9509.592,245.0,270.0
29,4cab4c,EZY42AC,United Kingdom,54.58327,17.66371,11797.7,238,100,0.0,0,0,,54.5833,17.6637,11797.6541,238.0,100.0,1.7852,-0.0645,-0.0149,-0.2095,0.4496,8.0,9.0,9.0,0.9064,0.2778,1.0,54.5916,17.5819,11801.3636,238.0,100.0,54.5911,17.5873,11801.3101,238.0,100.0,54.5905,17.5928,11796.8881,238.0,100.0,54.59,17.5982,11795.8236,238.0,100.0,54.5894,17.6037,11808.8244,238.0,100.0,54.5888,17.6091,11798.2099,238.0,100.0,54.5883,17.6146,11794.1484,238.0,100.0,54.5877,17.6201,11789.6308,238.0,100.0,54.5872,17.6255,11788.4601,238.0,100.0,54.5866,17.631,11797.187,238.0,100.0,54.5861,17.6364,11801.7692,238.0,100.0,54.5855,17.6419,11807.8544,238.0,100.0,54.5849,17.6473,11801.0493,238.0,100.0,54.5844,17.6528,11805.07,238.0,100.0,54.5838,17.6583,11800.0659,238.0,100.0,54.5833,17.6637,11797.6541,238.0,100.0
30,4ca87b,RYR2KE,Ireland,54.4,18.66523,10998.2,230,90,0.0,0,0,,54.4,18.6652,10998.2049,230.0,90.0,0.6321,-0.2175,-0.3677,0.1624,-0.5235,8.0,9.0,9.0,0.9161,0.4556,1.0,54.4,18.5853,10988.6917,230.0,90.0,54.4,18.5906,10988.777,230.0,90.0,54.4,18.5959,10984.8735,230.0,90.0,54.4,18.6013,10983.0827,230.0,90.0,54.4,18.6066,10981.3659,230.0,90.0,54.4,18.6119,10981.7859,230.0,90.0,54.4,18.6173,10984.7592,230.0,90.0,54.4,18.6226,10986.5221,230.0,90.0,54.4,18.6279,10985.4614,230.0,90.0,54.4,18.6332,10980.3492,230.0,90.0,54.4,18.6386,10980.3025,230.0,90.0,54.4,18.6439,10981.8741,230.0,90.0,54.4,18.6492,10988.2388,230.0,90.0,54.4,18.6546,10993.8605,230.0,90.0,54.4,18.6599,10992.4421,230.0,90.0,54.4,18.6652,10998.2049,230.0,90.0
30,471f8b,LOT283,Poland,52.57048,20.80278,9551.6,220,320,0.0,0,0,,52.5705,20.8028,9551.6384,220.0,320.0,-0.6922,0.1814,0.0741,0.071,-0.1371,8.0,9.0,9.0,0.9213,0.3223,1.0,52.5364,20.8498,9530.4518,220.0,320.0,52.5386,20.8467,9530.5709,220.0,320.0,52.5409,20.8436,9527.8115,220.0,320.0,52.5432,20.8404,9533.7779,220.0,320.0,52.5455,20.8373,9532.3088,220.0,320.0,52.5477,20.8342,9530.9828,220.0,320.0,52.55,20.831,9523.3203,220.0,320.0,52.5523,20.8279,9523.071,220.0,320.0,52.5546,20.8247,9526.6768,220.0,320.0,52.5568,20.8216,9531.9755,220.0,320.0,52.5591,20.8185,9541.8548,220.0,320.0,52.5614,20.8153,9544.2084,220.0,320.0,52.5637,20.8122,9550.7897,220.0,320.0,52.5659,20.8091,9544.1018,220.0,320.0,52.5682,20.8059,9553.3361,220.0,320.0,52.5705,20.8028,9551.6384,220.0,320.0
30,3c6589,DLH4ZW,Germany,53.51742,14.6662,11501.5,240,80,0.0,0,0,,53.5174,14.6662,11501.539,240.0,80.0,0.741,-0.1087,0.1331,0.076,0.3793,8.0,9.0,9.0,0.9266,0.4062,1.0,53.509,14.5858,11508.8394,240.0,80.0,53.5096,14.5911,11506.3875,240.0,80.0,53.5101,14.5965,11506.4147,240.0,80.0,53.5107,14.6019,11510.5552,240.0,80.0,53.5112,14.6072,11515.262,240.0,80.0,53.5118,14.6126,11514.1716,240.0,80.0,53.5124,14.6179,11517.8872,240.0,80.0,53.5129,14.6233,11523.2558,240.0,80.0,53.5135,14.6287,11520.9304,240.0,80.0,53.5141,14.634,11513.8239,240.0,80.0,53.5146,14.6394,11508.8462,240.0,80.0,53.5152,14.6448,11507.2783,240.0,80.0,53.5157,14.6501,11504.652,240.0,80.0,53.5163,14.6555,11500.8859,240.0,80.0,53.5169,14.6608,11502.8292,240.0,80.0,53.5174,14.6662,11501.539,240.0,80.0
30,4b1805,SWR12X,Switzerland,52.70765,17.94447,10764.1,235,200,0.0,0,0,,52.7077,17.9445,10764.0525,235.0,200.0,0.6884,-0.0263,0.1529,0.1826,-0.2017,8.0,9.0,9.0,0.9444,0.5647,1.0,52.7523,17.9713,10790.8252,235.0,200.0,52.7494,17.9695,10787.9269,235.0,200.0,52.7464,17.9677,10788.3301,235.0,200.0,52.7434,17.966,10786.6913,235.0,200.0,52.7404,17.9642,10785.3081,235.0,200.0,52.7374,17.9624,10784.8594,235.0,200.0,52.7345,17.9606,10776.869,235.0,200.0,52.7315,17.9588,10772.0903,235.0,200.0,52.7285,17.957,10767.6657,235.0,200.0,52.7255,17.9552,10769.4594,235.0,200.0,52.7225,17.9534,10771.9283,235.0,200.0,52.7196,17.9516,10772.3805,235.0,200.0,52.7166,17.9498,10773.3572,235.0,200.0,52.7136,17.948,10770.4727,235.0,200.0,52.7106,17.9463,10768.7294,235.0,200.0,52.7077,17.9445,10764.0525,235.0,200.0
30,440048,BAW893,United Kingdom,53.24689,15.85877,11993.4,250,60,0.0,0,1,smooth_drift,53.2469,15.8588,11993.3652,250.0,60.0,-1.0613,0.04,-0.06,-0.0453,-0.0779,6.0,9.0,9.0,0.4,0.368,1.0,53.0431,16.0534,12016.8109,250.0,60.0,53.0502,16.0502,12011.1539,250.0,60.0,53.058,16.0459,12014.0639,250.0,60.0,53.0667,16.0403,12017.7819,250.0,60.0,53.076,16.0337,12016.6452,250.0,60.0,53.0862,16.0258,12004.7176,250.0,60.0,53.0971,16.0168,12004.1533,250.0,60.0,53.1088,16.0067,12007.9809,250.0,60.0,53.1212,15.9954,12005.0237,250.0,60.0,53.1345,15.983,12008.183,250.0,60.0,53.1485,15.9694,12015.9208,250.0,60.0,53.1632,15.9546,12001.6419,250.0,60.0,53.1788,15.9388,12007.7822,250.0,60.0,53.1951,15.9217,12003.5001,250.0,60.0,53.2121,15.9035,11993.3178,250.0,60.0,53.23,15.8842,11993.3652,250.0,60.0
30,4ac9b0,SAS2HK,Sweden,55.454,17.14058,10497.4,220,120,0.0,0,0,,55.454,17.1406,10497.3886,220.0,120.0,-0.6322,0.1482,-0.0014,-0.1222,-0.1319,8.0,9.0,9.0,0.9453,0.3298,1.0,55.4763,17.0726,10499.3858,220.0,120.0,55.4748,17.0771,10497.0491,220.0,120.0,55.4733,17.0816,10499.8203,220.0,120.0,55.4718,17.0862,10497.13,220.0,120.0,55.4703,17.0907,10494.0092,220.0,120.0,55.4688,17.0953,10490.625,220.0,120.0,55.4674,17.0998,10494.8004,220.0,120.0,55.4659,17.1043,10499.6638,220.0,120.0,55.4644,17.1089,10499.2112,220.0,120.0,55.4629,17.1134,10505.6364,220.0,120.0,55.4614,17.1179,10505.2036,220.0,120.0,55.4599,17.1225,10499.7843,220.0,120.0,55.4584,17.127,10499.6014,220.0,120.0,55.457,17.1315,10496.5102,220.0,120.0,55.4555,17.1361,10497.0528,220.0,120.0,55.454,17.1406,10497.3886,220.0,120.0
30,3917a3,AFR1219,France,51.11313,14.28284,10965.0,225,150,0.0,0,1,smooth_drift,51.1131,14.2828,10964.9681,225.0,150.0,0.3976,0.04,-0.06,-0.2408,-0.1542,6.0,9.0,9.0,0.4,0.1789,1.0,50.9741,14.5143,10980.455,225.0,150.0,50.9769,14.5087,10980.4092,225.0,150.0,50.9804,14.5018,10986.8255,225.0,150.0,50.9847,14.4939,10989.7227,225.0,150.0,50.9897,14.4847,10988.3555,225.0,150.0,50.9956,14.4745,10982.7604,225.0,150.0,51.0022,14.463,10976.1472,225.0,150.0,51.0095,14.4504,10977.3285,225.0,150.0,51.0177,14.4367,10964.0498,225.0,150.0,51.0266,14.4218,10967.0552,225.0,150.0,51.0363,14.4058,10965.1217,225.0,150.0,51.0467,14.3886,10966.1538,225.0,150.0,51.0579,14.3702,10961.5852,225.0,150.0,51.0699,14.3507,10957.6143,225.0,150.0,51.0827,14.33,10957.4657,225.0,150.0,51.0962,14.3082,10964.9681,225.0,150.0
30,46b8c1,FIN6KP,Finland,55.91551,20.94507,10006.2,215,200,0.0,0,0,,55.9155,20.9451,10006.1953,215.0,200.0,-0.1913,-0.1532,-0.2666,-0.1316,0.0192,8.0,9.0,9.0,0.8834,0.3997,1.0,55.9564,20.9716,10009.5173,215.0,200.0,55.9537,20.9699,10009.2878,215.0,200.0,55.9509,20.9681,10011.7263,215.0,200.0,55.9482,20.9663,10015.0261,215.0,200.0,55.9455,20.9645,10016.2997,215.0,200.0,55.9428,20.9628,10021.9317,215.0,200.0,55.94,20.961,10020.1251,215.0,200.0,55.9373,20.9592,10019.2504,215.0,200.0,55.9346,20.9575,10016.5984,215.0,200.0,55.9319,20.9557,10015.7791,215.0,200.0,55.9291,20.9539,10017.7575,215.0,200.0,55.9264,20.9522,10017.7141,215.0,200.0,55.9237,20.9504,10012.0088,215.0,200.0,55.921,20.9486,10012.7795,215.0,200.0,55.9182,20.9468,10013.2329,215.0,200.0,55.9155,20.9451,10006.1953,215.0,200.0
30,4ca8e0,RYR3LM,Ireland,53.65149,19.65816,11189.3,232,240,0.0,0,0,,53.6515,19.6582,11189.3209,232.0,240.0,-0.3843,-0.42,-0.3043,0.0363,-0.1015,8.0,9.0,9.0,0.9359,0.2914,1.0,53.675,19.7268,11206.8419,232.0,240.0,53.6734,19.7222,11201.9196,232.0,240.0,53.6718,19.7176,11199.5571,232.0,240.0,53.6703,19.713,11195.0513,232.0,240.0,53.6687,19.7085,11194.4989,232.0,240.0,53.6671,19.7039,11200.2571,232.0,240.0,53.6656,19.6993,11200.0578,232.0,240.0,53.664,19.6947,11195.622,232.0,240.0,53.6624,19.6902,11194.3644,232.0,240.0,53.6609,19.6856,11196.0998,232.0,240.0,53.6593,19.681,11193.6068,232.0,240.0,53.6577,19.6765,11191.0831,232.0,240.0,53.6562,19.6719,11200.6298,232.0,240.0,53.6546,19.6673,11194.9735,232.0,240.0,53.6531,19.6627,11188.6123,232.0,240.0,53.6515,19.6582,11189.3209,232.0,240.0
30,478129,WZZ2BV,Hungary,51.71597,22.35379,10804.7,220,280,0.0,0,0,,51.716,22.3538,10804.6584,220.0,280.0,-0.403,0.0109,-0.0306,-0.172,0.1347,8.0,9.0,9.0,0.9163,0.5156,1.0,51.7082,22.4245,10786.7201,220.0,280.0,51.7088,22.4198,10785.501,220.0,280.0,51.7093,22.4151,10784.2463,220.0,280.0,51.7098,22.4104,10777.7129,220.0,280.0,51.7103,22.4057,10790.7542,220.0,280.0,51.7108,22.401,10795.3389,220.0,280.0,51.7113,22.3962,10794.9072,220.0,280.0,51.7119,22.3915,10794.9852,220.0,280.0,51.7124,22.3868,10786.2746,220.0,280.0,51.7129,22.3821,10789.3094,220.0,280.0,51.7134,22.3774,10791.0884,220.0,280.0,51.7139,22.3727,10795.1461,220.0,280.0,51.7144,22.3679,10793.9807,220.0,280.0,51.7149,22.3632,10795.2545,220.0,280.0,51.7155,22.3585,10799.7336,220.0,280.0,51.716,22.3538,10804.6584,220.0,280.0
30,4ba8c2,TAR9FX,Turkey,52.2,23.33284,9516.6,245,270,0.0,0,0,,52.2,23.3328,9516.5891,245.0,270.0,0.1164,-0.2698,0.1161,0.0421,-0.1812,8.0,9.0,9.0,0.9025,0.2679,1.0,52.2,23.4137,9484.0597,245.0,270.0,52.2,23.4083,9492.7241,245.0,270.0,52.2,23.4029,9494.949,245.0,270.0,52.2,23.3975,9489.9291,245.0,270.0,52.2,23.3922,9493.3474,245.0,270.0,52.2,23.3868,9491.0922,245.0,270.0,52.2,23.3814,9494.6362,245.0,270.0,52.2,23.376,9497.7119,245.0,270.0,52.2,23.3706,9501.1626,245.0,270.0,52.2,23.3652,9507.3705,245.0,270.0,52.2,23.3598,9507.9272,245.0,270.0,52.2,23.3544,9511.5188,245.0,270.0,52.2,23.349,9510.1231,245.0,270.0,52.2,23.3436,9507.7007,245.0,270.0,52.2,23.3382,9509.592,245.0,270.0,52.2,23.3328,9516.5891,245.0,270.0
30,4cab4c,EZY42AC,United Kingdom,54.58271,17.66917,11802.8,238,100,0.0,0,0,,54.5827,17.6692,11802.7609,238.0,100.0,-0.2951,-0.0332,0.2418,0.0263,0.0143,8.0,9.0,9.0,0.9013,0.3562,1.0,54.5911,17.5873,11801.3101,238.0,100.0,54.5905,17.5928,11796.8881,238.0,100.0,54.59,17.5982,11795.8236,238.0,100.0,54.5894,17.6037,11808.8244,238.0,100.0,54.5888,17.6091,11798.2099,238.0,100.0,54.5883,17.6146,11794.1484,238.0,100.0,54.5877,17.6201,11789.6308,238.0,100.0,54.5872,17.6255,11788.4601,238.0,100.0,54.5866,17.631,11797.187,238.0,100.0,54.5861,17.6364,11801.7692,238.0,100.0,54.5855,17.6419,11807.8544,238.0,100.0,54.5849,17.6473,11801.0493,238.0,100.0,54.5844,17.6528,11805.07,238.0,100.0,54.5838,17.6583,11800.0659,238.0,100.0,54.5833,17.6637,11797.6541,238.0,100.0,54.5827,17.6692,11802.7609,238.0,100.0
31,4ca87b,RYR2KE,Ireland,54.4,18.67056,10997.3,230,90,0.0,0,0,,54.4,18.6706,10997.2954,230.0,90.0,0.3976,0.2158,-0.0716,0.1386,-0.0692,8.0,9.0,9.0,0.9586,0.4548,1.0,54.4,18.5906,10988.777,230.0,90.0,54.4,18.5959,10984.8735,230.0,90.0,54.4,18.6013,10983.0827,230.0,90.0,54.4,18.6066,10981.3659,230.0,90.0,54.4,18.6119,10981.7859,230.0,90.0,54.4,18.6173,10984.7592,230.0,90.0,54.4,18.6226,10986.5221,230.0,90.0,54.4,18.6279,10985.4614,230.0,90.0,54.4,18.6332,10980.3492,230.0,90.0,54.4,18.6386,10980.3025,230.0,90.0,54.4,18.6439,10981.8741,230.0,90.0,54.4,18.6492,10988.2388,230.0,90.0,54.4,18.6546,10993.8605,230.0,90.0,54.4,18.6599,10992.4421,230.0,90.0,54.4,18.6652,10998.2049,230.0,90.0,54.4,18.6706,10997.2954,230.0,90.0
31,471f8b,LOT283,Poland,52.57275,20.79964,9549.7,220,320,0.0,0,0,,52.5727,20.7996,9549.7479,220.0,320.0,-0.2428,-0.1848,0.4243,0.1016,-0.0098,8.0,9.0,9.0,0.9574,0.5029,1.0,52.5386,20.8467,9530.5709,220.0,320.0,52.5409,20.8436,9527.8115,220.0,320.0,52.5432,20.8404,9533.7779,220.0,320.0,52.5455,20.8373,9532.3088,220.0,320.0,52.5477,20.8342,9530.9828,220.0,320.0,52.55,20.831,9523.3203,220.0,320.0,52.5523,20.8279,9523.071,220.0,320.0,52.5546,20.8247,9526.6768,220.0,320.0,52.5568,20.8216,9531.9755,220.0,320.0,52.5591,20.8185,9541.8548,220.0,320.0,52.5614,20.8153,9544.2084,220.0,320.0,52.5637,20.8122,9550.7897,220.0,320.0,52.5659,20.8091,9544.1018,220.0,320.0,52.5682,20.8059,9553.3361,220.0,320.0,52.5705,20.8028,9551.6384,220.0,320.0,52.5727,20.7996,9549.7479,220.0,320.0
31,3c6589,DLH4ZW,Germany,53.51799,14.67156,11498.5,240,80,0.0,0,0,,53.518,14.6716,11498.4623,240.0,80.0,-0.4387,0.2304,0.03,0.0191,0.0107,8.0,9.0,9.0,0.9372,0.3436,1.0,53.5096,14.5911,11506.3875,240.0,80.0,53.5101,14.5965,11506.4147,240.0,80.0,53.5107,14.6019,11510.5552,240.0,80.0,53.5112,14.6072,11515.262,240.0,80.0,53.5118,14.6126,11514.1716,240.0,80.0,53.5124,14.6179,11517.8872,240.0,80.0,53.5129,14.6233,11523.2558,240.0,80.0,53.5135,14.6287,11520.9304,240.0,80.0,53.5141,14.634,11513.8239,240.0,80.0,53.5146,14.6394,11508.8462,240.0,80.0,53.5152,14.6448,11507.2783,240.0,80.0,53.5157,14.6501,11504.652,240.0,80.0,53.5163,14.6555,11500.8859,240.0,80.0,53.5169,14.6608,11502.8292,240.0,80.0,53.5174,14.6662,11501.539,240.0,80.0,53.518,14.6716,11498.4623,240.0,80.0
31,4b1805,SWR12X,Switzerland,52.70467,17.94268,10770.4,235,200,0.0,0,0,,52.7047,17.9427,10770.404,235.0,200.0,0.5624,-0.2767,0.1135,0.1243,-0.0216,8.0,9.0,9.0,0.9069,0.3556,1.0,52.7494,17.9695,10787.9269,235.0,200.0,52.7464,17.9677,10788.3301,235.0,200.0,52.7434,17.966,10786.6913,235.0,200.0,52.7404,17.9642,10785.3081,235.0,200.0,52.7374,17.9624,10784.8594,235.0,200.0,52.7345,17.9606,10776.869,235.0,200.0,52.7315,17.9588,10772.0903,235.0,200.0,52.7285,17.957,10767.6657,235.0,200.0,52.7255,17.9552,10769.4594,235.0,200.0,52.7225,17.9534,10771.9283,235.0,200.0,52.7196,17.9516,10772.3805,235.0,200.0,52.7166,17.9498,10773.3572,235.0,200.0,52.7136,17.948,10770.4727,235.0,200.0,52.7106,17.9463,10768.7294,235.0,200.0,52.7077,17.9445,10764.0525,235.0,200.0,52.7047,17.9427,10770.404,235.0,200.0
31,440048,BAW893,United Kingdom,53.26626,15.83711,11985.0,250,60,0.0,0,1,smooth_drift,53.2663,15.8371,11984.9618,250.0,60.0,0.8757,0.04,-0.06,-0.017,0.0531,6.0,9.0,9.0,0.4,0.4542,1.0,53.0502,16.0502,12011.1539,250.0,60.0,53.058,16.0459,12014.0639,250.0,60.0,53.0667,16.0403,12017.7819,250.0,60.0,53.076,16.0337,12016.6452,250.0,60.0,53.0862,16.0258,12004.7176,250.0,60.0,53.0971,16.0168,12004.1533,250.0,60.0,53.1088,16.0067,12007.9809,250.0,60.0,53.1212,15.9954,12005.0237,250.0,60.0,53.1345,15.983,12008.183,250.0,60.0,53.1485,15.9694,12015.9208,250.0,60.0,53.1632,15.9546,12001.6419,250.0,60.0,53.1788,15.9388,12007.7822,250.0,60.0,53.1951,15.9217,12003.5001,250.0,60.0,53.2121,15.9035,11993.3178,250.0,60.0,53.23,15.8842,11993.3652,250.0,60.0,53.2486,15.8637,11984.9618,250.0,60.0
31,4ac9b0,SAS2HK,Sweden,55.45251,17.14511,10500.0,220,120,0.0,0,0,,55.4525,17.1451,10499.9588,220.0,120.0,-0.2323,0.1352,-0.3531,0.1103,0.017,8.0,9.0,9.0,0.9082,0.4615,1.0,55.4748,17.0771,10497.0491,220.0,120.0,55.4733,17.0816,10499.8203,220.0,120.0,55.4718,17.0862,10497.13,220.0,120.0,55.4703,17.0907,10494.0092,220.0,120.0,55.4688,17.0953,10490.625,220.0,120.0,55.4674,17.0998,10494.8004,220.0,120.0,55.4659,17.1043,10499.6638,220.0,120.0,55.4644,17.1089,10499.2112,220.0,120.0,55.4629,17.1134,10505.6364,220.0,120.0,55.4614,17.1179,10505.2036,220.0,120.0,55.4599,17.1225,10499.7843,220.0,120.0,55.4584,17.127,10499.6014,220.0,120.0,55.457,17.1315,10496.5102,220.0,120.0,55.4555,17.1361,10497.0528,220.0,120.0,55.454,17.1406,10497.3886,220.0,120.0,55.4525,17.1451,10499.9588,220.0,120.0
31,3917a3,AFR1219,France,51.12819,14.25872,10963.7,225,150,0.0,0,1,smooth_drift,51.1282,14.2587,10963.6731,225.0,150.0,-2.0084,0.04,-0.06,-0.1172,-0.1089,6.0,9.0,9.0,0.4,0.4834,1.0,50.9769,14.5087,10980.4092,225.0,150.0,50.9804,14.5018,10986.8255,225.0,150.0,50.9847,14.4939,10989.7227,225.0,150.0,50.9897,14.4847,10988.3555,225.0,150.0,50.9956,14.4745,10982.7604,225.0,150.0,51.0022,14.463,10976.1472,225.0,150.0,51.0095,14.4504,10977.3285,225.0,150.0,51.0177,14.4367,10964.0498,225.0,150.0,51.0266,14.4218,10967.0552,225.0,150.0,51.0363,14.4058,10965.1217,225.0,150.0,51.0467,14.3886,10966.1538,225.0,150.0,51.0579,14.3702,10961.5852,225.0,150.0,51.0699,14.3507,10957.6143,225.0,150.0,51.0827,14.33,10957.4657,225.0,150.0,51.0962,14.3082,10964.9681,225.0,150.0,51.1105,14.2853,10963.6731,225.0,150.0
31,46b8c1,FIN6KP,Finland,55.91279,20.9433,9999.0,215,200,0.0,0,0,,55.9128,20.9433,9999.0459,215.0,200.0,-0.8225,-0.4042,0.0996,-0.2901,-0.2236,8.0,9.0,9.0,0.9452,0.4215,1.0,55.9537,20.9699,10009.2878,215.0,200.0,55.9509,20.9681,10011.7263,215.0,200.0,55.9482,20.9663,10015.0261,215.0,200.0,55.9455,20.9645,10016.2997,215.0,200.0,55.9428,20.9628,10021.9317,215.0,200.0,55.94,20.961,10020.1251,215.0,200.0,55.9373,20.9592,10019.2504,215.0,200.0,55.9346,20.9575,10016.5984,215.0,200.0,55.9319,20.9557,10015.7791,215.0,200.0,55.9291,20.9539,10017.7575,215.0,200.0,55.9264,20.9522,10017.7141,215.0,200.0,55.9237,20.9504,10012.0088,215.0,200.0,55.921,20.9486,10012.7795,215.0,200.0,55.9182,20.9468,10013.2329,215.0,200.0,55.9155,20.9451,10006.1953,215.0,200.0,55.9128,20.9433,9999.0459,215.0,200.0
31,4ca8e0,RYR3LM,Ireland,53.64992,19.65359,11188.7,232,240,0.0,0,0,,53.6499,19.6536,11188.7169,232.0,240.0,0.3167,0.095,-0.0569,-0.2187,-0.2257,8.0,9.0,9.0,0.9232,0.4009,1.0,53.6734,19.7222,11201.9196,232.0,240.0,53.6718,19.7176,11199.5571,232.0,240.0,53.6703,19.713,11195.0513,232.0,240.0,53.6687,19.7085,11194.4989,232.0,240.0,53.6671,19.7039,11200.2571,232.0,240.0,53.6656,19.6993,11200.0578,232.0,240.0,53.664,19.6947,11195.622,232.0,240.0,53.6624,19.6902,11194.3644,232.0,240.0,53.6609,19.6856,11196.0998,232.0,240.0,53.6593,19.681,11193.6068,232.0,240.0,53.6577,19.6765,11191.0831,232.0,240.0,53.6562,19.6719,11200.6298,232.0,240.0,53.6546,19.6673,11194.9735,232.0,240.0,53.6531,19.6627,11188.6123,232.0,240.0,53.6515,19.6582,11189.3209,232.0,240.0,53.6499,19.6536,11188.7169,232.0,240.0
31,478129,WZZ2BV,Hungary,51.71649,22.34907,10804.4,220,280,0.0,0,0,,51.7165,22.3491,10804.3586,220.0,280.0,-0.2442,0.1303,-0.0037,0.3014,0.4083,8.0,9.0,9.0,0.9236,0.2496,1.0,51.7088,22.4198,10785.501,220.0,280.0,51.7093,22.4151,10784.2463,220.0,280.0,51.7098,22.4104,10777.7129,220.0,280.0,51.7103,22.4057,10790.7542,220.0,280.0,51.7108,22.401,10795.3389,220.0,280.0,51.7113,22.3962,10794.9072,220.0,280.0,51.7119,22.3915,10794.9852,220.0,280.0,51.7124,22.3868,10786.2746,220.0,280.0,51.7129,22.3821,10789.3094,220.0,280.0,51.7134,22.3774,10791.0884,220.0,280.0,51.7139,22.3727,10795.1461,220.0,280.0,51.7144,22.3679,10793.9807,220.0,280.0,51.7149,22.3632,10795.2545,220.0,280.0,51.7155,22.3585,10799.7336,220.0,280.0,51.716,22.3538,10804.6584,220.0,280.0,51.7165,22.3491,10804.3586,220.0,280.0
31,4ba8c2,TAR9FX,Turkey,52.2,23.32744,9515.4,245,270,0.0,0,0,,52.2,23.3274,9515.427,245.0,270.0,-0.8262,0.2311,0.1241,-0.0149,-0.2427,8.0,9.0,9.0,0.9189,0.4673,1.0,52.2,23.4083,9492.7241,245.0,270.0,52.2,23.4029,9494.949,245.0,270.0,52.2,23.3975,9489.9291,245.0,270.0,52.2,23.3922,9493.3474,245.0,270.0,52.2,23.3868,9491.0922,245.0,270.0,52.2,23.3814,9494.6362,245.0,270.0,52.2,23.376,9497.7119,245.0,270.0,52.2,23.3706,9501.1626,245.0,270.0,52.2,23.3652,9507.3705,245.0,270.0,52.2,23.3598,9507.9272,245.0,270.0,52.2,23.3544,9511.5188,245.0,270.0,52.2,23.349,9510.1231,245.0,270.0,52.2,23.3436,9507.7007,245.0,270.0,52.2,23.3382,9509.592,245.0,270.0,52.2,23.3328,9516.5891,245.0,270.0,52.2,23.3274,9515.427,245.0,270.0
31,4cab4c,EZY42AC,United Kingdom,54.58216,17.67462,11802.4,238,100,0.0,0,0,,54.5822,17.6746,11802.3886,238.0,100.0,-1.113,0.2687,-0.3226,-0.0306,-0.0428,8.0,9.0,9.0,0.9017,0.4316,1.0,54.5905,17.5928,11796.8881,238.0,100.0,54.59,17.5982,11795.8236,238.0,100.0,54.5894,17.6037,11808.8244,238.0,100.0,54.5888,17.6091,11798.2099,238.0,100.0,54.5883,17.6146,11794.1484,238.0,100.0,54.5877,17.6201,11789.6308,238.0,100.0,54.5872,17.6255,11788.4601,238.0,100.0,54.5866,17.631,11797.187,238.0,100.0,54.5861,17.6364,11801.7692,238.0,100.0,54.5855,17.6419,11807.8544,238.0,100.0,54.5849,17.6473,11801.0493,238.0,100.0,54.5844,17.6528,11805.07,238.0,100.0,54.5838,17.6583,11800.0659,238.0,100.0,54.5833,17.6637,11797.6541,238.0,100.0,54.5827,17.6692,11802.7609,238.0,100.0,54.5822,17.6746,11802.3886,238.0,100.0
32,4ca87b,RYR2KE,Ireland,54.4,18.67589,10993.1,230,90,0.0,0,0,,54.4,18.6759,10993.0665,230.0,90.0,0.6174,-0.1623,-0.1709,0.4218,0.1399,8.0,9.0,9.0,0.9205,0.5061,1.0,54.4,18.5959,10984.8735,230.0,90.0,54.4,18.6013,10983.0827,230.0,90.0,54.4,18.6066,10981.3659,230.0,90.0,54.4,18.6119,10981.7859,230.0,90.0,54.4,18.6173,10984.7592,230.0,90.0,54.4,18.6226,10986.5221,230.0,90.0,54.4,18.6279,10985.4614,230.0,90.0,54.4,18.6332,10980.3492,230.0,90.0,54.4,18.6386,10980.3025,230.0,90.0,54.4,18.6439,10981.8741,230.0,90.0,54.4,18.6492,10988.2388,230.0,90.0,54.4,18.6546,10993.8605,230.0,90.0,54.4,18.6599,10992.4421,230.0,90.0,54.4,18.6652,10998.2049,230.0,90.0,54.4,18.6706,10997.2954,230.0,90.0,54.4,18.6759,10993.0665,230.0,90.0
32,471f8b,LOT283,Poland,52.57502,20.7965,9553.5,220,320,0.0,0,0,,52.575,20.7965,9553.5087,220.0,320.0,-0.1919,0.0935,-0.0873,-0.0364,-0.2249,8.0,9.0,9.0,0.9332,0.3554,1.0,52.5409,20.8436,9527.8115,220.0,320.0,52.5432,20.8404,9533.7779,220.0,320.0,52.5455,20.8373,9532.3088,220.0,320.0,52.5477,20.8342,9530.9828,220.0,320.0,52.55,20.831,9523.3203,220.0,320.0,52.5523,20.8279,9523.071,220.0,320.0,52.5546,20.8247,9526.6768,220.0,320.0,52.5568,20.8216,9531.9755,220.0,320.0,52.5591,20.8185,9541.8548,220.0,320.0,52.5614,20.8153,9544.2084,220.0,320.0,52.5637,20.8122,9550.7897,220.0,320.0,52.5659,20.8091,9544.1018,220.0,320.0,52.5682,20.8059,9553.3361,220.0,320.0,52.5705,20.8028,9551.6384,220.0,320.0,52.5727,20.7996,9549.7479,220.0,320.0,52.575,20.7965,9553.5087,220.0,320.0
32,3c6589,DLH4ZW,Germany,53.51855,14.67693,11491.9,240,80,0.0,0,0,,53.5185,14.6769,11491.9409,240.0,80.0,-0.6585,0.1181,0.342,-0.1022,-0.0858,8.0,9.0,9.0,0.968,0.3484,1.0,53.5101,14.5965,11506.4147,240.0,80.0,53.5107,14.6019,11510.5552,240.0,80.0,53.5112,14.6072,11515.262,240.0,80.0,53.5118,14.6126,11514.1716,240.0,80.0,53.5124,14.6179,11517.8872,240.0,80.0,53.5129,14.6233,11523.2558,240.0,80.0,53.5135,14.6287,11520.9304,240.0,80.0,53.5141,14.634,11513.8239,240.0,80.0,53.5146,14.6394,11508.8462,240.0,80.0,53.5152,14.6448,11507.2783,240.0,80.0,53.5157,14.6501,11504.652,240.0,80.0,53.5163,14.6555,11500.8859,240.0,80.0,53.5169,14.6608,11502.8292,240.0,80.0,53.5174,14.6662,11501.539,240.0,80.0,53.518,14.6716,11498.4623,240.0,80.0,53.5185,14.6769,11491.9409,240.0,80.0
32,4b1805,SWR12X,Switzerland,52.70169,17.94089,10770.4,235,200,0.0,0,0,,52.7017,17.9409,10770.4429,235.0,200.0,0.9447,-0.5005,0.0084,-0.1123,0.3097,8.0,9.0,9.0,0.9225,0.3407,1.0,52.7464,17.9677,10788.3301,235.0,200.0,52.7434,17.966,10786.6913,235.0,200.0,52.7404,17.9642,10785.3081,235.0,200.0,52.7374,17.9624,10784.8594,235.0,200.0,52.7345,17.9606,10776.869,235.0,200.0,52.7315,17.9588,10772.0903,235.0,200.0,52.7285,17.957,10767.6657,235.0,200.0,52.7255,17.9552,10769.4594,235.0,200.0,52.7225,17.9534,10771.9283,235.0,200.0,52.7196,17.9516,10772.3805,235.0,200.0,52.7166,17.9498,10773.3572,235.0,200.0,52.7136,17.948,10770.4727,235.0,200.0,52.7106,17.9463,10768.7294,235.0,200.0,52.7077,17.9445,10764.0525,235.0,200.0,52.7047,17.9427,10770.404,235.0,200.0,52.7017,17.9409,10770.4429,235.0,200.0
32,440048,BAW893,United Kingdom,53.28641,15.8143,11983.1,250,60,0.0,0,1,smooth_drift,53.2864,15.8143,11983.06,250.0,60.0,0.8172,0.04,-0.06,0.0629,-0.3219,6.0,9.0,9.0,0.4,0.3927,1.0,53.058,16.0459,12014.0639,250.0,60.0,53.0667,16.0403,12017.7819,250.0,60.0,53.076,16.0337,12016.6452,250.0,60.0,53.0862,16.0258,12004.7176,250.0,60.0,53.0971,16.0168,12004.1533,250.0,60.0,53.1088,16.0067,12007.9809,250.0,60.0,53.1212,15.9954,12005.0237,250.0,60.0,53.1345,15.983,12008.183,250.0,60.0,53.1485,15.9694,12015.9208,250.0,60.0,53.1632,15.9546,12001.6419,250.0,60.0,53.1788,15.9388,12007.7822,250.0,60.0,53.1951,15.9217,12003.5001,250.0,60.0,53.2121,15.9035,11993.3178,250.0,60.0,53.23,15.8842,11993.3652,250.0,60.0,53.2486,15.8637,11984.9618,250.0,60.0,53.2679,15.842,11983.06,250.0,60.0
32,4ac9b0,SAS2HK,Sweden,55.45103,17.14965,10499.6,220,120,0.0,0,0,,55.451,17.1496,10499.5587,220.0,120.0,-0.7031,0.3016,0.075,-0.0641,-0.1246,8.0,9.0,9.0,0.9172,0.5062,1.0,55.4733,17.0816,10499.8203,220.0,120.0,55.4718,17.0862,10497.13,220.0,120.0,55.4703,17.0907,10494.0092,220.0,120.0,55.4688,17.0953,10490.625,220.0,120.0,55.4674,17.0998,10494.8004,220.0,120.0,55.4659,17.1043,10499.6638,220.0,120.0,55.4644,17.1089,10499.2112,220.0,120.0,55.4629,17.1134,10505.6364,220.0,120.0,55.4614,17.1179,10505.2036,220.0,120.0,55.4599,17.1225,10499.7843,220.0,120.0,55.4584,17.127,10499.6014,220.0,120.0,55.457,17.1315,10496.5102,220.0,120.0,55.4555,17.1361,10497.0528,220.0,120.0,55.454,17.1406,10497.3886,220.0,120.0,55.4525,17.1451,10499.9588,220.0,120.0,55.451,17.1496,10499.5587,220.0,120.0
32,3917a3,AFR1219,France,51.14403,14.23344,10962.0,225,150,0.0,0,1,smooth_drift,51.144,14.2334,10962.0023,225.0,150.0,1.3153,0.04,-0.06,0.2013,0.0165,6.0,9.0,9.0,0.4,0.2698,1.0,50.9804,14.5018,10986.8255,225.0,150.0,50.9847,14.4939,10989.7227,225.0,150.0,50.9897,14.4847,10988.3555,225.0,150.0,50.9956,14.4745,10982.7604,225.0,150.0,51.0022,14.463,10976.1472,225.0,150.0,51.0095,14.4504,10977.3285,225.0,150.0,51.0177,14.4367,10964.0498,225.0,150.0,51.0266,14.4218,10967.0552,225.0,150.0,51.0363,14.4058,10965.1217,225.0,150.0,51.0467,14.3886,10966.1538,225.0,150.0,51.0579,14.3702,10961.5852,225.0,150.0,51.0699,14.3507,10957.6143,225.0,150.0,51.0827,14.33,10957.4657,225.0,150.0,51.0962,14.3082,10964.9681,225.0,150.0,51.1105,14.2853,10963.6731,225.0,150.0,51.1256,14.2611,10962.0023,225.0,150.0
32,46b8c1,FIN6KP,Finland,55.91006,20.94153,9997.6,215,200,0.0,0,0,,55.9101,20.9415,9997.6147,215.0,200.0,1.2869,-0.0841,-0.0101,-0.066,0.0181,8.0,9.0,9.0,0.949,0.4118,1.0,55.9509,20.9681,10011.7263,215.0,200.0,55.9482,20.9663,10015.0261,215.0,200.0,55.9455,20.9645,10016.2997,215.0,200.0,55.9428,20.9628,10021.9317,215.0,200.0,55.94,20.961,10020.1251,215.0,200.0,55.9373,20.9592,10019.2504,215.0,200.0,55.9346,20.9575,10016.5984,215.0,200.0,55.9319,20.9557,10015.7791,215.0,200.0,55.9291,20.9539,10017.7575,215.0,200.0,55.9264,20.9522,10017.7141,215.0,200.0,55.9237,20.9504,10012.0088,215.0,200.0,55.921,20.9486,10012.7795,215.0,200.0,55.9182,20.9468,10013.2329,215.0,200.0,55.9155,20.9451,10006.1953,215.0,200.0,55.9128,20.9433,9999.0459,215.0,200.0,55.9101,20.9415,9997.6147,215.0,200.0
32,4ca8e0,RYR3LM,Ireland,53.64836,19.64902,11186.3,232,240,0.0,0,0,,53.6484,19.649,11186.3492,232.0,240.0,-0.3243,0.0265,0.3889,0.1707,0.1266,8.0,9.0,9.0,0.9265,0.3489,1.0,53.6718,19.7176,11199.5571,232.0,240.0,53.6703,19.713,11195.0513,232.0,240.0,53.6687,19.7085,11194.4989,232.0,240.0,53.6671,19.7039,11200.2571,232.0,240.0,53.6656,19.6993,11200.0578,232.0,240.0,53.664,19.6947,11195.622,232.0,240.0,53.6624,19.6902,11194.3644,232.0,240.0,53.6609,19.6856,11196.0998,232.0,240.0,53.6593,19.681,11193.6068,232.0,240.0,53.6577,19.6765,11191.0831,232.0,240.0,53.6562,19.6719,11200.6298,232.0,240.0,53.6546,19.6673,11194.9735,232.0,240.0,53.6531,19.6627,11188.6123,232.0,240.0,53.6515,19.6582,11189.3209,232.0,240.0,53.6499,19.6536,11188.7169,232.0,240.0,53.6484,19.649,11186.3492,232.0,240.0
32,478129,WZZ2BV,Hungary,51.717,22.34435,10804.1,220,280,0.0,0,0,,51.717,22.3444,10804.0863,220.0,280.0,-0.4169,-0.1233,-0.0904,-0.0725,-0.0684,8.0,9.0,9.0,0.918,0.4163,1.0,51.7093,22.4151,10784.2463,220.0,280.0,51.7098,22.4104,10777.7129,220.0,280.0,51.7103,22.4057,10790.7542,220.0,280.0,51.7108,22.401,10795.3389,220.0,280.0,51.7113,22.3962,10794.9072,220.0,280.0,51.7119,22.3915,10794.9852,220.0,280.0,51.7124,22.3868,10786.2746,220.0,280.0,51.7129,22.3821,10789.3094,220.0,280.0,51.7134,22.3774,10791.0884,220.0,280.0,51.7139,22.3727,10795.1461,220.0,280.0,51.7144,22.3679,10793.9807,220.0,280.0,51.7149,22.3632,10795.2545,220.0,280.0,51.7155,22.3585,10799.7336,220.0,280.0,51.716,22.3538,10804.6584,220.0,280.0,51.7165,22.3491,10804.3586,220.0,280.0,51.717,22.3444,10804.0863,220.0,280.0
32,4ba8c2,TAR9FX,Turkey,52.2,23.32205,9509.4,245,270,0.0,0,0,,52.2,23.3221,9509.4089,245.0,270.0,0.5521,0.3754,-0.3306,0.0269,-0.1283,8.0,9.0,9.0,0.8824,0.1363,1.0,52.2,23.4029,9494.949,245.0,270.0,52.2,23.3975,9489.9291,245.0,270.0,52.2,23.3922,9493.3474,245.0,270.0,52.2,23.3868,9491.0922,245.0,270.0,52.2,23.3814,9494.6362,245.0,270.0,52.2,23.376,9497.7119,245.0,270.0,52.2,23.3706,9501.1626,245.0,270.0,52.2,23.3652,9507.3705,245.0,270.0,52.2,23.3598,9507.9272,245.0,270.0,52.2,23.3544,9511.5188,245.0,270.0,52.2,23.349,9510.1231,245.0,270.0,52.2,23.3436,9507.7007,245.0,270.0,52.2,23.3382,9509.592,245.0,270.0,52.2,23.3328,9516.5891,245.0,270.0,52.2,23.3274,9515.427,245.0,270.0,52.2,23.3221,9509.4089,245.0,270.0
32,4cab4c,EZY42AC,United Kingdom,54.5816,17.68008,11803.4,238,100,0.0,0,0,,54.5816,17.6801,11803.3625,238.0,100.0,0.1985,0.1666,-0.287,0.0444,-0.2158,8.0,9.0,9.0,0.9321,0.3376,1.0,54.59,17.5982,11795.8236,238.0,100.0,54.5894,17.6037,11808.8244,238.0,100.0,54.5888,17.6091,11798.2099,238.0,100.0,54.5883,17.6146,11794.1484,238.0,100.0,54.5877,17.6201,11789.6308,238.0,100.0,54.5872,17.6255,11788.4601,238.0,100.0,54.5866,17.631,11797.187,238.0,100.0,54.5861,17.6364,11801.7692,238.0,100.0,54.5855,17.6419,11807.8544,238.0,100.0,54.5849,17.6473,11801.0493,238.0,100.0,54.5844,17.6528,11805.07,238.0,100.0,54.5838,17.6583,11800.0659,238.0,100.0,54.5833,17.6637,11797.6541,238.0,100.0,54.5827,17.6692,11802.7609,238.0,100.0,54.5822,17.6746,11802.3886,238.0,100.0,54.5816,17.6801,11803.3625,238.0,100.0
33,4ca87b,RYR2KE,Ireland,54.4,18.68122,10987.2,230,90,0.0,0,0,,54.4,18.6812,10987.2398,230.0,90.0,1.2958,0.174,0.122,0.1684,-0.3551,8.0,9.0,9.0,0.9447,0.3949,1.0,54.4,18.6013,10983.0827,230.0,90.0,54.4,18.6066,10981.3659,230.0,90.0,54.4,18.6119,10981.7859,230.0,90.0,54.4,18.6173,10984.7592,230.0,90.0,54.4,18.6226,10986.5221,230.0,90.0,54.4,18.6279,10985.4614,230.0,90.0,54.4,18.6332,10980.3492,230.0,90.0,54.4,18.6386,10980.3025,230.0,90.0,54.4,18.6439,10981.8741,230.0,90.0,54.4,18.6492,10988.2388,230.0,90.0,54.4,18.6546,10993.8605,230.0,90.0,54.4,18.6599,10992.4421,230.0,90.0,54.4,18.6652,10998.2049,230.0,90.0,54.4,18.6706,10997.2954,230.0,90.0,54.4,18.6759,10993.0665,230.0,90.0,54.4,18.6812,10987.2398,230.0,90.0
33,471f8b,LOT283,Poland,52.5773,20.79336,9556.4,220,320,0.0,0,0,,52.5773,20.7934,9556.396,220.0,320.0,0.3697,0.063,0.0273,-0.0129,-0.1006,8.0,9.0,9.0,0.9262,0.439,1.0,52.5432,20.8404,9533.7779,220.0,320.0,52.5455,20.8373,9532.3088,220.0,320.0,52.5477,20.8342,9530.9828,220.0,320.0,52.55,20.831,9523.3203,220.0,320.0,52.5523,20.8279,9523.071,220.0,320.0,52.5546,20.8247,9526.6768,220.0,320.0,52.5568,20.8216,9531.9755,220.0,320.0,52.5591,20.8185,9541.8548,220.0,320.0,52.5614,20.8153,9544.2084,220.0,320.0,52.5637,20.8122,9550.7897,220.0,320.0,52.5659,20.8091,9544.1018,220.0,320.0,52.5682,20.8059,9553.3361,220.0,320.0,52.5705,20.8028,9551.6384,220.0,320.0,52.5727,20.7996,9549.7479,220.0,320.0,52.575,20.7965,9553.5087,220.0,320.0,52.5773,20.7934,9556.396,220.0,320.0
33,3c6589,DLH4ZW,Germany,53.51911,14.68229,11489.6,240,80,0.0,0,0,,53.5191,14.6823,11489.5682,240.0,80.0,-0.5887,0.1031,0.3062,0.2302,0.1132,8.0,9.0,9.0,0.9058,0.4362,1.0,53.5107,14.6019,11510.5552,240.0,80.0,53.5112,14.6072,11515.262,240.0,80.0,53.5118,14.6126,11514.1716,240.0,80.0,53.5124,14.6179,11517.8872,240.0,80.0,53.5129,14.6233,11523.2558,240.0,80.0,53.5135,14.6287,11520.9304,240.0,80.0,53.5141,14.634,11513.8239,240.0,80.0,53.5146,14.6394,11508.8462,240.0,80.0,53.5152,14.6448,11507.2783,240.0,80.0,53.5157,14.6501,11504.652,240.0,80.0,53.5163,14.6555,11500.8859,240.0,80.0,53.5169,14.6608,11502.8292,240.0,80.0,53.5174,14.6662,11501.539,240.0,80.0,53.518,14.6716,11498.4623,240.0,80.0,53.5185,14.6769,11491.9409,240.0,80.0,53.5191,14.6823,11489.5682,240.0,80.0
33,4b1805,SWR12X,Switzerland,52.69872,17.9391,10768.4,235,200,0.0,0,0,,52.6987,17.9391,10768.3901,235.0,200.0,-0.0266,0.3913,0.0481,0.0081,0.1544,8.0,9.0,9.0,0.8936,0.2148,1.0,52.7434,17.966,10786.6913,235.0,200.0,52.7404,17.9642,10785.3081,235.0,200.0,52.7374,17.9624,10784.8594,235.0,200.0,52.7345,17.9606,10776.869,235.0,200.0,52.7315,17.9588,10772.0903,235.0,200.0,52.7285,17.957,10767.6657,235.0,200.0,52.7255,17.9552,10769.4594,235.0,200.0,52.7225,17.9534,10771.9283,235.0,200.0,52.7196,17.9516,10772.3805,235.0,200.0,52.7166,17.9498,10773.3572,235.0,200.0,52.7136,17.948,10770.4727,235.0,200.0,52.7106,17.9463,10768.7294,235.0,200.0,52.7077,17.9445,10764.0525,235.0,200.0,52.7047,17.9427,10770.404,235.0,200.0,52.7017,17.9409,10770.4429,235.0,200.0,52.6987,17.9391,10768.3901,235.0,200.0
33,440048,BAW893,United Kingdom,53.30733,15.79034,11991.7,250,60,0.0,0,1,smooth_drift,53.3073,15.7903,11991.6967,250.0,60.0,1.5086,0.04,-0.06,-0.1167,0.4061,6.0,9.0,9.0,0.4,0.3869,1.0,53.0667,16.0403,12017.7819,250.0,60.0,53.076,16.0337,12016.6452,250.0,60.0,53.0862,16.0258,12004.7176,250.0,60.0,53.0971,16.0168,12004.1533,250.0,60.0,53.1088,16.0067,12007.9809,250.0,60.0,53.1212,15.9954,12005.0237,250.0,60.0,53.1345,15.983,12008.183,250.0,60.0,53.1485,15.9694,12015.9208,250.0,60.0,53.1632,15.9546,12001.6419,250.0,60.0,53.1788,15.9388,12007.7822,250.0,60.0,53.1951,15.9217,12003.5001,250.0,60.0,53.2121,15.9035,11993.3178,250.0,60.0,53.23,15.8842,11993.3652,250.0,60.0,53.2486,15.8637,11984.9618,250.0,60.0,53.2679,15.842,11983.06,250.0,60.0,53.2881,15.8192,11991.6967,250.0,60.0
33,4ac9b0,SAS2HK,Sweden,55.44955,17.15418,10508.4,220,120,0.0,0,0,,55.4495,17.1542,10508.3849,220.0,120.0,1.3543,-0.1727,-0.5334,-0.5107,0.1005,8.0,9.0,9.0,0.9063,0.2772,1.0,55.4718,17.0862,10497.13,220.0,120.0,55.4703,17.0907,10494.0092,220.0,120.0,55.4688,17.0953,10490.625,220.0,120.0,55.4674,17.0998,10494.8004,220.0,120.0,55.4659,17.1043,10499.6638,220.0,120.0,55.4644,17.1089,10499.2112,220.0,120.0,55.4629,17.1134,10505.6364,220.0,120.0,55.4614,17.1179,10505.2036,220.0,120.0,55.4599,17.1225,10499.7843,220.0,120.0,55.4584,17.127,10499.6014,220.0,120.0,55.457,17.1315,10496.5102,220.0,120.0,55.4555,17.1361,10497.0528,220.0,120.0,55.454,17.1406,10497.3886,220.0,120.0,55.4525,17.1451,10499.9588,220.0,120.0,55.451,17.1496,10499.5587,220.0,120.0,55.4495,17.1542,10508.3849,220.0,120.0
33,3917a3,AFR1219,France,51.16063,14.20701,10961.7,225,150,0.0,0,1,smooth_drift,51.1606,14.207,10961.7237,225.0,150.0,-2.9121,0.04,-0.06,0.3106,0.3359,6.0,9.0,9.0,0.4,0.6221,1.0,50.9847,14.4939,10989.7227,225.0,150.0,50.9897,14.4847,10988.3555,225.0,150.0,50.9956,14.4745,10982.7604,225.0,150.0,51.0022,14.463,10976.1472,225.0,150.0,51.0095,14.4504,10977.3285,225.0,150.0,51.0177,14.4367,10964.0498,225.0,150.0,51.0266,14.4218,10967.0552,225.0,150.0,51.0363,14.4058,10965.1217,225.0,150.0,51.0467,14.3886,10966.1538,225.0,150.0,51.0579,14.3702,10961.5852,225.0,150.0,51.0699,14.3507,10957.6143,225.0,150.0,51.0827,14.33,10957.4657,225.0,150.0,51.0962,14.3082,10964.9681,225.0,150.0,51.1105,14.2853,10963.6731,225.0,150.0,51.1256,14.2611,10962.0023,225.0,150.0,51.1414,14.2359,10961.7237,225.0,150.0
33,46b8c1,FIN6KP,Finland,55.90734,20.93976,9991.9,215,200,0.0,0,0,,55.9073,20.9398,9991.949,215.0,200.0,-0.0192,0.2438,0.5271,0.2441,-0.2515,8.0,9.0,9.0,0.9022,0.5123,1.0,55.9482,20.9663,10015.0261,215.0,200.0,55.9455,20.9645,10016.2997,215.0,200.0,55.9428,20.9628,10021.9317,215.0,200.0,55.94,20.961,10020.1251,215.0,200.0,55.9373,20.9592,10019.2504,215.0,200.0,55.9346,20.9575,10016.5984,215.0,200.0,55.9319,20.9557,10015.7791,215.0,200.0,55.9291,20.9539,10017.7575,215.0,200.0,55.9264,20.9522,10017.7141,215.0,200.0,55.9237,20.9504,10012.0088,215.0,200.0,55.921,20.9486,10012.7795,215.0,200.0,55.9182,20.9468,10013.2329,215.0,200.0,55.9155,20.9451,10006.1953,215.0,200.0,55.9128,20.9433,9999.0459,215.0,200.0,55.9101,20.9415,9997.6147,215.0,200.0,55.9073,20.9398,9991.949,215.0,200.0
33,4ca8e0,RYR3LM,Ireland,53.64679,19.64444,11187.9,232,240,0.0,0,0,,53.6468,19.6444,11187.8774,232.0,240.0,-1.2143,-0.2175,0.0734,-0.3369,0.1076,8.0,9.0,9.0,0.9112,0.1794,1.0,53.6703,19.713,11195.0513,232.0,240.0,53.6687,19.7085,11194.4989,232.0,240.0,53.6671,19.7039,11200.2571,232.0,240.0,53.6656,19.6993,11200.0578,232.0,240.0,53.664,19.6947,11195.622,232.0,240.0,53.6624,19.6902,11194.3644,232.0,240.0,53.6609,19.6856,11196.0998,232.0,240.0,53.6593,19.681,11193.6068,232.0,240.0,53.6577,19.6765,11191.0831,232.0,240.0,53.6562,19.6719,11200.6298,232.0,240.0,53.6546,19.6673,11194.9735,232.0,240.0,53.6531,19.6627,11188.6123,232.0,240.0,53.6515,19.6582,11189.3209,232.0,240.0,53.6499,19.6536,11188.7169,232.0,240.0,53.6484,19.649,11186.3492,232.0,240.0,53.6468,19.6444,11187.8774,232.0,240.0
33,478129,WZZ2BV,Hungary,51.71752,22.33964,10808.1,220,280,0.0,0,0,,51.7175,22.3396,10808.0735,220.0,280.0,0.5581,-0.2822,0.1154,0.2675,-0.0661,8.0,9.0,9.0,0.8711,0.2646,1.0,51.7098,22.4104,10777.7129,220.0,280.0,51.7103,22.4057,10790.7542,220.0,280.0,51.7108,22.401,10795.3389,220.0,280.0,51.7113,22.3962,10794.9072,220.0,280.0,51.7119,22.3915,10794.9852,220.0,280.0,51.7124,22.3868,10786.2746,220.0,280.0,51.7129,22.3821,10789.3094,220.0,280.0,51.7134,22.3774,10791.0884,220.0,280.0,51.7139,22.3727,10795.1461,220.0,280.0,51.7144,22.3679,10793.9807,220.0,280.0,51.7149,22.3632,10795.2545,220.0,280.0,51.7155,22.3585,10799.7336,220.0,280.0,51.716,22.3538,10804.6584,220.0,280.0,51.7165,22.3491,10804.3586,220.0,280.0,51.717,22.3444,10804.0863,220.0,280.0,51.7175,22.3396,10808.0735,220.0,280.0
33,4ba8c2,TAR9FX,Turkey,52.2,23.31666,9510.8,245,270,0.0,0,0,,52.2,23.3167,9510.8229,245.0,270.0,-2.0289,-0.0094,0.4417,0.0984,-0.0178,8.0,9.0,9.0,0.9482,0.4548,1.0,52.2,23.3975,9489.9291,245.0,270.0,52.2,23.3922,9493.3474,245.0,270.0,52.2,23.3868,9491.0922,245.0,270.0,52.2,23.3814,9494.6362,245.0,270.0,52.2,23.376,9497.7119,245.0,270.0,52.2,23.3706,9501.1626,245.0,270.0,52.2,23.3652,9507.3705,245.0,270.0,52.2,23.3598,9507.9272,245.0,270.0,52.2,23.3544,9511.5188,245.0,270.0,52.2,23.349,9510.1231,245.0,270.0,52.2,23.3436,9507.7007,245.0,270.0,52.2,23.3382,9509.592,245.0,270.0,52.2,23.3328,9516.5891,245.0,270.0,52.2,23.3274,9515.427,245.0,270.0,52.2,23.3221,9509.4089,245.0,270.0,52.2,23.3167,9510.8229,245.0,270.0
33,4cab4c,EZY42AC,United Kingdom,54.58104,17.68553,11797.1,238,100,0.0,0,0,,54.581,17.6855,11797.1124,238.0,100.0,-0.5141,0.07,-0.1519,0.0009,-0.1848,8.0,9.0,9.0,0.9014,0.2874,1.0,54.5894,17.6037,11808.8244,238.0,100.0,54.5888,17.6091,11798.2099,238.0,100.0,54.5883,17.6146,11794.1484,238.0,100.0,54.5877,17.6201,11789.6308,238.0,100.0,54.5872,17.6255,11788.4601,238.0,100.0,54.5866,17.631,11797.187,238.0,100.0,54.5861,17.6364,11801.7692,238.0,100.0,54.5855,17.6419,11807.8544,238.0,100.0,54.5849,17.6473,11801.0493,238.0,100.0,54.5844,17.6528,11805.07,238.0,100.0,54.5838,17.6583,11800.0659,238.0,100.0,54.5833,17.6637,11797.6541,238.0,100.0,54.5827,17.6692,11802.7609,238.0,100.0,54.5822,17.6746,11802.3886,238.0,100.0,54.5816,17.6801,11803.3625,238.0,100.0,54.581,17.6855,11797.1124,238.0,100.0
34,4ca87b,RYR2KE,Ireland,54.4,18.68655,10985.1,230,90,0.0,0,0,,54.4,18.6865,10985.1228,230.0,90.0,-0.7936,0.0864,0.2825,0.0993,-0.2604,8.0,9.0,9.0,0.9306,0.4794,1.0,54.4,18.6066,10981.3659,230.0,90.0,54.4,18.6119,10981.7859,230.0,90.0,54.4,18.6173,10984.7592,230.0,90.0,54.4,18.6226,10986.5221,230.0,90.0,54.4,18.6279,10985.4614,230.0,90.0,54.4,18.6332,10980.3492,230.0,90.0,54.4,18.6386,10980.3025,230.0,90.0,54.4,18.6439,10981.8741,230.0,90.0,54.4,18.6492,10988.2388,230.0,90.0,54.4,18.6546,10993.8605,230.0,90.0,54.4,18.6599,10992.4421,230.0,90.0,54.4,18.6652,10998.2049,230.0,90.0,54.4,18.6706,10997.2954,230.0,90.0,54.4,18.6759,10993.0665,230.0,90.0,54.4,18.6812,10987.2398,230.0,90.0,54.4,18.6865,10985.1228,230.0,90.0
34,471f8b,LOT283,Poland,52.57957,20.79022,9561.1,220,320,0.0,0,0,,52.5796,20.7902,9561.0983,220.0,320.0,2.0603,-0.2784,-0.0338,0.2334,0.0078,8.0,9.0,9.0,0.9102,0.5867,1.0,52.5455,20.8373,9532.3088,220.0,320.0,52.5477,20.8342,9530.9828,220.0,320.0,52.55,20.831,9523.3203,220.0,320.0,52.5523,20.8279,9523.071,220.0,320.0,52.5546,20.8247,9526.6768,220.0,320.0,52.5568,20.8216,9531.9755,220.0,320.0,52.5591,20.8185,9541.8548,220.0,320.0,52.5614,20.8153,9544.2084,220.0,320.0,52.5637,20.8122,9550.7897,220.0,320.0,52.5659,20.8091,9544.1018,220.0,320.0,52.5682,20.8059,9553.3361,220.0,320.0,52.5705,20.8028,9551.6384,220.0,320.0,52.5727,20.7996,9549.7479,220.0,320.0,52.575,20.7965,9553.5087,220.0,320.0,52.5773,20.7934,9556.396,220.0,320.0,52.5796,20.7902,9561.0983,220.0,320.0
34,3c6589,DLH4ZW,Germany,53.51967,14.68765,11503.3,240,80,0.0,0,0,,53.5197,14.6877,11503.3393,240.0,80.0,-0.0987,0.0936,0.2228,-0.2212,-0.0796,8.0,9.0,9.0,0.9201,0.4452,1.0,53.5112,14.6072,11515.262,240.0,80.0,53.5118,14.6126,11514.1716,240.0,80.0,53.5124,14.6179,11517.8872,240.0,80.0,53.5129,14.6233,11523.2558,240.0,80.0,53.5135,14.6287,11520.9304,240.0,80.0,53.5141,14.634,11513.8239,240.0,80.0,53.5146,14.6394,11508.8462,240.0,80.0,53.5152,14.6448,11507.2783,240.0,80.0,53.5157,14.6501,11504.652,240.0,80.0,53.5163,14.6555,11500.8859,240.0,80.0,53.5169,14.6608,11502.8292,240.0,80.0,53.5174,14.6662,11501.539,240.0,80.0,53.518,14.6716,11498.4623,240.0,80.0,53.5185,14.6769,11491.9409,240.0,80.0,53.5191,14.6823,11489.5682,240.0,80.0,53.5197,14.6877,11503.3393,240.0,80.0
34,4b1805,SWR12X,Switzerland,52.69574,17.93731,10764.2,235,200,0.0,0,0,,52.6957,17.9373,10764.166,235.0,200.0,-1.0093,0.4323,-0.0613,-0.1836,0.1312,8.0,9.0,9.0,0.9245,0.315,1.0,52.7404,17.9642,10785.3081,235.0,200.0,52.7374,17.9624,10784.8594,235.0,200.0,52.7345,17.9606,10776.869,235.0,200.0,52.7315,17.9588,10772.0903,235.0,200.0,52.7285,17.957,10767.6657,235.0,200.0,52.7255,17.9552,10769.4594,235.0,200.0,52.7225,17.9534,10771.9283,235.0,200.0,52.7196,17.9516,10772.3805,235.0,200.0,52.7166,17.9498,10773.3572,235.0,200.0,52.7136,17.948,10770.4727,235.0,200.0,52.7106,17.9463,10768.7294,235.0,200.0,52.7077,17.9445,10764.0525,235.0,200.0,52.7047,17.9427,10770.404,235.0,200.0,52.7017,17.9409,10770.4429,235.0,200.0,52.6987,17.9391,10768.3901,235.0,200.0,52.6957,17.9373,10764.166,235.0,200.0
34,440048,BAW893,United Kingdom,53.32901,15.76523,12000.2,250,60,0.0,0,1,smooth_drift,53.329,15.7652,12000.2228,250.0,60.0,0.787,0.04,-0.06,-0.103,-0.1772,6.0,9.0,9.0,0.4,0.2643,1.0,53.076,16.0337,12016.6452,250.0,60.0,53.0862,16.0258,12004.7176,250.0,60.0,53.0971,16.0168,12004.1533,250.0,60.0,53.1088,16.0067,12007.9809,250.0,60.0,53.1212,15.9954,12005.0237,250.0,60.0,53.1345,15.983,12008.183,250.0,60.0,53.1485,15.9694,12015.9208,250.0,60.0,53.1632,15.9546,12001.6419,250.0,60.0,53.1788,15.9388,12007.7822,250.0,60.0,53.1951,15.9217,12003.5001,250.0,60.0,53.2121,15.9035,11993.3178,250.0,60.0,53.23,15.8842,11993.3652,250.0,60.0,53.2486,15.8637,11984.9618,250.0,60.0,53.2679,15.842,11983.06,250.0,60.0,53.2881,15.8192,11991.6967,250.0,60.0,53.309,15.7952,12000.2228,250.0,60.0
34,4ac9b0,SAS2HK,Sweden,55.44806,17.15871,10509.0,220,120,0.0,0,0,,55.4481,17.1587,10508.9542,220.0,120.0,0.8045,-0.0433,0.0514,-0.2667,0.0626,8.0,9.0,9.0,0.9178,0.5058,1.0,55.4703,17.0907,10494.0092,220.0,120.0,55.4688,17.0953,10490.625,220.0,120.0,55.4674,17.0998,10494.8004,220.0,120.0,55.4659,17.1043,10499.6638,220.0,120.0,55.4644,17.1089,10499.2112,220.0,120.0,55.4629,17.1134,10505.6364,220.0,120.0,55.4614,17.1179,10505.2036,220.0,120.0,55.4599,17.1225,10499.7843,220.0,120.0,55.4584,17.127,10499.6014,220.0,120.0,55.457,17.1315,10496.5102,220.0,120.0,55.4555,17.1361,10497.0528,220.0,120.0,55.454,17.1406,10497.3886,220.0,120.0,55.4525,17.1451,10499.9588,220.0,120.0,55.451,17.1496,10499.5587,220.0,120.0,55.4495,17.1542,10508.3849,220.0,120.0,55.4481,17.1587,10508.9542,220.0,120.0
34,3917a3,AFR1219,France,51.178,14.17943,10959.0,225,150,0.0,0,1,smooth_drift,51.178,14.1794,10958.9565,225.0,150.0,0.3136,0.04,-0.06,0.1182,-0.0906,6.0,9.0,9.0,0.4,0.4947,1.0,50.9897,14.4847,10988.3555,225.0,150.0,50.9956,14.4745,10982.7604,225.0,150.0,51.0022,14.463,10976.1472,225.0,150.0,51.0095,14.4504,10977.3285,225.0,150.0,51.0177,14.4367,10964.0498,225.0,150.0,51.0266,14.4218,10967.0552,225.0,150.0,51.0363,14.4058,10965.1217,225.0,150.0,51.0467,14.3886,10966.1538,225.0,150.0,51.0579,14.3702,10961.5852,225.0,150.0,51.0699,14.3507,10957.6143,225.0,150.0,51.0827,14.33,10957.4657,225.0,150.0,51.0962,14.3082,10964.9681,225.0,150.0,51.1105,14.2853,10963.6731,225.0,150.0,51.1256,14.2611,10962.0023,225.0,150.0,51.1414,14.2359,10961.7237,225.0,150.0,51.158,14.2094,10958.9565,225.0,150.0
34,46b8c1,FIN6KP,Finland,55.90461,20.93799,10008.1,215,200,0.0,0,0,,55.9046,20.938,10008.0926,215.0,200.0,-1.2534,-0.0631,0.1239,0.2104,-0.2167,8.0,9.0,9.0,0.9005,0.4872,1.0,55.9455,20.9645,10016.2997,215.0,200.0,55.9428,20.9628,10021.9317,215.0,200.0,55.94,20.961,10020.1251,215.0,200.0,55.9373,20.9592,10019.2504,215.0,200.0,55.9346,20.9575,10016.5984,215.0,200.0,55.9319,20.9557,10015.7791,215.0,200.0,55.9291,20.9539,10017.7575,215.0,200.0,55.9264,20.9522,10017.7141,215.0,200.0,55.9237,20.9504,10012.0088,215.0,200.0,55.921,20.9486,10012.7795,215.0,200.0,55.9182,20.9468,10013.2329,215.0,200.0,55.9155,20.9451,10006.1953,215.0,200.0,55.9128,20.9433,9999.0459,215.0,200.0,55.9101,20.9415,9997.6147,215.0,200.0,55.9073,20.9398,9991.949,215.0,200.0,55.9046,20.938,10008.0926,215.0,200.0
34,4ca8e0,RYR3LM,Ireland,53.64523,19.63987,11185.6,232,240,0.0,0,0,,53.6452,19.6399,11185.6143,232.0,240.0,-0.793,-0.025,0.373,-0.2474,0.2071,8.0,9.0,9.0,0.9309,0.4669,1.0,53.6687,19.7085,11194.4989,232.0,240.0,53.6671,19.7039,11200.2571,232.0,240.0,53.6656,19.6993,11200.0578,232.0,240.0,53.664,19.6947,11195.622,232.0,240.0,53.6624,19.6902,11194.3644,232.0,240.0,53.6609,19.6856,11196.0998,232.0,240.0,53.6593,19.681,11193.6068,232.0,240.0,53.6577,19.6765,11191.0831,232.0,240.0,53.6562,19.6719,11200.6298,232.0,240.0,53.6546,19.6673,11194.9735,232.0,240.0,53.6531,19.6627,11188.6123,232.0,240.0,53.6515,19.6582,11189.3209,232.0,240.0,53.6499,19.6536,11188.7169,232.0,240.0,53.6484,19.649,11186.3492,232.0,240.0,53.6468,19.6444,11187.8774,232.0,240.0,53.6452,19.6399,11185.6143,232.0,240.0
34,478129,WZZ2BV,Hungary,51.71803,22.33492,10810.1,220,280,0.0,0,0,,51.718,22.3349,10810.0566,220.0,280.0,-2.0123,0.0816,-0.1377,0.2479,0.2137,8.0,9.0,9.0,0.941,0.2874,1.0,51.7103,22.4057,10790.7542,220.0,280.0,51.7108,22.401,10795.3389,220.0,280.0,51.7113,22.3962,10794.9072,220.0,280.0,51.7119,22.3915,10794.9852,220.0,280.0,51.7124,22.3868,10786.2746,220.0,280.0,51.7129,22.3821,10789.3094,220.0,280.0,51.7134,22.3774,10791.0884,220.0,280.0,51.7139,22.3727,10795.1461,220.0,280.0,51.7144,22.3679,10793.9807,220.0,280.0,51.7149,22.3632,10795.2545,220.0,280.0,51.7155,22.3585,10799.7336,220.0,280.0,51.716,22.3538,10804.6584,220.0,280.0,51.7165,22.3491,10804.3586,220.0,280.0,51.717,22.3444,10804.0863,220.0,280.0,51.7175,22.3396,10808.0735,220.0,280.0,51.718,22.3349,10810.0566,220.0,280.0
34,4ba8c2,TAR9FX,Turkey,52.2,23.31127,9513.6,245,270,0.0,0,0,,52.2,23.3113,9513.6171,245.0,270.0,-1.171,-0.2251,0.01,0.0829,0.3744,8.0,9.0,9.0,0.9088,0.251,1.0,52.2,23.3922,9493.3474,245.0,270.0,52.2,23.3868,9491.0922,245.0,270.0,52.2,23.3814,9494.6362,245.0,270.0,52.2,23.376,9497.7119,245.0,270.0,52.2,23.3706,9501.1626,245.0,270.0,52.2,23.3652,9507.3705,245.0,270.0,52.2,23.3598,9507.9272,245.0,270.0,52.2,23.3544,9511.5188,245.0,270.0,52.2,23.349,9510.1231,245.0,270.0,52.2,23.3436,9507.7007,245.0,270.0,52.2,23.3382,9509.592,245.0,270.0,52.2,23.3328,9516.5891,245.0,270.0,52.2,23.3274,9515.427,245.0,270.0,52.2,23.3221,9509.4089,245.0,270.0,52.2,23.3167,9510.8229,245.0,270.0,52.2,23.3113,9513.6171,245.0,270.0
34,4cab4c,EZY42AC,United Kingdom,54.58048,17.69099,11790.9,238,100,0.0,0,0,,54.5805,17.691,11790.8536,238.0,100.0,-0.4669,-0.2681,-0.1994,0.2025,-0.0609,8.0,9.0,9.0,0.9377,0.3589,1.0,54.5888,17.6091,11798.2099,238.0,100.0,54.5883,17.6146,11794.1484,238.0,100.0,54.5877,17.6201,11789.6308,238.0,100.0,54.5872,17.6255,11788.4601,238.0,100.0,54.5866,17.631,11797.187,238.0,100.0,54.5861,17.6364,11801.7692,238.0,100.0,54.5855,17.6419,11807.8544,238.0,100.0,54.5849,17.6473,11801.0493,238.0,100.0,54.5844,17.6528,11805.07,238.0,100.0,54.5838,17.6583,11800.0659,238.0,100.0,54.5833,17.6637,11797.6541,238.0,100.0,54.5827,17.6692,11802.7609,238.0,100.0,54.5822,17.6746,11802.3886,238.0,100.0,54.5816,17.6801,11803.3625,238.0,100.0,54.581,17.6855,11797.1124,238.0,100.0,54.5805,17.691,11790.8536,238.0,100.0
35,4ca87b,RYR2KE,Ireland,54.4,18.69188,10981.8,230,90,0.0,0,0,,54.4,18.6919,10981.7903,230.0,90.0,0.6095,0.1697,-0.0981,0.4069,0.031,8.0,9.0,9.0,0.9313,0.5,1.0,54.4,18.6119,10981.7859,230.0,90.0,54.4,18.6173,10984.7592,230.0,90.0,54.4,18.6226,10986.5221,230.0,90.0,54.4,18.6279,10985.4614,230.0,90.0,54.4,18.6332,10980.3492,230.0,90.0,54.4,18.6386,10980.3025,230.0,90.0,54.4,18.6439,10981.8741,230.0,90.0,54.4,18.6492,10988.2388,230.0,90.0,54.4,18.6546,10993.8605,230.0,90.0,54.4,18.6599,10992.4421,230.0,90.0,54.4,18.6652,10998.2049,230.0,90.0,54.4,18.6706,10997.2954,230.0,90.0,54.4,18.6759,10993.0665,230.0,90.0,54.4,18.6812,10987.2398,230.0,90.0,54.4,18.6865,10985.1228,230.0,90.0,54.4,18.6919,10981.7903,230.0,90.0
35,471f8b,LOT283,Poland,52.58184,20.78708,9562.6,220,320,0.0,0,0,,52.5818,20.7871,9562.5759,220.0,320.0,-0.5348,-0.1324,-0.0965,0.1378,0.0489,8.0,9.0,9.0,0.9279,0.4038,1.0,52.5477,20.8342,9530.9828,220.0,320.0,52.55,20.831,9523.3203,220.0,320.0,52.5523,20.8279,9523.071,220.0,320.0,52.5546,20.8247,9526.6768,220.0,320.0,52.5568,20.8216,9531.9755,220.0,320.0,52.5591,20.8185,9541.8548,220.0,320.0,52.5614,20.8153,9544.2084,220.0,320.0,52.5637,20.8122,9550.7897,220.0,320.0,52.5659,20.8091,9544.1018,220.0,320.0,52.5682,20.8059,9553.3361,220.0,320.0,52.5705,20.8028,9551.6384,220.0,320.0,52.5727,20.7996,9549.7479,220.0,320.0,52.575,20.7965,9553.5087,220.0,320.0,52.5773,20.7934,9556.396,220.0,320.0,52.5796,20.7902,9561.0983,220.0,320.0,52.5818,20.7871,9562.5759,220.0,320.0
35,3c6589,DLH4ZW,Germany,53.52023,14.69301,11505.9,240,80,0.0,0,0,,53.5202,14.693,11505.9468,240.0,80.0,0.4553,-0.1516,-0.13,-0.0534,-0.0266,8.0,9.0,9.0,0.912,0.3029,1.0,53.5118,14.6126,11514.1716,240.0,80.0,53.5124,14.6179,11517.8872,240.0,80.0,53.5129,14.6233,11523.2558,240.0,80.0,53.5135,14.6287,11520.9304,240.0,80.0,53.5141,14.634,11513.8239,240.0,80.0,53.5146,14.6394,11508.8462,240.0,80.0,53.5152,14.6448,11507.2783,240.0,80.0,53.5157,14.6501,11504.652,240.0,80.0,53.5163,14.6555,11500.8859,240.0,80.0,53.5169,14.6608,11502.8292,240.0,80.0,53.5174,14.6662,11501.539,240.0,80.0,53.518,14.6716,11498.4623,240.0,80.0,53.5185,14.6769,11491.9409,240.0,80.0,53.5191,14.6823,11489.5682,240.0,80.0,53.5197,14.6877,11503.3393,240.0,80.0,53.5202,14.693,11505.9468,240.0,80.0
35,4b1805,SWR12X,Switzerland,52.69276,17.93552,10760.0,235,200,0.0,0,0,,52.6928,17.9355,10759.9564,235.0,200.0,-2.4307,0.3478,-0.018,0.429,-0.0217,8.0,9.0,9.0,0.9249,0.2863,1.0,52.7374,17.9624,10784.8594,235.0,200.0,52.7345,17.9606,10776.869,235.0,200.0,52.7315,17.9588,10772.0903,235.0,200.0,52.7285,17.957,10767.6657,235.0,200.0,52.7255,17.9552,10769.4594,235.0,200.0,52.7225,17.9534,10771.9283,235.0,200.0,52.7196,17.9516,10772.3805,235.0,200.0,52.7166,17.9498,10773.3572,235.0,200.0,52.7136,17.948,10770.4727,235.0,200.0,52.7106,17.9463,10768.7294,235.0,200.0,52.7077,17.9445,10764.0525,235.0,200.0,52.7047,17.9427,10770.404,235.0,200.0,52.7017,17.9409,10770.4429,235.0,200.0,52.6987,17.9391,10768.3901,235.0,200.0,52.6957,17.9373,10764.166,235.0,200.0,52.6928,17.9355,10759.9564,235.0,200.0
35,440048,BAW893,United Kingdom,53.35147,15.73897,11999.2,250,60,0.0,0,1,smooth_drift,53.3515,15.739,11999.2086,250.0,60.0,0.6986,0.04,-0.06,-0.0213,0.0665,6.0,9.0,9.0,0.4,0.2544,1.0,53.0862,16.0258,12004.7176,250.0,60.0,53.0971,16.0168,12004.1533,250.0,60.0,53.1088,16.0067,12007.9809,250.0,60.0,53.1212,15.9954,12005.0237,250.0,60.0,53.1345,15.983,12008.183,250.0,60.0,53.1485,15.9694,12015.9208,250.0,60.0,53.1632,15.9546,12001.6419,250.0,60.0,53.1788,15.9388,12007.7822,250.0,60.0,53.1951,15.9217,12003.5001,250.0,60.0,53.2121,15.9035,11993.3178,250.0,60.0,53.23,15.8842,11993.3652,250.0,60.0,53.2486,15.8637,11984.9618,250.0,60.0,53.2679,15.842,11983.06,250.0,60.0,53.2881,15.8192,11991.6967,250.0,60.0,53.309,15.7952,12000.2228,250.0,60.0,53.3307,15.7701,11999.2086,250.0,60.0
35,4ac9b0,SAS2HK,Sweden,55.44658,17.16324,10507.0,220,120,0.0,0,0,,55.4466,17.1632,10506.998,220.0,120.0,-0.3525,0.0701,-0.0391,-0.0884,0.3207,8.0,9.0,9.0,0.9102,0.4106,1.0,55.4688,17.0953,10490.625,220.0,120.0,55.4674,17.0998,10494.8004,220.0,120.0,55.4659,17.1043,10499.6638,220.0,120.0,55.4644,17.1089,10499.2112,220.0,120.0,55.4629,17.1134,10505.6364,220.0,120.0,55.4614,17.1179,10505.2036,220.0,120.0,55.4599,17.1225,10499.7843,220.0,120.0,55.4584,17.127,10499.6014,220.0,120.0,55.457,17.1315,10496.5102,220.0,120.0,55.4555,17.1361,10497.0528,220.0,120.0,55.454,17.1406,10497.3886,220.0,120.0,55.4525,17.1451,10499.9588,220.0,120.0,55.451,17.1496,10499.5587,220.0,120.0,55.4495,17.1542,10508.3849,220.0,120.0,55.4481,17.1587,10508.9542,220.0,120.0,55.4466,17.1632,10506.998,220.0,120.0
35,3917a3,AFR1219,France,51.19614,14.1507,10958.2,225,150,0.0,0,1,smooth_drift,51.1961,14.1507,10958.1695,225.0,150.0,-0.3432,0.04,-0.06,-0.0728,0.349,6.0,9.0,9.0,0.4,0.2132,1.0,50.9956,14.4745,10982.7604,225.0,150.0,51.0022,14.463,10976.1472,225.0,150.0,51.0095,14.4504,10977.3285,225.0,150.0,51.0177,14.4367,10964.0498,225.0,150.0,51.0266,14.4218,10967.0552,225.0,150.0,51.0363,14.4058,10965.1217,225.0,150.0,51.0467,14.3886,10966.1538,225.0,150.0,51.0579,14.3702,10961.5852,225.0,150.0,51.0699,14.3507,10957.6143,225.0,150.0,51.0827,14.33,10957.4657,225.0,150.0,51.0962,14.3082,10964.9681,225.0,150.0,51.1105,14.2853,10963.6731,225.0,150.0,51.1256,14.2611,10962.0023,225.0,150.0,51.1414,14.2359,10961.7237,225.0,150.0,51.158,14.2094,10958.9565,225.0,150.0,51.1754,14.1819,10958.1695,225.0,150.0
35,46b8c1,FIN6KP,Finland,55.90189,20.93622,9993.8,215,200,0.0,0,0,,55.9019,20.9362,9993.8452,215.0,200.0,-0.986,-0.1929,0.2038,0.1202,-0.0529,8.0,9.0,9.0,0.9228,0.3553,1.0,55.9428,20.9628,10021.9317,215.0,200.0,55.94,20.961,10020.1251,215.0,200.0,55.9373,20.9592,10019.2504,215.0,200.0,55.9346,20.9575,10016.5984,215.0,200.0,55.9319,20.9557,10015.7791,215.0,200.0,55.9291,20.9539,10017.7575,215.0,200.0,55.9264,20.9522,10017.7141,215.0,200.0,55.9237,20.9504,10012.0088,215.0,200.0,55.921,20.9486,10012.7795,215.0,200.0,55.9182,20.9468,10013.2329,215.0,200.0,55.9155,20.9451,10006.1953,215.0,200.0,55.9128,20.9433,9999.0459,215.0,200.0,55.9101,20.9415,9997.6147,215.0,200.0,55.9073,20.9398,9991.949,215.0,200.0,55.9046,20.938,10008.0926,215.0,200.0,55.9019,20.9362,9993.8452,215.0,200.0
35,4ca8e0,RYR3LM,Ireland,53.64366,19.6353,11185.4,232,240,0.0,0,0,,53.6437,19.6353,11185.357,232.0,240.0,-2.0402,0.0679,-0.3125,0.2048,0.047,8.0,9.0,9.0,0.9218,0.3692,1.0,53.6671,19.7039,11200.2571,232.0,240.0,53.6656,19.6993,11200.0578,232.0,240.0,53.664,19.6947,11195.622,232.0,240.0,53.6624,19.6902,11194.3644,232.0,240.0,53.6609,19.6856,11196.0998,232.0,240.0,53.6593,19.681,11193.6068,232.0,240.0,53.6577,19.6765,11191.0831,232.0,240.0,53.6562,19.6719,11200.6298,232.0,240.0,53.6546,19.6673,11194.9735,232.0,240.0,53.6531,19.6627,11188.6123,232.0,240.0,53.6515,19.6582,11189.3209,232.0,240.0,53.6499,19.6536,11188.7169,232.0,240.0,53.6484,19.649,11186.3492,232.0,240.0,53.6468,19.6444,11187.8774,232.0,240.0,53.6452,19.6399,11185.6143,232.0,240.0,53.6437,19.6353,11185.357,232.0,240.0
35,478129,WZZ2BV,Hungary,51.71855,22.3302,10822.2,220,280,0.0,0,0,,51.7185,22.3302,10822.2182,220.0,280.0,-1.9774,0.11,-0.1564,0.1589,-0.1114,8.0,9.0,9.0,0.9327,0.4981,1.0,51.7108,22.401,10795.3389,220.0,280.0,51.7113,22.3962,10794.9072,220.0,280.0,51.7119,22.3915,10794.9852,220.0,280.0,51.7124,22.3868,10786.2746,220.0,280.0,51.7129,22.3821,10789.3094,220.0,280.0,51.7134,22.3774,10791.0884,220.0,280.0,51.7139,22.3727,10795.1461,220.0,280.0,51.7144,22.3679,10793.9807,220.0,280.0,51.7149,22.3632,10795.2545,220.0,280.0,51.7155,22.3585,10799.7336,220.0,280.0,51.716,22.3538,10804.6584,220.0,280.0,51.7165,22.3491,10804.3586,220.0,280.0,51.717,22.3444,10804.0863,220.0,280.0,51.7175,22.3396,10808.0735,220.0,280.0,51.718,22.3349,10810.0566,220.0,280.0,51.7185,22.3302,10822.2182,220.0,280.0
35,4ba8c2,TAR9FX,Turkey,52.2,23.30588,9520.6,245,270,0.0,0,0,,52.2,23.3059,9520.5551,245.0,270.0,-0.9338,-0.1182,0.167,-0.1191,0.4391,8.0,9.0,9.0,0.9003,0.3495,1.0,52.2,23.3868,9491.0922,245.0,270.0,52.2,23.3814,9494.6362,245.0,270.0,52.2,23.376,9497.7119,245.0,270.0,52.2,23.3706,9501.1626,245.0,270.0,52.2,23.3652,9507.3705,245.0,270.0,52.2,23.3598,9507.9272,245.0,270.0,52.2,23.3544,9511.5188,245.0,270.0,52.2,23.349,9510.1231,245.0,270.0,52.2,23.3436,9507.7007,245.0,270.0,52.2,23.3382,9509.592,245.0,270.0,52.2,23.3328,9516.5891,245.0,270.0,52.2,23.3274,9515.427,245.0,270.0,52.2,23.3221,9509.4089,245.0,270.0,52.2,23.3167,9510.8229,245.0,270.0,52.2,23.3113,9513.6171,245.0,270.0,52.2,23.3059,9520.5551,245.0,270.0
35,4cab4c,EZY42AC,United Kingdom,54.57993,17.69644,11782.2,238,100,0.0,0,0,,54.5799,17.6964,11782.2273,238.0,100.0,1.2071,-0.2507,-0.0211,-0.2031,-0.1249,8.0,9.0,9.0,0.9446,0.3516,1.0,54.5883,17.6146,11794.1484,238.0,100.0,54.5877,17.6201,11789.6308,238.0,100.0,54.5872,17.6255,11788.4601,238.0,100.0,54.5866,17.631,11797.187,238.0,100.0,54.5861,17.6364,11801.7692,238.0,100.0,54.5855,17.6419,11807.8544,238.0,100.0,54.5849,17.6473,11801.0493,238.0,100.0,54.5844,17.6528,11805.07,238.0,100.0,54.5838,17.6583,11800.0659,238.0,100.0,54.5833,17.6637,11797.6541,238.0,100.0,54.5827,17.6692,11802.7609,238.0,100.0,54.5822,17.6746,11802.3886,238.0,100.0,54.5816,17.6801,11803.3625,238.0,100.0,54.581,17.6855,11797.1124,238.0,100.0,54.5805,17.691,11790.8536,238.0,100.0,54.5799,17.6964,11782.2273,238.0,100.0
36,4ca87b,RYR2KE,Ireland,54.4,18.69721,10983.1,230,90,0.0,0,0,,54.4,18.6972,10983.1467,230.0,90.0,-1.8466,0.0003,-0.0627,-0.2897,-0.0856,8.0,9.0,9.0,0.9329,0.4405,1.0,54.4,18.6173,10984.7592,230.0,90.0,54.4,18.6226,10986.5221,230.0,90.0,54.4,18.6279,10985.4614,230.0,90.0,54.4,18.6332,10980.3492,230.0,90.0,54.4,18.6386,10980.3025,230.0,90.0,54.4,18.6439,10981.8741,230.0,90.0,54.4,18.6492,10988.2388,230.0,90.0,54.4,18.6546,10993.8605,230.0,90.0,54.4,18.6599,10992.4421,230.0,90.0,54.4,18.6652,10998.2049,230.0,90.0,54.4,18.6706,10997.2954,230.0,90.0,54.4,18.6759,10993.0665,230.0,90.0,54.4,18.6812,10987.2398,230.0,90.0,54.4,18.6865,10985.1228,230.0,90.0,54.4,18.6919,10981.7903,230.0,90.0,54.4,18.6972,10983.1467,230.0,90.0
36,471f8b,LOT283,Poland,52.58412,20.78394,9564.4,220,320,0.0,0,0,,52.5841,20.7839,9564.4154,220.0,320.0,0.3259,-0.0569,0.1294,-0.096,-0.1906,8.0,9.0,9.0,0.9171,0.3516,1.0,52.55,20.831,9523.3203,220.0,320.0,52.5523,20.8279,9523.071,220.0,320.0,52.5546,20.8247,9526.6768,220.0,320.0,52.5568,20.8216,9531.9755,220.0,320.0,52.5591,20.8185,9541.8548,220.0,320.0,52.5614,20.8153,9544.2084,220.0,320.0,52.5637,20.8122,9550.7897,220.0,320.0,52.5659,20.8091,9544.1018,220.0,320.0,52.5682,20.8059,9553.3361,220.0,320.0,52.5705,20.8028,9551.6384,220.0,320.0,52.5727,20.7996,9549.7479,220.0,320.0,52.575,20.7965,9553.5087,220.0,320.0,52.5773,20.7934,9556.396,220.0,320.0,52.5796,20.7902,9561.0983,220.0,320.0,52.5818,20.7871,9562.5759,220.0,320.0,52.5841,20.7839,9564.4154,220.0,320.0
36,3c6589,DLH4ZW,Germany,53.5208,14.69838,11507.3,240,80,0.0,0,0,,53.5208,14.6984,11507.3406,240.0,80.0,-0.0067,-0.0514,0.1201,-0.2427,0.16,8.0,9.0,9.0,0.9264,0.572,1.0,53.5124,14.6179,11517.8872,240.0,80.0,53.5129,14.6233,11523.2558,240.0,80.0,53.5135,14.6287,11520.9304,240.0,80.0,53.5141,14.634,11513.8239,240.0,80.0,53.5146,14.6394,11508.8462,240.0,80.0,53.5152,14.6448,11507.2783,240.0,80.0,53.5157,14.6501,11504.652,240.0,80.0,53.5163,14.6555,11500.8859,240.0,80.0,53.5169,14.6608,11502.8292,240.0,80.0,53.5174,14.6662,11501.539,240.0,80.0,53.518,14.6716,11498.4623,240.0,80.0,53.5185,14.6769,11491.9409,240.0,80.0,53.5191,14.6823,11489.5682,240.0,80.0,53.5197,14.6877,11503.3393,240.0,80.0,53.5202,14.693,11505.9468,240.0,80.0,53.5208,14.6984,11507.3406,240.0,80.0
36,4b1805,SWR12X,Switzerland,52.68978,17.93373,10761.2,235,200,0.0,0,0,,52.6898,17.9337,10761.1945,235.0,200.0,-0.19,0.3215,0.0806,-0.139,-0.3934,8.0,9.0,9.0,0.9176,0.3693,1.0,52.7345,17.9606,10776.869,235.0,200.0,52.7315,17.9588,10772.0903,235.0,200.0,52.7285,17.957,10767.6657,235.0,200.0,52.7255,17.9552,10769.4594,235.0,200.0,52.7225,17.9534,10771.9283,235.0,200.0,52.7196,17.9516,10772.3805,235.0,200.0,52.7166,17.9498,10773.3572,235.0,200.0,52.7136,17.948,10770.4727,235.0,200.0,52.7106,17.9463,10768.7294,235.0,200.0,52.7077,17.9445,10764.0525,235.0,200.0,52.7047,17.9427,10770.404,235.0,200.0,52.7017,17.9409,10770.4429,235.0,200.0,52.6987,17.9391,10768.3901,235.0,200.0,52.6957,17.9373,10764.166,235.0,200.0,52.6928,17.9355,10759.9564,235.0,200.0,52.6898,17.9337,10761.1945,235.0,200.0
36,440048,BAW893,United Kingdom,53.37469,15.71155,12013.0,250,60,0.0,0,1,smooth_drift,53.3747,15.7116,12013.0371,250.0,60.0,-0.2464,0.04,-0.06,-0.1912,0.1822,6.0,9.0,9.0,0.4,0.3836,1.0,53.0971,16.0168,12004.1533,250.0,60.0,53.1088,16.0067,12007.9809,250.0,60.0,53.1212,15.9954,12005.0237,250.0,60.0,53.1345,15.983,12008.183,250.0,60.0,53.1485,15.9694,12015.9208,250.0,60.0,53.1632,15.9546,12001.6419,250.0,60.0,53.1788,15.9388,12007.7822,250.0,60.0,53.1951,15.9217,12003.5001,250.0,60.0,53.2121,15.9035,11993.3178,250.0,60.0,53.23,15.8842,11993.3652,250.0,60.0,53.2486,15.8637,11984.9618,250.0,60.0,53.2679,15.842,11983.06,250.0,60.0,53.2881,15.8192,11991.6967,250.0,60.0,53.309,15.7952,12000.2228,250.0,60.0,53.3307,15.7701,11999.2086,250.0,60.0,53.3532,15.7439,12013.0371,250.0,60.0
36,4ac9b0,SAS2HK,Sweden,55.44509,17.16777,10505.0,220,120,0.0,0,0,,55.4451,17.1678,10504.9694,220.0,120.0,-1.3248,-0.0407,-0.0318,-0.151,0.2863,8.0,9.0,9.0,0.916,0.3175,1.0,55.4674,17.0998,10494.8004,220.0,120.0,55.4659,17.1043,10499.6638,220.0,120.0,55.4644,17.1089,10499.2112,220.0,120.0,55.4629,17.1134,10505.6364,220.0,120.0,55.4614,17.1179,10505.2036,220.0,120.0,55.4599,17.1225,10499.7843,220.0,120.0,55.4584,17.127,10499.6014,220.0,120.0,55.457,17.1315,10496.5102,220.0,120.0,55.4555,17.1361,10497.0528,220.0,120.0,55.454,17.1406,10497.3886,220.0,120.0,55.4525,17.1451,10499.9588,220.0,120.0,55.451,17.1496,10499.5587,220.0,120.0,55.4495,17.1542,10508.3849,220.0,120.0,55.4481,17.1587,10508.9542,220.0,120.0,55.4466,17.1632,10506.998,220.0,120.0,55.4451,17.1678,10504.9694,220.0,120.0
36,3917a3,AFR1219,France,51.21505,14.12081,10959.4,225,150,0.0,0,1,smooth_drift,51.215,14.1208,10959.3814,225.0,150.0,-0.5591,0.04,-0.06,-0.0515,0.102,6.0,9.0,9.0,0.4,0.3099,1.0,51.0022,14.463,10976.1472,225.0,150.0,51.0095,14.4504,10977.3285,225.0,150.0,51.0177,14.4367,10964.0498,225.0,150.0,51.0266,14.4218,10967.0552,225.0,150.0,51.0363,14.4058,10965.1217,225.0,150.0,51.0467,14.3886,10966.1538,225.0,150.0,51.0579,14.3702,10961.5852,225.0,150.0,51.0699,14.3507,10957.6143,225.0,150.0,51.0827,14.33,10957.4657,225.0,150.0,51.0962,14.3082,10964.9681,225.0,150.0,51.1105,14.2853,10963.6731,225.0,150.0,51.1256,14.2611,10962.0023,225.0,150.0,51.1414,14.2359,10961.7237,225.0,150.0,51.158,14.2094,10958.9565,225.0,150.0,51.1754,14.1819,10958.1695,225.0,150.0,51.1935,14.1531,10959.3814,225.0,150.0
36,46b8c1,FIN6KP,Finland,55.89916,20.93445,9988.4,215,200,0.0,0,0,,55.8992,20.9345,9988.3909,215.0,200.0,-0.0204,0.1058,-0.2725,0.1821,0.2664,8.0,9.0,9.0,0.9426,0.4104,1.0,55.94,20.961,10020.1251,215.0,200.0,55.9373,20.9592,10019.2504,215.0,200.0,55.9346,20.9575,10016.5984,215.0,200.0,55.9319,20.9557,10015.7791,215.0,200.0,55.9291,20.9539,10017.7575,215.0,200.0,55.9264,20.9522,10017.7141,215.0,200.0,55.9237,20.9504,10012.0088,215.0,200.0,55.921,20.9486,10012.7795,215.0,200.0,55.9182,20.9468,10013.2329,215.0,200.0,55.9155,20.9451,10006.1953,215.0,200.0,55.9128,20.9433,9999.0459,215.0,200.0,55.9101,20.9415,9997.6147,215.0,200.0,55.9073,20.9398,9991.949,215.0,200.0,55.9046,20.938,10008.0926,215.0,200.0,55.9019,20.9362,9993.8452,215.0,200.0,55.8992,20.9345,9988.3909,215.0,200.0
36,4ca8e0,RYR3LM,Ireland,53.6421,19.63073,11191.8,232,240,0.0,0,0,,53.6421,19.6307,11191.8123,232.0,240.0,-0.7622,0.1339,0.0947,0.0434,0.0975,8.0,9.0,9.0,0.924,0.2429,1.0,53.6656,19.6993,11200.0578,232.0,240.0,53.664,19.6947,11195.622,232.0,240.0,53.6624,19.6902,11194.3644,232.0,240.0,53.6609,19.6856,11196.0998,232.0,240.0,53.6593,19.681,11193.6068,232.0,240.0,53.6577,19.6765,11191.0831,232.0,240.0,53.6562,19.6719,11200.6298,232.0,240.0,53.6546,19.6673,11194.9735,232.0,240.0,53.6531,19.6627,11188.6123,232.0,240.0,53.6515,19.6582,11189.3209,232.0,240.0,53.6499,19.6536,11188.7169,232.0,240.0,53.6484,19.649,11186.3492,232.0,240.0,53.6468,19.6444,11187.8774,232.0,240.0,53.6452,19.6399,11185.6143,232.0,240.0,53.6437,19.6353,11185.357,232.0,240.0,53.6421,19.6307,11191.8123,232.0,240.0
36,478129,WZZ2BV,Hungary,51.71906,22.32548,10824.9,220,280,0.0,0,0,,51.7191,22.3255,10824.8741,220.0,280.0,0.3899,-0.0573,0.0394,-0.0492,-0.0299,8.0,9.0,9.0,0.9241,0.4981,1.0,51.7113,22.3962,10794.9072,220.0,280.0,51.7119,22.3915,10794.9852,220.0,280.0,51.7124,22.3868,10786.2746,220.0,280.0,51.7129,22.3821,10789.3094,220.0,280.0,51.7134,22.3774,10791.0884,220.0,280.0,51.7139,22.3727,10795.1461,220.0,280.0,51.7144,22.3679,10793.9807,220.0,280.0,51.7149,22.3632,10795.2545,220.0,280.0,51.7155,22.3585,10799.7336,220.0,280.0,51.716,22.3538,10804.6584,220.0,280.0,51.7165,22.3491,10804.3586,220.0,280.0,51.717,22.3444,10804.0863,220.0,280.0,51.7175,22.3396,10808.0735,220.0,280.0,51.718,22.3349,10810.0566,220.0,280.0,51.7185,22.3302,10822.2182,220.0,280.0,51.7191,22.3255,10824.8741,220.0,280.0
36,4ba8c2,TAR9FX,Turkey,52.2,23.30048,9531.0,245,270,0.0,0,0,,52.2,23.3005,9531.0317,245.0,270.0,0.4487,-0.0109,0.014,-0.0402,-0.4028,8.0,9.0,9.0,0.9351,0.5558,1.0,52.2,23.3814,9494.6362,245.0,270.0,52.2,23.376,9497.7119,245.0,270.0,52.2,23.3706,9501.1626,245.0,270.0,52.2,23.3652,9507.3705,245.0,270.0,52.2,23.3598,9507.9272,245.0,270.0,52.2,23.3544,9511.5188,245.0,270.0,52.2,23.349,9510.1231,245.0,270.0,52.2,23.3436,9507.7007,245.0,270.0,52.2,23.3382,9509.592,245.0,270.0,52.2,23.3328,9516.5891,245.0,270.0,52.2,23.3274,9515.427,245.0,270.0,52.2,23.3221,9509.4089,245.0,270.0,52.2,23.3167,9510.8229,245.0,270.0,52.2,23.3113,9513.6171,245.0,270.0,52.2,23.3059,9520.5551,245.0,270.0,52.2,23.3005,9531.0317,245.0,270.0
36,4cab4c,EZY42AC,United Kingdom,54.57937,17.7019,11788.3,238,100,0.0,0,0,,54.5794,17.7019,11788.3149,238.0,100.0,-0.5119,0.0372,0.1206,0.2867,-0.0673,8.0,9.0,9.0,0.9318,0.4278,1.0,54.5877,17.6201,11789.6308,238.0,100.0,54.5872,17.6255,11788.4601,238.0,100.0,54.5866,17.631,11797.187,238.0,100.0,54.5861,17.6364,11801.7692,238.0,100.0,54.5855,17.6419,11807.8544,238.0,100.0,54.5849,17.6473,11801.0493,238.0,100.0,54.5844,17.6528,11805.07,238.0,100.0,54.5838,17.6583,11800.0659,238.0,100.0,54.5833,17.6637,11797.6541,238.0,100.0,54.5827,17.6692,11802.7609,238.0,100.0,54.5822,17.6746,11802.3886,238.0,100.0,54.5816,17.6801,11803.3625,238.0,100.0,54.581,17.6855,11797.1124,238.0,100.0,54.5805,17.691,11790.8536,238.0,100.0,54.5799,17.6964,11782.2273,238.0,100.0,54.5794,17.7019,11788.3149,238.0,100.0
37,4ca87b,RYR2KE,Ireland,54.4,18.70254,10984.0,230,90,0.0,0,0,,54.4,18.7025,10984.0355,230.0,90.0,-0.002,0.0138,-0.086,0.0488,0.0461,8.0,9.0,9.0,0.9345,0.2622,1.0,54.4,18.6226,10986.5221,230.0,90.0,54.4,18.6279,10985.4614,230.0,90.0,54.4,18.6332,10980.3492,230.0,90.0,54.4,18.6386,10980.3025,230.0,90.0,54.4,18.6439,10981.8741,230.0,90.0,54.4,18.6492,10988.2388,230.0,90.0,54.4,18.6546,10993.8605,230.0,90.0,54.4,18.6599,10992.4421,230.0,90.0,54.4,18.6652,10998.2049,230.0,90.0,54.4,18.6706,10997.2954,230.0,90.0,54.4,18.6759,10993.0665,230.0,90.0,54.4,18.6812,10987.2398,230.0,90.0,54.4,18.6865,10985.1228,230.0,90.0,54.4,18.6919,10981.7903,230.0,90.0,54.4,18.6972,10983.1467,230.0,90.0,54.4,18.7025,10984.0355,230.0,90.0
37,471f8b,LOT283,Poland,52.58639,20.7808,9564.0,220,320,0.0,0,0,,52.5864,20.7808,9563.966,220.0,320.0,1.9909,0.1266,-0.0495,-0.076,0.1971,8.0,9.0,9.0,0.9255,0.3011,1.0,52.5523,20.8279,9523.071,220.0,320.0,52.5546,20.8247,9526.6768,220.0,320.0,52.5568,20.8216,9531.9755,220.0,320.0,52.5591,20.8185,9541.8548,220.0,320.0,52.5614,20.8153,9544.2084,220.0,320.0,52.5637,20.8122,9550.7897,220.0,320.0,52.5659,20.8091,9544.1018,220.0,320.0,52.5682,20.8059,9553.3361,220.0,320.0,52.5705,20.8028,9551.6384,220.0,320.0,52.5727,20.7996,9549.7479,220.0,320.0,52.575,20.7965,9553.5087,220.0,320.0,52.5773,20.7934,9556.396,220.0,320.0,52.5796,20.7902,9561.0983,220.0,320.0,52.5818,20.7871,9562.5759,220.0,320.0,52.5841,20.7839,9564.4154,220.0,320.0,52.5864,20.7808,9563.966,220.0,320.0
37,3c6589,DLH4ZW,Germany,53.52136,14.70374,11502.7,240,80,0.0,0,0,,53.5214,14.7037,11502.7121,240.0,80.0,-0.6609,-0.1054,0.333,0.0766,-0.1187,8.0,9.0,9.0,0.9088,0.4222,1.0,53.5129,14.6233,11523.2558,240.0,80.0,53.5135,14.6287,11520.9304,240.0,80.0,53.5141,14.634,11513.8239,240.0,80.0,53.5146,14.6394,11508.8462,240.0,80.0,53.5152,14.6448,11507.2783,240.0,80.0,53.5157,14.6501,11504.652,240.0,80.0,53.5163,14.6555,11500.8859,240.0,80.0,53.5169,14.6608,11502.8292,240.0,80.0,53.5174,14.6662,11501.539,240.0,80.0,53.518,14.6716,11498.4623,240.0,80.0,53.5185,14.6769,11491.9409,240.0,80.0,53.5191,14.6823,11489.5682,240.0,80.0,53.5197,14.6877,11503.3393,240.0,80.0,53.5202,14.693,11505.9468,240.0,80.0,53.5208,14.6984,11507.3406,240.0,80.0,53.5214,14.7037,11502.7121,240.0,80.0
37,4b1805,SWR12X,Switzerland,52.6868,17.93194,10759.5,235,200,0.0,0,0,,52.6868,17.9319,10759.4838,235.0,200.0,0.4627,-0.2784,0.1813,0.0995,0.2172,8.0,9.0,9.0,0.9303,0.2752,1.0,52.7315,17.9588,10772.0903,235.0,200.0,52.7285,17.957,10767.6657,235.0,200.0,52.7255,17.9552,10769.4594,235.0,200.0,52.7225,17.9534,10771.9283,235.0,200.0,52.7196,17.9516,10772.3805,235.0,200.0,52.7166,17.9498,10773.3572,235.0,200.0,52.7136,17.948,10770.4727,235.0,200.0,52.7106,17.9463,10768.7294,235.0,200.0,52.7077,17.9445,10764.0525,235.0,200.0,52.7047,17.9427,10770.404,235.0,200.0,52.7017,17.9409,10770.4429,235.0,200.0,52.6987,17.9391,10768.3901,235.0,200.0,52.6957,17.9373,10764.166,235.0,200.0,52.6928,17.9355,10759.9564,235.0,200.0,52.6898,17.9337,10761.1945,235.0,200.0,52.6868,17.9319,10759.4838,235.0,200.0
37,440048,BAW893,United Kingdom,53.39869,15.68299,12020.8,250,60,0.0,0,1,smooth_drift,53.3987,15.683,12020.8302,250.0,60.0,1.3887,0.04,-0.06,0.0889,-0.0315,6.0,9.0,9.0,0.4,0.4022,1.0,53.1088,16.0067,12007.9809,250.0,60.0,53.1212,15.9954,12005.0237,250.0,60.0,53.1345,15.983,12008.183,250.0,60.0,53.1485,15.9694,12015.9208,250.0,60.0,53.1632,15.9546,12001.6419,250.0,60.0,53.1788,15.9388,12007.7822,250.0,60.0,53.1951,15.9217,12003.5001,250.0,60.0,53.2121,15.9035,11993.3178,250.0,60.0,53.23,15.8842,11993.3652,250.0,60.0,53.2486,15.8637,11984.9618,250.0,60.0,53.2679,15.842,11983.06,250.0,60.0,53.2881,15.8192,11991.6967,250.0,60.0,53.309,15.7952,12000.2228,250.0,60.0,53.3307,15.7701,11999.2086,250.0,60.0,53.3532,15.7439,12013.0371,250.0,60.0,53.3764,15.7164,12020.8302,250.0,60.0
37,4ac9b0,SAS2HK,Sweden,55.44361,17.1723,10508.8,220,120,0.0,0,0,,55.4436,17.1723,10508.8329,220.0,120.0,-1.2055,0.2194,-0.084,0.0035,0.2392,8.0,9.0,9.0,0.9105,0.3014,1.0,55.4659,17.1043,10499.6638,220.0,120.0,55.4644,17.1089,10499.2112,220.0,120.0,55.4629,17.1134,10505.6364,220.0,120.0,55.4614,17.1179,10505.2036,220.0,120.0,55.4599,17.1225,10499.7843,220.0,120.0,55.4584,17.127,10499.6014,220.0,120.0,55.457,17.1315,10496.5102,220.0,120.0,55.4555,17.1361,10497.0528,220.0,120.0,55.454,17.1406,10497.3886,220.0,120.0,55.4525,17.1451,10499.9588,220.0,120.0,55.451,17.1496,10499.5587,220.0,120.0,55.4495,17.1542,10508.3849,220.0,120.0,55.4481,17.1587,10508.9542,220.0,120.0,55.4466,17.1632,10506.998,220.0,120.0,55.4451,17.1678,10504.9694,220.0,120.0,55.4436,17.1723,10508.8329,220.0,120.0
37,3917a3,AFR1219,France,51.23473,14.08978,10962.5,225,150,0.0,0,1,smooth_drift,51.2347,14.0898,10962.4916,225.0,150.0,0.8146,0.04,-0.06,0.2989,0.2251,6.0,9.0,9.0,0.4,0.4553,1.0,51.0095,14.4504,10977.3285,225.0,150.0,51.0177,14.4367,10964.0498,225.0,150.0,51.0266,14.4218,10967.0552,225.0,150.0,51.0363,14.4058,10965.1217,225.0,150.0,51.0467,14.3886,10966.1538,225.0,150.0,51.0579,14.3702,10961.5852,225.0,150.0,51.0699,14.3507,10957.6143,225.0,150.0,51.0827,14.33,10957.4657,225.0,150.0,51.0962,14.3082,10964.9681,225.0,150.0,51.1105,14.2853,10963.6731,225.0,150.0,51.1256,14.2611,10962.0023,225.0,150.0,51.1414,14.2359,10961.7237,225.0,150.0,51.158,14.2094,10958.9565,225.0,150.0,51.1754,14.1819,10958.1695,225.0,150.0,51.1935,14.1531,10959.3814,225.0,150.0,51.2124,14.1232,10962.4916,225.0,150.0
37,46b8c1,FIN6KP,Finland,55.89643,20.93268,9991.6,215,200,0.0,0,0,,55.8964,20.9327,9991.5877,215.0,200.0,0.0701,-0.0233,0.3051,0.1006,-0.0088,8.0,9.0,9.0,0.9363,0.3695,1.0,55.9373,20.9592,10019.2504,215.0,200.0,55.9346,20.9575,10016.5984,215.0,200.0,55.9319,20.9557,10015.7791,215.0,200.0,55.9291,20.9539,10017.7575,215.0,200.0,55.9264,20.9522,10017.7141,215.0,200.0,55.9237,20.9504,10012.0088,215.0,200.0,55.921,20.9486,10012.7795,215.0,200.0,55.9182,20.9468,10013.2329,215.0,200.0,55.9155,20.9451,10006.1953,215.0,200.0,55.9128,20.9433,9999.0459,215.0,200.0,55.9101,20.9415,9997.6147,215.0,200.0,55.9073,20.9398,9991.949,215.0,200.0,55.9046,20.938,10008.0926,215.0,200.0,55.9019,20.9362,9993.8452,215.0,200.0,55.8992,20.9345,9988.3909,215.0,200.0,55.8964,20.9327,9991.5877,215.0,200.0
37,4ca8e0,RYR3LM,Ireland,53.64053,19.62615,11196.5,232,240,0.0,0,0,,53.6405,19.6262,11196.5227,232.0,240.0,1.3454,0.1213,-0.2383,0.0419,0.1122,8.0,9.0,9.0,0.9042,0.3399,1.0,53.664,19.6947,11195.622,232.0,240.0,53.6624,19.6902,11194.3644,232.0,240.0,53.6609,19.6856,11196.0998,232.0,240.0,53.6593,19.681,11193.6068,232.0,240.0,53.6577,19.6765,11191.0831,232.0,240.0,53.6562,19.6719,11200.6298,232.0,240.0,53.6546,19.6673,11194.9735,232.0,240.0,53.6531,19.6627,11188.6123,232.0,240.0,53.6515,19.6582,11189.3209,232.0,240.0,53.6499,19.6536,11188.7169,232.0,240.0,53.6484,19.649,11186.3492,232.0,240.0,53.6468,19.6444,11187.8774,232.0,240.0,53.6452,19.6399,11185.6143,232.0,240.0,53.6437,19.6353,11185.357,232.0,240.0,53.6421,19.6307,11191.8123,232.0,240.0,53.6405,19.6262,11196.5227,232.0,240.0
37,478129,WZZ2BV,Hungary,51.71958,22.32076,10810.6,220,280,0.0,0,0,,51.7196,22.3208,10810.6055,220.0,280.0,-0.6366,-0.0484,0.2952,0.0659,-0.1565,8.0,9.0,9.0,0.9001,0.4658,1.0,51.7119,22.3915,10794.9852,220.0,280.0,51.7124,22.3868,10786.2746,220.0,280.0,51.7129,22.3821,10789.3094,220.0,280.0,51.7134,22.3774,10791.0884,220.0,280.0,51.7139,22.3727,10795.1461,220.0,280.0,51.7144,22.3679,10793.9807,220.0,280.0,51.7149,22.3632,10795.2545,220.0,280.0,51.7155,22.3585,10799.7336,220.0,280.0,51.716,22.3538,10804.6584,220.0,280.0,51.7165,22.3491,10804.3586,220.0,280.0,51.717,22.3444,10804.0863,220.0,280.0,51.7175,22.3396,10808.0735,220.0,280.0,51.718,22.3349,10810.0566,220.0,280.0,51.7185,22.3302,10822.2182,220.0,280.0,51.7191,22.3255,10824.8741,220.0,280.0,51.7196,22.3208,10810.6055,220.0,280.0
37,4ba8c2,TAR9FX,Turkey,52.2,23.29509,9530.1,245,270,0.0,0,0,,52.2,23.2951,9530.1428,245.0,270.0,0.4168,0.2242,-0.1539,0.1617,-0.0493,8.0,9.0,9.0,0.9021,0.2792,1.0,52.2,23.376,9497.7119,245.0,270.0,52.2,23.3706,9501.1626,245.0,270.0,52.2,23.3652,9507.3705,245.0,270.0,52.2,23.3598,9507.9272,245.0,270.0,52.2,23.3544,9511.5188,245.0,270.0,52.2,23.349,9510.1231,245.0,270.0,52.2,23.3436,9507.7007,245.0,270.0,52.2,23.3382,9509.592,245.0,270.0,52.2,23.3328,9516.5891,245.0,270.0,52.2,23.3274,9515.427,245.0,270.0,52.2,23.3221,9509.4089,245.0,270.0,52.2,23.3167,9510.8229,245.0,270.0,52.2,23.3113,9513.6171,245.0,270.0,52.2,23.3059,9520.5551,245.0,270.0,52.2,23.3005,9531.0317,245.0,270.0,52.2,23.2951,9530.1428,245.0,270.0
37,4cab4c,EZY42AC,United Kingdom,54.57881,17.70735,11791.4,238,100,0.0,0,0,,54.5788,17.7074,11791.3932,238.0,100.0,1.3251,0.1245,0.0251,-0.2133,-0.1304,8.0,9.0,9.0,0.9473,0.2331,1.0,54.5872,17.6255,11788.4601,238.0,100.0,54.5866,17.631,11797.187,238.0,100.0,54.5861,17.6364,11801.7692,238.0,100.0,54.5855,17.6419,11807.8544,238.0,100.0,54.5849,17.6473,11801.0493,238.0,100.0,54.5844,17.6528,11805.07,238.0,100.0,54.5838,17.6583,11800.0659,238.0,100.0,54.5833,17.6637,11797.6541,238.0,100.0,54.5827,17.6692,11802.7609,238.0,100.0,54.5822,17.6746,11802.3886,238.0,100.0,54.5816,17.6801,11803.3625,238.0,100.0,54.581,17.6855,11797.1124,238.0,100.0,54.5805,17.691,11790.8536,238.0,100.0,54.5799,17.6964,11782.2273,238.0,100.0,54.5794,17.7019,11788.3149,238.0,100.0,54.5788,17.7074,11791.3932,238.0,100.0
38,4ca87b,RYR2KE,Ireland,54.4,18.70787,10983.7,230,90,0.0,0,0,,54.4,18.7079,10983.7255,230.0,90.0,-0.4469,0.0029,0.1449,-0.0268,-0.2415,8.0,9.0,9.0,0.9122,0.3087,1.0,54.4,18.6279,10985.4614,230.0,90.0,54.4,18.6332,10980.3492,230.0,90.0,54.4,18.6386,10980.3025,230.0,90.0,54.4,18.6439,10981.8741,230.0,90.0,54.4,18.6492,10988.2388,230.0,90.0,54.4,18.6546,10993.8605,230.0,90.0,54.4,18.6599,10992.4421,230.0,90.0,54.4,18.6652,10998.2049,230.0,90.0,54.4,18.6706,10997.2954,230.0,90.0,54.4,18.6759,10993.0665,230.0,90.0,54.4,18.6812,10987.2398,230.0,90.0,54.4,18.6865,10985.1228,230.0,90.0,54.4,18.6919,10981.7903,230.0,90.0,54.4,18.6972,10983.1467,230.0,90.0,54.4,18.7025,10984.0355,230.0,90.0,54.4,18.7079,10983.7255,230.0,90.0
38,471f8b,LOT283,Poland,52.58866,20.77766,9564.0,220,320,0.0,0,0,,52.5887,20.7777,9563.9698,220.0,320.0,-0.5454,-0.0409,0.1526,0.0945,0.2028,8.0,9.0,9.0,0.9307,0.3928,1.0,52.5546,20.8247,9526.6768,220.0,320.0,52.5568,20.8216,9531.9755,220.0,320.0,52.5591,20.8185,9541.8548,220.0,320.0,52.5614,20.8153,9544.2084,220.0,320.0,52.5637,20.8122,9550.7897,220.0,320.0,52.5659,20.8091,9544.1018,220.0,320.0,52.5682,20.8059,9553.3361,220.0,320.0,52.5705,20.8028,9551.6384,220.0,320.0,52.5727,20.7996,9549.7479,220.0,320.0,52.575,20.7965,9553.5087,220.0,320.0,52.5773,20.7934,9556.396,220.0,320.0,52.5796,20.7902,9561.0983,220.0,320.0,52.5818,20.7871,9562.5759,220.0,320.0,52.5841,20.7839,9564.4154,220.0,320.0,52.5864,20.7808,9563.966,220.0,320.0,52.5887,20.7777,9563.9698,220.0,320.0
38,3c6589,DLH4ZW,Germany,53.52192,14.7091,11505.2,240,80,0.0,0,0,,53.5219,14.7091,11505.2446,240.0,80.0,-0.7254,-0.2094,-0.1431,-0.0697,0.2685,8.0,9.0,9.0,0.8981,0.3154,1.0,53.5135,14.6287,11520.9304,240.0,80.0,53.5141,14.634,11513.8239,240.0,80.0,53.5146,14.6394,11508.8462,240.0,80.0,53.5152,14.6448,11507.2783,240.0,80.0,53.5157,14.6501,11504.652,240.0,80.0,53.5163,14.6555,11500.8859,240.0,80.0,53.5169,14.6608,11502.8292,240.0,80.0,53.5174,14.6662,11501.539,240.0,80.0,53.518,14.6716,11498.4623,240.0,80.0,53.5185,14.6769,11491.9409,240.0,80.0,53.5191,14.6823,11489.5682,240.0,80.0,53.5197,14.6877,11503.3393,240.0,80.0,53.5202,14.693,11505.9468,240.0,80.0,53.5208,14.6984,11507.3406,240.0,80.0,53.5214,14.7037,11502.7121,240.0,80.0,53.5219,14.7091,11505.2446,240.0,80.0
38,4b1805,SWR12X,Switzerland,52.68382,17.93016,10757.5,235,200,0.0,0,0,,52.6838,17.9302,10757.4803,235.0,200.0,2.0172,0.1523,0.0716,0.1579,-0.1112,8.0,9.0,9.0,0.9043,0.5339,1.0,52.7285,17.957,10767.6657,235.0,200.0,52.7255,17.9552,10769.4594,235.0,200.0,52.7225,17.9534,10771.9283,235.0,200.0,52.7196,17.9516,10772.3805,235.0,200.0,52.7166,17.9498,10773.3572,235.0,200.0,52.7136,17.948,10770.4727,235.0,200.0,52.7106,17.9463,10768.7294,235.0,200.0,52.7077,17.9445,10764.0525,235.0,200.0,52.7047,17.9427,10770.404,235.0,200.0,52.7017,17.9409,10770.4429,235.0,200.0,52.6987,17.9391,10768.3901,235.0,200.0,52.6957,17.9373,10764.166,235.0,200.0,52.6928,17.9355,10759.9564,235.0,200.0,52.6898,17.9337,10761.1945,235.0,200.0,52.6868,17.9319,10759.4838,235.0,200.0,52.6838,17.9302,10757.4803,235.0,200.0
38,440048,BAW893,United Kingdom,53.42345,15.65327,12016.5,250,60,0.0,0,1,smooth_drift,53.4235,15.6533,12016.452,250.0,60.0,-1.4923,0.04,-0.06,-0.1722,-0.1808,6.0,9.0,9.0,0.4,0.2743,1.0,53.1212,15.9954,12005.0237,250.0,60.0,53.1345,15.983,12008.183,250.0,60.0,53.1485,15.9694,12015.9208,250.0,60.0,53.1632,15.9546,12001.6419,250.0,60.0,53.1788,15.9388,12007.7822,250.0,60.0,53.1951,15.9217,12003.5001,250.0,60.0,53.2121,15.9035,11993.3178,250.0,60.0,53.23,15.8842,11993.3652,250.0,60.0,53.2486,15.8637,11984.9618,250.0,60.0,53.2679,15.842,11983.06,250.0,60.0,53.2881,15.8192,11991.6967,250.0,60.0,53.309,15.7952,12000.2228,250.0,60.0,53.3307,15.7701,11999.2086,250.0,60.0,53.3532,15.7439,12013.0371,250.0,60.0,53.3764,15.7164,12020.8302,250.0,60.0,53.4004,15.6879,12016.452,250.0,60.0
38,4ac9b0,SAS2HK,Sweden,55.44213,17.17684,10508.9,220,120,0.0,0,0,,55.4421,17.1768,10508.8694,220.0,120.0,0.6275,0.0332,0.0829,-0.3535,-0.3046,8.0,9.0,9.0,0.9591,0.4573,1.0,55.4644,17.1089,10499.2112,220.0,120.0,55.4629,17.1134,10505.6364,220.0,120.0,55.4614,17.1179,10505.2036,220.0,120.0,55.4599,17.1225,10499.7843,220.0,120.0,55.4584,17.127,10499.6014,220.0,120.0,55.457,17.1315,10496.5102,220.0,120.0,55.4555,17.1361,10497.0528,220.0,120.0,55.454,17.1406,10497.3886,220.0,120.0,55.4525,17.1451,10499.9588,220.0,120.0,55.451,17.1496,10499.5587,220.0,120.0,55.4495,17.1542,10508.3849,220.0,120.0,55.4481,17.1587,10508.9542,220.0,120.0,55.4466,17.1632,10506.998,220.0,120.0,55.4451,17.1678,10504.9694,220.0,120.0,55.4436,17.1723,10508.8329,220.0,120.0,55.4421,17.1768,10508.8694,220.0,120.0
38,3917a3,AFR1219,France,51.25518,14.05758,10962.5,225,150,0.0,0,1,smooth_drift,51.2552,14.0576,10962.5033,225.0,150.0,-2.0704,0.04,-0.06,-0.1133,0.4171,6.0,9.0,9.0,0.4,0.5139,1.0,51.0177,14.4367,10964.0498,225.0,150.0,51.0266,14.4218,10967.0552,225.0,150.0,51.0363,14.4058,10965.1217,225.0,150.0,51.0467,14.3886,10966.1538,225.0,150.0,51.0579,14.3702,10961.5852,225.0,150.0,51.0699,14.3507,10957.6143,225.0,150.0,51.0827,14.33,10957.4657,225.0,150.0,51.0962,14.3082,10964.9681,225.0,150.0,51.1105,14.2853,10963.6731,225.0,150.0,51.1256,14.2611,10962.0023,225.0,150.0,51.1414,14.2359,10961.7237,225.0,150.0,51.158,14.2094,10958.9565,225.0,150.0,51.1754,14.1819,10958.1695,225.0,150.0,51.1935,14.1531,10959.3814,225.0,150.0,51.2124,14.1232,10962.4916,225.0,150.0,51.2321,14.0922,10962.5033,225.0,150.0
38,46b8c1,FIN6KP,Finland,55.89371,20.93091,9982.6,215,200,0.0,0,0,,55.8937,20.9309,9982.6464,215.0,200.0,0.2568,-0.4735,-0.3097,0.0069,0.1216,8.0,9.0,9.0,0.9191,0.4668,1.0,55.9346,20.9575,10016.5984,215.0,200.0,55.9319,20.9557,10015.7791,215.0,200.0,55.9291,20.9539,10017.7575,215.0,200.0,55.9264,20.9522,10017.7141,215.0,200.0,55.9237,20.9504,10012.0088,215.0,200.0,55.921,20.9486,10012.7795,215.0,200.0,55.9182,20.9468,10013.2329,215.0,200.0,55.9155,20.9451,10006.1953,215.0,200.0,55.9128,20.9433,9999.0459,215.0,200.0,55.9101,20.9415,9997.6147,215.0,200.0,55.9073,20.9398,9991.949,215.0,200.0,55.9046,20.938,10008.0926,215.0,200.0,55.9019,20.9362,9993.8452,215.0,200.0,55.8992,20.9345,9988.3909,215.0,200.0,55.8964,20.9327,9991.5877,215.0,200.0,55.8937,20.9309,9982.6464,215.0,200.0
38,4ca8e0,RYR3LM,Ireland,53.63897,19.62158,11193.9,232,240,0.0,0,0,,53.639,19.6216,11193.8866,232.0,240.0,0.0061,-0.0859,-0.0529,-0.0137,0.3895,8.0,9.0,9.0,0.8985,0.4062,1.0,53.6624,19.6902,11194.3644,232.0,240.0,53.6609,19.6856,11196.0998,232.0,240.0,53.6593,19.681,11193.6068,232.0,240.0,53.6577,19.6765,11191.0831,232.0,240.0,53.6562,19.6719,11200.6298,232.0,240.0,53.6546,19.6673,11194.9735,232.0,240.0,53.6531,19.6627,11188.6123,232.0,240.0,53.6515,19.6582,11189.3209,232.0,240.0,53.6499,19.6536,11188.7169,232.0,240.0,53.6484,19.649,11186.3492,232.0,240.0,53.6468,19.6444,11187.8774,232.0,240.0,53.6452,19.6399,11185.6143,232.0,240.0,53.6437,19.6353,11185.357,232.0,240.0,53.6421,19.6307,11191.8123,232.0,240.0,53.6405,19.6262,11196.5227,232.0,240.0,53.639,19.6216,11193.8866,232.0,240.0
38,478129,WZZ2BV,Hungary,51.72009,22.31605,10818.5,220,280,0.0,0,0,,51.7201,22.316,10818.4594,220.0,280.0,-0.4588,0.0984,-0.1702,-0.0476,-0.3839,8.0,9.0,9.0,0.875,0.4126,1.0,51.7124,22.3868,10786.2746,220.0,280.0,51.7129,22.3821,10789.3094,220.0,280.0,51.7134,22.3774,10791.0884,220.0,280.0,51.7139,22.3727,10795.1461,220.0,280.0,51.7144,22.3679,10793.9807,220.0,280.0,51.7149,22.3632,10795.2545,220.0,280.0,51.7155,22.3585,10799.7336,220.0,280.0,51.716,22.3538,10804.6584,220.0,280.0,51.7165,22.3491,10804.3586,220.0,280.0,51.717,22.3444,10804.0863,220.0,280.0,51.7175,22.3396,10808.0735,220.0,280.0,51.718,22.3349,10810.0566,220.0,280.0,51.7185,22.3302,10822.2182,220.0,280.0,51.7191,22.3255,10824.8741,220.0,280.0,51.7196,22.3208,10810.6055,220.0,280.0,51.7201,22.316,10818.4594,220.0,280.0
38,4ba8c2,TAR9FX,Turkey,52.2,23.2897,9535.0,245,270,0.0,0,0,,52.2,23.2897,9534.9971,245.0,270.0,-0.3006,0.1099,0.2843,0.1712,0.1452,8.0,9.0,9.0,0.9145,0.4994,1.0,52.2,23.3706,9501.1626,245.0,270.0,52.2,23.3652,9507.3705,245.0,270.0,52.2,23.3598,9507.9272,245.0,270.0,52.2,23.3544,9511.5188,245.0,270.0,52.2,23.349,9510.1231,245.0,270.0,52.2,23.3436,9507.7007,245.0,270.0,52.2,23.3382,9509.592,245.0,270.0,52.2,23.3328,9516.5891,245.0,270.0,52.2,23.3274,9515.427,245.0,270.0,52.2,23.3221,9509.4089,245.0,270.0,52.2,23.3167,9510.8229,245.0,270.0,52.2,23.3113,9513.6171,245.0,270.0,52.2,23.3059,9520.5551,245.0,270.0,52.2,23.3005,9531.0317,245.0,270.0,52.2,23.2951,9530.1428,245.0,270.0,52.2,23.2897,9534.9971,245.0,270.0
38,4cab4c,EZY42AC,United Kingdom,54.57825,17.71281,11783.4,238,100,0.0,0,0,,54.5783,17.7128,11783.42,238.0,100.0,0.0628,-0.1855,-0.2593,0.0711,0.0675,8.0,9.0,9.0,0.9186,0.408,1.0,54.5866,17.631,11797.187,238.0,100.0,54.5861,17.6364,11801.7692,238.0,100.0,54.5855,17.6419,11807.8544,238.0,100.0,54.5849,17.6473,11801.0493,238.0,100.0,54.5844,17.6528,11805.07,238.0,100.0,54.5838,17.6583,11800.0659,238.0,100.0,54.5833,17.6637,11797.6541,238.0,100.0,54.5827,17.6692,11802.7609,238.0,100.0,54.5822,17.6746,11802.3886,238.0,100.0,54.5816,17.6801,11803.3625,238.0,100.0,54.581,17.6855,11797.1124,238.0,100.0,54.5805,17.691,11790.8536,238.0,100.0,54.5799,17.6964,11782.2273,238.0,100.0,54.5794,17.7019,11788.3149,238.0,100.0,54.5788,17.7074,11791.3932,238.0,100.0,54.5783,17.7128,11783.42,238.0,100.0
39,4ca87b,RYR2KE,Ireland,54.4,18.7132,10977.3,230,90,0.0,0,0,,54.4,18.7132,10977.3493,230.0,90.0,-0.4711,-0.1656,-0.0164,-0.2455,0.2708,8.0,9.0,9.0,0.91,0.4231,1.0,54.4,18.6332,10980.3492,230.0,90.0,54.4,18.6386,10980.3025,230.0,90.0,54.4,18.6439,10981.8741,230.0,90.0,54.4,18.6492,10988.2388,230.0,90.0,54.4,18.6546,10993.8605,230.0,90.0,54.4,18.6599,10992.4421,230.0,90.0,54.4,18.6652,10998.2049,230.0,90.0,54.4,18.6706,10997.2954,230.0,90.0,54.4,18.6759,10993.0665,230.0,90.0,54.4,18.6812,10987.2398,230.0,90.0,54.4,18.6865,10985.1228,230.0,90.0,54.4,18.6919,10981.7903,230.0,90.0,54.4,18.6972,10983.1467,230.0,90.0,54.4,18.7025,10984.0355,230.0,90.0,54.4,18.7079,10983.7255,230.0,90.0,54.4,18.7132,10977.3493,230.0,90.0
39,471f8b,LOT283,Poland,52.59094,20.77452,9559.8,220,320,0.0,0,0,,52.5909,20.7745,9559.8274,220.0,320.0,1.8196,0.0775,0.3242,0.1353,0.1011,8.0,9.0,9.0,0.9371,0.416,1.0,52.5568,20.8216,9531.9755,220.0,320.0,52.5591,20.8185,9541.8548,220.0,320.0,52.5614,20.8153,9544.2084,220.0,320.0,52.5637,20.8122,9550.7897,220.0,320.0,52.5659,20.8091,9544.1018,220.0,320.0,52.5682,20.8059,9553.3361,220.0,320.0,52.5705,20.8028,9551.6384,220.0,320.0,52.5727,20.7996,9549.7479,220.0,320.0,52.575,20.7965,9553.5087,220.0,320.0,52.5773,20.7934,9556.396,220.0,320.0,52.5796,20.7902,9561.0983,220.0,320.0,52.5818,20.7871,9562.5759,220.0,320.0,52.5841,20.7839,9564.4154,220.0,320.0,52.5864,20.7808,9563.966,220.0,320.0,52.5887,20.7777,9563.9698,220.0,320.0,52.5909,20.7745,9559.8274,220.0,320.0
39,3c6589,DLH4ZW,Germany,53.52248,14.71447,11513.0,240,80,0.0,0,0,,53.5225,14.7145,11513.0045,240.0,80.0,-0.7923,0.1025,0.2511,-0.1457,-0.0739,8.0,9.0,9.0,0.9298,0.3928,1.0,53.5141,14.634,11513.8239,240.0,80.0,53.5146,14.6394,11508.8462,240.0,80.0,53.5152,14.6448,11507.2783,240.0,80.0,53.5157,14.6501,11504.652,240.0,80.0,53.5163,14.6555,11500.8859,240.0,80.0,53.5169,14.6608,11502.8292,240.0,80.0,53.5174,14.6662,11501.539,240.0,80.0,53.518,14.6716,11498.4623,240.0,80.0,53.5185,14.6769,11491.9409,240.0,80.0,53.5191,14.6823,11489.5682,240.0,80.0,53.5197,14.6877,11503.3393,240.0,80.0,53.5202,14.693,11505.9468,240.0,80.0,53.5208,14.6984,11507.3406,240.0,80.0,53.5214,14.7037,11502.7121,240.0,80.0,53.5219,14.7091,11505.2446,240.0,80.0,53.5225,14.7145,11513.0045,240.0,80.0
39,4b1805,SWR12X,Switzerland,52.68084,17.92837,10753.3,235,200,0.0,0,0,,52.6808,17.9284,10753.2751,235.0,200.0,-2.0265,-0.0307,-0.1738,-0.021,0.068,8.0,9.0,9.0,0.9385,0.3626,1.0,52.7255,17.9552,10769.4594,235.0,200.0,52.7225,17.9534,10771.9283,235.0,200.0,52.7196,17.9516,10772.3805,235.0,200.0,52.7166,17.9498,10773.3572,235.0,200.0,52.7136,17.948,10770.4727,235.0,200.0,52.7106,17.9463,10768.7294,235.0,200.0,52.7077,17.9445,10764.0525,235.0,200.0,52.7047,17.9427,10770.404,235.0,200.0,52.7017,17.9409,10770.4429,235.0,200.0,52.6987,17.9391,10768.3901,235.0,200.0,52.6957,17.9373,10764.166,235.0,200.0,52.6928,17.9355,10759.9564,235.0,200.0,52.6898,17.9337,10761.1945,235.0,200.0,52.6868,17.9319,10759.4838,235.0,200.0,52.6838,17.9302,10757.4803,235.0,200.0,52.6808,17.9284,10753.2751,235.0,200.0
39,440048,BAW893,United Kingdom,53.44898,15.6224,12015.1,250,60,0.0,0,1,smooth_drift,53.449,15.6224,12015.0908,250.0,60.0,-0.5437,0.04,-0.06,0.1565,-0.0419,6.0,9.0,9.0,0.4,0.4999,1.0,53.1345,15.983,12008.183,250.0,60.0,53.1485,15.9694,12015.9208,250.0,60.0,53.1632,15.9546,12001.6419,250.0,60.0,53.1788,15.9388,12007.7822,250.0,60.0,53.1951,15.9217,12003.5001,250.0,60.0,53.2121,15.9035,11993.3178,250.0,60.0,53.23,15.8842,11993.3652,250.0,60.0,53.2486,15.8637,11984.9618,250.0,60.0,53.2679,15.842,11983.06,250.0,60.0,53.2881,15.8192,11991.6967,250.0,60.0,53.309,15.7952,12000.2228,250.0,60.0,53.3307,15.7701,11999.2086,250.0,60.0,53.3532,15.7439,12013.0371,250.0,60.0,53.3764,15.7164,12020.8302,250.0,60.0,53.4004,15.6879,12016.452,250.0,60.0,53.4251,15.6582,12015.0908,250.0,60.0
39,4ac9b0,SAS2HK,Sweden,55.44064,17.18137,10506.7,220,120,0.0,0,0,,55.4406,17.1814,10506.7318,220.0,120.0,1.2622,-0.1528,0.1667,0.3683,-0.0604,8.0,9.0,9.0,0.9192,0.3177,1.0,55.4629,17.1134,10505.6364,220.0,120.0,55.4614,17.1179,10505.2036,220.0,120.0,55.4599,17.1225,10499.7843,220.0,120.0,55.4584,17.127,10499.6014,220.0,120.0,55.457,17.1315,10496.5102,220.0,120.0,55.4555,17.1361,10497.0528,220.0,120.0,55.454,17.1406,10497.3886,220.0,120.0,55.4525,17.1451,10499.9588,220.0,120.0,55.451,17.1496,10499.5587,220.0,120.0,55.4495,17.1542,10508.3849,220.0,120.0,55.4481,17.1587,10508.9542,220.0,120.0,55.4466,17.1632,10506.998,220.0,120.0,55.4451,17.1678,10504.9694,220.0,120.0,55.4436,17.1723,10508.8329,220.0,120.0,55.4421,17.1768,10508.8694,220.0,120.0,55.4406,17.1814,10506.7318,220.0,120.0
39,3917a3,AFR1219,France,51.27639,14.02424,10958.5,225,150,0.0,0,1,smooth_drift,51.2764,14.0242,10958.5372,225.0,150.0,1.0719,0.04,-0.06,-0.1874,-0.2993,6.0,9.0,9.0,0.4,0.3136,1.0,51.0266,14.4218,10967.0552,225.0,150.0,51.0363,14.4058,10965.1217,225.0,150.0,51.0467,14.3886,10966.1538,225.0,150.0,51.0579,14.3702,10961.5852,225.0,150.0,51.0699,14.3507,10957.6143,225.0,150.0,51.0827,14.33,10957.4657,225.0,150.0,51.0962,14.3082,10964.9681,225.0,150.0,51.1105,14.2853,10963.6731,225.0,150.0,51.1256,14.2611,10962.0023,225.0,150.0,51.1414,14.2359,10961.7237,225.0,150.0,51.158,14.2094,10958.9565,225.0,150.0,51.1754,14.1819,10958.1695,225.0,150.0,51.1935,14.1531,10959.3814,225.0,150.0,51.2124,14.1232,10962.4916,225.0,150.0,51.2321,14.0922,10962.5033,225.0,150.0,51.2525,14.06,10958.5372,225.0,150.0
39,46b8c1,FIN6KP,Finland,55.89098,20.92915,9975.5,215,200,0.0,0,0,,55.891,20.9291,9975.5437,215.0,200.0,-0.5995,-0.1955,0.1496,0.0298,-0.0905,8.0,9.0,9.0,0.9367,0.2104,1.0,55.9319,20.9557,10015.7791,215.0,200.0,55.9291,20.9539,10017.7575,215.0,200.0,55.9264,20.9522,10017.7141,215.0,200.0,55.9237,20.9504,10012.0088,215.0,200.0,55.921,20.9486,10012.7795,215.0,200.0,55.9182,20.9468,10013.2329,215.0,200.0,55.9155,20.9451,10006.1953,215.0,200.0,55.9128,20.9433,9999.0459,215.0,200.0,55.9101,20.9415,9997.6147,215.0,200.0,55.9073,20.9398,9991.949,215.0,200.0,55.9046,20.938,10008.0926,215.0,200.0,55.9019,20.9362,9993.8452,215.0,200.0,55.8992,20.9345,9988.3909,215.0,200.0,55.8964,20.9327,9991.5877,215.0,200.0,55.8937,20.9309,9982.6464,215.0,200.0,55.891,20.9291,9975.5437,215.0,200.0
39,4ca8e0,RYR3LM,Ireland,53.6374,19.61701,11193.2,232,240,0.0,0,0,,53.6374,19.617,11193.1546,232.0,240.0,1.3228,-0.1417,0.1807,0.2573,-0.0905,8.0,9.0,9.0,0.8855,0.397,1.0,53.6609,19.6856,11196.0998,232.0,240.0,53.6593,19.681,11193.6068,232.0,240.0,53.6577,19.6765,11191.0831,232.0,240.0,53.6562,19.6719,11200.6298,232.0,240.0,53.6546,19.6673,11194.9735,232.0,240.0,53.6531,19.6627,11188.6123,232.0,240.0,53.6515,19.6582,11189.3209,232.0,240.0,53.6499,19.6536,11188.7169,232.0,240.0,53.6484,19.649,11186.3492,232.0,240.0,53.6468,19.6444,11187.8774,232.0,240.0,53.6452,19.6399,11185.6143,232.0,240.0,53.6437,19.6353,11185.357,232.0,240.0,53.6421,19.6307,11191.8123,232.0,240.0,53.6405,19.6262,11196.5227,232.0,240.0,53.639,19.6216,11193.8866,232.0,240.0,53.6374,19.617,11193.1546,232.0,240.0
39,478129,WZZ2BV,Hungary,51.72061,22.31133,10816.0,220,280,0.0,0,0,,51.7206,22.3113,10816.0282,220.0,280.0,0.2056,0.0878,0.3014,0.1466,-0.1372,8.0,9.0,9.0,0.9313,0.4364,1.0,51.7129,22.3821,10789.3094,220.0,280.0,51.7134,22.3774,10791.0884,220.0,280.0,51.7139,22.3727,10795.1461,220.0,280.0,51.7144,22.3679,10793.9807,220.0,280.0,51.7149,22.3632,10795.2545,220.0,280.0,51.7155,22.3585,10799.7336,220.0,280.0,51.716,22.3538,10804.6584,220.0,280.0,51.7165,22.3491,10804.3586,220.0,280.0,51.717,22.3444,10804.0863,220.0,280.0,51.7175,22.3396,10808.0735,220.0,280.0,51.718,22.3349,10810.0566,220.0,280.0,51.7185,22.3302,10822.2182,220.0,280.0,51.7191,22.3255,10824.8741,220.0,280.0,51.7196,22.3208,10810.6055,220.0,280.0,51.7201,22.316,10818.4594,220.0,280.0,51.7206,22.3113,10816.0282,220.0,280.0
39,4ba8c2,TAR9FX,Turkey,52.2,23.28431,9533.9,245,270,0.0,0,0,,52.2,23.2843,9533.9255,245.0,270.0,-1.9166,0.3018,-0.1064,-0.2817,-0.0283,8.0,9.0,9.0,0.9157,0.2652,1.0,52.2,23.3652,9507.3705,245.0,270.0,52.2,23.3598,9507.9272,245.0,270.0,52.2,23.3544,9511.5188,245.0,270.0,52.2,23.349,9510.1231,245.0,270.0,52.2,23.3436,9507.7007,245.0,270.0,52.2,23.3382,9509.592,245.0,270.0,52.2,23.3328,9516.5891,245.0,270.0,52.2,23.3274,9515.427,245.0,270.0,52.2,23.3221,9509.4089,245.0,270.0,52.2,23.3167,9510.8229,245.0,270.0,52.2,23.3113,9513.6171,245.0,270.0,52.2,23.3059,9520.5551,245.0,270.0,52.2,23.3005,9531.0317,245.0,270.0,52.2,23.2951,9530.1428,245.0,270.0,52.2,23.2897,9534.9971,245.0,270.0,52.2,23.2843,9533.9255,245.0,270.0
39,4cab4c,EZY42AC,United Kingdom,54.57769,17.71826,11785.4,238,100,0.0,0,0,,54.5777,17.7183,11785.395,238.0,100.0,-0.9312,0.1427,-0.0157,0.0544,-0.0681,8.0,9.0,9.0,0.9108,0.4268,1.0,54.5861,17.6364,11801.7692,238.0,100.0,54.5855,17.6419,11807.8544,238.0,100.0,54.5849,17.6473,11801.0493,238.0,100.0,54.5844,17.6528,11805.07,238.0,100.0,54.5838,17.6583,11800.0659,238.0,100.0,54.5833,17.6637,11797.6541,238.0,100.0,54.5827,17.6692,11802.7609,238.0,100.0,54.5822,17.6746,11802.3886,238.0,100.0,54.5816,17.6801,11803.3625,238.0,100.0,54.581,17.6855,11797.1124,238.0,100.0,54.5805,17.691,11790.8536,238.0,100.0,54.5799,17.6964,11782.2273,238.0,100.0,54.5794,17.7019,11788.3149,238.0,100.0,54.5788,17.7074,11791.3932,238.0,100.0,54.5783,17.7128,11783.42,238.0,100.0,54.5777,17.7183,11785.395,238.0,100.0
40,4ca87b,RYR2KE,Ireland,54.4,18.71853,10981.4,230,90,0.0,0,0,,54.4,18.7185,10981.381,230.0,90.0,-1.6575,0.1269,0.1754,-0.0954,-0.1156,8.0,9.0,9.0,0.9007,0.357,1.0,54.4,18.6386,10980.3025,230.0,90.0,54.4,18.6439,10981.8741,230.0,90.0,54.4,18.6492,10988.2388,230.0,90.0,54.4,18.6546,10993.8605,230.0,90.0,54.4,18.6599,10992.4421,230.0,90.0,54.4,18.6652,10998.2049,230.0,90.0,54.4,18.6706,10997.2954,230.0,90.0,54.4,18.6759,10993.0665,230.0,90.0,54.4,18.6812,10987.2398,230.0,90.0,54.4,18.6865,10985.1228,230.0,90.0,54.4,18.6919,10981.7903,230.0,90.0,54.4,18.6972,10983.1467,230.0,90.0,54.4,18.7025,10984.0355,230.0,90.0,54.4,18.7079,10983.7255,230.0,90.0,54.4,18.7132,10977.3493,230.0,90.0,54.4,18.7185,10981.381,230.0,90.0
40,471f8b,LOT283,Poland,52.59321,20.77138,9563.2,220,320,0.0,0,0,,52.5932,20.7714,9563.2087,220.0,320.0,-2.3902,0.0103,-0.0671,0.1366,0.4005,8.0,9.0,9.0,0.9214,0.3541,1.0,52.5591,20.8185,9541.8548,220.0,320.0,52.5614,20.8153,9544.2084,220.0,320.0,52.5637,20.8122,9550.7897,220.0,320.0,52.5659,20.8091,9544.1018,220.0,320.0,52.5682,20.8059,9553.3361,220.0,320.0,52.5705,20.8028,9551.6384,220.0,320.0,52.5727,20.7996,9549.7479,220.0,320.0,52.575,20.7965,9553.5087,220.0,320.0,52.5773,20.7934,9556.396,220.0,320.0,52.5796,20.7902,9561.0983,220.0,320.0,52.5818,20.7871,9562.5759,220.0,320.0,52.5841,20.7839,9564.4154,220.0,320.0,52.5864,20.7808,9563.966,220.0,320.0,52.5887,20.7777,9563.9698,220.0,320.0,52.5909,20.7745,9559.8274,220.0,320.0,52.5932,20.7714,9563.2087,220.0,320.0
40,3c6589,DLH4ZW,Germany,53.52305,14.71983,11511.6,240,80,0.0,0,0,,53.523,14.7198,11511.5848,240.0,80.0,-0.0957,0.1638,-0.0814,0.2451,-0.1123,8.0,9.0,9.0,0.9209,0.4668,1.0,53.5146,14.6394,11508.8462,240.0,80.0,53.5152,14.6448,11507.2783,240.0,80.0,53.5157,14.6501,11504.652,240.0,80.0,53.5163,14.6555,11500.8859,240.0,80.0,53.5169,14.6608,11502.8292,240.0,80.0,53.5174,14.6662,11501.539,240.0,80.0,53.518,14.6716,11498.4623,240.0,80.0,53.5185,14.6769,11491.9409,240.0,80.0,53.5191,14.6823,11489.5682,240.0,80.0,53.5197,14.6877,11503.3393,240.0,80.0,53.5202,14.693,11505.9468,240.0,80.0,53.5208,14.6984,11507.3406,240.0,80.0,53.5214,14.7037,11502.7121,240.0,80.0,53.5219,14.7091,11505.2446,240.0,80.0,53.5225,14.7145,11513.0045,240.0,80.0,53.523,14.7198,11511.5848,240.0,80.0
40,4b1805,SWR12X,Switzerland,52.67786,17.92658,10757.8,235,200,0.0,0,0,,52.6779,17.9266,10757.8384,235.0,200.0,-0.879,0.1796,0.1247,-0.2154,-0.1644,8.0,9.0,9.0,0.9166,0.2462,1.0,52.7225,17.9534,10771.9283,235.0,200.0,52.7196,17.9516,10772.3805,235.0,200.0,52.7166,17.9498,10773.3572,235.0,200.0,52.7136,17.948,10770.4727,235.0,200.0,52.7106,17.9463,10768.7294,235.0,200.0,52.7077,17.9445,10764.0525,235.0,200.0,52.7047,17.9427,10770.404,235.0,200.0,52.7017,17.9409,10770.4429,235.0,200.0,52.6987,17.9391,10768.3901,235.0,200.0,52.6957,17.9373,10764.166,235.0,200.0,52.6928,17.9355,10759.9564,235.0,200.0,52.6898,17.9337,10761.1945,235.0,200.0,52.6868,17.9319,10759.4838,235.0,200.0,52.6838,17.9302,10757.4803,235.0,200.0,52.6808,17.9284,10753.2751,235.0,200.0,52.6779,17.9266,10757.8384,235.0,200.0
40,440048,BAW893,United Kingdom,53.47529,15.59038,12008.4,250,60,0.0,0,1,smooth_drift,53.4753,15.5904,12008.4489,250.0,60.0,1.1437,0.04,-0.06,0.5317,0.0446,6.0,9.0,9.0,0.4,0.3051,1.0,53.1485,15.9694,12015.9208,250.0,60.0,53.1632,15.9546,12001.6419,250.0,60.0,53.1788,15.9388,12007.7822,250.0,60.0,53.1951,15.9217,12003.5001,250.0,60.0,53.2121,15.9035,11993.3178,250.0,60.0,53.23,15.8842,11993.3652,250.0,60.0,53.2486,15.8637,11984.9618,250.0,60.0,53.2679,15.842,11983.06,250.0,60.0,53.2881,15.8192,11991.6967,250.0,60.0,53.309,15.7952,12000.2228,250.0,60.0,53.3307,15.7701,11999.2086,250.0,60.0,53.3532,15.7439,12013.0371,250.0,60.0,53.3764,15.7164,12020.8302,250.0,60.0,53.4004,15.6879,12016.452,250.0,60.0,53.4251,15.6582,12015.0908,250.0,60.0,53.4507,15.6273,12008.4489,250.0,60.0
40,4ac9b0,SAS2HK,Sweden,55.43916,17.1859,10507.1,220,120,0.0,0,0,,55.4392,17.1859,10507.1364,220.0,120.0,-0.9736,0.0056,0.2265,0.0675,0.1513,8.0,9.0,9.0,0.9469,0.2738,1.0,55.4614,17.1179,10505.2036,220.0,120.0,55.4599,17.1225,10499.7843,220.0,120.0,55.4584,17.127,10499.6014,220.0,120.0,55.457,17.1315,10496.5102,220.0,120.0,55.4555,17.1361,10497.0528,220.0,120.0,55.454,17.1406,10497.3886,220.0,120.0,55.4525,17.1451,10499.9588,220.0,120.0,55.451,17.1496,10499.5587,220.0,120.0,55.4495,17.1542,10508.3849,220.0,120.0,55.4481,17.1587,10508.9542,220.0,120.0,55.4466,17.1632,10506.998,220.0,120.0,55.4451,17.1678,10504.9694,220.0,120.0,55.4436,17.1723,10508.8329,220.0,120.0,55.4421,17.1768,10508.8694,220.0,120.0,55.4406,17.1814,10506.7318,220.0,120.0,55.4392,17.1859,10507.1364,220.0,120.0
40,3917a3,AFR1219,France,51.29838,13.98974,10956.0,225,150,0.0,0,1,smooth_drift,51.2984,13.9897,10955.9888,225.0,150.0,0.649,0.04,-0.06,-0.0172,0.2098,6.0,9.0,9.0,0.4,0.3273,1.0,51.0363,14.4058,10965.1217,225.0,150.0,51.0467,14.3886,10966.1538,225.0,150.0,51.0579,14.3702,10961.5852,225.0,150.0,51.0699,14.3507,10957.6143,225.0,150.0,51.0827,14.33,10957.4657,225.0,150.0,51.0962,14.3082,10964.9681,225.0,150.0,51.1105,14.2853,10963.6731,225.0,150.0,51.1256,14.2611,10962.0023,225.0,150.0,51.1414,14.2359,10961.7237,225.0,150.0,51.158,14.2094,10958.9565,225.0,150.0,51.1754,14.1819,10958.1695,225.0,150.0,51.1935,14.1531,10959.3814,225.0,150.0,51.2124,14.1232,10962.4916,225.0,150.0,51.2321,14.0922,10962.5033,225.0,150.0,51.2525,14.06,10958.5372,225.0,150.0,51.2738,14.0267,10955.9888,225.0,150.0
40,46b8c1,FIN6KP,Finland,55.88826,20.92738,9980.7,215,200,0.0,0,0,,55.8883,20.9274,9980.6618,215.0,200.0,0.3059,0.067,-0.0295,-0.1227,-0.1004,8.0,9.0,9.0,0.9333,0.4306,1.0,55.9291,20.9539,10017.7575,215.0,200.0,55.9264,20.9522,10017.7141,215.0,200.0,55.9237,20.9504,10012.0088,215.0,200.0,55.921,20.9486,10012.7795,215.0,200.0,55.9182,20.9468,10013.2329,215.0,200.0,55.9155,20.9451,10006.1953,215.0,200.0,55.9128,20.9433,9999.0459,215.0,200.0,55.9101,20.9415,9997.6147,215.0,200.0,55.9073,20.9398,9991.949,215.0,200.0,55.9046,20.938,10008.0926,215.0,200.0,55.9019,20.9362,9993.8452,215.0,200.0,55.8992,20.9345,9988.3909,215.0,200.0,55.8964,20.9327,9991.5877,215.0,200.0,55.8937,20.9309,9982.6464,215.0,200.0,55.891,20.9291,9975.5437,215.0,200.0,55.8883,20.9274,9980.6618,215.0,200.0
40,4ca8e0,RYR3LM,Ireland,53.63584,19.61244,11200.7,232,240,0.0,0,0,,53.6358,19.6124,11200.7347,232.0,240.0,-0.2395,-0.0793,-0.0942,-0.1116,0.4399,8.0,9.0,9.0,0.9101,0.3398,1.0,53.6593,19.681,11193.6068,232.0,240.0,53.6577,19.6765,11191.0831,232.0,240.0,53.6562,19.6719,11200.6298,232.0,240.0,53.6546,19.6673,11194.9735,232.0,240.0,53.6531,19.6627,11188.6123,232.0,240.0,53.6515,19.6582,11189.3209,232.0,240.0,53.6499,19.6536,11188.7169,232.0,240.0,53.6484,19.649,11186.3492,232.0,240.0,53.6468,19.6444,11187.8774,232.0,240.0,53.6452,19.6399,11185.6143,232.0,240.0,53.6437,19.6353,11185.357,232.0,240.0,53.6421,19.6307,11191.8123,232.0,240.0,53.6405,19.6262,11196.5227,232.0,240.0,53.639,19.6216,11193.8866,232.0,240.0,53.6374,19.617,11193.1546,232.0,240.0,53.6358,19.6124,11200.7347,232.0,240.0
40,478129,WZZ2BV,Hungary,51.72113,22.30661,10810.2,220,280,0.0,0,0,,51.7211,22.3066,10810.2152,220.0,280.0,-0.2213,-0.2225,-0.3514,-0.0676,0.0513,8.0,9.0,9.0,0.9205,0.4642,1.0,51.7134,22.3774,10791.0884,220.0,280.0,51.7139,22.3727,10795.1461,220.0,280.0,51.7144,22.3679,10793.9807,220.0,280.0,51.7149,22.3632,10795.2545,220.0,280.0,51.7155,22.3585,10799.7336,220.0,280.0,51.716,22.3538,10804.6584,220.0,280.0,51.7165,22.3491,10804.3586,220.0,280.0,51.717,22.3444,10804.0863,220.0,280.0,51.7175,22.3396,10808.0735,220.0,280.0,51.718,22.3349,10810.0566,220.0,280.0,51.7185,22.3302,10822.2182,220.0,280.0,51.7191,22.3255,10824.8741,220.0,280.0,51.7196,22.3208,10810.6055,220.0,280.0,51.7201,22.316,10818.4594,220.0,280.0,51.7206,22.3113,10816.0282,220.0,280.0,51.7211,22.3066,10810.2152,220.0,280.0
40,4ba8c2,TAR9FX,Turkey,52.19999,23.27891,9519.8,245,270,0.0,0,0,,52.2,23.2789,9519.8332,245.0,270.0,-0.8394,0.0055,0.2247,-0.3152,-0.1028,8.0,9.0,9.0,0.8828,0.3097,1.0,52.2,23.3598,9507.9272,245.0,270.0,52.2,23.3544,9511.5188,245.0,270.0,52.2,23.349,9510.1231,245.0,270.0,52.2,23.3436,9507.7007,245.0,270.0,52.2,23.3382,9509.592,245.0,270.0,52.2,23.3328,9516.5891,245.0,270.0,52.2,23.3274,9515.427,245.0,270.0,52.2,23.3221,9509.4089,245.0,270.0,52.2,23.3167,9510.8229,245.0,270.0,52.2,23.3113,9513.6171,245.0,270.0,52.2,23.3059,9520.5551,245.0,270.0,52.2,23.3005,9531.0317,245.0,270.0,52.2,23.2951,9530.1428,245.0,270.0,52.2,23.2897,9534.9971,245.0,270.0,52.2,23.2843,9533.9255,245.0,270.0,52.2,23.2789,9519.8332,245.0,270.0
40,4cab4c,EZY42AC,United Kingdom,54.57714,17.72372,11789.0,238,100,0.0,0,0,,54.5771,17.7237,11788.9646,238.0,100.0,1.0614,-0.1631,0.042,-0.232,0.0813,8.0,9.0,9.0,0.9168,0.3925,1.0,54.5855,17.6419,11807.8544,238.0,100.0,54.5849,17.6473,11801.0493,238.0,100.0,54.5844,17.6528,11805.07,238.0,100.0,54.5838,17.6583,11800.0659,238.0,100.0,54.5833,17.6637,11797.6541,238.0,100.0,54.5827,17.6692,11802.7609,238.0,100.0,54.5822,17.6746,11802.3886,238.0,100.0,54.5816,17.6801,11803.3625,238.0,100.0,54.581,17.6855,11797.1124,238.0,100.0,54.5805,17.691,11790.8536,238.0,100.0,54.5799,17.6964,11782.2273,238.0,100.0,54.5794,17.7019,11788.3149,238.0,100.0,54.5788,17.7074,11791.3932,238.0,100.0,54.5783,17.7128,11783.42,238.0,100.0,54.5777,17.7183,11785.395,238.0,100.0,54.5771,17.7237,11788.9646,238.0,100.0
41,4ca87b,RYR2KE,Ireland,54.4,18.72386,10987.7,230,90,0.0,0,0,,54.4,18.7239,10987.7273,230.0,90.0,-0.1379,0.1478,-0.0475,-0.112,-0.1142,8.0,9.0,9.0,0.9086,0.4996,1.0,54.4,18.6439,10981.8741,230.0,90.0,54.4,18.6492,10988.2388,230.0,90.0,54.4,18.6546,10993.8605,230.0,90.0,54.4,18.6599,10992.4421,230.0,90.0,54.4,18.6652,10998.2049,230.0,90.0,54.4,18.6706,10997.2954,230.0,90.0,54.4,18.6759,10993.0665,230.0,90.0,54.4,18.6812,10987.2398,230.0,90.0,54.4,18.6865,10985.1228,230.0,90.0,54.4,18.6919,10981.7903,230.0,90.0,54.4,18.6972,10983.1467,230.0,90.0,54.4,18.7025,10984.0355,230.0,90.0,54.4,18.7079,10983.7255,230.0,90.0,54.4,18.7132,10977.3493,230.0,90.0,54.4,18.7185,10981.381,230.0,90.0,54.4,18.7239,10987.7273,230.0,90.0
41,471f8b,LOT283,Poland,52.59548,20.76824,9568.8,220,320,0.0,0,0,,52.5955,20.7682,9568.8491,220.0,320.0,0.0335,-0.0361,0.0309,0.1951,-0.0475,8.0,9.0,9.0,0.9133,0.3826,1.0,52.5614,20.8153,9544.2084,220.0,320.0,52.5637,20.8122,9550.7897,220.0,320.0,52.5659,20.8091,9544.1018,220.0,320.0,52.5682,20.8059,9553.3361,220.0,320.0,52.5705,20.8028,9551.6384,220.0,320.0,52.5727,20.7996,9549.7479,220.0,320.0,52.575,20.7965,9553.5087,220.0,320.0,52.5773,20.7934,9556.396,220.0,320.0,52.5796,20.7902,9561.0983,220.0,320.0,52.5818,20.7871,9562.5759,220.0,320.0,52.5841,20.7839,9564.4154,220.0,320.0,52.5864,20.7808,9563.966,220.0,320.0,52.5887,20.7777,9563.9698,220.0,320.0,52.5909,20.7745,9559.8274,220.0,320.0,52.5932,20.7714,9563.2087,220.0,320.0,52.5955,20.7682,9568.8491,220.0,320.0
41,3c6589,DLH4ZW,Germany,53.52361,14.72519,11513.2,240,80,0.0,0,0,,53.5236,14.7252,11513.2061,240.0,80.0,0.4337,-0.0273,-0.2452,0.1464,-0.2511,8.0,9.0,9.0,0.89,0.3336,1.0,53.5152,14.6448,11507.2783,240.0,80.0,53.5157,14.6501,11504.652,240.0,80.0,53.5163,14.6555,11500.8859,240.0,80.0,53.5169,14.6608,11502.8292,240.0,80.0,53.5174,14.6662,11501.539,240.0,80.0,53.518,14.6716,11498.4623,240.0,80.0,53.5185,14.6769,11491.9409,240.0,80.0,53.5191,14.6823,11489.5682,240.0,80.0,53.5197,14.6877,11503.3393,240.0,80.0,53.5202,14.693,11505.9468,240.0,80.0,53.5208,14.6984,11507.3406,240.0,80.0,53.5214,14.7037,11502.7121,240.0,80.0,53.5219,14.7091,11505.2446,240.0,80.0,53.5225,14.7145,11513.0045,240.0,80.0,53.523,14.7198,11511.5848,240.0,80.0,53.5236,14.7252,11513.2061,240.0,80.0
41,4b1805,SWR12X,Switzerland,52.67488,17.92479,10762.4,235,200,0.0,0,0,,52.6749,17.9248,10762.4143,235.0,200.0,-0.6929,0.1488,-0.1238,-0.4315,-0.0707,8.0,9.0,9.0,0.9154,0.3988,1.0,52.7196,17.9516,10772.3805,235.0,200.0,52.7166,17.9498,10773.3572,235.0,200.0,52.7136,17.948,10770.4727,235.0,200.0,52.7106,17.9463,10768.7294,235.0,200.0,52.7077,17.9445,10764.0525,235.0,200.0,52.7047,17.9427,10770.404,235.0,200.0,52.7017,17.9409,10770.4429,235.0,200.0,52.6987,17.9391,10768.3901,235.0,200.0,52.6957,17.9373,10764.166,235.0,200.0,52.6928,17.9355,10759.9564,235.0,200.0,52.6898,17.9337,10761.1945,235.0,200.0,52.6868,17.9319,10759.4838,235.0,200.0,52.6838,17.9302,10757.4803,235.0,200.0,52.6808,17.9284,10753.2751,235.0,200.0,52.6779,17.9266,10757.8384,235.0,200.0,52.6749,17.9248,10762.4143,235.0,200.0
41,440048,BAW893,United Kingdom,53.50236,15.55721,12009.3,250,60,0.0,0,1,smooth_drift,53.5024,15.5572,12009.2974,250.0,60.0,0.3816,0.04,-0.06,0.3662,0.0953,6.0,9.0,9.0,0.4,0.5488,1.0,53.1632,15.9546,12001.6419,250.0,60.0,53.1788,15.9388,12007.7822,250.0,60.0,53.1951,15.9217,12003.5001,250.0,60.0,53.2121,15.9035,11993.3178,250.0,60.0,53.23,15.8842,11993.3652,250.0,60.0,53.2486,15.8637,11984.9618,250.0,60.0,53.2679,15.842,11983.06,250.0,60.0,53.2881,15.8192,11991.6967,250.0,60.0,53.309,15.7952,12000.2228,250.0,60.0,53.3307,15.7701,11999.2086,250.0,60.0,53.3532,15.7439,12013.0371,250.0,60.0,53.3764,15.7164,12020.8302,250.0,60.0,53.4004,15.6879,12016.452,250.0,60.0,53.4251,15.6582,12015.0908,250.0,60.0,53.4507,15.6273,12008.4489,250.0,60.0,53.477,15.5953,12009.2974,250.0,60.0
41,4ac9b0,SAS2HK,Sweden,55.43767,17.19043,10507.9,220,120,0.0,0,0,,55.4377,17.1904,10507.8819,220.0,120.0,-0.501,0.1372,-0.0229,0.1823,-0.2186,8.0,9.0,9.0,0.913,0.371,1.0,55.4599,17.1225,10499.7843,220.0,120.0,55.4584,17.127,10499.6014,220.0,120.0,55.457,17.1315,10496.5102,220.0,120.0,55.4555,17.1361,10497.0528,220.0,120.0,55.454,17.1406,10497.3886,220.0,120.0,55.4525,17.1451,10499.9588,220.0,120.0,55.451,17.1496,10499.5587,220.0,120.0,55.4495,17.1542,10508.3849,220.0,120.0,55.4481,17.1587,10508.9542,220.0,120.0,55.4466,17.1632,10506.998,220.0,120.0,55.4451,17.1678,10504.9694,220.0,120.0,55.4436,17.1723,10508.8329,220.0,120.0,55.4421,17.1768,10508.8694,220.0,120.0,55.4406,17.1814,10506.7318,220.0,120.0,55.4392,17.1859,10507.1364,220.0,120.0,55.4377,17.1904,10507.8819,220.0,120.0
41,3917a3,AFR1219,France,51.32114,13.95409,10951.3,225,150,0.0,0,1,smooth_drift,51.3211,13.9541,10951.2585,225.0,150.0,0.6289,0.04,-0.06,0.0643,0.0158,6.0,9.0,9.0,0.4,0.4062,1.0,51.0467,14.3886,10966.1538,225.0,150.0,51.0579,14.3702,10961.5852,225.0,150.0,51.0699,14.3507,10957.6143,225.0,150.0,51.0827,14.33,10957.4657,225.0,150.0,51.0962,14.3082,10964.9681,225.0,150.0,51.1105,14.2853,10963.6731,225.0,150.0,51.1256,14.2611,10962.0023,225.0,150.0,51.1414,14.2359,10961.7237,225.0,150.0,51.158,14.2094,10958.9565,225.0,150.0,51.1754,14.1819,10958.1695,225.0,150.0,51.1935,14.1531,10959.3814,225.0,150.0,51.2124,14.1232,10962.4916,225.0,150.0,51.2321,14.0922,10962.5033,225.0,150.0,51.2525,14.06,10958.5372,225.0,150.0,51.2738,14.0267,10955.9888,225.0,150.0,51.2958,13.9922,10951.2585,225.0,150.0
41,46b8c1,FIN6KP,Finland,55.88553,20.92561,9989.5,215,200,0.0,0,0,,55.8855,20.9256,9989.4666,215.0,200.0,-0.3219,0.1342,0.2938,-0.2443,-0.1023,8.0,9.0,9.0,0.9326,0.2681,1.0,55.9264,20.9522,10017.7141,215.0,200.0,55.9237,20.9504,10012.0088,215.0,200.0,55.921,20.9486,10012.7795,215.0,200.0,55.9182,20.9468,10013.2329,215.0,200.0,55.9155,20.9451,10006.1953,215.0,200.0,55.9128,20.9433,9999.0459,215.0,200.0,55.9101,20.9415,9997.6147,215.0,200.0,55.9073,20.9398,9991.949,215.0,200.0,55.9046,20.938,10008.0926,215.0,200.0,55.9019,20.9362,9993.8452,215.0,200.0,55.8992,20.9345,9988.3909,215.0,200.0,55.8964,20.9327,9991.5877,215.0,200.0,55.8937,20.9309,9982.6464,215.0,200.0,55.891,20.9291,9975.5437,215.0,200.0,55.8883,20.9274,9980.6618,215.0,200.0,55.8855,20.9256,9989.4666,215.0,200.0
41,4ca8e0,RYR3LM,Ireland,53.63427,19.60787,11206.1,232,240,0.0,0,0,,53.6343,19.6079,11206.1107,232.0,240.0,-0.3473,0.1604,0.1741,0.1924,0.0502,8.0,9.0,9.0,0.9543,0.3391,1.0,53.6577,19.6765,11191.0831,232.0,240.0,53.6562,19.6719,11200.6298,232.0,240.0,53.6546,19.6673,11194.9735,232.0,240.0,53.6531,19.6627,11188.6123,232.0,240.0,53.6515,19.6582,11189.3209,232.0,240.0,53.6499,19.6536,11188.7169,232.0,240.0,53.6484,19.649,11186.3492,232.0,240.0,53.6468,19.6444,11187.8774,232.0,240.0,53.6452,19.6399,11185.6143,232.0,240.0,53.6437,19.6353,11185.357,232.0,240.0,53.6421,19.6307,11191.8123,232.0,240.0,53.6405,19.6262,11196.5227,232.0,240.0,53.639,19.6216,11193.8866,232.0,240.0,53.6374,19.617,11193.1546,232.0,240.0,53.6358,19.6124,11200.7347,232.0,240.0,53.6343,19.6079,11206.1107,232.0,240.0
41,478129,WZZ2BV,Hungary,51.72164,22.30189,10809.3,220,280,0.0,0,0,,51.7216,22.3019,10809.3313,220.0,280.0,-1.0605,-0.0305,-0.0156,-0.0182,-0.2802,8.0,9.0,9.0,0.9318,0.3353,1.0,51.7139,22.3727,10795.1461,220.0,280.0,51.7144,22.3679,10793.9807,220.0,280.0,51.7149,22.3632,10795.2545,220.0,280.0,51.7155,22.3585,10799.7336,220.0,280.0,51.716,22.3538,10804.6584,220.0,280.0,51.7165,22.3491,10804.3586,220.0,280.0,51.717,22.3444,10804.0863,220.0,280.0,51.7175,22.3396,10808.0735,220.0,280.0,51.718,22.3349,10810.0566,220.0,280.0,51.7185,22.3302,10822.2182,220.0,280.0,51.7191,22.3255,10824.8741,220.0,280.0,51.7196,22.3208,10810.6055,220.0,280.0,51.7201,22.316,10818.4594,220.0,280.0,51.7206,22.3113,10816.0282,220.0,280.0,51.7211,22.3066,10810.2152,220.0,280.0,51.7216,22.3019,10809.3313,220.0,280.0
41,4ba8c2,TAR9FX,Turkey,52.19999,23.27352,9517.6,245,270,0.0,0,0,,52.2,23.2735,9517.608,245.0,270.0,1.2818,0.0916,-0.0572,0.1571,0.0004,8.0,9.0,9.0,0.9246,0.4315,1.0,52.2,23.3544,9511.5188,245.0,270.0,52.2,23.349,9510.1231,245.0,270.0,52.2,23.3436,9507.7007,245.0,270.0,52.2,23.3382,9509.592,245.0,270.0,52.2,23.3328,9516.5891,245.0,270.0,52.2,23.3274,9515.427,245.0,270.0,52.2,23.3221,9509.4089,245.0,270.0,52.2,23.3167,9510.8229,245.0,270.0,52.2,23.3113,9513.6171,245.0,270.0,52.2,23.3059,9520.5551,245.0,270.0,52.2,23.3005,9531.0317,245.0,270.0,52.2,23.2951,9530.1428,245.0,270.0,52.2,23.2897,9534.9971,245.0,270.0,52.2,23.2843,9533.9255,245.0,270.0,52.2,23.2789,9519.8332,245.0,270.0,52.2,23.2735,9517.608,245.0,270.0
41,4cab4c,EZY42AC,United Kingdom,54.57658,17.72917,11787.3,238,100,0.0,0,0,,54.5766,17.7292,11787.2608,238.0,100.0,2.1756,0.1291,-0.3476,0.0605,-0.1903,8.0,9.0,9.0,0.9287,0.3789,1.0,54.5849,17.6473,11801.0493,238.0,100.0,54.5844,17.6528,11805.07,238.0,100.0,54.5838,17.6583,11800.0659,238.0,100.0,54.5833,17.6637,11797.6541,238.0,100.0,54.5827,17.6692,11802.7609,238.0,100.0,54.5822,17.6746,11802.3886,238.0,100.0,54.5816,17.6801,11803.3625,238.0,100.0,54.581,17.6855,11797.1124,238.0,100.0,54.5805,17.691,11790.8536,238.0,100.0,54.5799,17.6964,11782.2273,238.0,100.0,54.5794,17.7019,11788.3149,238.0,100.0,54.5788,17.7074,11791.3932,238.0,100.0,54.5783,17.7128,11783.42,238.0,100.0,54.5777,17.7183,11785.395,238.0,100.0,54.5771,17.7237,11788.9646,238.0,100.0,54.5766,17.7292,11787.2608,238.0,100.0
42,4ca87b,RYR2KE,Ireland,54.39999,18.72919,10978.4,230,90,0.0,0,0,,54.4,18.7292,10978.3747,230.0,90.0,-0.1334,0.3876,0.2529,0.2766,-0.0671,8.0,9.0,9.0,0.9093,0.4043,1.0,54.4,18.6492,10988.2388,230.0,90.0,54.4,18.6546,10993.8605,230.0,90.0,54.4,18.6599,10992.4421,230.0,90.0,54.4,18.6652,10998.2049,230.0,90.0,54.4,18.6706,10997.2954,230.0,90.0,54.4,18.6759,10993.0665,230.0,90.0,54.4,18.6812,10987.2398,230.0,90.0,54.4,18.6865,10985.1228,230.0,90.0,54.4,18.6919,10981.7903,230.0,90.0,54.4,18.6972,10983.1467,230.0,90.0,54.4,18.7025,10984.0355,230.0,90.0,54.4,18.7079,10983.7255,230.0,90.0,54.4,18.7132,10977.3493,230.0,90.0,54.4,18.7185,10981.381,230.0,90.0,54.4,18.7239,10987.7273,230.0,90.0,54.4,18.7292,10978.3747,230.0,90.0
42,471f8b,LOT283,Poland,52.59776,20.7651,9562.3,220,320,0.0,0,0,,52.5978,20.7651,9562.3122,220.0,320.0,-1.1218,0.1565,-0.1426,0.0884,-0.3974,8.0,9.0,9.0,0.9443,0.4225,1.0,52.5637,20.8122,9550.7897,220.0,320.0,52.5659,20.8091,9544.1018,220.0,320.0,52.5682,20.8059,9553.3361,220.0,320.0,52.5705,20.8028,9551.6384,220.0,320.0,52.5727,20.7996,9549.7479,220.0,320.0,52.575,20.7965,9553.5087,220.0,320.0,52.5773,20.7934,9556.396,220.0,320.0,52.5796,20.7902,9561.0983,220.0,320.0,52.5818,20.7871,9562.5759,220.0,320.0,52.5841,20.7839,9564.4154,220.0,320.0,52.5864,20.7808,9563.966,220.0,320.0,52.5887,20.7777,9563.9698,220.0,320.0,52.5909,20.7745,9559.8274,220.0,320.0,52.5932,20.7714,9563.2087,220.0,320.0,52.5955,20.7682,9568.8491,220.0,320.0,52.5978,20.7651,9562.3122,220.0,320.0
42,3c6589,DLH4ZW,Germany,53.52417,14.73056,11512.5,240,80,0.0,0,0,,53.5242,14.7306,11512.4507,240.0,80.0,-0.9015,-0.1311,-0.114,-0.2756,0.0825,8.0,9.0,9.0,0.8954,0.2645,1.0,53.5157,14.6501,11504.652,240.0,80.0,53.5163,14.6555,11500.8859,240.0,80.0,53.5169,14.6608,11502.8292,240.0,80.0,53.5174,14.6662,11501.539,240.0,80.0,53.518,14.6716,11498.4623,240.0,80.0,53.5185,14.6769,11491.9409,240.0,80.0,53.5191,14.6823,11489.5682,240.0,80.0,53.5197,14.6877,11503.3393,240.0,80.0,53.5202,14.693,11505.9468,240.0,80.0,53.5208,14.6984,11507.3406,240.0,80.0,53.5214,14.7037,11502.7121,240.0,80.0,53.5219,14.7091,11505.2446,240.0,80.0,53.5225,14.7145,11513.0045,240.0,80.0,53.523,14.7198,11511.5848,240.0,80.0,53.5236,14.7252,11513.2061,240.0,80.0,53.5242,14.7306,11512.4507,240.0,80.0
42,4b1805,SWR12X,Switzerland,52.67191,17.923,10761.6,235,200,0.0,0,0,,52.6719,17.923,10761.5656,235.0,200.0,1.0569,0.0835,-0.0641,-0.3219,0.0267,8.0,9.0,9.0,0.9261,0.2681,1.0,52.7166,17.9498,10773.3572,235.0,200.0,52.7136,17.948,10770.4727,235.0,200.0,52.7106,17.9463,10768.7294,235.0,200.0,52.7077,17.9445,10764.0525,235.0,200.0,52.7047,17.9427,10770.404,235.0,200.0,52.7017,17.9409,10770.4429,235.0,200.0,52.6987,17.9391,10768.3901,235.0,200.0,52.6957,17.9373,10764.166,235.0,200.0,52.6928,17.9355,10759.9564,235.0,200.0,52.6898,17.9337,10761.1945,235.0,200.0,52.6868,17.9319,10759.4838,235.0,200.0,52.6838,17.9302,10757.4803,235.0,200.0,52.6808,17.9284,10753.2751,235.0,200.0,52.6779,17.9266,10757.8384,235.0,200.0,52.6749,17.9248,10762.4143,235.0,200.0,52.6719,17.923,10761.5656,235.0,200.0
42,440048,BAW893,United Kingdom,53.5302,15.52289,12021.0,250,60,0.0,0,1,smooth_drift,53.5302,15.5229,12020.9964,250.0,60.0,-0.4514,0.04,-0.06,0.1341,-0.0593,6.0,9.0,9.0,0.4,0.4029,1.0,53.1788,15.9388,12007.7822,250.0,60.0,53.1951,15.9217,12003.5001,250.0,60.0,53.2121,15.9035,11993.3178,250.0,60.0,53.23,15.8842,11993.3652,250.0,60.0,53.2486,15.8637,11984.9618,250.0,60.0,53.2679,15.842,11983.06,250.0,60.0,53.2881,15.8192,11991.6967,250.0,60.0,53.309,15.7952,12000.2228,250.0,60.0,53.3307,15.7701,11999.2086,250.0,60.0,53.3532,15.7439,12013.0371,250.0,60.0,53.3764,15.7164,12020.8302,250.0,60.0,53.4004,15.6879,12016.452,250.0,60.0,53.4251,15.6582,12015.0908,250.0,60.0,53.4507,15.6273,12008.4489,250.0,60.0,53.477,15.5953,12009.2974,250.0,60.0,53.504,15.5621,12020.9964,250.0,60.0
42,4ac9b0,SAS2HK,Sweden,55.43619,17.19496,10511.7,220,120,0.0,0,0,,55.4362,17.195,10511.6506,220.0,120.0,-0.1556,0.1745,-0.0941,-0.108,0.0492,8.0,9.0,9.0,0.9062,0.2996,1.0,55.4584,17.127,10499.6014,220.0,120.0,55.457,17.1315,10496.5102,220.0,120.0,55.4555,17.1361,10497.0528,220.0,120.0,55.454,17.1406,10497.3886,220.0,120.0,55.4525,17.1451,10499.9588,220.0,120.0,55.451,17.1496,10499.5587,220.0,120.0,55.4495,17.1542,10508.3849,220.0,120.0,55.4481,17.1587,10508.9542,220.0,120.0,55.4466,17.1632,10506.998,220.0,120.0,55.4451,17.1678,10504.9694,220.0,120.0,55.4436,17.1723,10508.8329,220.0,120.0,55.4421,17.1768,10508.8694,220.0,120.0,55.4406,17.1814,10506.7318,220.0,120.0,55.4392,17.1859,10507.1364,220.0,120.0,55.4377,17.1904,10507.8819,220.0,120.0,55.4362,17.195,10511.6506,220.0,120.0
42,3917a3,AFR1219,France,51.34466,13.91729,10951.5,225,150,0.0,0,1,smooth_drift,51.3447,13.9173,10951.4973,225.0,150.0,0.8622,0.04,-0.06,-0.3279,-0.1037,6.0,9.0,9.0,0.4,0.4902,1.0,51.0579,14.3702,10961.5852,225.0,150.0,51.0699,14.3507,10957.6143,225.0,150.0,51.0827,14.33,10957.4657,225.0,150.0,51.0962,14.3082,10964.9681,225.0,150.0,51.1105,14.2853,10963.6731,225.0,150.0,51.1256,14.2611,10962.0023,225.0,150.0,51.1414,14.2359,10961.7237,225.0,150.0,51.158,14.2094,10958.9565,225.0,150.0,51.1754,14.1819,10958.1695,225.0,150.0,51.1935,14.1531,10959.3814,225.0,150.0,51.2124,14.1232,10962.4916,225.0,150.0,51.2321,14.0922,10962.5033,225.0,150.0,51.2525,14.06,10958.5372,225.0,150.0,51.2738,14.0267,10955.9888,225.0,150.0,51.2958,13.9922,10951.2585,225.0,150.0,51.3185,13.9565,10951.4973,225.0,150.0
42,46b8c1,FIN6KP,Finland,55.88281,20.92384,9988.3,215,200,0.0,0,0,,55.8828,20.9238,9988.2964,215.0,200.0,0.0601,-0.2168,0.148,0.0797,0.2073,8.0,9.0,9.0,0.9593,0.5415,1.0,55.9237,20.9504,10012.0088,215.0,200.0,55.921,20.9486,10012.7795,215.0,200.0,55.9182,20.9468,10013.2329,215.0,200.0,55.9155,20.9451,10006.1953,215.0,200.0,55.9128,20.9433,9999.0459,215.0,200.0,55.9101,20.9415,9997.6147,215.0,200.0,55.9073,20.9398,9991.949,215.0,200.0,55.9046,20.938,10008.0926,215.0,200.0,55.9019,20.9362,9993.8452,215.0,200.0,55.8992,20.9345,9988.3909,215.0,200.0,55.8964,20.9327,9991.5877,215.0,200.0,55.8937,20.9309,9982.6464,215.0,200.0,55.891,20.9291,9975.5437,215.0,200.0,55.8883,20.9274,9980.6618,215.0,200.0,55.8855,20.9256,9989.4666,215.0,200.0,55.8828,20.9238,9988.2964,215.0,200.0
42,4ca8e0,RYR3LM,Ireland,53.63271,19.6033,11197.6,232,240,0.0,0,0,,53.6327,19.6033,11197.6053,232.0,240.0,-0.7603,-0.1843,0.0089,-0.1804,-0.2512,8.0,9.0,9.0,0.9152,0.3389,1.0,53.6562,19.6719,11200.6298,232.0,240.0,53.6546,19.6673,11194.9735,232.0,240.0,53.6531,19.6627,11188.6123,232.0,240.0,53.6515,19.6582,11189.3209,232.0,240.0,53.6499,19.6536,11188.7169,232.0,240.0,53.6484,19.649,11186.3492,232.0,240.0,53.6468,19.6444,11187.8774,232.0,240.0,53.6452,19.6399,11185.6143,232.0,240.0,53.6437,19.6353,11185.357,232.0,240.0,53.6421,19.6307,11191.8123,232.0,240.0,53.6405,19.6262,11196.5227,232.0,240.0,53.639,19.6216,11193.8866,232.0,240.0,53.6374,19.617,11193.1546,232.0,240.0,53.6358,19.6124,11200.7347,232.0,240.0,53.6343,19.6079,11206.1107,232.0,240.0,53.6327,19.6033,11197.6053,232.0,240.0
42,478129,WZZ2BV,Hungary,51.72216,22.29718,10807.3,220,280,0.0,0,0,,51.7222,22.2972,10807.2519,220.0,280.0,-0.1903,0.0739,0.1553,0.3417,-0.4592,8.0,9.0,9.0,0.9094,0.394,1.0,51.7144,22.3679,10793.9807,220.0,280.0,51.7149,22.3632,10795.2545,220.0,280.0,51.7155,22.3585,10799.7336,220.0,280.0,51.716,22.3538,10804.6584,220.0,280.0,51.7165,22.3491,10804.3586,220.0,280.0,51.717,22.3444,10804.0863,220.0,280.0,51.7175,22.3396,10808.0735,220.0,280.0,51.718,22.3349,10810.0566,220.0,280.0,51.7185,22.3302,10822.2182,220.0,280.0,51.7191,22.3255,10824.8741,220.0,280.0,51.7196,22.3208,10810.6055,220.0,280.0,51.7201,22.316,10818.4594,220.0,280.0,51.7206,22.3113,10816.0282,220.0,280.0,51.7211,22.3066,10810.2152,220.0,280.0,51.7216,22.3019,10809.3313,220.0,280.0,51.7222,22.2972,10807.2519,220.0,280.0
42,4ba8c2,TAR9FX,Turkey,52.19999,23.26813,9513.6,245,270,0.0,0,0,,52.2,23.2681,9513.5716,245.0,270.0,1.4129,0.1645,0.1475,-0.0261,-0.1848,8.0,9.0,9.0,0.9018,0.3898,1.0,52.2,23.349,9510.1231,245.0,270.0,52.2,23.3436,9507.7007,245.0,270.0,52.2,23.3382,9509.592,245.0,270.0,52.2,23.3328,9516.5891,245.0,270.0,52.2,23.3274,9515.427,245.0,270.0,52.2,23.3221,9509.4089,245.0,270.0,52.2,23.3167,9510.8229,245.0,270.0,52.2,23.3113,9513.6171,245.0,270.0,52.2,23.3059,9520.5551,245.0,270.0,52.2,23.3005,9531.0317,245.0,270.0,52.2,23.2951,9530.1428,245.0,270.0,52.2,23.2897,9534.9971,245.0,270.0,52.2,23.2843,9533.9255,245.0,270.0,52.2,23.2789,9519.8332,245.0,270.0,52.2,23.2735,9517.608,245.0,270.0,52.2,23.2681,9513.5716,245.0,270.0
42,4cab4c,EZY42AC,United Kingdom,54.57602,17.73463,11783.3,238,100,0.0,0,0,,54.576,17.7346,11783.3283,238.0,100.0,0.3716,-0.1517,0.2853,0.0925,0.3279,8.0,9.0,9.0,0.9463,0.4429,1.0,54.5844,17.6528,11805.07,238.0,100.0,54.5838,17.6583,11800.0659,238.0,100.0,54.5833,17.6637,11797.6541,238.0,100.0,54.5827,17.6692,11802.7609,238.0,100.0,54.5822,17.6746,11802.3886,238.0,100.0,54.5816,17.6801,11803.3625,238.0,100.0,54.581,17.6855,11797.1124,238.0,100.0,54.5805,17.691,11790.8536,238.0,100.0,54.5799,17.6964,11782.2273,238.0,100.0,54.5794,17.7019,11788.3149,238.0,100.0,54.5788,17.7074,11791.3932,238.0,100.0,54.5783,17.7128,11783.42,238.0,100.0,54.5777,17.7183,11785.395,238.0,100.0,54.5771,17.7237,11788.9646,238.0,100.0,54.5766,17.7292,11787.2608,238.0,100.0,54.576,17.7346,11783.3283,238.0,100.0
43,4ca87b,RYR2KE,Ireland,54.39999,18.73452,10975.4,230,90,0.0,0,0,,54.4,18.7345,10975.377,230.0,90.0,0.0899,-0.0693,-0.157,-0.0927,-0.1242,8.0,9.0,9.0,0.936,0.4984,1.0,54.4,18.6546,10993.8605,230.0,90.0,54.4,18.6599,10992.4421,230.0,90.0,54.4,18.6652,10998.2049,230.0,90.0,54.4,18.6706,10997.2954,230.0,90.0,54.4,18.6759,10993.0665,230.0,90.0,54.4,18.6812,10987.2398,230.0,90.0,54.4,18.6865,10985.1228,230.0,90.0,54.4,18.6919,10981.7903,230.0,90.0,54.4,18.6972,10983.1467,230.0,90.0,54.4,18.7025,10984.0355,230.0,90.0,54.4,18.7079,10983.7255,230.0,90.0,54.4,18.7132,10977.3493,230.0,90.0,54.4,18.7185,10981.381,230.0,90.0,54.4,18.7239,10987.7273,230.0,90.0,54.4,18.7292,10978.3747,230.0,90.0,54.4,18.7345,10975.377,230.0,90.0
43,471f8b,LOT283,Poland,52.60003,20.76196,9577.7,220,320,0.0,0,0,,52.6,20.762,9577.7022,220.0,320.0,-0.0632,0.0743,0.0364,-0.1893,-0.1888,8.0,9.0,9.0,0.9042,0.337,1.0,52.5659,20.8091,9544.1018,220.0,320.0,52.5682,20.8059,9553.3361,220.0,320.0,52.5705,20.8028,9551.6384,220.0,320.0,52.5727,20.7996,9549.7479,220.0,320.0,52.575,20.7965,9553.5087,220.0,320.0,52.5773,20.7934,9556.396,220.0,320.0,52.5796,20.7902,9561.0983,220.0,320.0,52.5818,20.7871,9562.5759,220.0,320.0,52.5841,20.7839,9564.4154,220.0,320.0,52.5864,20.7808,9563.966,220.0,320.0,52.5887,20.7777,9563.9698,220.0,320.0,52.5909,20.7745,9559.8274,220.0,320.0,52.5932,20.7714,9563.2087,220.0,320.0,52.5955,20.7682,9568.8491,220.0,320.0,52.5978,20.7651,9562.3122,220.0,320.0,52.6,20.762,9577.7022,220.0,320.0
43,3c6589,DLH4ZW,Germany,53.52473,14.73592,11502.7,240,80,0.0,0,0,,53.5247,14.7359,11502.6569,240.0,80.0,-1.6653,-0.0934,-0.0166,-0.1779,0.3378,8.0,9.0,9.0,0.9029,0.4813,1.0,53.5163,14.6555,11500.8859,240.0,80.0,53.5169,14.6608,11502.8292,240.0,80.0,53.5174,14.6662,11501.539,240.0,80.0,53.518,14.6716,11498.4623,240.0,80.0,53.5185,14.6769,11491.9409,240.0,80.0,53.5191,14.6823,11489.5682,240.0,80.0,53.5197,14.6877,11503.3393,240.0,80.0,53.5202,14.693,11505.9468,240.0,80.0,53.5208,14.6984,11507.3406,240.0,80.0,53.5214,14.7037,11502.7121,240.0,80.0,53.5219,14.7091,11505.2446,240.0,80.0,53.5225,14.7145,11513.0045,240.0,80.0,53.523,14.7198,11511.5848,240.0,80.0,53.5236,14.7252,11513.2061,240.0,80.0,53.5242,14.7306,11512.4507,240.0,80.0,53.5247,14.7359,11502.6569,240.0,80.0
43,4b1805,SWR12X,Switzerland,52.66893,17.92122,10761.0,235,200,0.0,0,0,,52.6689,17.9212,10760.9907,235.0,200.0,0.1443,0.1725,-0.0715,0.201,0.0163,8.0,9.0,9.0,0.9121,0.276,1.0,52.7136,17.948,10770.4727,235.0,200.0,52.7106,17.9463,10768.7294,235.0,200.0,52.7077,17.9445,10764.0525,235.0,200.0,52.7047,17.9427,10770.404,235.0,200.0,52.7017,17.9409,10770.4429,235.0,200.0,52.6987,17.9391,10768.3901,235.0,200.0,52.6957,17.9373,10764.166,235.0,200.0,52.6928,17.9355,10759.9564,235.0,200.0,52.6898,17.9337,10761.1945,235.0,200.0,52.6868,17.9319,10759.4838,235.0,200.0,52.6838,17.9302,10757.4803,235.0,200.0,52.6808,17.9284,10753.2751,235.0,200.0,52.6779,17.9266,10757.8384,235.0,200.0,52.6749,17.9248,10762.4143,235.0,200.0,52.6719,17.923,10761.5656,235.0,200.0,52.6689,17.9212,10760.9907,235.0,200.0
43,440048,BAW893,United Kingdom,53.55881,15.48742,12018.0,250,60,0.0,0,1,smooth_drift,53.5588,15.4874,12018.0147,250.0,60.0,-0.1934,0.04,-0.06,-0.0411,0.1975,6.0,9.0,9.0,0.4,0.4555,1.0,53.1951,15.9217,12003.5001,250.0,60.0,53.2121,15.9035,11993.3178,250.0,60.0,53.23,15.8842,11993.3652,250.0,60.0,53.2486,15.8637,11984.9618,250.0,60.0,53.2679,15.842,11983.06,250.0,60.0,53.2881,15.8192,11991.6967,250.0,60.0,53.309,15.7952,12000.2228,250.0,60.0,53.3307,15.7701,11999.2086,250.0,60.0,53.3532,15.7439,12013.0371,250.0,60.0,53.3764,15.7164,12020.8302,250.0,60.0,53.4004,15.6879,12016.452,250.0,60.0,53.4251,15.6582,12015.0908,250.0,60.0,53.4507,15.6273,12008.4489,250.0,60.0,53.477,15.5953,12009.2974,250.0,60.0,53.504,15.5621,12020.9964,250.0,60.0,53.5319,15.5278,12018.0147,250.0,60.0
43,4ac9b0,SAS2HK,Sweden,55.43471,17.19949,10513.6,220,120,0.0,0,0,,55.4347,17.1995,10513.5585,220.0,120.0,-1.0066,0.256,0.1434,0.0811,-0.0936,8.0,9.0,9.0,0.9457,0.3796,1.0,55.457,17.1315,10496.5102,220.0,120.0,55.4555,17.1361,10497.0528,220.0,120.0,55.454,17.1406,10497.3886,220.0,120.0,55.4525,17.1451,10499.9588,220.0,120.0,55.451,17.1496,10499.5587,220.0,120.0,55.4495,17.1542,10508.3849,220.0,120.0,55.4481,17.1587,10508.9542,220.0,120.0,55.4466,17.1632,10506.998,220.0,120.0,55.4451,17.1678,10504.9694,220.0,120.0,55.4436,17.1723,10508.8329,220.0,120.0,55.4421,17.1768,10508.8694,220.0,120.0,55.4406,17.1814,10506.7318,220.0,120.0,55.4392,17.1859,10507.1364,220.0,120.0,55.4377,17.1904,10507.8819,220.0,120.0,55.4362,17.195,10511.6506,220.0,120.0,55.4347,17.1995,10513.5585,220.0,120.0
43,3917a3,AFR1219,France,51.36896,13.87933,10952.5,225,150,0.0,0,1,smooth_drift,51.369,13.8793,10952.5095,225.0,150.0,0.1761,0.04,-0.06,-0.2074,0.0194,6.0,9.0,9.0,0.4,0.4565,1.0,51.0699,14.3507,10957.6143,225.0,150.0,51.0827,14.33,10957.4657,225.0,150.0,51.0962,14.3082,10964.9681,225.0,150.0,51.1105,14.2853,10963.6731,225.0,150.0,51.1256,14.2611,10962.0023,225.0,150.0,51.1414,14.2359,10961.7237,225.0,150.0,51.158,14.2094,10958.9565,225.0,150.0,51.1754,14.1819,10958.1695,225.0,150.0,51.1935,14.1531,10959.3814,225.0,150.0,51.2124,14.1232,10962.4916,225.0,150.0,51.2321,14.0922,10962.5033,225.0,150.0,51.2525,14.06,10958.5372,225.0,150.0,51.2738,14.0267,10955.9888,225.0,150.0,51.2958,13.9922,10951.2585,225.0,150.0,51.3185,13.9565,10951.4973,225.0,150.0,51.342,13.9197,10952.5095,225.0,150.0
43,46b8c1,FIN6KP,Finland,55.88008,20.92207,9984.9,215,200,0.0,0,0,,55.8801,20.9221,9984.9086,215.0,200.0,0.3536,-0.0988,0.1184,-0.3458,-0.1014,8.0,9.0,9.0,0.9323,0.3301,1.0,55.921,20.9486,10012.7795,215.0,200.0,55.9182,20.9468,10013.2329,215.0,200.0,55.9155,20.9451,10006.1953,215.0,200.0,55.9128,20.9433,9999.0459,215.0,200.0,55.9101,20.9415,9997.6147,215.0,200.0,55.9073,20.9398,9991.949,215.0,200.0,55.9046,20.938,10008.0926,215.0,200.0,55.9019,20.9362,9993.8452,215.0,200.0,55.8992,20.9345,9988.3909,215.0,200.0,55.8964,20.9327,9991.5877,215.0,200.0,55.8937,20.9309,9982.6464,215.0,200.0,55.891,20.9291,9975.5437,215.0,200.0,55.8883,20.9274,9980.6618,215.0,200.0,55.8855,20.9256,9989.4666,215.0,200.0,55.8828,20.9238,9988.2964,215.0,200.0,55.8801,20.9221,9984.9086,215.0,200.0
43,4ca8e0,RYR3LM,Ireland,53.63114,19.59873,11199.3,232,240,0.0,0,0,,53.6311,19.5987,11199.3095,232.0,240.0,0.6241,0.003,0.3766,0.3017,0.2081,8.0,9.0,9.0,0.9078,0.3517,1.0,53.6546,19.6673,11194.9735,232.0,240.0,53.6531,19.6627,11188.6123,232.0,240.0,53.6515,19.6582,11189.3209,232.0,240.0,53.6499,19.6536,11188.7169,232.0,240.0,53.6484,19.649,11186.3492,232.0,240.0,53.6468,19.6444,11187.8774,232.0,240.0,53.6452,19.6399,11185.6143,232.0,240.0,53.6437,19.6353,11185.357,232.0,240.0,53.6421,19.6307,11191.8123,232.0,240.0,53.6405,19.6262,11196.5227,232.0,240.0,53.639,19.6216,11193.8866,232.0,240.0,53.6374,19.617,11193.1546,232.0,240.0,53.6358,19.6124,11200.7347,232.0,240.0,53.6343,19.6079,11206.1107,232.0,240.0,53.6327,19.6033,11197.6053,232.0,240.0,53.6311,19.5987,11199.3095,232.0,240.0
43,478129,WZZ2BV,Hungary,51.72267,22.29246,10802.0,220,280,0.0,0,0,,51.7227,22.2925,10801.9822,220.0,280.0,1.2618,-0.2597,-0.0023,0.2651,0.165,8.0,9.0,9.0,0.9329,0.389,1.0,51.7149,22.3632,10795.2545,220.0,280.0,51.7155,22.3585,10799.7336,220.0,280.0,51.716,22.3538,10804.6584,220.0,280.0,51.7165,22.3491,10804.3586,220.0,280.0,51.717,22.3444,10804.0863,220.0,280.0,51.7175,22.3396,10808.0735,220.0,280.0,51.718,22.3349,10810.0566,220.0,280.0,51.7185,22.3302,10822.2182,220.0,280.0,51.7191,22.3255,10824.8741,220.0,280.0,51.7196,22.3208,10810.6055,220.0,280.0,51.7201,22.316,10818.4594,220.0,280.0,51.7206,22.3113,10816.0282,220.0,280.0,51.7211,22.3066,10810.2152,220.0,280.0,51.7216,22.3019,10809.3313,220.0,280.0,51.7222,22.2972,10807.2519,220.0,280.0,51.7227,22.2925,10801.9822,220.0,280.0
43,4ba8c2,TAR9FX,Turkey,52.19999,23.26274,9509.3,245,270,0.0,0,0,,52.2,23.2627,9509.3163,245.0,270.0,0.8486,0.1324,0.459,-0.2108,0.3803,8.0,9.0,9.0,0.9113,0.2992,1.0,52.2,23.3436,9507.7007,245.0,270.0,52.2,23.3382,9509.592,245.0,270.0,52.2,23.3328,9516.5891,245.0,270.0,52.2,23.3274,9515.427,245.0,270.0,52.2,23.3221,9509.4089,245.0,270.0,52.2,23.3167,9510.8229,245.0,270.0,52.2,23.3113,9513.6171,245.0,270.0,52.2,23.3059,9520.5551,245.0,270.0,52.2,23.3005,9531.0317,245.0,270.0,52.2,23.2951,9530.1428,245.0,270.0,52.2,23.2897,9534.9971,245.0,270.0,52.2,23.2843,9533.9255,245.0,270.0,52.2,23.2789,9519.8332,245.0,270.0,52.2,23.2735,9517.608,245.0,270.0,52.2,23.2681,9513.5716,245.0,270.0,52.2,23.2627,9509.3163,245.0,270.0
43,4cab4c,EZY42AC,United Kingdom,54.57546,17.74008,11792.2,238,100,0.0,0,0,,54.5755,17.7401,11792.2378,238.0,100.0,0.7386,-0.3443,0.0751,0.2358,-0.0226,8.0,9.0,9.0,0.9566,0.3913,1.0,54.5838,17.6583,11800.0659,238.0,100.0,54.5833,17.6637,11797.6541,238.0,100.0,54.5827,17.6692,11802.7609,238.0,100.0,54.5822,17.6746,11802.3886,238.0,100.0,54.5816,17.6801,11803.3625,238.0,100.0,54.581,17.6855,11797.1124,238.0,100.0,54.5805,17.691,11790.8536,238.0,100.0,54.5799,17.6964,11782.2273,238.0,100.0,54.5794,17.7019,11788.3149,238.0,100.0,54.5788,17.7074,11791.3932,238.0,100.0,54.5783,17.7128,11783.42,238.0,100.0,54.5777,17.7183,11785.395,238.0,100.0,54.5771,17.7237,11788.9646,238.0,100.0,54.5766,17.7292,11787.2608,238.0,100.0,54.576,17.7346,11783.3283,238.0,100.0,54.5755,17.7401,11792.2378,238.0,100.0
44,4ca87b,RYR2KE,Ireland,54.39999,18.73985,10973.5,230,90,0.0,0,0,,54.4,18.7398,10973.4881,230.0,90.0,0.7813,-0.5306,-0.1551,0.0763,-0.0056,8.0,9.0,9.0,0.9054,0.4559,1.0,54.4,18.6599,10992.4421,230.0,90.0,54.4,18.6652,10998.2049,230.0,90.0,54.4,18.6706,10997.2954,230.0,90.0,54.4,18.6759,10993.0665,230.0,90.0,54.4,18.6812,10987.2398,230.0,90.0,54.4,18.6865,10985.1228,230.0,90.0,54.4,18.6919,10981.7903,230.0,90.0,54.4,18.6972,10983.1467,230.0,90.0,54.4,18.7025,10984.0355,230.0,90.0,54.4,18.7079,10983.7255,230.0,90.0,54.4,18.7132,10977.3493,230.0,90.0,54.4,18.7185,10981.381,230.0,90.0,54.4,18.7239,10987.7273,230.0,90.0,54.4,18.7292,10978.3747,230.0,90.0,54.4,18.7345,10975.377,230.0,90.0,54.4,18.7398,10973.4881,230.0,90.0
44,471f8b,LOT283,Poland,52.6023,20.75882,9573.7,220,320,0.0,0,0,,52.6023,20.7588,9573.6519,220.0,320.0,-3.246,0.0583,-0.0681,-0.0202,0.0949,8.0,9.0,9.0,0.8906,0.523,1.0,52.5682,20.8059,9553.3361,220.0,320.0,52.5705,20.8028,9551.6384,220.0,320.0,52.5727,20.7996,9549.7479,220.0,320.0,52.575,20.7965,9553.5087,220.0,320.0,52.5773,20.7934,9556.396,220.0,320.0,52.5796,20.7902,9561.0983,220.0,320.0,52.5818,20.7871,9562.5759,220.0,320.0,52.5841,20.7839,9564.4154,220.0,320.0,52.5864,20.7808,9563.966,220.0,320.0,52.5887,20.7777,9563.9698,220.0,320.0,52.5909,20.7745,9559.8274,220.0,320.0,52.5932,20.7714,9563.2087,220.0,320.0,52.5955,20.7682,9568.8491,220.0,320.0,52.5978,20.7651,9562.3122,220.0,320.0,52.6,20.762,9577.7022,220.0,320.0,52.6023,20.7588,9573.6519,220.0,320.0
44,3c6589,DLH4ZW,Germany,53.52529,14.74128,11499.5,240,80,0.0,0,0,,53.5253,14.7413,11499.5097,240.0,80.0,0.4016,-0.086,-0.1779,0.1251,0.1699,8.0,9.0,9.0,0.9022,0.3874,1.0,53.5169,14.6608,11502.8292,240.0,80.0,53.5174,14.6662,11501.539,240.0,80.0,53.518,14.6716,11498.4623,240.0,80.0,53.5185,14.6769,11491.9409,240.0,80.0,53.5191,14.6823,11489.5682,240.0,80.0,53.5197,14.6877,11503.3393,240.0,80.0,53.5202,14.693,11505.9468,240.0,80.0,53.5208,14.6984,11507.3406,240.0,80.0,53.5214,14.7037,11502.7121,240.0,80.0,53.5219,14.7091,11505.2446,240.0,80.0,53.5225,14.7145,11513.0045,240.0,80.0,53.523,14.7198,11511.5848,240.0,80.0,53.5236,14.7252,11513.2061,240.0,80.0,53.5242,14.7306,11512.4507,240.0,80.0,53.5247,14.7359,11502.6569,240.0,80.0,53.5253,14.7413,11499.5097,240.0,80.0
44,4b1805,SWR12X,Switzerland,52.66595,17.91943,10758.4,235,200,0.0,0,0,,52.6659,17.9194,10758.3916,235.0,200.0,0.3913,-0.0862,0.2017,-0.5008,-0.2617,8.0,9.0,9.0,0.9574,0.367,1.0,52.7106,17.9463,10768.7294,235.0,200.0,52.7077,17.9445,10764.0525,235.0,200.0,52.7047,17.9427,10770.404,235.0,200.0,52.7017,17.9409,10770.4429,235.0,200.0,52.6987,17.9391,10768.3901,235.0,200.0,52.6957,17.9373,10764.166,235.0,200.0,52.6928,17.9355,10759.9564,235.0,200.0,52.6898,17.9337,10761.1945,235.0,200.0,52.6868,17.9319,10759.4838,235.0,200.0,52.6838,17.9302,10757.4803,235.0,200.0,52.6808,17.9284,10753.2751,235.0,200.0,52.6779,17.9266,10757.8384,235.0,200.0,52.6749,17.9248,10762.4143,235.0,200.0,52.6719,17.923,10761.5656,235.0,200.0,52.6689,17.9212,10760.9907,235.0,200.0,52.6659,17.9194,10758.3916,235.0,200.0
44,440048,BAW893,United Kingdom,53.58818,15.4508,12022.8,250,60,0.0,0,1,smooth_drift,53.5882,15.4508,12022.7829,250.0,60.0,0.9806,0.04,-0.06,0.1056,-0.3006,6.0,9.0,9.0,0.4,0.4004,1.0,53.2121,15.9035,11993.3178,250.0,60.0,53.23,15.8842,11993.3652,250.0,60.0,53.2486,15.8637,11984.9618,250.0,60.0,53.2679,15.842,11983.06,250.0,60.0,53.2881,15.8192,11991.6967,250.0,60.0,53.309,15.7952,12000.2228,250.0,60.0,53.3307,15.7701,11999.2086,250.0,60.0,53.3532,15.7439,12013.0371,250.0,60.0,53.3764,15.7164,12020.8302,250.0,60.0,53.4004,15.6879,12016.452,250.0,60.0,53.4251,15.6582,12015.0908,250.0,60.0,53.4507,15.6273,12008.4489,250.0,60.0,53.477,15.5953,12009.2974,250.0,60.0,53.504,15.5621,12020.9964,250.0,60.0,53.5319,15.5278,12018.0147,250.0,60.0,53.5605,15.4923,12022.7829,250.0,60.0
44,4ac9b0,SAS2HK,Sweden,55.43322,17.20402,10515.5,220,120,0.0,0,0,,55.4332,17.204,10515.4754,220.0,120.0,1.701,-0.413,-0.09,0.0802,-0.053,8.0,9.0,9.0,0.8838,0.3749,1.0,55.4555,17.1361,10497.0528,220.0,120.0,55.454,17.1406,10497.3886,220.0,120.0,55.4525,17.1451,10499.9588,220.0,120.0,55.451,17.1496,10499.5587,220.0,120.0,55.4495,17.1542,10508.3849,220.0,120.0,55.4481,17.1587,10508.9542,220.0,120.0,55.4466,17.1632,10506.998,220.0,120.0,55.4451,17.1678,10504.9694,220.0,120.0,55.4436,17.1723,10508.8329,220.0,120.0,55.4421,17.1768,10508.8694,220.0,120.0,55.4406,17.1814,10506.7318,220.0,120.0,55.4392,17.1859,10507.1364,220.0,120.0,55.4377,17.1904,10507.8819,220.0,120.0,55.4362,17.195,10511.6506,220.0,120.0,55.4347,17.1995,10513.5585,220.0,120.0,55.4332,17.204,10515.4754,220.0,120.0
44,3917a3,AFR1219,France,51.39402,13.84023,10951.9,225,150,0.0,0,1,smooth_drift,51.394,13.8402,10951.8708,225.0,150.0,-1.1564,0.04,-0.06,0.0624,-0.0256,6.0,9.0,9.0,0.4,0.3959,1.0,51.0827,14.33,10957.4657,225.0,150.0,51.0962,14.3082,10964.9681,225.0,150.0,51.1105,14.2853,10963.6731,225.0,150.0,51.1256,14.2611,10962.0023,225.0,150.0,51.1414,14.2359,10961.7237,225.0,150.0,51.158,14.2094,10958.9565,225.0,150.0,51.1754,14.1819,10958.1695,225.0,150.0,51.1935,14.1531,10959.3814,225.0,150.0,51.2124,14.1232,10962.4916,225.0,150.0,51.2321,14.0922,10962.5033,225.0,150.0,51.2525,14.06,10958.5372,225.0,150.0,51.2738,14.0267,10955.9888,225.0,150.0,51.2958,13.9922,10951.2585,225.0,150.0,51.3185,13.9565,10951.4973,225.0,150.0,51.342,13.9197,10952.5095,225.0,150.0,51.3663,13.8818,10951.8708,225.0,150.0
44,46b8c1,FIN6KP,Finland,55.87736,20.9203,9982.2,215,200,0.0,0,0,,55.8774,20.9203,9982.2477,215.0,200.0,0.1862,0.1837,-0.0133,-0.1237,-0.0607,8.0,9.0,9.0,0.9267,0.6449,1.0,55.9182,20.9468,10013.2329,215.0,200.0,55.9155,20.9451,10006.1953,215.0,200.0,55.9128,20.9433,9999.0459,215.0,200.0,55.9101,20.9415,9997.6147,215.0,200.0,55.9073,20.9398,9991.949,215.0,200.0,55.9046,20.938,10008.0926,215.0,200.0,55.9019,20.9362,9993.8452,215.0,200.0,55.8992,20.9345,9988.3909,215.0,200.0,55.8964,20.9327,9991.5877,215.0,200.0,55.8937,20.9309,9982.6464,215.0,200.0,55.891,20.9291,9975.5437,215.0,200.0,55.8883,20.9274,9980.6618,215.0,200.0,55.8855,20.9256,9989.4666,215.0,200.0,55.8828,20.9238,9988.2964,215.0,200.0,55.8801,20.9221,9984.9086,215.0,200.0,55.8774,20.9203,9982.2477,215.0,200.0
44,4ca8e0,RYR3LM,Ireland,53.62958,19.59416,11193.0,232,240,0.0,0,0,,53.6296,19.5942,11193.0316,232.0,240.0,-0.867,0.4095,-0.3332,-0.1769,0.1222,8.0,9.0,9.0,0.925,0.5494,1.0,53.6531,19.6627,11188.6123,232.0,240.0,53.6515,19.6582,11189.3209,232.0,240.0,53.6499,19.6536,11188.7169,232.0,240.0,53.6484,19.649,11186.3492,232.0,240.0,53.6468,19.6444,11187.8774,232.0,240.0,53.6452,19.6399,11185.6143,232.0,240.0,53.6437,19.6353,11185.357,232.0,240.0,53.6421,19.6307,11191.8123,232.0,240.0,53.6405,19.6262,11196.5227,232.0,240.0,53.639,19.6216,11193.8866,232.0,240.0,53.6374,19.617,11193.1546,232.0,240.0,53.6358,19.6124,11200.7347,232.0,240.0,53.6343,19.6079,11206.1107,232.0,240.0,53.6327,19.6033,11197.6053,232.0,240.0,53.6311,19.5987,11199.3095,232.0,240.0,53.6296,19.5942,11193.0316,232.0,240.0
44,478129,WZZ2BV,Hungary,51.72319,22.28774,10804.1,220,280,0.0,0,0,,51.7232,22.2877,10804.0775,220.0,280.0,1.617,-0.1481,-0.0716,-0.3283,0.0905,8.0,9.0,9.0,0.9121,0.396,1.0,51.7155,22.3585,10799.7336,220.0,280.0,51.716,22.3538,10804.6584,220.0,280.0,51.7165,22.3491,10804.3586,220.0,280.0,51.717,22.3444,10804.0863,220.0,280.0,51.7175,22.3396,10808.0735,220.0,280.0,51.718,22.3349,10810.0566,220.0,280.0,51.7185,22.3302,10822.2182,220.0,280.0,51.7191,22.3255,10824.8741,220.0,280.0,51.7196,22.3208,10810.6055,220.0,280.0,51.7201,22.316,10818.4594,220.0,280.0,51.7206,22.3113,10816.0282,220.0,280.0,51.7211,22.3066,10810.2152,220.0,280.0,51.7216,22.3019,10809.3313,220.0,280.0,51.7222,22.2972,10807.2519,220.0,280.0,51.7227,22.2925,10801.9822,220.0,280.0,51.7232,22.2877,10804.0775,220.0,280.0
44,4ba8c2,TAR9FX,Turkey,52.19999,23.25734,9509.0,245,270,0.0,0,0,,52.2,23.2573,9508.9981,245.0,270.0,1.0014,0.2867,-0.1491,-0.246,-0.1614,8.0,9.0,9.0,0.9089,0.4023,1.0,52.2,23.3382,9509.592,245.0,270.0,52.2,23.3328,9516.5891,245.0,270.0,52.2,23.3274,9515.427,245.0,270.0,52.2,23.3221,9509.4089,245.0,270.0,52.2,23.3167,9510.8229,245.0,270.0,52.2,23.3113,9513.6171,245.0,270.0,52.2,23.3059,9520.5551,245.0,270.0,52.2,23.3005,9531.0317,245.0,270.0,52.2,23.2951,9530.1428,245.0,270.0,52.2,23.2897,9534.9971,245.0,270.0,52.2,23.2843,9533.9255,245.0,270.0,52.2,23.2789,9519.8332,245.0,270.0,52.2,23.2735,9517.608,245.0,270.0,52.2,23.2681,9513.5716,245.0,270.0,52.2,23.2627,9509.3163,245.0,270.0,52.2,23.2573,9508.9981,245.0,270.0
44,4cab4c,EZY42AC,United Kingdom,54.57491,17.74554,11789.2,238,100,0.0,0,0,,54.5749,17.7455,11789.2078,238.0,100.0,0.7318,-0.0139,0.137,-0.2399,0.0055,8.0,9.0,9.0,0.8896,0.4443,1.0,54.5833,17.6637,11797.6541,238.0,100.0,54.5827,17.6692,11802.7609,238.0,100.0,54.5822,17.6746,11802.3886,238.0,100.0,54.5816,17.6801,11803.3625,238.0,100.0,54.581,17.6855,11797.1124,238.0,100.0,54.5805,17.691,11790.8536,238.0,100.0,54.5799,17.6964,11782.2273,238.0,100.0,54.5794,17.7019,11788.3149,238.0,100.0,54.5788,17.7074,11791.3932,238.0,100.0,54.5783,17.7128,11783.42,238.0,100.0,54.5777,17.7183,11785.395,238.0,100.0,54.5771,17.7237,11788.9646,238.0,100.0,54.5766,17.7292,11787.2608,238.0,100.0,54.576,17.7346,11783.3283,238.0,100.0,54.5755,17.7401,11792.2378,238.0,100.0,54.5749,17.7455,11789.2078,238.0,100.0
45,4ca87b,RYR2KE,Ireland,54.39999,18.74518,10974.0,230,90,0.0,0,0,,54.4,18.7452,10974.0141,230.0,90.0,1.8527,0.039,-0.1309,0.0521,-0.1028,8.0,9.0,9.0,0.9485,0.4039,1.0,54.4,18.6652,10998.2049,230.0,90.0,54.4,18.6706,10997.2954,230.0,90.0,54.4,18.6759,10993.0665,230.0,90.0,54.4,18.6812,10987.2398,230.0,90.0,54.4,18.6865,10985.1228,230.0,90.0,54.4,18.6919,10981.7903,230.0,90.0,54.4,18.6972,10983.1467,230.0,90.0,54.4,18.7025,10984.0355,230.0,90.0,54.4,18.7079,10983.7255,230.0,90.0,54.4,18.7132,10977.3493,230.0,90.0,54.4,18.7185,10981.381,230.0,90.0,54.4,18.7239,10987.7273,230.0,90.0,54.4,18.7292,10978.3747,230.0,90.0,54.4,18.7345,10975.377,230.0,90.0,54.4,18.7398,10973.4881,230.0,90.0,54.4,18.7452,10974.0141,230.0,90.0
45,471f8b,LOT283,Poland,52.60458,20.75568,9573.7,220,320,0.0,0,0,,52.6046,20.7557,9573.7105,220.0,320.0,0.6146,0.0869,-0.0723,0.0187,0.0361,8.0,9.0,9.0,0.9115,0.5515,1.0,52.5705,20.8028,9551.6384,220.0,320.0,52.5727,20.7996,9549.7479,220.0,320.0,52.575,20.7965,9553.5087,220.0,320.0,52.5773,20.7934,9556.396,220.0,320.0,52.5796,20.7902,9561.0983,220.0,320.0,52.5818,20.7871,9562.5759,220.0,320.0,52.5841,20.7839,9564.4154,220.0,320.0,52.5864,20.7808,9563.966,220.0,320.0,52.5887,20.7777,9563.9698,220.0,320.0,52.5909,20.7745,9559.8274,220.0,320.0,52.5932,20.7714,9563.2087,220.0,320.0,52.5955,20.7682,9568.8491,220.0,320.0,52.5978,20.7651,9562.3122,220.0,320.0,52.6,20.762,9577.7022,220.0,320.0,52.6023,20.7588,9573.6519,220.0,320.0,52.6046,20.7557,9573.7105,220.0,320.0
45,3c6589,DLH4ZW,Germany,53.52586,14.74665,11493.5,240,80,0.0,0,0,,53.5259,14.7466,11493.467,240.0,80.0,0.206,-0.2179,-0.0031,0.2072,0.3392,8.0,9.0,9.0,0.9166,0.3643,1.0,53.5174,14.6662,11501.539,240.0,80.0,53.518,14.6716,11498.4623,240.0,80.0,53.5185,14.6769,11491.9409,240.0,80.0,53.5191,14.6823,11489.5682,240.0,80.0,53.5197,14.6877,11503.3393,240.0,80.0,53.5202,14.693,11505.9468,240.0,80.0,53.5208,14.6984,11507.3406,240.0,80.0,53.5214,14.7037,11502.7121,240.0,80.0,53.5219,14.7091,11505.2446,240.0,80.0,53.5225,14.7145,11513.0045,240.0,80.0,53.523,14.7198,11511.5848,240.0,80.0,53.5236,14.7252,11513.2061,240.0,80.0,53.5242,14.7306,11512.4507,240.0,80.0,53.5247,14.7359,11502.6569,240.0,80.0,53.5253,14.7413,11499.5097,240.0,80.0,53.5259,14.7466,11493.467,240.0,80.0
45,4b1805,SWR12X,Switzerland,52.66297,17.91764,10746.4,235,200,0.0,0,0,,52.663,17.9176,10746.3847,235.0,200.0,0.1098,0.0579,0.1352,0.2032,0.1035,8.0,9.0,9.0,0.9681,0.4035,1.0,52.7077,17.9445,10764.0525,235.0,200.0,52.7047,17.9427,10770.404,235.0,200.0,52.7017,17.9409,10770.4429,235.0,200.0,52.6987,17.9391,10768.3901,235.0,200.0,52.6957,17.9373,10764.166,235.0,200.0,52.6928,17.9355,10759.9564,235.0,200.0,52.6898,17.9337,10761.1945,235.0,200.0,52.6868,17.9319,10759.4838,235.0,200.0,52.6838,17.9302,10757.4803,235.0,200.0,52.6808,17.9284,10753.2751,235.0,200.0,52.6779,17.9266,10757.8384,235.0,200.0,52.6749,17.9248,10762.4143,235.0,200.0,52.6719,17.923,10761.5656,235.0,200.0,52.6689,17.9212,10760.9907,235.0,200.0,52.6659,17.9194,10758.3916,235.0,200.0,52.663,17.9176,10746.3847,235.0,200.0
45,440048,BAW893,United Kingdom,53.61833,15.41303,12020.5,250,60,0.0,0,1,smooth_drift,53.6183,15.413,12020.5023,250.0,60.0,-1.8608,0.04,-0.06,-0.1148,-0.1454,6.0,9.0,9.0,0.4,0.3006,1.0,53.23,15.8842,11993.3652,250.0,60.0,53.2486,15.8637,11984.9618,250.0,60.0,53.2679,15.842,11983.06,250.0,60.0,53.2881,15.8192,11991.6967,250.0,60.0,53.309,15.7952,12000.2228,250.0,60.0,53.3307,15.7701,11999.2086,250.0,60.0,53.3532,15.7439,12013.0371,250.0,60.0,53.3764,15.7164,12020.8302,250.0,60.0,53.4004,15.6879,12016.452,250.0,60.0,53.4251,15.6582,12015.0908,250.0,60.0,53.4507,15.6273,12008.4489,250.0,60.0,53.477,15.5953,12009.2974,250.0,60.0,53.504,15.5621,12020.9964,250.0,60.0,53.5319,15.5278,12018.0147,250.0,60.0,53.5605,15.4923,12022.7829,250.0,60.0,53.5899,15.4557,12020.5023,250.0,60.0
45,4ac9b0,SAS2HK,Sweden,55.43174,17.20855,10515.1,220,120,0.0,0,0,,55.4317,17.2085,10515.0872,220.0,120.0,1.1079,0.0659,-0.2516,-0.0228,0.0244,8.0,9.0,9.0,0.9239,0.4504,1.0,55.454,17.1406,10497.3886,220.0,120.0,55.4525,17.1451,10499.9588,220.0,120.0,55.451,17.1496,10499.5587,220.0,120.0,55.4495,17.1542,10508.3849,220.0,120.0,55.4481,17.1587,10508.9542,220.0,120.0,55.4466,17.1632,10506.998,220.0,120.0,55.4451,17.1678,10504.9694,220.0,120.0,55.4436,17.1723,10508.8329,220.0,120.0,55.4421,17.1768,10508.8694,220.0,120.0,55.4406,17.1814,10506.7318,220.0,120.0,55.4392,17.1859,10507.1364,220.0,120.0,55.4377,17.1904,10507.8819,220.0,120.0,55.4362,17.195,10511.6506,220.0,120.0,55.4347,17.1995,10513.5585,220.0,120.0,55.4332,17.204,10515.4754,220.0,120.0,55.4317,17.2085,10515.0872,220.0,120.0
45,3917a3,AFR1219,France,51.41985,13.79997,10945.7,225,150,0.0,0,1,smooth_drift,51.4199,13.8,10945.6594,225.0,150.0,-1.9755,0.04,-0.06,-0.2153,-0.1281,6.0,9.0,9.0,0.4,0.367,1.0,51.0962,14.3082,10964.9681,225.0,150.0,51.1105,14.2853,10963.6731,225.0,150.0,51.1256,14.2611,10962.0023,225.0,150.0,51.1414,14.2359,10961.7237,225.0,150.0,51.158,14.2094,10958.9565,225.0,150.0,51.1754,14.1819,10958.1695,225.0,150.0,51.1935,14.1531,10959.3814,225.0,150.0,51.2124,14.1232,10962.4916,225.0,150.0,51.2321,14.0922,10962.5033,225.0,150.0,51.2525,14.06,10958.5372,225.0,150.0,51.2738,14.0267,10955.9888,225.0,150.0,51.2958,13.9922,10951.2585,225.0,150.0,51.3185,13.9565,10951.4973,225.0,150.0,51.342,13.9197,10952.5095,225.0,150.0,51.3663,13.8818,10951.8708,225.0,150.0,51.3914,13.8427,10945.6594,225.0,150.0
45,46b8c1,FIN6KP,Finland,55.87463,20.91853,9985.6,215,200,0.0,0,0,,55.8746,20.9185,9985.555,215.0,200.0,-1.3161,0.3708,0.1525,-0.0851,-0.3861,8.0,9.0,9.0,0.9274,0.4407,1.0,55.9155,20.9451,10006.1953,215.0,200.0,55.9128,20.9433,9999.0459,215.0,200.0,55.9101,20.9415,9997.6147,215.0,200.0,55.9073,20.9398,9991.949,215.0,200.0,55.9046,20.938,10008.0926,215.0,200.0,55.9019,20.9362,9993.8452,215.0,200.0,55.8992,20.9345,9988.3909,215.0,200.0,55.8964,20.9327,9991.5877,215.0,200.0,55.8937,20.9309,9982.6464,215.0,200.0,55.891,20.9291,9975.5437,215.0,200.0,55.8883,20.9274,9980.6618,215.0,200.0,55.8855,20.9256,9989.4666,215.0,200.0,55.8828,20.9238,9988.2964,215.0,200.0,55.8801,20.9221,9984.9086,215.0,200.0,55.8774,20.9203,9982.2477,215.0,200.0,55.8746,20.9185,9985.555,215.0,200.0
45,4ca8e0,RYR3LM,Ireland,53.62801,19.58959,11200.2,232,240,0.0,0,0,,53.628,19.5896,11200.1809,232.0,240.0,0.9393,0.1786,0.3586,-0.0531,0.0235,8.0,9.0,9.0,0.9066,0.4129,1.0,53.6515,19.6582,11189.3209,232.0,240.0,53.6499,19.6536,11188.7169,232.0,240.0,53.6484,19.649,11186.3492,232.0,240.0,53.6468,19.6444,11187.8774,232.0,240.0,53.6452,19.6399,11185.6143,232.0,240.0,53.6437,19.6353,11185.357,232.0,240.0,53.6421,19.6307,11191.8123,232.0,240.0,53.6405,19.6262,11196.5227,232.0,240.0,53.639,19.6216,11193.8866,232.0,240.0,53.6374,19.617,11193.1546,232.0,240.0,53.6358,19.6124,11200.7347,232.0,240.0,53.6343,19.6079,11206.1107,232.0,240.0,53.6327,19.6033,11197.6053,232.0,240.0,53.6311,19.5987,11199.3095,232.0,240.0,53.6296,19.5942,11193.0316,232.0,240.0,53.628,19.5896,11200.1809,232.0,240.0
45,478129,WZZ2BV,Hungary,51.7237,22.28302,10806.1,220,280,0.0,0,0,,51.7237,22.283,10806.1026,220.0,280.0,0.2537,0.1288,-0.341,0.083,0.109,8.0,9.0,9.0,0.9355,0.5144,1.0,51.716,22.3538,10804.6584,220.0,280.0,51.7165,22.3491,10804.3586,220.0,280.0,51.717,22.3444,10804.0863,220.0,280.0,51.7175,22.3396,10808.0735,220.0,280.0,51.718,22.3349,10810.0566,220.0,280.0,51.7185,22.3302,10822.2182,220.0,280.0,51.7191,22.3255,10824.8741,220.0,280.0,51.7196,22.3208,10810.6055,220.0,280.0,51.7201,22.316,10818.4594,220.0,280.0,51.7206,22.3113,10816.0282,220.0,280.0,51.7211,22.3066,10810.2152,220.0,280.0,51.7216,22.3019,10809.3313,220.0,280.0,51.7222,22.2972,10807.2519,220.0,280.0,51.7227,22.2925,10801.9822,220.0,280.0,51.7232,22.2877,10804.0775,220.0,280.0,51.7237,22.283,10806.1026,220.0,280.0
45,4ba8c2,TAR9FX,Turkey,52.19999,23.25195,9509.4,245,270,0.0,0,0,,52.2,23.252,9509.3873,245.0,270.0,2.4334,0.0581,0.0925,-0.0079,0.0281,8.0,9.0,9.0,0.945,0.5908,1.0,52.2,23.3328,9516.5891,245.0,270.0,52.2,23.3274,9515.427,245.0,270.0,52.2,23.3221,9509.4089,245.0,270.0,52.2,23.3167,9510.8229,245.0,270.0,52.2,23.3113,9513.6171,245.0,270.0,52.2,23.3059,9520.5551,245.0,270.0,52.2,23.3005,9531.0317,245.0,270.0,52.2,23.2951,9530.1428,245.0,270.0,52.2,23.2897,9534.9971,245.0,270.0,52.2,23.2843,9533.9255,245.0,270.0,52.2,23.2789,9519.8332,245.0,270.0,52.2,23.2735,9517.608,245.0,270.0,52.2,23.2681,9513.5716,245.0,270.0,52.2,23.2627,9509.3163,245.0,270.0,52.2,23.2573,9508.9981,245.0,270.0,52.2,23.252,9509.3873,245.0,270.0
45,4cab4c,EZY42AC,United Kingdom,54.57435,17.75099,11787.2,238,100,0.0,0,0,,54.5743,17.751,11787.1965,238.0,100.0,0.5719,-0.3902,-0.0982,0.0873,0.1023,8.0,9.0,9.0,0.9227,0.6321,1.0,54.5827,17.6692,11802.7609,238.0,100.0,54.5822,17.6746,11802.3886,238.0,100.0,54.5816,17.6801,11803.3625,238.0,100.0,54.581,17.6855,11797.1124,238.0,100.0,54.5805,17.691,11790.8536,238.0,100.0,54.5799,17.6964,11782.2273,238.0,100.0,54.5794,17.7019,11788.3149,238.0,100.0,54.5788,17.7074,11791.3932,238.0,100.0,54.5783,17.7128,11783.42,238.0,100.0,54.5777,17.7183,11785.395,238.0,100.0,54.5771,17.7237,11788.9646,238.0,100.0,54.5766,17.7292,11787.2608,238.0,100.0,54.576,17.7346,11783.3283,238.0,100.0,54.5755,17.7401,11792.2378,238.0,100.0,54.5749,17.7455,11789.2078,238.0,100.0,54.5743,17.751,11787.1965,238.0,100.0
46,4ca87b,RYR2KE,Ireland,54.39999,18.75051,10981.2,230,90,0.0,0,0,,54.4,18.7505,10981.2034,230.0,90.0,-0.4159,0.3852,0.0148,-0.0573,-0.2991,8.0,9.0,9.0,0.9223,0.5508,1.0,54.4,18.6706,10997.2954,230.0,90.0,54.4,18.6759,10993.0665,230.0,90.0,54.4,18.6812,10987.2398,230.0,90.0,54.4,18.6865,10985.1228,230.0,90.0,54.4,18.6919,10981.7903,230.0,90.0,54.4,18.6972,10983.1467,230.0,90.0,54.4,18.7025,10984.0355,230.0,90.0,54.4,18.7079,10983.7255,230.0,90.0,54.4,18.7132,10977.3493,230.0,90.0,54.4,18.7185,10981.381,230.0,90.0,54.4,18.7239,10987.7273,230.0,90.0,54.4,18.7292,10978.3747,230.0,90.0,54.4,18.7345,10975.377,230.0,90.0,54.4,18.7398,10973.4881,230.0,90.0,54.4,18.7452,10974.0141,230.0,90.0,54.4,18.7505,10981.2034,230.0,90.0
46,471f8b,LOT283,Poland,52.60685,20.75254,9570.5,220,320,0.0,0,0,,52.6068,20.7525,9570.5057,220.0,320.0,0.5123,0.1375,0.5432,-0.0137,0.1203,8.0,9.0,9.0,0.9368,0.1776,1.0,52.5727,20.7996,9549.7479,220.0,320.0,52.575,20.7965,9553.5087,220.0,320.0,52.5773,20.7934,9556.396,220.0,320.0,52.5796,20.7902,9561.0983,220.0,320.0,52.5818,20.7871,9562.5759,220.0,320.0,52.5841,20.7839,9564.4154,220.0,320.0,52.5864,20.7808,9563.966,220.0,320.0,52.5887,20.7777,9563.9698,220.0,320.0,52.5909,20.7745,9559.8274,220.0,320.0,52.5932,20.7714,9563.2087,220.0,320.0,52.5955,20.7682,9568.8491,220.0,320.0,52.5978,20.7651,9562.3122,220.0,320.0,52.6,20.762,9577.7022,220.0,320.0,52.6023,20.7588,9573.6519,220.0,320.0,52.6046,20.7557,9573.7105,220.0,320.0,52.6068,20.7525,9570.5057,220.0,320.0
46,3c6589,DLH4ZW,Germany,53.52642,14.75201,11489.3,240,80,0.0,0,0,,53.5264,14.752,11489.3392,240.0,80.0,-0.2203,-0.3737,0.2479,-0.1907,0.1002,8.0,9.0,9.0,0.8982,0.5233,1.0,53.518,14.6716,11498.4623,240.0,80.0,53.5185,14.6769,11491.9409,240.0,80.0,53.5191,14.6823,11489.5682,240.0,80.0,53.5197,14.6877,11503.3393,240.0,80.0,53.5202,14.693,11505.9468,240.0,80.0,53.5208,14.6984,11507.3406,240.0,80.0,53.5214,14.7037,11502.7121,240.0,80.0,53.5219,14.7091,11505.2446,240.0,80.0,53.5225,14.7145,11513.0045,240.0,80.0,53.523,14.7198,11511.5848,240.0,80.0,53.5236,14.7252,11513.2061,240.0,80.0,53.5242,14.7306,11512.4507,240.0,80.0,53.5247,14.7359,11502.6569,240.0,80.0,53.5253,14.7413,11499.5097,240.0,80.0,53.5259,14.7466,11493.467,240.0,80.0,53.5264,14.752,11489.3392,240.0,80.0
46,4b1805,SWR12X,Switzerland,52.65999,17.91585,10742.8,235,200,0.0,0,0,,52.66,17.9159,10742.7992,235.0,200.0,-0.6587,0.014,0.1002,0.0798,0.1294,8.0,9.0,9.0,0.9253,0.5646,1.0,52.7047,17.9427,10770.404,235.0,200.0,52.7017,17.9409,10770.4429,235.0,200.0,52.6987,17.9391,10768.3901,235.0,200.0,52.6957,17.9373,10764.166,235.0,200.0,52.6928,17.9355,10759.9564,235.0,200.0,52.6898,17.9337,10761.1945,235.0,200.0,52.6868,17.9319,10759.4838,235.0,200.0,52.6838,17.9302,10757.4803,235.0,200.0,52.6808,17.9284,10753.2751,235.0,200.0,52.6779,17.9266,10757.8384,235.0,200.0,52.6749,17.9248,10762.4143,235.0,200.0,52.6719,17.923,10761.5656,235.0,200.0,52.6689,17.9212,10760.9907,235.0,200.0,52.6659,17.9194,10758.3916,235.0,200.0,52.663,17.9176,10746.3847,235.0,200.0,52.66,17.9159,10742.7992,235.0,200.0
46,440048,BAW893,United Kingdom,53.64925,15.37411,12028.8,250,60,0.0,0,1,smooth_drift,53.6492,15.3741,12028.8103,250.0,60.0,0.8518,0.04,-0.06,-0.3516,-0.2743,6.0,9.0,9.0,0.4,0.6149,1.0,53.2486,15.8637,11984.9618,250.0,60.0,53.2679,15.842,11983.06,250.0,60.0,53.2881,15.8192,11991.6967,250.0,60.0,53.309,15.7952,12000.2228,250.0,60.0,53.3307,15.7701,11999.2086,250.0,60.0,53.3532,15.7439,12013.0371,250.0,60.0,53.3764,15.7164,12020.8302,250.0,60.0,53.4004,15.6879,12016.452,250.0,60.0,53.4251,15.6582,12015.0908,250.0,60.0,53.4507,15.6273,12008.4489,250.0,60.0,53.477,15.5953,12009.2974,250.0,60.0,53.504,15.5621,12020.9964,250.0,60.0,53.5319,15.5278,12018.0147,250.0,60.0,53.5605,15.4923,12022.7829,250.0,60.0,53.5899,15.4557,12020.5023,250.0,60.0,53.62,15.418,12028.8103,250.0,60.0
46,4ac9b0,SAS2HK,Sweden,55.43025,17.21308,10507.9,220,120,0.0,0,0,,55.4303,17.2131,10507.8671,220.0,120.0,-0.3448,0.0822,-0.1796,0.4483,0.2957,8.0,9.0,9.0,0.9036,0.5146,1.0,55.4525,17.1451,10499.9588,220.0,120.0,55.451,17.1496,10499.5587,220.0,120.0,55.4495,17.1542,10508.3849,220.0,120.0,55.4481,17.1587,10508.9542,220.0,120.0,55.4466,17.1632,10506.998,220.0,120.0,55.4451,17.1678,10504.9694,220.0,120.0,55.4436,17.1723,10508.8329,220.0,120.0,55.4421,17.1768,10508.8694,220.0,120.0,55.4406,17.1814,10506.7318,220.0,120.0,55.4392,17.1859,10507.1364,220.0,120.0,55.4377,17.1904,10507.8819,220.0,120.0,55.4362,17.195,10511.6506,220.0,120.0,55.4347,17.1995,10513.5585,220.0,120.0,55.4332,17.204,10515.4754,220.0,120.0,55.4317,17.2085,10515.0872,220.0,120.0,55.4303,17.2131,10507.8671,220.0,120.0
46,3917a3,AFR1219,France,51.44646,13.75855,10941.5,225,150,0.0,0,1,smooth_drift,51.4465,13.7586,10941.4757,225.0,150.0,-0.2009,0.04,-0.06,0.0552,0.1128,6.0,9.0,9.0,0.4,0.3103,1.0,51.1105,14.2853,10963.6731,225.0,150.0,51.1256,14.2611,10962.0023,225.0,150.0,51.1414,14.2359,10961.7237,225.0,150.0,51.158,14.2094,10958.9565,225.0,150.0,51.1754,14.1819,10958.1695,225.0,150.0,51.1935,14.1531,10959.3814,225.0,150.0,51.2124,14.1232,10962.4916,225.0,150.0,51.2321,14.0922,10962.5033,225.0,150.0,51.2525,14.06,10958.5372,225.0,150.0,51.2738,14.0267,10955.9888,225.0,150.0,51.2958,13.9922,10951.2585,225.0,150.0,51.3185,13.9565,10951.4973,225.0,150.0,51.342,13.9197,10952.5095,225.0,150.0,51.3663,13.8818,10951.8708,225.0,150.0,51.3914,13.8427,10945.6594,225.0,150.0,51.4172,13.8024,10941.4757,225.0,150.0
46,46b8c1,FIN6KP,Finland,55.87191,20.91677,9983.6,215,200,0.0,0,0,,55.8719,20.9168,9983.5826,215.0,200.0,0.5848,-0.0492,-0.0113,0.0993,-0.1842,8.0,9.0,9.0,0.909,0.3363,1.0,55.9128,20.9433,9999.0459,215.0,200.0,55.9101,20.9415,9997.6147,215.0,200.0,55.9073,20.9398,9991.949,215.0,200.0,55.9046,20.938,10008.0926,215.0,200.0,55.9019,20.9362,9993.8452,215.0,200.0,55.8992,20.9345,9988.3909,215.0,200.0,55.8964,20.9327,9991.5877,215.0,200.0,55.8937,20.9309,9982.6464,215.0,200.0,55.891,20.9291,9975.5437,215.0,200.0,55.8883,20.9274,9980.6618,215.0,200.0,55.8855,20.9256,9989.4666,215.0,200.0,55.8828,20.9238,9988.2964,215.0,200.0,55.8801,20.9221,9984.9086,215.0,200.0,55.8774,20.9203,9982.2477,215.0,200.0,55.8746,20.9185,9985.555,215.0,200.0,55.8719,20.9168,9983.5826,215.0,200.0
46,4ca8e0,RYR3LM,Ireland,53.62645,19.58502,11197.5,232,240,0.0,0,0,,53.6264,19.585,11197.4845,232.0,240.0,-0.2259,0.0561,0.3083,-0.2499,0.2538,8.0,9.0,9.0,0.9167,0.339,1.0,53.6499,19.6536,11188.7169,232.0,240.0,53.6484,19.649,11186.3492,232.0,240.0,53.6468,19.6444,11187.8774,232.0,240.0,53.6452,19.6399,11185.6143,232.0,240.0,53.6437,19.6353,11185.357,232.0,240.0,53.6421,19.6307,11191.8123,232.0,240.0,53.6405,19.6262,11196.5227,232.0,240.0,53.639,19.6216,11193.8866,232.0,240.0,53.6374,19.617,11193.1546,232.0,240.0,53.6358,19.6124,11200.7347,232.0,240.0,53.6343,19.6079,11206.1107,232.0,240.0,53.6327,19.6033,11197.6053,232.0,240.0,53.6311,19.5987,11199.3095,232.0,240.0,53.6296,19.5942,11193.0316,232.0,240.0,53.628,19.5896,11200.1809,232.0,240.0,53.6264,19.585,11197.4845,232.0,240.0
46,478129,WZZ2BV,Hungary,51.72422,22.2783,10800.9,220,280,0.0,0,0,,51.7242,22.2783,10800.9442,220.0,280.0,-0.5156,-0.0183,0.1371,-0.4254,-0.0662,8.0,9.0,9.0,0.9609,0.3073,1.0,51.7165,22.3491,10804.3586,220.0,280.0,51.717,22.3444,10804.0863,220.0,280.0,51.7175,22.3396,10808.0735,220.0,280.0,51.718,22.3349,10810.0566,220.0,280.0,51.7185,22.3302,10822.2182,220.0,280.0,51.7191,22.3255,10824.8741,220.0,280.0,51.7196,22.3208,10810.6055,220.0,280.0,51.7201,22.316,10818.4594,220.0,280.0,51.7206,22.3113,10816.0282,220.0,280.0,51.7211,22.3066,10810.2152,220.0,280.0,51.7216,22.3019,10809.3313,220.0,280.0,51.7222,22.2972,10807.2519,220.0,280.0,51.7227,22.2925,10801.9822,220.0,280.0,51.7232,22.2877,10804.0775,220.0,280.0,51.7237,22.283,10806.1026,220.0,280.0,51.7242,22.2783,10800.9442,220.0,280.0
46,4ba8c2,TAR9FX,Turkey,52.19999,23.24656,9508.1,245,270,0.0,0,0,,52.2,23.2466,9508.1418,245.0,270.0,-0.1861,-0.1002,-0.173,-0.2958,-0.1448,8.0,9.0,9.0,0.933,0.4344,1.0,52.2,23.3274,9515.427,245.0,270.0,52.2,23.3221,9509.4089,245.0,270.0,52.2,23.3167,9510.8229,245.0,270.0,52.2,23.3113,9513.6171,245.0,270.0,52.2,23.3059,9520.5551,245.0,270.0,52.2,23.3005,9531.0317,245.0,270.0,52.2,23.2951,9530.1428,245.0,270.0,52.2,23.2897,9534.9971,245.0,270.0,52.2,23.2843,9533.9255,245.0,270.0,52.2,23.2789,9519.8332,245.0,270.0,52.2,23.2735,9517.608,245.0,270.0,52.2,23.2681,9513.5716,245.0,270.0,52.2,23.2627,9509.3163,245.0,270.0,52.2,23.2573,9508.9981,245.0,270.0,52.2,23.252,9509.3873,245.0,270.0,52.2,23.2466,9508.1418,245.0,270.0
46,4cab4c,EZY42AC,United Kingdom,54.57379,17.75645,11780.5,238,100,0.0,0,0,,54.5738,17.7564,11780.5367,238.0,100.0,-0.6266,0.1059,-0.0335,0.1192,0.1816,8.0,9.0,9.0,0.8968,0.3318,1.0,54.5822,17.6746,11802.3886,238.0,100.0,54.5816,17.6801,11803.3625,238.0,100.0,54.581,17.6855,11797.1124,238.0,100.0,54.5805,17.691,11790.8536,238.0,100.0,54.5799,17.6964,11782.2273,238.0,100.0,54.5794,17.7019,11788.3149,238.0,100.0,54.5788,17.7074,11791.3932,238.0,100.0,54.5783,17.7128,11783.42,238.0,100.0,54.5777,17.7183,11785.395,238.0,100.0,54.5771,17.7237,11788.9646,238.0,100.0,54.5766,17.7292,11787.2608,238.0,100.0,54.576,17.7346,11783.3283,238.0,100.0,54.5755,17.7401,11792.2378,238.0,100.0,54.5749,17.7455,11789.2078,238.0,100.0,54.5743,17.751,11787.1965,238.0,100.0,54.5738,17.7564,11780.5367,238.0,100.0
47,4ca87b,RYR2KE,Ireland,54.39999,18.75584,10982.1,230,90,0.0,0,0,,54.4,18.7558,10982.0612,230.0,90.0,0.9106,-0.0878,-0.2751,0.1239,0.1763,8.0,9.0,9.0,0.9226,0.2731,1.0,54.4,18.6759,10993.0665,230.0,90.0,54.4,18.6812,10987.2398,230.0,90.0,54.4,18.6865,10985.1228,230.0,90.0,54.4,18.6919,10981.7903,230.0,90.0,54.4,18.6972,10983.1467,230.0,90.0,54.4,18.7025,10984.0355,230.0,90.0,54.4,18.7079,10983.7255,230.0,90.0,54.4,18.7132,10977.3493,230.0,90.0,54.4,18.7185,10981.381,230.0,90.0,54.4,18.7239,10987.7273,230.0,90.0,54.4,18.7292,10978.3747,230.0,90.0,54.4,18.7345,10975.377,230.0,90.0,54.4,18.7398,10973.4881,230.0,90.0,54.4,18.7452,10974.0141,230.0,90.0,54.4,18.7505,10981.2034,230.0,90.0,54.4,18.7558,10982.0612,230.0,90.0
47,471f8b,LOT283,Poland,52.60912,20.74939,9565.8,220,320,0.0,0,0,,52.6091,20.7494,9565.8088,220.0,320.0,0.0064,0.0996,-0.0404,-0.1961,-0.0644,8.0,9.0,9.0,0.9137,0.4278,1.0,52.575,20.7965,9553.5087,220.0,320.0,52.5773,20.7934,9556.396,220.0,320.0,52.5796,20.7902,9561.0983,220.0,320.0,52.5818,20.7871,9562.5759,220.0,320.0,52.5841,20.7839,9564.4154,220.0,320.0,52.5864,20.7808,9563.966,220.0,320.0,52.5887,20.7777,9563.9698,220.0,320.0,52.5909,20.7745,9559.8274,220.0,320.0,52.5932,20.7714,9563.2087,220.0,320.0,52.5955,20.7682,9568.8491,220.0,320.0,52.5978,20.7651,9562.3122,220.0,320.0,52.6,20.762,9577.7022,220.0,320.0,52.6023,20.7588,9573.6519,220.0,320.0,52.6046,20.7557,9573.7105,220.0,320.0,52.6068,20.7525,9570.5057,220.0,320.0,52.6091,20.7494,9565.8088,220.0,320.0
47,3c6589,DLH4ZW,Germany,53.52698,14.75737,11492.5,240,80,0.0,0,0,,53.527,14.7574,11492.4619,240.0,80.0,-0.4627,0.0166,0.1318,-0.3809,-0.4075,8.0,9.0,9.0,0.9403,0.5474,1.0,53.5185,14.6769,11491.9409,240.0,80.0,53.5191,14.6823,11489.5682,240.0,80.0,53.5197,14.6877,11503.3393,240.0,80.0,53.5202,14.693,11505.9468,240.0,80.0,53.5208,14.6984,11507.3406,240.0,80.0,53.5214,14.7037,11502.7121,240.0,80.0,53.5219,14.7091,11505.2446,240.0,80.0,53.5225,14.7145,11513.0045,240.0,80.0,53.523,14.7198,11511.5848,240.0,80.0,53.5236,14.7252,11513.2061,240.0,80.0,53.5242,14.7306,11512.4507,240.0,80.0,53.5247,14.7359,11502.6569,240.0,80.0,53.5253,14.7413,11499.5097,240.0,80.0,53.5259,14.7466,11493.467,240.0,80.0,53.5264,14.752,11489.3392,240.0,80.0,53.527,14.7574,11492.4619,240.0,80.0
47,4b1805,SWR12X,Switzerland,52.65701,17.91406,10745.5,235,200,0.0,0,0,,52.657,17.9141,10745.5013,235.0,200.0,-0.2467,-0.0688,-0.0858,-0.1588,-0.0615,8.0,9.0,9.0,0.928,0.5058,1.0,52.7017,17.9409,10770.4429,235.0,200.0,52.6987,17.9391,10768.3901,235.0,200.0,52.6957,17.9373,10764.166,235.0,200.0,52.6928,17.9355,10759.9564,235.0,200.0,52.6898,17.9337,10761.1945,235.0,200.0,52.6868,17.9319,10759.4838,235.0,200.0,52.6838,17.9302,10757.4803,235.0,200.0,52.6808,17.9284,10753.2751,235.0,200.0,52.6779,17.9266,10757.8384,235.0,200.0,52.6749,17.9248,10762.4143,235.0,200.0,52.6719,17.923,10761.5656,235.0,200.0,52.6689,17.9212,10760.9907,235.0,200.0,52.6659,17.9194,10758.3916,235.0,200.0,52.663,17.9176,10746.3847,235.0,200.0,52.66,17.9159,10742.7992,235.0,200.0,52.657,17.9141,10745.5013,235.0,200.0
47,440048,BAW893,United Kingdom,53.68093,15.33404,12022.1,250,60,0.0,0,1,smooth_drift,53.6809,15.334,12022.0864,250.0,60.0,0.508,0.04,-0.06,-0.09,0.0347,6.0,9.0,9.0,0.4,0.3134,1.0,53.2679,15.842,11983.06,250.0,60.0,53.2881,15.8192,11991.6967,250.0,60.0,53.309,15.7952,12000.2228,250.0,60.0,53.3307,15.7701,11999.2086,250.0,60.0,53.3532,15.7439,12013.0371,250.0,60.0,53.3764,15.7164,12020.8302,250.0,60.0,53.4004,15.6879,12016.452,250.0,60.0,53.4251,15.6582,12015.0908,250.0,60.0,53.4507,15.6273,12008.4489,250.0,60.0,53.477,15.5953,12009.2974,250.0,60.0,53.504,15.5621,12020.9964,250.0,60.0,53.5319,15.5278,12018.0147,250.0,60.0,53.5605,15.4923,12022.7829,250.0,60.0,53.5899,15.4557,12020.5023,250.0,60.0,53.62,15.418,12028.8103,250.0,60.0,53.6509,15.379,12022.0864,250.0,60.0
47,4ac9b0,SAS2HK,Sweden,55.42877,17.21761,10507.7,220,120,0.0,0,0,,55.4288,17.2176,10507.7072,220.0,120.0,-1.2757,0.3006,0.0306,0.1992,0.1054,8.0,9.0,9.0,0.9375,0.3648,1.0,55.451,17.1496,10499.5587,220.0,120.0,55.4495,17.1542,10508.3849,220.0,120.0,55.4481,17.1587,10508.9542,220.0,120.0,55.4466,17.1632,10506.998,220.0,120.0,55.4451,17.1678,10504.9694,220.0,120.0,55.4436,17.1723,10508.8329,220.0,120.0,55.4421,17.1768,10508.8694,220.0,120.0,55.4406,17.1814,10506.7318,220.0,120.0,55.4392,17.1859,10507.1364,220.0,120.0,55.4377,17.1904,10507.8819,220.0,120.0,55.4362,17.195,10511.6506,220.0,120.0,55.4347,17.1995,10513.5585,220.0,120.0,55.4332,17.204,10515.4754,220.0,120.0,55.4317,17.2085,10515.0872,220.0,120.0,55.4303,17.2131,10507.8671,220.0,120.0,55.4288,17.2176,10507.7072,220.0,120.0
47,3917a3,AFR1219,France,51.47383,13.71599,10942.8,225,150,0.0,0,1,smooth_drift,51.4738,13.716,10942.7835,225.0,150.0,1.2565,0.04,-0.06,-0.2544,-0.0457,6.0,9.0,9.0,0.4,0.3019,1.0,51.1256,14.2611,10962.0023,225.0,150.0,51.1414,14.2359,10961.7237,225.0,150.0,51.158,14.2094,10958.9565,225.0,150.0,51.1754,14.1819,10958.1695,225.0,150.0,51.1935,14.1531,10959.3814,225.0,150.0,51.2124,14.1232,10962.4916,225.0,150.0,51.2321,14.0922,10962.5033,225.0,150.0,51.2525,14.06,10958.5372,225.0,150.0,51.2738,14.0267,10955.9888,225.0,150.0,51.2958,13.9922,10951.2585,225.0,150.0,51.3185,13.9565,10951.4973,225.0,150.0,51.342,13.9197,10952.5095,225.0,150.0,51.3663,13.8818,10951.8708,225.0,150.0,51.3914,13.8427,10945.6594,225.0,150.0,51.4172,13.8024,10941.4757,225.0,150.0,51.4438,13.761,10942.7835,225.0,150.0
47,46b8c1,FIN6KP,Finland,55.86918,20.915,9979.1,215,200,0.0,0,0,,55.8692,20.915,9979.1161,215.0,200.0,-0.6886,0.1599,0.0533,0.54,0.0483,8.0,9.0,9.0,0.911,0.3889,1.0,55.9101,20.9415,9997.6147,215.0,200.0,55.9073,20.9398,9991.949,215.0,200.0,55.9046,20.938,10008.0926,215.0,200.0,55.9019,20.9362,9993.8452,215.0,200.0,55.8992,20.9345,9988.3909,215.0,200.0,55.8964,20.9327,9991.5877,215.0,200.0,55.8937,20.9309,9982.6464,215.0,200.0,55.891,20.9291,9975.5437,215.0,200.0,55.8883,20.9274,9980.6618,215.0,200.0,55.8855,20.9256,9989.4666,215.0,200.0,55.8828,20.9238,9988.2964,215.0,200.0,55.8801,20.9221,9984.9086,215.0,200.0,55.8774,20.9203,9982.2477,215.0,200.0,55.8746,20.9185,9985.555,215.0,200.0,55.8719,20.9168,9983.5826,215.0,200.0,55.8692,20.915,9979.1161,215.0,200.0
47,4ca8e0,RYR3LM,Ireland,53.62488,19.58045,11195.4,232,240,0.0,0,0,,53.6249,19.5804,11195.4195,232.0,240.0,-0.1163,0.3522,-0.0211,0.0307,0.248,8.0,9.0,9.0,0.905,0.2628,1.0,53.6484,19.649,11186.3492,232.0,240.0,53.6468,19.6444,11187.8774,232.0,240.0,53.6452,19.6399,11185.6143,232.0,240.0,53.6437,19.6353,11185.357,232.0,240.0,53.6421,19.6307,11191.8123,232.0,240.0,53.6405,19.6262,11196.5227,232.0,240.0,53.639,19.6216,11193.8866,232.0,240.0,53.6374,19.617,11193.1546,232.0,240.0,53.6358,19.6124,11200.7347,232.0,240.0,53.6343,19.6079,11206.1107,232.0,240.0,53.6327,19.6033,11197.6053,232.0,240.0,53.6311,19.5987,11199.3095,232.0,240.0,53.6296,19.5942,11193.0316,232.0,240.0,53.628,19.5896,11200.1809,232.0,240.0,53.6264,19.585,11197.4845,232.0,240.0,53.6249,19.5804,11195.4195,232.0,240.0
47,478129,WZZ2BV,Hungary,51.72473,22.27358,10804.4,220,280,0.0,0,0,,51.7247,22.2736,10804.3919,220.0,280.0,-0.2037,-0.1511,-0.1305,-0.005,0.2984,8.0,9.0,9.0,0.9116,0.2252,1.0,51.717,22.3444,10804.0863,220.0,280.0,51.7175,22.3396,10808.0735,220.0,280.0,51.718,22.3349,10810.0566,220.0,280.0,51.7185,22.3302,10822.2182,220.0,280.0,51.7191,22.3255,10824.8741,220.0,280.0,51.7196,22.3208,10810.6055,220.0,280.0,51.7201,22.316,10818.4594,220.0,280.0,51.7206,22.3113,10816.0282,220.0,280.0,51.7211,22.3066,10810.2152,220.0,280.0,51.7216,22.3019,10809.3313,220.0,280.0,51.7222,22.2972,10807.2519,220.0,280.0,51.7227,22.2925,10801.9822,220.0,280.0,51.7232,22.2877,10804.0775,220.0,280.0,51.7237,22.283,10806.1026,220.0,280.0,51.7242,22.2783,10800.9442,220.0,280.0,51.7247,22.2736,10804.3919,220.0,280.0
47,4ba8c2,TAR9FX,Turkey,52.19999,23.24117,9497.6,245,270,0.0,0,0,,52.2,23.2412,9497.6217,245.0,270.0,0.7083,-0.3034,-0.2974,0.4758,0.1378,8.0,9.0,9.0,0.9279,0.2947,1.0,52.2,23.3221,9509.4089,245.0,270.0,52.2,23.3167,9510.8229,245.0,270.0,52.2,23.3113,9513.6171,245.0,270.0,52.2,23.3059,9520.5551,245.0,270.0,52.2,23.3005,9531.0317,245.0,270.0,52.2,23.2951,9530.1428,245.0,270.0,52.2,23.2897,9534.9971,245.0,270.0,52.2,23.2843,9533.9255,245.0,270.0,52.2,23.2789,9519.8332,245.0,270.0,52.2,23.2735,9517.608,245.0,270.0,52.2,23.2681,9513.5716,245.0,270.0,52.2,23.2627,9509.3163,245.0,270.0,52.2,23.2573,9508.9981,245.0,270.0,52.2,23.252,9509.3873,245.0,270.0,52.2,23.2466,9508.1418,245.0,270.0,52.2,23.2412,9497.6217,245.0,270.0
47,4cab4c,EZY42AC,United Kingdom,54.57323,17.7619,11772.5,238,100,0.0,0,0,,54.5732,17.7619,11772.5378,238.0,100.0,-0.0925,-0.0817,-0.1765,0.0115,-0.237,8.0,9.0,9.0,0.9351,0.4577,1.0,54.5816,17.6801,11803.3625,238.0,100.0,54.581,17.6855,11797.1124,238.0,100.0,54.5805,17.691,11790.8536,238.0,100.0,54.5799,17.6964,11782.2273,238.0,100.0,54.5794,17.7019,11788.3149,238.0,100.0,54.5788,17.7074,11791.3932,238.0,100.0,54.5783,17.7128,11783.42,238.0,100.0,54.5777,17.7183,11785.395,238.0,100.0,54.5771,17.7237,11788.9646,238.0,100.0,54.5766,17.7292,11787.2608,238.0,100.0,54.576,17.7346,11783.3283,238.0,100.0,54.5755,17.7401,11792.2378,238.0,100.0,54.5749,17.7455,11789.2078,238.0,100.0,54.5743,17.751,11787.1965,238.0,100.0,54.5738,17.7564,11780.5367,238.0,100.0,54.5732,17.7619,11772.5378,238.0,100.0
48,4ca87b,RYR2KE,Ireland,54.39999,18.76117,10983.2,230,90,0.0,0,0,,54.4,18.7612,10983.1959,230.0,90.0,-1.7932,-0.0013,0.1337,0.0946,-0.184,8.0,9.0,9.0,0.9047,0.5226,1.0,54.4,18.6812,10987.2398,230.0,90.0,54.4,18.6865,10985.1228,230.0,90.0,54.4,18.6919,10981.7903,230.0,90.0,54.4,18.6972,10983.1467,230.0,90.0,54.4,18.7025,10984.0355,230.0,90.0,54.4,18.7079,10983.7255,230.0,90.0,54.4,18.7132,10977.3493,230.0,90.0,54.4,18.7185,10981.381,230.0,90.0,54.4,18.7239,10987.7273,230.0,90.0,54.4,18.7292,10978.3747,230.0,90.0,54.4,18.7345,10975.377,230.0,90.0,54.4,18.7398,10973.4881,230.0,90.0,54.4,18.7452,10974.0141,230.0,90.0,54.4,18.7505,10981.2034,230.0,90.0,54.4,18.7558,10982.0612,230.0,90.0,54.4,18.7612,10983.1959,230.0,90.0
48,471f8b,LOT283,Poland,52.6114,20.74625,9560.9,220,320,0.0,0,0,,52.6114,20.7463,9560.8559,220.0,320.0,-0.0833,0.0612,-0.2282,-0.5267,-0.0823,8.0,9.0,9.0,0.9416,0.2697,1.0,52.5773,20.7934,9556.396,220.0,320.0,52.5796,20.7902,9561.0983,220.0,320.0,52.5818,20.7871,9562.5759,220.0,320.0,52.5841,20.7839,9564.4154,220.0,320.0,52.5864,20.7808,9563.966,220.0,320.0,52.5887,20.7777,9563.9698,220.0,320.0,52.5909,20.7745,9559.8274,220.0,320.0,52.5932,20.7714,9563.2087,220.0,320.0,52.5955,20.7682,9568.8491,220.0,320.0,52.5978,20.7651,9562.3122,220.0,320.0,52.6,20.762,9577.7022,220.0,320.0,52.6023,20.7588,9573.6519,220.0,320.0,52.6046,20.7557,9573.7105,220.0,320.0,52.6068,20.7525,9570.5057,220.0,320.0,52.6091,20.7494,9565.8088,220.0,320.0,52.6114,20.7463,9560.8559,220.0,320.0
48,3c6589,DLH4ZW,Germany,53.52754,14.76274,11494.9,240,80,0.0,0,0,,53.5275,14.7627,11494.9351,240.0,80.0,-1.3288,0.1667,-0.1517,0.2162,0.017,8.0,9.0,9.0,0.9196,0.5088,1.0,53.5191,14.6823,11489.5682,240.0,80.0,53.5197,14.6877,11503.3393,240.0,80.0,53.5202,14.693,11505.9468,240.0,80.0,53.5208,14.6984,11507.3406,240.0,80.0,53.5214,14.7037,11502.7121,240.0,80.0,53.5219,14.7091,11505.2446,240.0,80.0,53.5225,14.7145,11513.0045,240.0,80.0,53.523,14.7198,11511.5848,240.0,80.0,53.5236,14.7252,11513.2061,240.0,80.0,53.5242,14.7306,11512.4507,240.0,80.0,53.5247,14.7359,11502.6569,240.0,80.0,53.5253,14.7413,11499.5097,240.0,80.0,53.5259,14.7466,11493.467,240.0,80.0,53.5264,14.752,11489.3392,240.0,80.0,53.527,14.7574,11492.4619,240.0,80.0,53.5275,14.7627,11494.9351,240.0,80.0
48,4b1805,SWR12X,Switzerland,52.65403,17.91228,10739.7,235,200,0.0,0,0,,52.654,17.9123,10739.7212,235.0,200.0,-0.2791,-0.0516,0.6384,0.055,-0.0468,8.0,9.0,9.0,0.9467,0.5909,1.0,52.6987,17.9391,10768.3901,235.0,200.0,52.6957,17.9373,10764.166,235.0,200.0,52.6928,17.9355,10759.9564,235.0,200.0,52.6898,17.9337,10761.1945,235.0,200.0,52.6868,17.9319,10759.4838,235.0,200.0,52.6838,17.9302,10757.4803,235.0,200.0,52.6808,17.9284,10753.2751,235.0,200.0,52.6779,17.9266,10757.8384,235.0,200.0,52.6749,17.9248,10762.4143,235.0,200.0,52.6719,17.923,10761.5656,235.0,200.0,52.6689,17.9212,10760.9907,235.0,200.0,52.6659,17.9194,10758.3916,235.0,200.0,52.663,17.9176,10746.3847,235.0,200.0,52.66,17.9159,10742.7992,235.0,200.0,52.657,17.9141,10745.5013,235.0,200.0,52.654,17.9123,10739.7212,235.0,200.0
48,440048,BAW893,United Kingdom,53.71339,15.29281,12017.0,250,60,0.0,0,1,smooth_drift,53.7134,15.2928,12016.9948,250.0,60.0,-0.1208,0.04,-0.06,0.2072,-0.3804,6.0,9.0,9.0,0.4,0.3082,1.0,53.2881,15.8192,11991.6967,250.0,60.0,53.309,15.7952,12000.2228,250.0,60.0,53.3307,15.7701,11999.2086,250.0,60.0,53.3532,15.7439,12013.0371,250.0,60.0,53.3764,15.7164,12020.8302,250.0,60.0,53.4004,15.6879,12016.452,250.0,60.0,53.4251,15.6582,12015.0908,250.0,60.0,53.4507,15.6273,12008.4489,250.0,60.0,53.477,15.5953,12009.2974,250.0,60.0,53.504,15.5621,12020.9964,250.0,60.0,53.5319,15.5278,12018.0147,250.0,60.0,53.5605,15.4923,12022.7829,250.0,60.0,53.5899,15.4557,12020.5023,250.0,60.0,53.62,15.418,12028.8103,250.0,60.0,53.6509,15.379,12022.0864,250.0,60.0,53.6826,15.339,12016.9948,250.0,60.0
48,4ac9b0,SAS2HK,Sweden,55.42729,17.22214,10514.0,220,120,0.0,0,0,,55.4273,17.2221,10514.0349,220.0,120.0,-0.4721,0.0465,-0.016,-0.2216,0.1209,8.0,9.0,9.0,0.9186,0.38,1.0,55.4495,17.1542,10508.3849,220.0,120.0,55.4481,17.1587,10508.9542,220.0,120.0,55.4466,17.1632,10506.998,220.0,120.0,55.4451,17.1678,10504.9694,220.0,120.0,55.4436,17.1723,10508.8329,220.0,120.0,55.4421,17.1768,10508.8694,220.0,120.0,55.4406,17.1814,10506.7318,220.0,120.0,55.4392,17.1859,10507.1364,220.0,120.0,55.4377,17.1904,10507.8819,220.0,120.0,55.4362,17.195,10511.6506,220.0,120.0,55.4347,17.1995,10513.5585,220.0,120.0,55.4332,17.204,10515.4754,220.0,120.0,55.4317,17.2085,10515.0872,220.0,120.0,55.4303,17.2131,10507.8671,220.0,120.0,55.4288,17.2176,10507.7072,220.0,120.0,55.4273,17.2221,10514.0349,220.0,120.0
48,3917a3,AFR1219,France,51.50197,13.67227,10948.7,225,150,0.0,0,1,smooth_drift,51.502,13.6723,10948.7387,225.0,150.0,0.0397,0.04,-0.06,-0.0299,-0.4811,6.0,9.0,9.0,0.4,0.4391,1.0,51.1414,14.2359,10961.7237,225.0,150.0,51.158,14.2094,10958.9565,225.0,150.0,51.1754,14.1819,10958.1695,225.0,150.0,51.1935,14.1531,10959.3814,225.0,150.0,51.2124,14.1232,10962.4916,225.0,150.0,51.2321,14.0922,10962.5033,225.0,150.0,51.2525,14.06,10958.5372,225.0,150.0,51.2738,14.0267,10955.9888,225.0,150.0,51.2958,13.9922,10951.2585,225.0,150.0,51.3185,13.9565,10951.4973,225.0,150.0,51.342,13.9197,10952.5095,225.0,150.0,51.3663,13.8818,10951.8708,225.0,150.0,51.3914,13.8427,10945.6594,225.0,150.0,51.4172,13.8024,10941.4757,225.0,150.0,51.4438,13.761,10942.7835,225.0,150.0,51.4712,13.7184,10948.7387,225.0,150.0
48,46b8c1,FIN6KP,Finland,55.86645,20.91323,9982.5,215,200,0.0,0,0,,55.8665,20.9132,9982.5116,215.0,200.0,-1.5503,0.2659,0.0066,-0.0076,0.1161,8.0,9.0,9.0,0.9819,0.4825,1.0,55.9073,20.9398,9991.949,215.0,200.0,55.9046,20.938,10008.0926,215.0,200.0,55.9019,20.9362,9993.8452,215.0,200.0,55.8992,20.9345,9988.3909,215.0,200.0,55.8964,20.9327,9991.5877,215.0,200.0,55.8937,20.9309,9982.6464,215.0,200.0,55.891,20.9291,9975.5437,215.0,200.0,55.8883,20.9274,9980.6618,215.0,200.0,55.8855,20.9256,9989.4666,215.0,200.0,55.8828,20.9238,9988.2964,215.0,200.0,55.8801,20.9221,9984.9086,215.0,200.0,55.8774,20.9203,9982.2477,215.0,200.0,55.8746,20.9185,9985.555,215.0,200.0,55.8719,20.9168,9983.5826,215.0,200.0,55.8692,20.915,9979.1161,215.0,200.0,55.8665,20.9132,9982.5116,215.0,200.0
48,4ca8e0,RYR3LM,Ireland,53.62332,19.57588,11190.6,232,240,0.0,0,0,,53.6233,19.5759,11190.6292,232.0,240.0,-0.0257,0.1388,0.1786,0.2338,0.0732,8.0,9.0,9.0,0.9022,0.3775,1.0,53.6468,19.6444,11187.8774,232.0,240.0,53.6452,19.6399,11185.6143,232.0,240.0,53.6437,19.6353,11185.357,232.0,240.0,53.6421,19.6307,11191.8123,232.0,240.0,53.6405,19.6262,11196.5227,232.0,240.0,53.639,19.6216,11193.8866,232.0,240.0,53.6374,19.617,11193.1546,232.0,240.0,53.6358,19.6124,11200.7347,232.0,240.0,53.6343,19.6079,11206.1107,232.0,240.0,53.6327,19.6033,11197.6053,232.0,240.0,53.6311,19.5987,11199.3095,232.0,240.0,53.6296,19.5942,11193.0316,232.0,240.0,53.628,19.5896,11200.1809,232.0,240.0,53.6264,19.585,11197.4845,232.0,240.0,53.6249,19.5804,11195.4195,232.0,240.0,53.6233,19.5759,11190.6292,232.0,240.0
48,478129,WZZ2BV,Hungary,51.72525,22.26887,10801.0,220,280,0.0,0,0,,51.7252,22.2689,10801.0124,220.0,280.0,0.6273,0.1275,0.1927,-0.027,-0.0736,8.0,9.0,9.0,0.9404,0.4173,1.0,51.7175,22.3396,10808.0735,220.0,280.0,51.718,22.3349,10810.0566,220.0,280.0,51.7185,22.3302,10822.2182,220.0,280.0,51.7191,22.3255,10824.8741,220.0,280.0,51.7196,22.3208,10810.6055,220.0,280.0,51.7201,22.316,10818.4594,220.0,280.0,51.7206,22.3113,10816.0282,220.0,280.0,51.7211,22.3066,10810.2152,220.0,280.0,51.7216,22.3019,10809.3313,220.0,280.0,51.7222,22.2972,10807.2519,220.0,280.0,51.7227,22.2925,10801.9822,220.0,280.0,51.7232,22.2877,10804.0775,220.0,280.0,51.7237,22.283,10806.1026,220.0,280.0,51.7242,22.2783,10800.9442,220.0,280.0,51.7247,22.2736,10804.3919,220.0,280.0,51.7252,22.2689,10801.0124,220.0,280.0
48,4ba8c2,TAR9FX,Turkey,52.19999,23.23578,9495.6,245,270,0.0,0,0,,52.2,23.2358,9495.6003,245.0,270.0,1.568,-0.2143,0.1477,0.0768,-0.1641,8.0,9.0,9.0,0.895,0.4776,1.0,52.2,23.3167,9510.8229,245.0,270.0,52.2,23.3113,9513.6171,245.0,270.0,52.2,23.3059,9520.5551,245.0,270.0,52.2,23.3005,9531.0317,245.0,270.0,52.2,23.2951,9530.1428,245.0,270.0,52.2,23.2897,9534.9971,245.0,270.0,52.2,23.2843,9533.9255,245.0,270.0,52.2,23.2789,9519.8332,245.0,270.0,52.2,23.2735,9517.608,245.0,270.0,52.2,23.2681,9513.5716,245.0,270.0,52.2,23.2627,9509.3163,245.0,270.0,52.2,23.2573,9508.9981,245.0,270.0,52.2,23.252,9509.3873,245.0,270.0,52.2,23.2466,9508.1418,245.0,270.0,52.2,23.2412,9497.6217,245.0,270.0,52.2,23.2358,9495.6003,245.0,270.0
48,4cab4c,EZY42AC,United Kingdom,54.57268,17.76736,11773.1,238,100,0.0,0,0,,54.5727,17.7674,11773.0999,238.0,100.0,-0.8262,0.1671,0.0525,-0.0672,-0.1898,8.0,9.0,9.0,0.8969,0.2699,1.0,54.581,17.6855,11797.1124,238.0,100.0,54.5805,17.691,11790.8536,238.0,100.0,54.5799,17.6964,11782.2273,238.0,100.0,54.5794,17.7019,11788.3149,238.0,100.0,54.5788,17.7074,11791.3932,238.0,100.0,54.5783,17.7128,11783.42,238.0,100.0,54.5777,17.7183,11785.395,238.0,100.0,54.5771,17.7237,11788.9646,238.0,100.0,54.5766,17.7292,11787.2608,238.0,100.0,54.576,17.7346,11783.3283,238.0,100.0,54.5755,17.7401,11792.2378,238.0,100.0,54.5749,17.7455,11789.2078,238.0,100.0,54.5743,17.751,11787.1965,238.0,100.0,54.5738,17.7564,11780.5367,238.0,100.0,54.5732,17.7619,11772.5378,238.0,100.0,54.5727,17.7674,11773.0999,238.0,100.0
49,4ca87b,RYR2KE,Ireland,54.39999,18.7665,10983.1,230,90,0.0,0,0,,54.4,18.7665,10983.0675,230.0,90.0,0.4254,-0.0177,0.2825,0.1966,-0.114,8.0,9.0,9.0,0.9307,0.3743,1.0,54.4,18.6865,10985.1228,230.0,90.0,54.4,18.6919,10981.7903,230.0,90.0,54.4,18.6972,10983.1467,230.0,90.0,54.4,18.7025,10984.0355,230.0,90.0,54.4,18.7079,10983.7255,230.0,90.0,54.4,18.7132,10977.3493,230.0,90.0,54.4,18.7185,10981.381,230.0,90.0,54.4,18.7239,10987.7273,230.0,90.0,54.4,18.7292,10978.3747,230.0,90.0,54.4,18.7345,10975.377,230.0,90.0,54.4,18.7398,10973.4881,230.0,90.0,54.4,18.7452,10974.0141,230.0,90.0,54.4,18.7505,10981.2034,230.0,90.0,54.4,18.7558,10982.0612,230.0,90.0,54.4,18.7612,10983.1959,230.0,90.0,54.4,18.7665,10983.0675,230.0,90.0
49,471f8b,LOT283,Poland,52.61367,20.74311,9566.7,220,320,0.0,0,0,,52.6137,20.7431,9566.6724,220.0,320.0,-1.1226,0.0277,0.0277,0.1364,0.2423,8.0,9.0,9.0,0.9316,0.5163,1.0,52.5796,20.7902,9561.0983,220.0,320.0,52.5818,20.7871,9562.5759,220.0,320.0,52.5841,20.7839,9564.4154,220.0,320.0,52.5864,20.7808,9563.966,220.0,320.0,52.5887,20.7777,9563.9698,220.0,320.0,52.5909,20.7745,9559.8274,220.0,320.0,52.5932,20.7714,9563.2087,220.0,320.0,52.5955,20.7682,9568.8491,220.0,320.0,52.5978,20.7651,9562.3122,220.0,320.0,52.6,20.762,9577.7022,220.0,320.0,52.6023,20.7588,9573.6519,220.0,320.0,52.6046,20.7557,9573.7105,220.0,320.0,52.6068,20.7525,9570.5057,220.0,320.0,52.6091,20.7494,9565.8088,220.0,320.0,52.6114,20.7463,9560.8559,220.0,320.0,52.6137,20.7431,9566.6724,220.0,320.0
49,3c6589,DLH4ZW,Germany,53.5281,14.7681,11494.2,240,80,0.0,0,0,,53.5281,14.7681,11494.1773,240.0,80.0,-0.3548,0.333,0.3692,0.3778,0.2994,8.0,9.0,9.0,0.906,0.4806,1.0,53.5197,14.6877,11503.3393,240.0,80.0,53.5202,14.693,11505.9468,240.0,80.0,53.5208,14.6984,11507.3406,240.0,80.0,53.5214,14.7037,11502.7121,240.0,80.0,53.5219,14.7091,11505.2446,240.0,80.0,53.5225,14.7145,11513.0045,240.0,80.0,53.523,14.7198,11511.5848,240.0,80.0,53.5236,14.7252,11513.2061,240.0,80.0,53.5242,14.7306,11512.4507,240.0,80.0,53.5247,14.7359,11502.6569,240.0,80.0,53.5253,14.7413,11499.5097,240.0,80.0,53.5259,14.7466,11493.467,240.0,80.0,53.5264,14.752,11489.3392,240.0,80.0,53.527,14.7574,11492.4619,240.0,80.0,53.5275,14.7627,11494.9351,240.0,80.0,53.5281,14.7681,11494.1773,240.0,80.0
49,4b1805,SWR12X,Switzerland,52.65105,17.91049,10736.3,235,200,0.0,0,0,,52.6511,17.9105,10736.3472,235.0,200.0,2.2826,-0.1576,-0.174,-0.2129,-0.3623,8.0,9.0,9.0,0.9418,0.2283,1.0,52.6957,17.9373,10764.166,235.0,200.0,52.6928,17.9355,10759.9564,235.0,200.0,52.6898,17.9337,10761.1945,235.0,200.0,52.6868,17.9319,10759.4838,235.0,200.0,52.6838,17.9302,10757.4803,235.0,200.0,52.6808,17.9284,10753.2751,235.0,200.0,52.6779,17.9266,10757.8384,235.0,200.0,52.6749,17.9248,10762.4143,235.0,200.0,52.6719,17.923,10761.5656,235.0,200.0,52.6689,17.9212,10760.9907,235.0,200.0,52.6659,17.9194,10758.3916,235.0,200.0,52.663,17.9176,10746.3847,235.0,200.0,52.66,17.9159,10742.7992,235.0,200.0,52.657,17.9141,10745.5013,235.0,200.0,52.654,17.9123,10739.7212,235.0,200.0,52.6511,17.9105,10736.3472,235.0,200.0
49,440048,BAW893,United Kingdom,53.74661,15.25044,12009.8,250,60,0.0,0,1,smooth_drift,53.7466,15.2504,12009.7709,250.0,60.0,-2.2304,0.04,-0.06,-0.0138,-0.153,6.0,9.0,9.0,0.4,0.1848,1.0,53.309,15.7952,12000.2228,250.0,60.0,53.3307,15.7701,11999.2086,250.0,60.0,53.3532,15.7439,12013.0371,250.0,60.0,53.3764,15.7164,12020.8302,250.0,60.0,53.4004,15.6879,12016.452,250.0,60.0,53.4251,15.6582,12015.0908,250.0,60.0,53.4507,15.6273,12008.4489,250.0,60.0,53.477,15.5953,12009.2974,250.0,60.0,53.504,15.5621,12020.9964,250.0,60.0,53.5319,15.5278,12018.0147,250.0,60.0,53.5605,15.4923,12022.7829,250.0,60.0,53.5899,15.4557,12020.5023,250.0,60.0,53.62,15.418,12028.8103,250.0,60.0,53.6509,15.379,12022.0864,250.0,60.0,53.6826,15.339,12016.9948,250.0,60.0,53.7151,15.2977,12009.7709,250.0,60.0
49,4ac9b0,SAS2HK,Sweden,55.4258,17.22667,10508.5,220,120,0.0,0,0,,55.4258,17.2267,10508.5409,220.0,120.0,-0.1141,0.1347,0.0472,0.0849,0.2958,8.0,9.0,9.0,0.9142,0.2319,1.0,55.4481,17.1587,10508.9542,220.0,120.0,55.4466,17.1632,10506.998,220.0,120.0,55.4451,17.1678,10504.9694,220.0,120.0,55.4436,17.1723,10508.8329,220.0,120.0,55.4421,17.1768,10508.8694,220.0,120.0,55.4406,17.1814,10506.7318,220.0,120.0,55.4392,17.1859,10507.1364,220.0,120.0,55.4377,17.1904,10507.8819,220.0,120.0,55.4362,17.195,10511.6506,220.0,120.0,55.4347,17.1995,10513.5585,220.0,120.0,55.4332,17.204,10515.4754,220.0,120.0,55.4317,17.2085,10515.0872,220.0,120.0,55.4303,17.2131,10507.8671,220.0,120.0,55.4288,17.2176,10507.7072,220.0,120.0,55.4273,17.2221,10514.0349,220.0,120.0,55.4258,17.2267,10508.5409,220.0,120.0
49,3917a3,AFR1219,France,51.53088,13.6274,10934.4,225,150,0.0,0,1,smooth_drift,51.5309,13.6274,10934.3963,225.0,150.0,0.229,0.04,-0.06,0.0544,-0.2238,6.0,9.0,9.0,0.4,0.3092,1.0,51.158,14.2094,10958.9565,225.0,150.0,51.1754,14.1819,10958.1695,225.0,150.0,51.1935,14.1531,10959.3814,225.0,150.0,51.2124,14.1232,10962.4916,225.0,150.0,51.2321,14.0922,10962.5033,225.0,150.0,51.2525,14.06,10958.5372,225.0,150.0,51.2738,14.0267,10955.9888,225.0,150.0,51.2958,13.9922,10951.2585,225.0,150.0,51.3185,13.9565,10951.4973,225.0,150.0,51.342,13.9197,10952.5095,225.0,150.0,51.3663,13.8818,10951.8708,225.0,150.0,51.3914,13.8427,10945.6594,225.0,150.0,51.4172,13.8024,10941.4757,225.0,150.0,51.4438,13.761,10942.7835,225.0,150.0,51.4712,13.7184,10948.7387,225.0,150.0,51.4993,13.6747,10934.3963,225.0,150.0
49,46b8c1,FIN6KP,Finland,55.86373,20.91146,9981.2,215,200,0.0,0,0,,55.8637,20.9115,9981.1543,215.0,200.0,-0.8672,-0.0422,-0.2652,-0.1068,-0.2494,8.0,9.0,9.0,0.918,0.4047,1.0,55.9046,20.938,10008.0926,215.0,200.0,55.9019,20.9362,9993.8452,215.0,200.0,55.8992,20.9345,9988.3909,215.0,200.0,55.8964,20.9327,9991.5877,215.0,200.0,55.8937,20.9309,9982.6464,215.0,200.0,55.891,20.9291,9975.5437,215.0,200.0,55.8883,20.9274,9980.6618,215.0,200.0,55.8855,20.9256,9989.4666,215.0,200.0,55.8828,20.9238,9988.2964,215.0,200.0,55.8801,20.9221,9984.9086,215.0,200.0,55.8774,20.9203,9982.2477,215.0,200.0,55.8746,20.9185,9985.555,215.0,200.0,55.8719,20.9168,9983.5826,215.0,200.0,55.8692,20.915,9979.1161,215.0,200.0,55.8665,20.9132,9982.5116,215.0,200.0,55.8637,20.9115,9981.1543,215.0,200.0
49,4ca8e0,RYR3LM,Ireland,53.62175,19.57131,11198.6,232,240,0.0,0,0,,53.6218,19.5713,11198.5634,232.0,240.0,0.9703,-0.126,0.0037,-0.0147,0.2901,8.0,9.0,9.0,0.9237,0.3528,1.0,53.6452,19.6399,11185.6143,232.0,240.0,53.6437,19.6353,11185.357,232.0,240.0,53.6421,19.6307,11191.8123,232.0,240.0,53.6405,19.6262,11196.5227,232.0,240.0,53.639,19.6216,11193.8866,232.0,240.0,53.6374,19.617,11193.1546,232.0,240.0,53.6358,19.6124,11200.7347,232.0,240.0,53.6343,19.6079,11206.1107,232.0,240.0,53.6327,19.6033,11197.6053,232.0,240.0,53.6311,19.5987,11199.3095,232.0,240.0,53.6296,19.5942,11193.0316,232.0,240.0,53.628,19.5896,11200.1809,232.0,240.0,53.6264,19.585,11197.4845,232.0,240.0,53.6249,19.5804,11195.4195,232.0,240.0,53.6233,19.5759,11190.6292,232.0,240.0,53.6218,19.5713,11198.5634,232.0,240.0
49,478129,WZZ2BV,Hungary,51.72576,22.26415,10790.3,220,280,0.0,0,0,,51.7258,22.2641,10790.3312,220.0,280.0,0.3017,-0.0069,0.0916,-0.2917,0.0308,8.0,9.0,9.0,0.9393,0.5399,1.0,51.718,22.3349,10810.0566,220.0,280.0,51.7185,22.3302,10822.2182,220.0,280.0,51.7191,22.3255,10824.8741,220.0,280.0,51.7196,22.3208,10810.6055,220.0,280.0,51.7201,22.316,10818.4594,220.0,280.0,51.7206,22.3113,10816.0282,220.0,280.0,51.7211,22.3066,10810.2152,220.0,280.0,51.7216,22.3019,10809.3313,220.0,280.0,51.7222,22.2972,10807.2519,220.0,280.0,51.7227,22.2925,10801.9822,220.0,280.0,51.7232,22.2877,10804.0775,220.0,280.0,51.7237,22.283,10806.1026,220.0,280.0,51.7242,22.2783,10800.9442,220.0,280.0,51.7247,22.2736,10804.3919,220.0,280.0,51.7252,22.2689,10801.0124,220.0,280.0,51.7258,22.2641,10790.3312,220.0,280.0
49,4ba8c2,TAR9FX,Turkey,52.19999,23.23038,9489.1,245,270,0.0,0,0,,52.2,23.2304,9489.1228,245.0,270.0,-1.3094,0.0149,0.3061,-0.104,-0.4704,8.0,9.0,9.0,0.9359,0.452,1.0,52.2,23.3113,9513.6171,245.0,270.0,52.2,23.3059,9520.5551,245.0,270.0,52.2,23.3005,9531.0317,245.0,270.0,52.2,23.2951,9530.1428,245.0,270.0,52.2,23.2897,9534.9971,245.0,270.0,52.2,23.2843,9533.9255,245.0,270.0,52.2,23.2789,9519.8332,245.0,270.0,52.2,23.2735,9517.608,245.0,270.0,52.2,23.2681,9513.5716,245.0,270.0,52.2,23.2627,9509.3163,245.0,270.0,52.2,23.2573,9508.9981,245.0,270.0,52.2,23.252,9509.3873,245.0,270.0,52.2,23.2466,9508.1418,245.0,270.0,52.2,23.2412,9497.6217,245.0,270.0,52.2,23.2358,9495.6003,245.0,270.0,52.2,23.2304,9489.1228,245.0,270.0
49,4cab4c,EZY42AC,United Kingdom,54.57212,17.77281,11770.4,238,100,0.0,0,0,,54.5721,17.7728,11770.4064,238.0,100.0,-0.4485,-0.0767,-0.1835,0.0367,-0.401,8.0,9.0,9.0,0.9344,0.2995,1.0,54.5805,17.691,11790.8536,238.0,100.0,54.5799,17.6964,11782.2273,238.0,100.0,54.5794,17.7019,11788.3149,238.0,100.0,54.5788,17.7074,11791.3932,238.0,100.0,54.5783,17.7128,11783.42,238.0,100.0,54.5777,17.7183,11785.395,238.0,100.0,54.5771,17.7237,11788.9646,238.0,100.0,54.5766,17.7292,11787.2608,238.0,100.0,54.576,17.7346,11783.3283,238.0,100.0,54.5755,17.7401,11792.2378,238.0,100.0,54.5749,17.7455,11789.2078,238.0,100.0,54.5743,17.751,11787.1965,238.0,100.0,54.5738,17.7564,11780.5367,238.0,100.0,54.5732,17.7619,11772.5378,238.0,100.0,54.5727,17.7674,11773.0999,238.0,100.0,54.5721,17.7728,11770.4064,238.0,100.0
50,4ca87b,RYR2KE,Ireland,54.39999,18.77183,10980.9,230,90,0.0,0,0,,54.4,18.7718,10980.9021,230.0,90.0,-0.6552,0.1465,-0.2159,-0.0768,-0.334,8.0,9.0,9.0,0.9285,0.4036,1.0,54.4,18.6919,10981.7903,230.0,90.0,54.4,18.6972,10983.1467,230.0,90.0,54.4,18.7025,10984.0355,230.0,90.0,54.4,18.7079,10983.7255,230.0,90.0,54.4,18.7132,10977.3493,230.0,90.0,54.4,18.7185,10981.381,230.0,90.0,54.4,18.7239,10987.7273,230.0,90.0,54.4,18.7292,10978.3747,230.0,90.0,54.4,18.7345,10975.377,230.0,90.0,54.4,18.7398,10973.4881,230.0,90.0,54.4,18.7452,10974.0141,230.0,90.0,54.4,18.7505,10981.2034,230.0,90.0,54.4,18.7558,10982.0612,230.0,90.0,54.4,18.7612,10983.1959,230.0,90.0,54.4,18.7665,10983.0675,230.0,90.0,54.4,18.7718,10980.9021,230.0,90.0
50,471f8b,LOT283,Poland,52.61594,20.73997,9557.2,220,320,0.0,0,0,,52.6159,20.74,9557.2251,220.0,320.0,-1.2041,0.0936,0.1143,-0.1475,-0.1253,8.0,9.0,9.0,0.9381,0.5104,1.0,52.5818,20.7871,9562.5759,220.0,320.0,52.5841,20.7839,9564.4154,220.0,320.0,52.5864,20.7808,9563.966,220.0,320.0,52.5887,20.7777,9563.9698,220.0,320.0,52.5909,20.7745,9559.8274,220.0,320.0,52.5932,20.7714,9563.2087,220.0,320.0,52.5955,20.7682,9568.8491,220.0,320.0,52.5978,20.7651,9562.3122,220.0,320.0,52.6,20.762,9577.7022,220.0,320.0,52.6023,20.7588,9573.6519,220.0,320.0,52.6046,20.7557,9573.7105,220.0,320.0,52.6068,20.7525,9570.5057,220.0,320.0,52.6091,20.7494,9565.8088,220.0,320.0,52.6114,20.7463,9560.8559,220.0,320.0,52.6137,20.7431,9566.6724,220.0,320.0,52.6159,20.74,9557.2251,220.0,320.0
50,3c6589,DLH4ZW,Germany,53.52867,14.77346,11498.6,240,80,0.0,0,0,,53.5287,14.7735,11498.6287,240.0,80.0,-0.9083,-0.0145,-0.2401,0.2544,-0.4082,8.0,9.0,9.0,0.8722,0.3446,1.0,53.5202,14.693,11505.9468,240.0,80.0,53.5208,14.6984,11507.3406,240.0,80.0,53.5214,14.7037,11502.7121,240.0,80.0,53.5219,14.7091,11505.2446,240.0,80.0,53.5225,14.7145,11513.0045,240.0,80.0,53.523,14.7198,11511.5848,240.0,80.0,53.5236,14.7252,11513.2061,240.0,80.0,53.5242,14.7306,11512.4507,240.0,80.0,53.5247,14.7359,11502.6569,240.0,80.0,53.5253,14.7413,11499.5097,240.0,80.0,53.5259,14.7466,11493.467,240.0,80.0,53.5264,14.752,11489.3392,240.0,80.0,53.527,14.7574,11492.4619,240.0,80.0,53.5275,14.7627,11494.9351,240.0,80.0,53.5281,14.7681,11494.1773,240.0,80.0,53.5287,14.7735,11498.6287,240.0,80.0
50,4b1805,SWR12X,Switzerland,52.64807,17.9087,10735.9,235,200,0.0,0,0,,52.6481,17.9087,10735.9243,235.0,200.0,-1.5498,0.1297,-0.0339,0.1922,0.2427,8.0,9.0,9.0,0.9238,0.2769,1.0,52.6928,17.9355,10759.9564,235.0,200.0,52.6898,17.9337,10761.1945,235.0,200.0,52.6868,17.9319,10759.4838,235.0,200.0,52.6838,17.9302,10757.4803,235.0,200.0,52.6808,17.9284,10753.2751,235.0,200.0,52.6779,17.9266,10757.8384,235.0,200.0,52.6749,17.9248,10762.4143,235.0,200.0,52.6719,17.923,10761.5656,235.0,200.0,52.6689,17.9212,10760.9907,235.0,200.0,52.6659,17.9194,10758.3916,235.0,200.0,52.663,17.9176,10746.3847,235.0,200.0,52.66,17.9159,10742.7992,235.0,200.0,52.657,17.9141,10745.5013,235.0,200.0,52.654,17.9123,10739.7212,235.0,200.0,52.6511,17.9105,10736.3472,235.0,200.0,52.6481,17.9087,10735.9243,235.0,200.0
50,440048,BAW893,United Kingdom,53.78061,15.20692,12021.9,250,60,0.0,0,1,smooth_drift,53.7806,15.2069,12021.9117,250.0,60.0,-0.4965,0.04,-0.06,-0.16,-0.0874,6.0,9.0,9.0,0.4,0.4304,1.0,53.3307,15.7701,11999.2086,250.0,60.0,53.3532,15.7439,12013.0371,250.0,60.0,53.3764,15.7164,12020.8302,250.0,60.0,53.4004,15.6879,12016.452,250.0,60.0,53.4251,15.6582,12015.0908,250.0,60.0,53.4507,15.6273,12008.4489,250.0,60.0,53.477,15.5953,12009.2974,250.0,60.0,53.504,15.5621,12020.9964,250.0,60.0,53.5319,15.5278,12018.0147,250.0,60.0,53.5605,15.4923,12022.7829,250.0,60.0,53.5899,15.4557,12020.5023,250.0,60.0,53.62,15.418,12028.8103,250.0,60.0,53.6509,15.379,12022.0864,250.0,60.0,53.6826,15.339,12016.9948,250.0,60.0,53.7151,15.2977,12009.7709,250.0,60.0,53.7483,15.2554,12021.9117,250.0,60.0
50,4ac9b0,SAS2HK,Sweden,55.42432,17.23119,10509.4,220,120,0.0,0,0,,55.4243,17.2312,10509.4323,220.0,120.0,0.395,-0.0546,-0.0348,0.0519,-0.0145,8.0,9.0,9.0,0.9117,0.6278,1.0,55.4466,17.1632,10506.998,220.0,120.0,55.4451,17.1678,10504.9694,220.0,120.0,55.4436,17.1723,10508.8329,220.0,120.0,55.4421,17.1768,10508.8694,220.0,120.0,55.4406,17.1814,10506.7318,220.0,120.0,55.4392,17.1859,10507.1364,220.0,120.0,55.4377,17.1904,10507.8819,220.0,120.0,55.4362,17.195,10511.6506,220.0,120.0,55.4347,17.1995,10513.5585,220.0,120.0,55.4332,17.204,10515.4754,220.0,120.0,55.4317,17.2085,10515.0872,220.0,120.0,55.4303,17.2131,10507.8671,220.0,120.0,55.4288,17.2176,10507.7072,220.0,120.0,55.4273,17.2221,10514.0349,220.0,120.0,55.4258,17.2267,10508.5409,220.0,120.0,55.4243,17.2312,10509.4323,220.0,120.0
50,3917a3,AFR1219,France,51.56056,13.58138,10938.7,225,150,0.0,0,1,smooth_drift,51.5606,13.5814,10938.7127,225.0,150.0,0.0736,0.04,-0.06,0.1991,0.1339,6.0,9.0,9.0,0.4,0.2628,1.0,51.1754,14.1819,10958.1695,225.0,150.0,51.1935,14.1531,10959.3814,225.0,150.0,51.2124,14.1232,10962.4916,225.0,150.0,51.2321,14.0922,10962.5033,225.0,150.0,51.2525,14.06,10958.5372,225.0,150.0,51.2738,14.0267,10955.9888,225.0,150.0,51.2958,13.9922,10951.2585,225.0,150.0,51.3185,13.9565,10951.4973,225.0,150.0,51.342,13.9197,10952.5095,225.0,150.0,51.3663,13.8818,10951.8708,225.0,150.0,51.3914,13.8427,10945.6594,225.0,150.0,51.4172,13.8024,10941.4757,225.0,150.0,51.4438,13.761,10942.7835,225.0,150.0,51.4712,13.7184,10948.7387,225.0,150.0,51.4993,13.6747,10934.3963,225.0,150.0,51.5282,13.6298,10938.7127,225.0,150.0
50,46b8c1,FIN6KP,Finland,55.861,20.9097,9981.8,215,200,0.0,0,0,,55.861,20.9097,9981.7868,215.0,200.0,0.1625,0.0077,-0.1199,-0.0318,0.5816,8.0,9.0,9.0,0.9605,0.4259,1.0,55.9019,20.9362,9993.8452,215.0,200.0,55.8992,20.9345,9988.3909,215.0,200.0,55.8964,20.9327,9991.5877,215.0,200.0,55.8937,20.9309,9982.6464,215.0,200.0,55.891,20.9291,9975.5437,215.0,200.0,55.8883,20.9274,9980.6618,215.0,200.0,55.8855,20.9256,9989.4666,215.0,200.0,55.8828,20.9238,9988.2964,215.0,200.0,55.8801,20.9221,9984.9086,215.0,200.0,55.8774,20.9203,9982.2477,215.0,200.0,55.8746,20.9185,9985.555,215.0,200.0,55.8719,20.9168,9983.5826,215.0,200.0,55.8692,20.915,9979.1161,215.0,200.0,55.8665,20.9132,9982.5116,215.0,200.0,55.8637,20.9115,9981.1543,215.0,200.0,55.861,20.9097,9981.7868,215.0,200.0
50,4ca8e0,RYR3LM,Ireland,53.62019,19.56674,11201.0,232,240,0.0,0,0,,53.6202,19.5667,11201.0479,232.0,240.0,-1.2396,0.0259,-0.3113,0.0344,0.2022,8.0,9.0,9.0,0.9063,0.5422,1.0,53.6437,19.6353,11185.357,232.0,240.0,53.6421,19.6307,11191.8123,232.0,240.0,53.6405,19.6262,11196.5227,232.0,240.0,53.639,19.6216,11193.8866,232.0,240.0,53.6374,19.617,11193.1546,232.0,240.0,53.6358,19.6124,11200.7347,232.0,240.0,53.6343,19.6079,11206.1107,232.0,240.0,53.6327,19.6033,11197.6053,232.0,240.0,53.6311,19.5987,11199.3095,232.0,240.0,53.6296,19.5942,11193.0316,232.0,240.0,53.628,19.5896,11200.1809,232.0,240.0,53.6264,19.585,11197.4845,232.0,240.0,53.6249,19.5804,11195.4195,232.0,240.0,53.6233,19.5759,11190.6292,232.0,240.0,53.6218,19.5713,11198.5634,232.0,240.0,53.6202,19.5667,11201.0479,232.0,240.0
50,478129,WZZ2BV,Hungary,51.72628,22.25943,10794.1,220,280,0.0,0,0,,51.7263,22.2594,10794.1135,220.0,280.0,0.1399,0.2395,-0.2133,0.1107,0.2574,8.0,9.0,9.0,0.9067,0.506,1.0,51.7185,22.3302,10822.2182,220.0,280.0,51.7191,22.3255,10824.8741,220.0,280.0,51.7196,22.3208,10810.6055,220.0,280.0,51.7201,22.316,10818.4594,220.0,280.0,51.7206,22.3113,10816.0282,220.0,280.0,51.7211,22.3066,10810.2152,220.0,280.0,51.7216,22.3019,10809.3313,220.0,280.0,51.7222,22.2972,10807.2519,220.0,280.0,51.7227,22.2925,10801.9822,220.0,280.0,51.7232,22.2877,10804.0775,220.0,280.0,51.7237,22.283,10806.1026,220.0,280.0,51.7242,22.2783,10800.9442,220.0,280.0,51.7247,22.2736,10804.3919,220.0,280.0,51.7252,22.2689,10801.0124,220.0,280.0,51.7258,22.2641,10790.3312,220.0,280.0,51.7263,22.2594,10794.1135,220.0,280.0
50,4ba8c2,TAR9FX,Turkey,52.19999,23.22499,9485.7,245,270,0.0,0,0,,52.2,23.225,9485.674,245.0,270.0,-2.0006,0.1577,0.1928,0.1875,0.1278,8.0,9.0,9.0,0.9419,0.5396,1.0,52.2,23.3059,9520.5551,245.0,270.0,52.2,23.3005,9531.0317,245.0,270.0,52.2,23.2951,9530.1428,245.0,270.0,52.2,23.2897,9534.9971,245.0,270.0,52.2,23.2843,9533.9255,245.0,270.0,52.2,23.2789,9519.8332,245.0,270.0,52.2,23.2735,9517.608,245.0,270.0,52.2,23.2681,9513.5716,245.0,270.0,52.2,23.2627,9509.3163,245.0,270.0,52.2,23.2573,9508.9981,245.0,270.0,52.2,23.252,9509.3873,245.0,270.0,52.2,23.2466,9508.1418,245.0,270.0,52.2,23.2412,9497.6217,245.0,270.0,52.2,23.2358,9495.6003,245.0,270.0,52.2,23.2304,9489.1228,245.0,270.0,52.2,23.225,9485.674,245.0,270.0
50,4cab4c,EZY42AC,United Kingdom,54.57156,17.77827,11767.6,238,100,0.0,0,0,,54.5716,17.7783,11767.6316,238.0,100.0,0.9065,0.0271,-0.1085,-0.4296,0.2016,8.0,9.0,9.0,0.961,0.4326,1.0,54.5799,17.6964,11782.2273,238.0,100.0,54.5794,17.7019,11788.3149,238.0,100.0,54.5788,17.7074,11791.3932,238.0,100.0,54.5783,17.7128,11783.42,238.0,100.0,54.5777,17.7183,11785.395,238.0,100.0,54.5771,17.7237,11788.9646,238.0,100.0,54.5766,17.7292,11787.2608,238.0,100.0,54.576,17.7346,11783.3283,238.0,100.0,54.5755,17.7401,11792.2378,238.0,100.0,54.5749,17.7455,11789.2078,238.0,100.0,54.5743,17.751,11787.1965,238.0,100.0,54.5738,17.7564,11780.5367,238.0,100.0,54.5732,17.7619,11772.5378,238.0,100.0,54.5727,17.7674,11773.0999,238.0,100.0,54.5721,17.7728,11770.4064,238.0,100.0,54.5716,17.7783,11767.6316,238.0,100.0
51,4ca87b,RYR2KE,Ireland,54.39999,18.77715,10973.2,230,90,0.0,0,0,,54.4,18.7772,10973.2259,230.0,90.0,1.2579,0.192,0.1369,0.1077,-0.2387,8.0,9.0,9.0,0.9309,0.3889,1.0,54.4,18.6972,10983.1467,230.0,90.0,54.4,18.7025,10984.0355,230.0,90.0,54.4,18.7079,10983.7255,230.0,90.0,54.4,18.7132,10977.3493,230.0,90.0,54.4,18.7185,10981.381,230.0,90.0,54.4,18.7239,10987.7273,230.0,90.0,54.4,18.7292,10978.3747,230.0,90.0,54.4,18.7345,10975.377,230.0,90.0,54.4,18.7398,10973.4881,230.0,90.0,54.4,18.7452,10974.0141,230.0,90.0,54.4,18.7505,10981.2034,230.0,90.0,54.4,18.7558,10982.0612,230.0,90.0,54.4,18.7612,10983.1959,230.0,90.0,54.4,18.7665,10983.0675,230.0,90.0,54.4,18.7718,10980.9021,230.0,90.0,54.4,18.7772,10973.2259,230.0,90.0
51,471f8b,LOT283,Poland,52.61822,20.73683,9554.4,220,320,0.0,0,0,,52.6182,20.7368,9554.4256,220.0,320.0,-2.2844,0.3315,0.1314,0.1769,-0.0399,8.0,9.0,9.0,0.9322,0.3305,1.0,52.5841,20.7839,9564.4154,220.0,320.0,52.5864,20.7808,9563.966,220.0,320.0,52.5887,20.7777,9563.9698,220.0,320.0,52.5909,20.7745,9559.8274,220.0,320.0,52.5932,20.7714,9563.2087,220.0,320.0,52.5955,20.7682,9568.8491,220.0,320.0,52.5978,20.7651,9562.3122,220.0,320.0,52.6,20.762,9577.7022,220.0,320.0,52.6023,20.7588,9573.6519,220.0,320.0,52.6046,20.7557,9573.7105,220.0,320.0,52.6068,20.7525,9570.5057,220.0,320.0,52.6091,20.7494,9565.8088,220.0,320.0,52.6114,20.7463,9560.8559,220.0,320.0,52.6137,20.7431,9566.6724,220.0,320.0,52.6159,20.74,9557.2251,220.0,320.0,52.6182,20.7368,9554.4256,220.0,320.0
51,3c6589,DLH4ZW,Germany,53.52923,14.77883,11498.9,240,80,0.0,0,0,,53.5292,14.7788,11498.8764,240.0,80.0,-0.1087,-0.1246,-0.0459,-0.0499,0.3219,8.0,9.0,9.0,0.8973,0.3852,1.0,53.5208,14.6984,11507.3406,240.0,80.0,53.5214,14.7037,11502.7121,240.0,80.0,53.5219,14.7091,11505.2446,240.0,80.0,53.5225,14.7145,11513.0045,240.0,80.0,53.523,14.7198,11511.5848,240.0,80.0,53.5236,14.7252,11513.2061,240.0,80.0,53.5242,14.7306,11512.4507,240.0,80.0,53.5247,14.7359,11502.6569,240.0,80.0,53.5253,14.7413,11499.5097,240.0,80.0,53.5259,14.7466,11493.467,240.0,80.0,53.5264,14.752,11489.3392,240.0,80.0,53.527,14.7574,11492.4619,240.0,80.0,53.5275,14.7627,11494.9351,240.0,80.0,53.5281,14.7681,11494.1773,240.0,80.0,53.5287,14.7735,11498.6287,240.0,80.0,53.5292,14.7788,11498.8764,240.0,80.0
51,4b1805,SWR12X,Switzerland,52.6451,17.90692,10731.5,235,200,0.0,0,0,,52.6451,17.9069,10731.4763,235.0,200.0,-1.1476,0.0735,-0.236,0.1524,-0.0011,8.0,9.0,9.0,0.9543,0.3805,1.0,52.6898,17.9337,10761.1945,235.0,200.0,52.6868,17.9319,10759.4838,235.0,200.0,52.6838,17.9302,10757.4803,235.0,200.0,52.6808,17.9284,10753.2751,235.0,200.0,52.6779,17.9266,10757.8384,235.0,200.0,52.6749,17.9248,10762.4143,235.0,200.0,52.6719,17.923,10761.5656,235.0,200.0,52.6689,17.9212,10760.9907,235.0,200.0,52.6659,17.9194,10758.3916,235.0,200.0,52.663,17.9176,10746.3847,235.0,200.0,52.66,17.9159,10742.7992,235.0,200.0,52.657,17.9141,10745.5013,235.0,200.0,52.654,17.9123,10739.7212,235.0,200.0,52.6511,17.9105,10736.3472,235.0,200.0,52.6481,17.9087,10735.9243,235.0,200.0,52.6451,17.9069,10731.4763,235.0,200.0
51,440048,BAW893,United Kingdom,53.81537,15.16225,12017.4,250,60,0.0,0,1,smooth_drift,53.8154,15.1622,12017.4493,250.0,60.0,-0.9749,0.04,-0.06,-0.2383,0.3631,6.0,9.0,9.0,0.4,0.3365,1.0,53.3532,15.7439,12013.0371,250.0,60.0,53.3764,15.7164,12020.8302,250.0,60.0,53.4004,15.6879,12016.452,250.0,60.0,53.4251,15.6582,12015.0908,250.0,60.0,53.4507,15.6273,12008.4489,250.0,60.0,53.477,15.5953,12009.2974,250.0,60.0,53.504,15.5621,12020.9964,250.0,60.0,53.5319,15.5278,12018.0147,250.0,60.0,53.5605,15.4923,12022.7829,250.0,60.0,53.5899,15.4557,12020.5023,250.0,60.0,53.62,15.418,12028.8103,250.0,60.0,53.6509,15.379,12022.0864,250.0,60.0,53.6826,15.339,12016.9948,250.0,60.0,53.7151,15.2977,12009.7709,250.0,60.0,53.7483,15.2554,12021.9117,250.0,60.0,53.7823,15.2119,12017.4493,250.0,60.0
51,4ac9b0,SAS2HK,Sweden,55.42283,17.23572,10514.8,220,120,0.0,0,0,,55.4228,17.2357,10514.7697,220.0,120.0,1.2543,-0.0443,-0.4566,0.0304,-0.161,8.0,9.0,9.0,0.9125,0.2864,1.0,55.4451,17.1678,10504.9694,220.0,120.0,55.4436,17.1723,10508.8329,220.0,120.0,55.4421,17.1768,10508.8694,220.0,120.0,55.4406,17.1814,10506.7318,220.0,120.0,55.4392,17.1859,10507.1364,220.0,120.0,55.4377,17.1904,10507.8819,220.0,120.0,55.4362,17.195,10511.6506,220.0,120.0,55.4347,17.1995,10513.5585,220.0,120.0,55.4332,17.204,10515.4754,220.0,120.0,55.4317,17.2085,10515.0872,220.0,120.0,55.4303,17.2131,10507.8671,220.0,120.0,55.4288,17.2176,10507.7072,220.0,120.0,55.4273,17.2221,10514.0349,220.0,120.0,55.4258,17.2267,10508.5409,220.0,120.0,55.4243,17.2312,10509.4323,220.0,120.0,55.4228,17.2357,10514.7697,220.0,120.0
51,3917a3,AFR1219,France,51.59101,13.5342,10942.8,225,150,0.0,0,1,smooth_drift,51.591,13.5342,10942.7818,225.0,150.0,-0.9091,0.04,-0.06,-0.008,-0.1538,6.0,9.0,9.0,0.4,0.4326,1.0,51.1935,14.1531,10959.3814,225.0,150.0,51.2124,14.1232,10962.4916,225.0,150.0,51.2321,14.0922,10962.5033,225.0,150.0,51.2525,14.06,10958.5372,225.0,150.0,51.2738,14.0267,10955.9888,225.0,150.0,51.2958,13.9922,10951.2585,225.0,150.0,51.3185,13.9565,10951.4973,225.0,150.0,51.342,13.9197,10952.5095,225.0,150.0,51.3663,13.8818,10951.8708,225.0,150.0,51.3914,13.8427,10945.6594,225.0,150.0,51.4172,13.8024,10941.4757,225.0,150.0,51.4438,13.761,10942.7835,225.0,150.0,51.4712,13.7184,10948.7387,225.0,150.0,51.4993,13.6747,10934.3963,225.0,150.0,51.5282,13.6298,10938.7127,225.0,150.0,51.5579,13.5838,10942.7818,225.0,150.0
51,46b8c1,FIN6KP,Finland,55.85828,20.90793,9992.6,215,200,0.0,0,0,,55.8583,20.9079,9992.5987,215.0,200.0,2.4772,0.1625,-0.0275,0.1592,0.0362,8.0,9.0,9.0,0.9023,0.2438,1.0,55.8992,20.9345,9988.3909,215.0,200.0,55.8964,20.9327,9991.5877,215.0,200.0,55.8937,20.9309,9982.6464,215.0,200.0,55.891,20.9291,9975.5437,215.0,200.0,55.8883,20.9274,9980.6618,215.0,200.0,55.8855,20.9256,9989.4666,215.0,200.0,55.8828,20.9238,9988.2964,215.0,200.0,55.8801,20.9221,9984.9086,215.0,200.0,55.8774,20.9203,9982.2477,215.0,200.0,55.8746,20.9185,9985.555,215.0,200.0,55.8719,20.9168,9983.5826,215.0,200.0,55.8692,20.915,9979.1161,215.0,200.0,55.8665,20.9132,9982.5116,215.0,200.0,55.8637,20.9115,9981.1543,215.0,200.0,55.861,20.9097,9981.7868,215.0,200.0,55.8583,20.9079,9992.5987,215.0,200.0
51,4ca8e0,RYR3LM,Ireland,53.61862,19.56217,11201.7,232,240,0.0,0,0,,53.6186,19.5622,11201.6816,232.0,240.0,-0.9673,0.2475,0.1107,-0.0866,0.2271,8.0,9.0,9.0,0.924,0.4428,1.0,53.6421,19.6307,11191.8123,232.0,240.0,53.6405,19.6262,11196.5227,232.0,240.0,53.639,19.6216,11193.8866,232.0,240.0,53.6374,19.617,11193.1546,232.0,240.0,53.6358,19.6124,11200.7347,232.0,240.0,53.6343,19.6079,11206.1107,232.0,240.0,53.6327,19.6033,11197.6053,232.0,240.0,53.6311,19.5987,11199.3095,232.0,240.0,53.6296,19.5942,11193.0316,232.0,240.0,53.628,19.5896,11200.1809,232.0,240.0,53.6264,19.585,11197.4845,232.0,240.0,53.6249,19.5804,11195.4195,232.0,240.0,53.6233,19.5759,11190.6292,232.0,240.0,53.6218,19.5713,11198.5634,232.0,240.0,53.6202,19.5667,11201.0479,232.0,240.0,53.6186,19.5622,11201.6816,232.0,240.0
51,478129,WZZ2BV,Hungary,51.72679,22.25471,10797.7,220,280,0.0,0,0,,51.7268,22.2547,10797.6606,220.0,280.0,0.1314,0.0618,-0.113,0.0542,-0.2071,8.0,9.0,9.0,0.9095,0.5246,1.0,51.7191,22.3255,10824.8741,220.0,280.0,51.7196,22.3208,10810.6055,220.0,280.0,51.7201,22.316,10818.4594,220.0,280.0,51.7206,22.3113,10816.0282,220.0,280.0,51.7211,22.3066,10810.2152,220.0,280.0,51.7216,22.3019,10809.3313,220.0,280.0,51.7222,22.2972,10807.2519,220.0,280.0,51.7227,22.2925,10801.9822,220.0,280.0,51.7232,22.2877,10804.0775,220.0,280.0,51.7237,22.283,10806.1026,220.0,280.0,51.7242,22.2783,10800.9442,220.0,280.0,51.7247,22.2736,10804.3919,220.0,280.0,51.7252,22.2689,10801.0124,220.0,280.0,51.7258,22.2641,10790.3312,220.0,280.0,51.7263,22.2594,10794.1135,220.0,280.0,51.7268,22.2547,10797.6606,220.0,280.0
51,4ba8c2,TAR9FX,Turkey,52.19999,23.2196,9486.8,245,270,0.0,0,0,,52.2,23.2196,9486.847,245.0,270.0,-0.1044,-0.3685,-0.1646,0.1606,-0.2059,8.0,9.0,9.0,0.9228,0.2933,1.0,52.2,23.3005,9531.0317,245.0,270.0,52.2,23.2951,9530.1428,245.0,270.0,52.2,23.2897,9534.9971,245.0,270.0,52.2,23.2843,9533.9255,245.0,270.0,52.2,23.2789,9519.8332,245.0,270.0,52.2,23.2735,9517.608,245.0,270.0,52.2,23.2681,9513.5716,245.0,270.0,52.2,23.2627,9509.3163,245.0,270.0,52.2,23.2573,9508.9981,245.0,270.0,52.2,23.252,9509.3873,245.0,270.0,52.2,23.2466,9508.1418,245.0,270.0,52.2,23.2412,9497.6217,245.0,270.0,52.2,23.2358,9495.6003,245.0,270.0,52.2,23.2304,9489.1228,245.0,270.0,52.2,23.225,9485.674,245.0,270.0,52.2,23.2196,9486.847,245.0,270.0
51,4cab4c,EZY42AC,United Kingdom,54.571,17.78372,11770.4,238,100,0.0,0,0,,54.571,17.7837,11770.355,238.0,100.0,-0.4893,0.0653,0.4865,-0.26,0.2571,8.0,9.0,9.0,0.8979,0.3202,1.0,54.5794,17.7019,11788.3149,238.0,100.0,54.5788,17.7074,11791.3932,238.0,100.0,54.5783,17.7128,11783.42,238.0,100.0,54.5777,17.7183,11785.395,238.0,100.0,54.5771,17.7237,11788.9646,238.0,100.0,54.5766,17.7292,11787.2608,238.0,100.0,54.576,17.7346,11783.3283,238.0,100.0,54.5755,17.7401,11792.2378,238.0,100.0,54.5749,17.7455,11789.2078,238.0,100.0,54.5743,17.751,11787.1965,238.0,100.0,54.5738,17.7564,11780.5367,238.0,100.0,54.5732,17.7619,11772.5378,238.0,100.0,54.5727,17.7674,11773.0999,238.0,100.0,54.5721,17.7728,11770.4064,238.0,100.0,54.5716,17.7783,11767.6316,238.0,100.0,54.571,17.7837,11770.355,238.0,100.0
52,4ca87b,RYR2KE,Ireland,54.39999,18.78248,10977.3,230,90,0.0,0,0,,54.4,18.7825,10977.3328,230.0,90.0,1.2253,-0.0801,0.0536,-0.3517,0.1026,8.0,9.0,9.0,0.8978,0.3481,1.0,54.4,18.7025,10984.0355,230.0,90.0,54.4,18.7079,10983.7255,230.0,90.0,54.4,18.7132,10977.3493,230.0,90.0,54.4,18.7185,10981.381,230.0,90.0,54.4,18.7239,10987.7273,230.0,90.0,54.4,18.7292,10978.3747,230.0,90.0,54.4,18.7345,10975.377,230.0,90.0,54.4,18.7398,10973.4881,230.0,90.0,54.4,18.7452,10974.0141,230.0,90.0,54.4,18.7505,10981.2034,230.0,90.0,54.4,18.7558,10982.0612,230.0,90.0,54.4,18.7612,10983.1959,230.0,90.0,54.4,18.7665,10983.0675,230.0,90.0,54.4,18.7718,10980.9021,230.0,90.0,54.4,18.7772,10973.2259,230.0,90.0,54.4,18.7825,10977.3328,230.0,90.0
52,471f8b,LOT283,Poland,52.62049,20.73368,9556.2,220,320,0.0,0,0,,52.6205,20.7337,9556.2461,220.0,320.0,-0.0746,0.1997,0.0384,0.1611,0.0482,8.0,9.0,9.0,0.9471,0.2038,1.0,52.5864,20.7808,9563.966,220.0,320.0,52.5887,20.7777,9563.9698,220.0,320.0,52.5909,20.7745,9559.8274,220.0,320.0,52.5932,20.7714,9563.2087,220.0,320.0,52.5955,20.7682,9568.8491,220.0,320.0,52.5978,20.7651,9562.3122,220.0,320.0,52.6,20.762,9577.7022,220.0,320.0,52.6023,20.7588,9573.6519,220.0,320.0,52.6046,20.7557,9573.7105,220.0,320.0,52.6068,20.7525,9570.5057,220.0,320.0,52.6091,20.7494,9565.8088,220.0,320.0,52.6114,20.7463,9560.8559,220.0,320.0,52.6137,20.7431,9566.6724,220.0,320.0,52.6159,20.74,9557.2251,220.0,320.0,52.6182,20.7368,9554.4256,220.0,320.0,52.6205,20.7337,9556.2461,220.0,320.0
52,3c6589,DLH4ZW,Germany,53.52979,14.78419,11492.6,240,80,0.0,0,0,,53.5298,14.7842,11492.5772,240.0,80.0,-0.1234,-0.3511,0.0363,-0.193,0.2496,8.0,9.0,9.0,0.9181,0.3695,1.0,53.5214,14.7037,11502.7121,240.0,80.0,53.5219,14.7091,11505.2446,240.0,80.0,53.5225,14.7145,11513.0045,240.0,80.0,53.523,14.7198,11511.5848,240.0,80.0,53.5236,14.7252,11513.2061,240.0,80.0,53.5242,14.7306,11512.4507,240.0,80.0,53.5247,14.7359,11502.6569,240.0,80.0,53.5253,14.7413,11499.5097,240.0,80.0,53.5259,14.7466,11493.467,240.0,80.0,53.5264,14.752,11489.3392,240.0,80.0,53.527,14.7574,11492.4619,240.0,80.0,53.5275,14.7627,11494.9351,240.0,80.0,53.5281,14.7681,11494.1773,240.0,80.0,53.5287,14.7735,11498.6287,240.0,80.0,53.5292,14.7788,11498.8764,240.0,80.0,53.5298,14.7842,11492.5772,240.0,80.0
52,4b1805,SWR12X,Switzerland,52.64212,17.90513,10731.9,235,200,0.0,0,0,,52.6421,17.9051,10731.8811,235.0,200.0,1.6669,-0.2678,0.0876,0.1488,-0.131,8.0,9.0,9.0,0.966,0.4351,1.0,52.6868,17.9319,10759.4838,235.0,200.0,52.6838,17.9302,10757.4803,235.0,200.0,52.6808,17.9284,10753.2751,235.0,200.0,52.6779,17.9266,10757.8384,235.0,200.0,52.6749,17.9248,10762.4143,235.0,200.0,52.6719,17.923,10761.5656,235.0,200.0,52.6689,17.9212,10760.9907,235.0,200.0,52.6659,17.9194,10758.3916,235.0,200.0,52.663,17.9176,10746.3847,235.0,200.0,52.66,17.9159,10742.7992,235.0,200.0,52.657,17.9141,10745.5013,235.0,200.0,52.654,17.9123,10739.7212,235.0,200.0,52.6511,17.9105,10736.3472,235.0,200.0,52.6481,17.9087,10735.9243,235.0,200.0,52.6451,17.9069,10731.4763,235.0,200.0,52.6421,17.9051,10731.8811,235.0,200.0
52,440048,BAW893,United Kingdom,53.8509,15.11642,12012.2,250,60,0.0,0,1,smooth_drift,53.8509,15.1164,12012.2453,250.0,60.0,1.4973,0.04,-0.06,-0.091,-0.2101,6.0,9.0,9.0,0.4,0.3069,1.0,53.3764,15.7164,12020.8302,250.0,60.0,53.4004,15.6879,12016.452,250.0,60.0,53.4251,15.6582,12015.0908,250.0,60.0,53.4507,15.6273,12008.4489,250.0,60.0,53.477,15.5953,12009.2974,250.0,60.0,53.504,15.5621,12020.9964,250.0,60.0,53.5319,15.5278,12018.0147,250.0,60.0,53.5605,15.4923,12022.7829,250.0,60.0,53.5899,15.4557,12020.5023,250.0,60.0,53.62,15.418,12028.8103,250.0,60.0,53.6509,15.379,12022.0864,250.0,60.0,53.6826,15.339,12016.9948,250.0,60.0,53.7151,15.2977,12009.7709,250.0,60.0,53.7483,15.2554,12021.9117,250.0,60.0,53.7823,15.2119,12017.4493,250.0,60.0,53.8171,15.1672,12012.2453,250.0,60.0
52,4ac9b0,SAS2HK,Sweden,55.42135,17.24025,10522.8,220,120,0.0,0,0,,55.4213,17.2403,10522.8171,220.0,120.0,0.6766,0.1186,0.0064,0.2635,0.453,8.0,9.0,9.0,0.9124,0.6483,1.0,55.4436,17.1723,10508.8329,220.0,120.0,55.4421,17.1768,10508.8694,220.0,120.0,55.4406,17.1814,10506.7318,220.0,120.0,55.4392,17.1859,10507.1364,220.0,120.0,55.4377,17.1904,10507.8819,220.0,120.0,55.4362,17.195,10511.6506,220.0,120.0,55.4347,17.1995,10513.5585,220.0,120.0,55.4332,17.204,10515.4754,220.0,120.0,55.4317,17.2085,10515.0872,220.0,120.0,55.4303,17.2131,10507.8671,220.0,120.0,55.4288,17.2176,10507.7072,220.0,120.0,55.4273,17.2221,10514.0349,220.0,120.0,55.4258,17.2267,10508.5409,220.0,120.0,55.4243,17.2312,10509.4323,220.0,120.0,55.4228,17.2357,10514.7697,220.0,120.0,55.4213,17.2403,10522.8171,220.0,120.0
52,3917a3,AFR1219,France,51.62222,13.48588,10940.1,225,150,0.0,0,1,smooth_drift,51.6222,13.4859,10940.0963,225.0,150.0,1.5811,0.04,-0.06,0.1946,0.4076,6.0,9.0,9.0,0.4,0.3496,1.0,51.2124,14.1232,10962.4916,225.0,150.0,51.2321,14.0922,10962.5033,225.0,150.0,51.2525,14.06,10958.5372,225.0,150.0,51.2738,14.0267,10955.9888,225.0,150.0,51.2958,13.9922,10951.2585,225.0,150.0,51.3185,13.9565,10951.4973,225.0,150.0,51.342,13.9197,10952.5095,225.0,150.0,51.3663,13.8818,10951.8708,225.0,150.0,51.3914,13.8427,10945.6594,225.0,150.0,51.4172,13.8024,10941.4757,225.0,150.0,51.4438,13.761,10942.7835,225.0,150.0,51.4712,13.7184,10948.7387,225.0,150.0,51.4993,13.6747,10934.3963,225.0,150.0,51.5282,13.6298,10938.7127,225.0,150.0,51.5579,13.5838,10942.7818,225.0,150.0,51.5884,13.5366,10940.0963,225.0,150.0
52,46b8c1,FIN6KP,Finland,55.85555,20.90616,9987.8,215,200,0.0,0,0,,55.8556,20.9062,9987.7534,215.0,200.0,0.4809,0.1485,-0.2668,0.1534,-0.2102,8.0,9.0,9.0,0.8821,0.3241,1.0,55.8964,20.9327,9991.5877,215.0,200.0,55.8937,20.9309,9982.6464,215.0,200.0,55.891,20.9291,9975.5437,215.0,200.0,55.8883,20.9274,9980.6618,215.0,200.0,55.8855,20.9256,9989.4666,215.0,200.0,55.8828,20.9238,9988.2964,215.0,200.0,55.8801,20.9221,9984.9086,215.0,200.0,55.8774,20.9203,9982.2477,215.0,200.0,55.8746,20.9185,9985.555,215.0,200.0,55.8719,20.9168,9983.5826,215.0,200.0,55.8692,20.915,9979.1161,215.0,200.0,55.8665,20.9132,9982.5116,215.0,200.0,55.8637,20.9115,9981.1543,215.0,200.0,55.861,20.9097,9981.7868,215.0,200.0,55.8583,20.9079,9992.5987,215.0,200.0,55.8556,20.9062,9987.7534,215.0,200.0
52,4ca8e0,RYR3LM,Ireland,53.61706,19.5576,11200.1,232,240,0.0,0,0,,53.6171,19.5576,11200.0937,232.0,240.0,1.4843,0.0982,-0.0668,-0.2925,0.1524,8.0,9.0,9.0,0.9372,0.3924,1.0,53.6405,19.6262,11196.5227,232.0,240.0,53.639,19.6216,11193.8866,232.0,240.0,53.6374,19.617,11193.1546,232.0,240.0,53.6358,19.6124,11200.7347,232.0,240.0,53.6343,19.6079,11206.1107,232.0,240.0,53.6327,19.6033,11197.6053,232.0,240.0,53.6311,19.5987,11199.3095,232.0,240.0,53.6296,19.5942,11193.0316,232.0,240.0,53.628,19.5896,11200.1809,232.0,240.0,53.6264,19.585,11197.4845,232.0,240.0,53.6249,19.5804,11195.4195,232.0,240.0,53.6233,19.5759,11190.6292,232.0,240.0,53.6218,19.5713,11198.5634,232.0,240.0,53.6202,19.5667,11201.0479,232.0,240.0,53.6186,19.5622,11201.6816,232.0,240.0,53.6171,19.5576,11200.0937,232.0,240.0
52,478129,WZZ2BV,Hungary,51.72731,22.24999,10807.9,220,280,0.0,0,0,,51.7273,22.25,10807.9286,220.0,280.0,-1.3828,0.068,0.2258,-0.016,-0.0057,8.0,9.0,9.0,0.9392,0.3133,1.0,51.7196,22.3208,10810.6055,220.0,280.0,51.7201,22.316,10818.4594,220.0,280.0,51.7206,22.3113,10816.0282,220.0,280.0,51.7211,22.3066,10810.2152,220.0,280.0,51.7216,22.3019,10809.3313,220.0,280.0,51.7222,22.2972,10807.2519,220.0,280.0,51.7227,22.2925,10801.9822,220.0,280.0,51.7232,22.2877,10804.0775,220.0,280.0,51.7237,22.283,10806.1026,220.0,280.0,51.7242,22.2783,10800.9442,220.0,280.0,51.7247,22.2736,10804.3919,220.0,280.0,51.7252,22.2689,10801.0124,220.0,280.0,51.7258,22.2641,10790.3312,220.0,280.0,51.7263,22.2594,10794.1135,220.0,280.0,51.7268,22.2547,10797.6606,220.0,280.0,51.7273,22.25,10807.9286,220.0,280.0
52,4ba8c2,TAR9FX,Turkey,52.19999,23.21421,9496.1,245,270,0.0,0,0,,52.2,23.2142,9496.0598,245.0,270.0,0.3438,0.0972,-0.1814,0.1739,-0.095,8.0,9.0,9.0,0.8908,0.373,1.0,52.2,23.2951,9530.1428,245.0,270.0,52.2,23.2897,9534.9971,245.0,270.0,52.2,23.2843,9533.9255,245.0,270.0,52.2,23.2789,9519.8332,245.0,270.0,52.2,23.2735,9517.608,245.0,270.0,52.2,23.2681,9513.5716,245.0,270.0,52.2,23.2627,9509.3163,245.0,270.0,52.2,23.2573,9508.9981,245.0,270.0,52.2,23.252,9509.3873,245.0,270.0,52.2,23.2466,9508.1418,245.0,270.0,52.2,23.2412,9497.6217,245.0,270.0,52.2,23.2358,9495.6003,245.0,270.0,52.2,23.2304,9489.1228,245.0,270.0,52.2,23.225,9485.674,245.0,270.0,52.2,23.2196,9486.847,245.0,270.0,52.2,23.2142,9496.0598,245.0,270.0
52,4cab4c,EZY42AC,United Kingdom,54.57045,17.78917,11764.8,238,100,0.0,0,0,,54.5704,17.7892,11764.7666,238.0,100.0,0.1665,0.0825,-0.0851,0.1057,-0.0828,8.0,9.0,9.0,0.9379,0.2342,1.0,54.5788,17.7074,11791.3932,238.0,100.0,54.5783,17.7128,11783.42,238.0,100.0,54.5777,17.7183,11785.395,238.0,100.0,54.5771,17.7237,11788.9646,238.0,100.0,54.5766,17.7292,11787.2608,238.0,100.0,54.576,17.7346,11783.3283,238.0,100.0,54.5755,17.7401,11792.2378,238.0,100.0,54.5749,17.7455,11789.2078,238.0,100.0,54.5743,17.751,11787.1965,238.0,100.0,54.5738,17.7564,11780.5367,238.0,100.0,54.5732,17.7619,11772.5378,238.0,100.0,54.5727,17.7674,11773.0999,238.0,100.0,54.5721,17.7728,11770.4064,238.0,100.0,54.5716,17.7783,11767.6316,238.0,100.0,54.571,17.7837,11770.355,238.0,100.0,54.5704,17.7892,11764.7666,238.0,100.0
53,4ca87b,RYR2KE,Ireland,54.39999,18.78781,10990.1,230,90,0.0,0,0,,54.4,18.7878,10990.1049,230.0,90.0,1.177,-0.036,-0.1886,-0.1763,0.003,8.0,9.0,9.0,0.8965,0.4753,1.0,54.4,18.7079,10983.7255,230.0,90.0,54.4,18.7132,10977.3493,230.0,90.0,54.4,18.7185,10981.381,230.0,90.0,54.4,18.7239,10987.7273,230.0,90.0,54.4,18.7292,10978.3747,230.0,90.0,54.4,18.7345,10975.377,230.0,90.0,54.4,18.7398,10973.4881,230.0,90.0,54.4,18.7452,10974.0141,230.0,90.0,54.4,18.7505,10981.2034,230.0,90.0,54.4,18.7558,10982.0612,230.0,90.0,54.4,18.7612,10983.1959,230.0,90.0,54.4,18.7665,10983.0675,230.0,90.0,54.4,18.7718,10980.9021,230.0,90.0,54.4,18.7772,10973.2259,230.0,90.0,54.4,18.7825,10977.3328,230.0,90.0,54.4,18.7878,10990.1049,230.0,90.0
53,471f8b,LOT283,Poland,52.62276,20.73054,9554.9,220,320,0.0,0,0,,52.6228,20.7305,9554.8896,220.0,320.0,0.5028,-0.2016,0.3581,-0.3374,0.3326,8.0,9.0,9.0,0.9244,0.5116,1.0,52.5887,20.7777,9563.9698,220.0,320.0,52.5909,20.7745,9559.8274,220.0,320.0,52.5932,20.7714,9563.2087,220.0,320.0,52.5955,20.7682,9568.8491,220.0,320.0,52.5978,20.7651,9562.3122,220.0,320.0,52.6,20.762,9577.7022,220.0,320.0,52.6023,20.7588,9573.6519,220.0,320.0,52.6046,20.7557,9573.7105,220.0,320.0,52.6068,20.7525,9570.5057,220.0,320.0,52.6091,20.7494,9565.8088,220.0,320.0,52.6114,20.7463,9560.8559,220.0,320.0,52.6137,20.7431,9566.6724,220.0,320.0,52.6159,20.74,9557.2251,220.0,320.0,52.6182,20.7368,9554.4256,220.0,320.0,52.6205,20.7337,9556.2461,220.0,320.0,52.6228,20.7305,9554.8896,220.0,320.0
53,3c6589,DLH4ZW,Germany,53.53035,14.78956,11487.2,240,80,0.0,0,0,,53.5304,14.7896,11487.1701,240.0,80.0,-1.3512,0.0998,0.4989,-0.1774,0.0479,8.0,9.0,9.0,0.919,0.3943,1.0,53.5219,14.7091,11505.2446,240.0,80.0,53.5225,14.7145,11513.0045,240.0,80.0,53.523,14.7198,11511.5848,240.0,80.0,53.5236,14.7252,11513.2061,240.0,80.0,53.5242,14.7306,11512.4507,240.0,80.0,53.5247,14.7359,11502.6569,240.0,80.0,53.5253,14.7413,11499.5097,240.0,80.0,53.5259,14.7466,11493.467,240.0,80.0,53.5264,14.752,11489.3392,240.0,80.0,53.527,14.7574,11492.4619,240.0,80.0,53.5275,14.7627,11494.9351,240.0,80.0,53.5281,14.7681,11494.1773,240.0,80.0,53.5287,14.7735,11498.6287,240.0,80.0,53.5292,14.7788,11498.8764,240.0,80.0,53.5298,14.7842,11492.5772,240.0,80.0,53.5304,14.7896,11487.1701,240.0,80.0
53,4b1805,SWR12X,Switzerland,52.63914,17.90334,10733.6,235,200,0.0,0,0,,52.6391,17.9033,10733.6019,235.0,200.0,0.3577,-0.1046,-0.4355,-0.3192,-0.0446,8.0,9.0,9.0,0.9195,0.5116,1.0,52.6838,17.9302,10757.4803,235.0,200.0,52.6808,17.9284,10753.2751,235.0,200.0,52.6779,17.9266,10757.8384,235.0,200.0,52.6749,17.9248,10762.4143,235.0,200.0,52.6719,17.923,10761.5656,235.0,200.0,52.6689,17.9212,10760.9907,235.0,200.0,52.6659,17.9194,10758.3916,235.0,200.0,52.663,17.9176,10746.3847,235.0,200.0,52.66,17.9159,10742.7992,235.0,200.0,52.657,17.9141,10745.5013,235.0,200.0,52.654,17.9123,10739.7212,235.0,200.0,52.6511,17.9105,10736.3472,235.0,200.0,52.6481,17.9087,10735.9243,235.0,200.0,52.6451,17.9069,10731.4763,235.0,200.0,52.6421,17.9051,10731.8811,235.0,200.0,52.6391,17.9033,10733.6019,235.0,200.0
53,440048,BAW893,United Kingdom,53.8872,15.06945,12003.6,250,60,0.0,0,1,smooth_drift,53.8872,15.0695,12003.623,250.0,60.0,1.0096,0.04,-0.06,0.5272,0.2549,6.0,9.0,9.0,0.4,0.5352,1.0,53.4004,15.6879,12016.452,250.0,60.0,53.4251,15.6582,12015.0908,250.0,60.0,53.4507,15.6273,12008.4489,250.0,60.0,53.477,15.5953,12009.2974,250.0,60.0,53.504,15.5621,12020.9964,250.0,60.0,53.5319,15.5278,12018.0147,250.0,60.0,53.5605,15.4923,12022.7829,250.0,60.0,53.5899,15.4557,12020.5023,250.0,60.0,53.62,15.418,12028.8103,250.0,60.0,53.6509,15.379,12022.0864,250.0,60.0,53.6826,15.339,12016.9948,250.0,60.0,53.7151,15.2977,12009.7709,250.0,60.0,53.7483,15.2554,12021.9117,250.0,60.0,53.7823,15.2119,12017.4493,250.0,60.0,53.8171,15.1672,12012.2453,250.0,60.0,53.8526,15.1214,12003.623,250.0,60.0
53,4ac9b0,SAS2HK,Sweden,55.41987,17.24478,10524.6,220,120,0.0,0,0,,55.4199,17.2448,10524.6016,220.0,120.0,-0.1267,0.0444,0.1162,-0.0763,0.0683,8.0,9.0,9.0,0.9076,0.53,1.0,55.4421,17.1768,10508.8694,220.0,120.0,55.4406,17.1814,10506.7318,220.0,120.0,55.4392,17.1859,10507.1364,220.0,120.0,55.4377,17.1904,10507.8819,220.0,120.0,55.4362,17.195,10511.6506,220.0,120.0,55.4347,17.1995,10513.5585,220.0,120.0,55.4332,17.204,10515.4754,220.0,120.0,55.4317,17.2085,10515.0872,220.0,120.0,55.4303,17.2131,10507.8671,220.0,120.0,55.4288,17.2176,10507.7072,220.0,120.0,55.4273,17.2221,10514.0349,220.0,120.0,55.4258,17.2267,10508.5409,220.0,120.0,55.4243,17.2312,10509.4323,220.0,120.0,55.4228,17.2357,10514.7697,220.0,120.0,55.4213,17.2403,10522.8171,220.0,120.0,55.4199,17.2448,10524.6016,220.0,120.0
53,3917a3,AFR1219,France,51.65421,13.4364,10944.2,225,150,0.0,0,1,smooth_drift,51.6542,13.4364,10944.1525,225.0,150.0,0.9098,0.04,-0.06,-0.345,0.1518,6.0,9.0,9.0,0.4,0.5851,1.0,51.2321,14.0922,10962.5033,225.0,150.0,51.2525,14.06,10958.5372,225.0,150.0,51.2738,14.0267,10955.9888,225.0,150.0,51.2958,13.9922,10951.2585,225.0,150.0,51.3185,13.9565,10951.4973,225.0,150.0,51.342,13.9197,10952.5095,225.0,150.0,51.3663,13.8818,10951.8708,225.0,150.0,51.3914,13.8427,10945.6594,225.0,150.0,51.4172,13.8024,10941.4757,225.0,150.0,51.4438,13.761,10942.7835,225.0,150.0,51.4712,13.7184,10948.7387,225.0,150.0,51.4993,13.6747,10934.3963,225.0,150.0,51.5282,13.6298,10938.7127,225.0,150.0,51.5579,13.5838,10942.7818,225.0,150.0,51.5884,13.5366,10940.0963,225.0,150.0,51.6196,13.4883,10944.1525,225.0,150.0
53,46b8c1,FIN6KP,Finland,55.85283,20.90439,9991.2,215,200,0.0,0,0,,55.8528,20.9044,9991.1822,215.0,200.0,-0.9672,-0.0178,0.3585,0.4482,0.2405,8.0,9.0,9.0,0.9116,0.3814,1.0,55.8937,20.9309,9982.6464,215.0,200.0,55.891,20.9291,9975.5437,215.0,200.0,55.8883,20.9274,9980.6618,215.0,200.0,55.8855,20.9256,9989.4666,215.0,200.0,55.8828,20.9238,9988.2964,215.0,200.0,55.8801,20.9221,9984.9086,215.0,200.0,55.8774,20.9203,9982.2477,215.0,200.0,55.8746,20.9185,9985.555,215.0,200.0,55.8719,20.9168,9983.5826,215.0,200.0,55.8692,20.915,9979.1161,215.0,200.0,55.8665,20.9132,9982.5116,215.0,200.0,55.8637,20.9115,9981.1543,215.0,200.0,55.861,20.9097,9981.7868,215.0,200.0,55.8583,20.9079,9992.5987,215.0,200.0,55.8556,20.9062,9987.7534,215.0,200.0,55.8528,20.9044,9991.1822,215.0,200.0
53,4ca8e0,RYR3LM,Ireland,53.6155,19.55303,11208.7,232,240,0.0,0,0,,53.6155,19.553,11208.6691,232.0,240.0,0.6707,-0.3917,0.2236,-0.0792,0.1314,8.0,9.0,9.0,0.9076,0.413,1.0,53.639,19.6216,11193.8866,232.0,240.0,53.6374,19.617,11193.1546,232.0,240.0,53.6358,19.6124,11200.7347,232.0,240.0,53.6343,19.6079,11206.1107,232.0,240.0,53.6327,19.6033,11197.6053,232.0,240.0,53.6311,19.5987,11199.3095,232.0,240.0,53.6296,19.5942,11193.0316,232.0,240.0,53.628,19.5896,11200.1809,232.0,240.0,53.6264,19.585,11197.4845,232.0,240.0,53.6249,19.5804,11195.4195,232.0,240.0,53.6233,19.5759,11190.6292,232.0,240.0,53.6218,19.5713,11198.5634,232.0,240.0,53.6202,19.5667,11201.0479,232.0,240.0,53.6186,19.5622,11201.6816,232.0,240.0,53.6171,19.5576,11200.0937,232.0,240.0,53.6155,19.553,11208.6691,232.0,240.0
53,478129,WZZ2BV,Hungary,51.72782,22.24527,10800.7,220,280,0.0,0,0,,51.7278,22.2453,10800.6679,220.0,280.0,1.0615,0.0793,-0.2948,-0.143,-0.0372,8.0,9.0,9.0,0.9231,0.3108,1.0,51.7201,22.316,10818.4594,220.0,280.0,51.7206,22.3113,10816.0282,220.0,280.0,51.7211,22.3066,10810.2152,220.0,280.0,51.7216,22.3019,10809.3313,220.0,280.0,51.7222,22.2972,10807.2519,220.0,280.0,51.7227,22.2925,10801.9822,220.0,280.0,51.7232,22.2877,10804.0775,220.0,280.0,51.7237,22.283,10806.1026,220.0,280.0,51.7242,22.2783,10800.9442,220.0,280.0,51.7247,22.2736,10804.3919,220.0,280.0,51.7252,22.2689,10801.0124,220.0,280.0,51.7258,22.2641,10790.3312,220.0,280.0,51.7263,22.2594,10794.1135,220.0,280.0,51.7268,22.2547,10797.6606,220.0,280.0,51.7273,22.25,10807.9286,220.0,280.0,51.7278,22.2453,10800.6679,220.0,280.0
53,4ba8c2,TAR9FX,Turkey,52.19999,23.20881,9491.7,245,270,0.0,0,0,,52.2,23.2088,9491.6885,245.0,270.0,-0.1566,0.1445,-0.2856,0.2214,-0.0212,8.0,9.0,9.0,0.913,0.4724,1.0,52.2,23.2897,9534.9971,245.0,270.0,52.2,23.2843,9533.9255,245.0,270.0,52.2,23.2789,9519.8332,245.0,270.0,52.2,23.2735,9517.608,245.0,270.0,52.2,23.2681,9513.5716,245.0,270.0,52.2,23.2627,9509.3163,245.0,270.0,52.2,23.2573,9508.9981,245.0,270.0,52.2,23.252,9509.3873,245.0,270.0,52.2,23.2466,9508.1418,245.0,270.0,52.2,23.2412,9497.6217,245.0,270.0,52.2,23.2358,9495.6003,245.0,270.0,52.2,23.2304,9489.1228,245.0,270.0,52.2,23.225,9485.674,245.0,270.0,52.2,23.2196,9486.847,245.0,270.0,52.2,23.2142,9496.0598,245.0,270.0,52.2,23.2088,9491.6885,245.0,270.0
53,4cab4c,EZY42AC,United Kingdom,54.56989,17.79463,11765.9,238,100,0.0,0,0,,54.5699,17.7946,11765.9473,238.0,100.0,0.6796,0.2248,0.1184,-0.4591,-0.0036,8.0,9.0,9.0,0.9296,0.5431,1.0,54.5783,17.7128,11783.42,238.0,100.0,54.5777,17.7183,11785.395,238.0,100.0,54.5771,17.7237,11788.9646,238.0,100.0,54.5766,17.7292,11787.2608,238.0,100.0,54.576,17.7346,11783.3283,238.0,100.0,54.5755,17.7401,11792.2378,238.0,100.0,54.5749,17.7455,11789.2078,238.0,100.0,54.5743,17.751,11787.1965,238.0,100.0,54.5738,17.7564,11780.5367,238.0,100.0,54.5732,17.7619,11772.5378,238.0,100.0,54.5727,17.7674,11773.0999,238.0,100.0,54.5721,17.7728,11770.4064,238.0,100.0,54.5716,17.7783,11767.6316,238.0,100.0,54.571,17.7837,11770.355,238.0,100.0,54.5704,17.7892,11764.7666,238.0,100.0,54.5699,17.7946,11765.9473,238.0,100.0
54,4ca87b,RYR2KE,Ireland,54.39999,18.79314,10990.4,230,90,0.0,0,0,,54.4,18.7931,10990.4109,230.0,90.0,1.6924,-0.0799,0.0363,-0.014,0.3243,8.0,9.0,9.0,0.9304,0.3554,1.0,54.4,18.7132,10977.3493,230.0,90.0,54.4,18.7185,10981.381,230.0,90.0,54.4,18.7239,10987.7273,230.0,90.0,54.4,18.7292,10978.3747,230.0,90.0,54.4,18.7345,10975.377,230.0,90.0,54.4,18.7398,10973.4881,230.0,90.0,54.4,18.7452,10974.0141,230.0,90.0,54.4,18.7505,10981.2034,230.0,90.0,54.4,18.7558,10982.0612,230.0,90.0,54.4,18.7612,10983.1959,230.0,90.0,54.4,18.7665,10983.0675,230.0,90.0,54.4,18.7718,10980.9021,230.0,90.0,54.4,18.7772,10973.2259,230.0,90.0,54.4,18.7825,10977.3328,230.0,90.0,54.4,18.7878,10990.1049,230.0,90.0,54.4,18.7931,10990.4109,230.0,90.0
54,471f8b,LOT283,Poland,52.62504,20.7274,9558.0,220,320,0.0,0,0,,52.625,20.7274,9557.9726,220.0,320.0,-0.1646,0.1276,0.1274,-0.1043,0.256,8.0,9.0,9.0,0.93,0.3726,1.0,52.5909,20.7745,9559.8274,220.0,320.0,52.5932,20.7714,9563.2087,220.0,320.0,52.5955,20.7682,9568.8491,220.0,320.0,52.5978,20.7651,9562.3122,220.0,320.0,52.6,20.762,9577.7022,220.0,320.0,52.6023,20.7588,9573.6519,220.0,320.0,52.6046,20.7557,9573.7105,220.0,320.0,52.6068,20.7525,9570.5057,220.0,320.0,52.6091,20.7494,9565.8088,220.0,320.0,52.6114,20.7463,9560.8559,220.0,320.0,52.6137,20.7431,9566.6724,220.0,320.0,52.6159,20.74,9557.2251,220.0,320.0,52.6182,20.7368,9554.4256,220.0,320.0,52.6205,20.7337,9556.2461,220.0,320.0,52.6228,20.7305,9554.8896,220.0,320.0,52.625,20.7274,9557.9726,220.0,320.0
54,3c6589,DLH4ZW,Germany,53.53091,14.79492,11490.1,240,80,0.0,0,0,,53.5309,14.7949,11490.1219,240.0,80.0,0.8786,0.1409,-0.131,-0.243,-0.1998,8.0,9.0,9.0,0.9015,0.2906,1.0,53.5225,14.7145,11513.0045,240.0,80.0,53.523,14.7198,11511.5848,240.0,80.0,53.5236,14.7252,11513.2061,240.0,80.0,53.5242,14.7306,11512.4507,240.0,80.0,53.5247,14.7359,11502.6569,240.0,80.0,53.5253,14.7413,11499.5097,240.0,80.0,53.5259,14.7466,11493.467,240.0,80.0,53.5264,14.752,11489.3392,240.0,80.0,53.527,14.7574,11492.4619,240.0,80.0,53.5275,14.7627,11494.9351,240.0,80.0,53.5281,14.7681,11494.1773,240.0,80.0,53.5287,14.7735,11498.6287,240.0,80.0,53.5292,14.7788,11498.8764,240.0,80.0,53.5298,14.7842,11492.5772,240.0,80.0,53.5304,14.7896,11487.1701,240.0,80.0,53.5309,14.7949,11490.1219,240.0,80.0
54,4b1805,SWR12X,Switzerland,52.63616,17.90156,10737.5,235,200,0.0,0,0,,52.6362,17.9016,10737.5243,235.0,200.0,-0.5454,0.2401,-0.1156,0.0171,-0.243,8.0,9.0,9.0,0.9638,0.3746,1.0,52.6808,17.9284,10753.2751,235.0,200.0,52.6779,17.9266,10757.8384,235.0,200.0,52.6749,17.9248,10762.4143,235.0,200.0,52.6719,17.923,10761.5656,235.0,200.0,52.6689,17.9212,10760.9907,235.0,200.0,52.6659,17.9194,10758.3916,235.0,200.0,52.663,17.9176,10746.3847,235.0,200.0,52.66,17.9159,10742.7992,235.0,200.0,52.657,17.9141,10745.5013,235.0,200.0,52.654,17.9123,10739.7212,235.0,200.0,52.6511,17.9105,10736.3472,235.0,200.0,52.6481,17.9087,10735.9243,235.0,200.0,52.6451,17.9069,10731.4763,235.0,200.0,52.6421,17.9051,10731.8811,235.0,200.0,52.6391,17.9033,10733.6019,235.0,200.0,52.6362,17.9016,10737.5243,235.0,200.0
54,440048,BAW893,United Kingdom,53.92428,15.02133,12009.9,250,60,0.0,0,1,smooth_drift,53.9243,15.0213,12009.9379,250.0,60.0,-1.1948,0.04,-0.06,-0.0339,-0.0134,6.0,9.0,9.0,0.4,0.3631,1.0,53.4251,15.6582,12015.0908,250.0,60.0,53.4507,15.6273,12008.4489,250.0,60.0,53.477,15.5953,12009.2974,250.0,60.0,53.504,15.5621,12020.9964,250.0,60.0,53.5319,15.5278,12018.0147,250.0,60.0,53.5605,15.4923,12022.7829,250.0,60.0,53.5899,15.4557,12020.5023,250.0,60.0,53.62,15.418,12028.8103,250.0,60.0,53.6509,15.379,12022.0864,250.0,60.0,53.6826,15.339,12016.9948,250.0,60.0,53.7151,15.2977,12009.7709,250.0,60.0,53.7483,15.2554,12021.9117,250.0,60.0,53.7823,15.2119,12017.4493,250.0,60.0,53.8171,15.1672,12012.2453,250.0,60.0,53.8526,15.1214,12003.623,250.0,60.0,53.8889,15.0744,12009.9379,250.0,60.0
54,4ac9b0,SAS2HK,Sweden,55.41838,17.24931,10523.5,220,120,0.0,0,0,,55.4184,17.2493,10523.4823,220.0,120.0,-0.2903,-0.0107,0.1138,0.2233,-0.2452,8.0,9.0,9.0,0.926,0.5454,1.0,55.4406,17.1814,10506.7318,220.0,120.0,55.4392,17.1859,10507.1364,220.0,120.0,55.4377,17.1904,10507.8819,220.0,120.0,55.4362,17.195,10511.6506,220.0,120.0,55.4347,17.1995,10513.5585,220.0,120.0,55.4332,17.204,10515.4754,220.0,120.0,55.4317,17.2085,10515.0872,220.0,120.0,55.4303,17.2131,10507.8671,220.0,120.0,55.4288,17.2176,10507.7072,220.0,120.0,55.4273,17.2221,10514.0349,220.0,120.0,55.4258,17.2267,10508.5409,220.0,120.0,55.4243,17.2312,10509.4323,220.0,120.0,55.4228,17.2357,10514.7697,220.0,120.0,55.4213,17.2403,10522.8171,220.0,120.0,55.4199,17.2448,10524.6016,220.0,120.0,55.4184,17.2493,10523.4823,220.0,120.0
54,3917a3,AFR1219,France,51.68697,13.38577,10953.6,225,150,0.0,0,1,smooth_drift,51.687,13.3858,10953.6423,225.0,150.0,0.4836,0.04,-0.06,0.0141,0.316,6.0,9.0,9.0,0.4,0.4712,1.0,51.2525,14.06,10958.5372,225.0,150.0,51.2738,14.0267,10955.9888,225.0,150.0,51.2958,13.9922,10951.2585,225.0,150.0,51.3185,13.9565,10951.4973,225.0,150.0,51.342,13.9197,10952.5095,225.0,150.0,51.3663,13.8818,10951.8708,225.0,150.0,51.3914,13.8427,10945.6594,225.0,150.0,51.4172,13.8024,10941.4757,225.0,150.0,51.4438,13.761,10942.7835,225.0,150.0,51.4712,13.7184,10948.7387,225.0,150.0,51.4993,13.6747,10934.3963,225.0,150.0,51.5282,13.6298,10938.7127,225.0,150.0,51.5579,13.5838,10942.7818,225.0,150.0,51.5884,13.5366,10940.0963,225.0,150.0,51.6196,13.4883,10944.1525,225.0,150.0,51.6516,13.4388,10953.6423,225.0,150.0
54,46b8c1,FIN6KP,Finland,55.8501,20.90263,9997.8,215,200,0.0,0,0,,55.8501,20.9026,9997.7542,215.0,200.0,1.0209,0.2918,-0.0944,0.2035,0.0208,8.0,9.0,9.0,0.965,0.5498,1.0,55.891,20.9291,9975.5437,215.0,200.0,55.8883,20.9274,9980.6618,215.0,200.0,55.8855,20.9256,9989.4666,215.0,200.0,55.8828,20.9238,9988.2964,215.0,200.0,55.8801,20.9221,9984.9086,215.0,200.0,55.8774,20.9203,9982.2477,215.0,200.0,55.8746,20.9185,9985.555,215.0,200.0,55.8719,20.9168,9983.5826,215.0,200.0,55.8692,20.915,9979.1161,215.0,200.0,55.8665,20.9132,9982.5116,215.0,200.0,55.8637,20.9115,9981.1543,215.0,200.0,55.861,20.9097,9981.7868,215.0,200.0,55.8583,20.9079,9992.5987,215.0,200.0,55.8556,20.9062,9987.7534,215.0,200.0,55.8528,20.9044,9991.1822,215.0,200.0,55.8501,20.9026,9997.7542,215.0,200.0
54,4ca8e0,RYR3LM,Ireland,53.61393,19.54846,11213.3,232,240,0.0,0,0,,53.6139,19.5485,11213.3484,232.0,240.0,1.7358,0.0452,-0.2598,-0.0992,0.3118,8.0,9.0,9.0,0.9479,0.3486,1.0,53.6374,19.617,11193.1546,232.0,240.0,53.6358,19.6124,11200.7347,232.0,240.0,53.6343,19.6079,11206.1107,232.0,240.0,53.6327,19.6033,11197.6053,232.0,240.0,53.6311,19.5987,11199.3095,232.0,240.0,53.6296,19.5942,11193.0316,232.0,240.0,53.628,19.5896,11200.1809,232.0,240.0,53.6264,19.585,11197.4845,232.0,240.0,53.6249,19.5804,11195.4195,232.0,240.0,53.6233,19.5759,11190.6292,232.0,240.0,53.6218,19.5713,11198.5634,232.0,240.0,53.6202,19.5667,11201.0479,232.0,240.0,53.6186,19.5622,11201.6816,232.0,240.0,53.6171,19.5576,11200.0937,232.0,240.0,53.6155,19.553,11208.6691,232.0,240.0,53.6139,19.5485,11213.3484,232.0,240.0
54,478129,WZZ2BV,Hungary,51.72834,22.24056,10805.9,220,280,0.0,0,0,,51.7283,22.2406,10805.8856,220.0,280.0,-0.5362,0.2915,0.01,-0.2369,0.3387,8.0,9.0,9.0,0.9076,0.2952,1.0,51.7206,22.3113,10816.0282,220.0,280.0,51.7211,22.3066,10810.2152,220.0,280.0,51.7216,22.3019,10809.3313,220.0,280.0,51.7222,22.2972,10807.2519,220.0,280.0,51.7227,22.2925,10801.9822,220.0,280.0,51.7232,22.2877,10804.0775,220.0,280.0,51.7237,22.283,10806.1026,220.0,280.0,51.7242,22.2783,10800.9442,220.0,280.0,51.7247,22.2736,10804.3919,220.0,280.0,51.7252,22.2689,10801.0124,220.0,280.0,51.7258,22.2641,10790.3312,220.0,280.0,51.7263,22.2594,10794.1135,220.0,280.0,51.7268,22.2547,10797.6606,220.0,280.0,51.7273,22.25,10807.9286,220.0,280.0,51.7278,22.2453,10800.6679,220.0,280.0,51.7283,22.2406,10805.8856,220.0,280.0
54,4ba8c2,TAR9FX,Turkey,52.19999,23.20342,9493.0,245,270,0.0,0,0,,52.2,23.2034,9492.9973,245.0,270.0,-0.0656,0.1017,-0.0036,0.4416,-0.2627,8.0,9.0,9.0,0.8962,0.3333,1.0,52.2,23.2843,9533.9255,245.0,270.0,52.2,23.2789,9519.8332,245.0,270.0,52.2,23.2735,9517.608,245.0,270.0,52.2,23.2681,9513.5716,245.0,270.0,52.2,23.2627,9509.3163,245.0,270.0,52.2,23.2573,9508.9981,245.0,270.0,52.2,23.252,9509.3873,245.0,270.0,52.2,23.2466,9508.1418,245.0,270.0,52.2,23.2412,9497.6217,245.0,270.0,52.2,23.2358,9495.6003,245.0,270.0,52.2,23.2304,9489.1228,245.0,270.0,52.2,23.225,9485.674,245.0,270.0,52.2,23.2196,9486.847,245.0,270.0,52.2,23.2142,9496.0598,245.0,270.0,52.2,23.2088,9491.6885,245.0,270.0,52.2,23.2034,9492.9973,245.0,270.0
54,4cab4c,EZY42AC,United Kingdom,54.56933,17.80008,11760.7,238,100,0.0,0,0,,54.5693,17.8001,11760.7011,238.0,100.0,0.3764,-0.0918,-0.0623,-0.0176,-0.1548,8.0,9.0,9.0,0.9231,0.3912,1.0,54.5777,17.7183,11785.395,238.0,100.0,54.5771,17.7237,11788.9646,238.0,100.0,54.5766,17.7292,11787.2608,238.0,100.0,54.576,17.7346,11783.3283,238.0,100.0,54.5755,17.7401,11792.2378,238.0,100.0,54.5749,17.7455,11789.2078,238.0,100.0,54.5743,17.751,11787.1965,238.0,100.0,54.5738,17.7564,11780.5367,238.0,100.0,54.5732,17.7619,11772.5378,238.0,100.0,54.5727,17.7674,11773.0999,238.0,100.0,54.5721,17.7728,11770.4064,238.0,100.0,54.5716,17.7783,11767.6316,238.0,100.0,54.571,17.7837,11770.355,238.0,100.0,54.5704,17.7892,11764.7666,238.0,100.0,54.5699,17.7946,11765.9473,238.0,100.0,54.5693,17.8001,11760.7011,238.0,100.0
55,4ca87b,RYR2KE,Ireland,54.39999,18.79847,10994.2,230,90,0.0,0,0,,54.4,18.7985,10994.1731,230.0,90.0,0.6203,0.1203,-0.3146,0.0087,0.0142,8.0,9.0,9.0,0.9258,0.2557,1.0,54.4,18.7185,10981.381,230.0,90.0,54.4,18.7239,10987.7273,230.0,90.0,54.4,18.7292,10978.3747,230.0,90.0,54.4,18.7345,10975.377,230.0,90.0,54.4,18.7398,10973.4881,230.0,90.0,54.4,18.7452,10974.0141,230.0,90.0,54.4,18.7505,10981.2034,230.0,90.0,54.4,18.7558,10982.0612,230.0,90.0,54.4,18.7612,10983.1959,230.0,90.0,54.4,18.7665,10983.0675,230.0,90.0,54.4,18.7718,10980.9021,230.0,90.0,54.4,18.7772,10973.2259,230.0,90.0,54.4,18.7825,10977.3328,230.0,90.0,54.4,18.7878,10990.1049,230.0,90.0,54.4,18.7931,10990.4109,230.0,90.0,54.4,18.7985,10994.1731,230.0,90.0
55,471f8b,LOT283,Poland,52.62731,20.72426,9555.6,220,320,0.0,0,0,,52.6273,20.7243,9555.5804,220.0,320.0,0.1743,-0.043,-0.012,0.0354,0.0216,8.0,9.0,9.0,0.8854,0.6208,1.0,52.5932,20.7714,9563.2087,220.0,320.0,52.5955,20.7682,9568.8491,220.0,320.0,52.5978,20.7651,9562.3122,220.0,320.0,52.6,20.762,9577.7022,220.0,320.0,52.6023,20.7588,9573.6519,220.0,320.0,52.6046,20.7557,9573.7105,220.0,320.0,52.6068,20.7525,9570.5057,220.0,320.0,52.6091,20.7494,9565.8088,220.0,320.0,52.6114,20.7463,9560.8559,220.0,320.0,52.6137,20.7431,9566.6724,220.0,320.0,52.6159,20.74,9557.2251,220.0,320.0,52.6182,20.7368,9554.4256,220.0,320.0,52.6205,20.7337,9556.2461,220.0,320.0,52.6228,20.7305,9554.8896,220.0,320.0,52.625,20.7274,9557.9726,220.0,320.0,52.6273,20.7243,9555.5804,220.0,320.0
55,3c6589,DLH4ZW,Germany,53.53148,14.80028,11499.4,240,80,0.0,0,0,,53.5315,14.8003,11499.3684,240.0,80.0,0.8144,-0.2151,0.2206,-0.0817,-0.2831,8.0,9.0,9.0,0.8716,0.4014,1.0,53.523,14.7198,11511.5848,240.0,80.0,53.5236,14.7252,11513.2061,240.0,80.0,53.5242,14.7306,11512.4507,240.0,80.0,53.5247,14.7359,11502.6569,240.0,80.0,53.5253,14.7413,11499.5097,240.0,80.0,53.5259,14.7466,11493.467,240.0,80.0,53.5264,14.752,11489.3392,240.0,80.0,53.527,14.7574,11492.4619,240.0,80.0,53.5275,14.7627,11494.9351,240.0,80.0,53.5281,14.7681,11494.1773,240.0,80.0,53.5287,14.7735,11498.6287,240.0,80.0,53.5292,14.7788,11498.8764,240.0,80.0,53.5298,14.7842,11492.5772,240.0,80.0,53.5304,14.7896,11487.1701,240.0,80.0,53.5309,14.7949,11490.1219,240.0,80.0,53.5315,14.8003,11499.3684,240.0,80.0
55,4b1805,SWR12X,Switzerland,52.63318,17.89977,10743.4,235,200,0.0,0,0,,52.6332,17.8998,10743.445,235.0,200.0,1.4483,0.5186,-0.0887,0.1598,0.008,8.0,9.0,9.0,0.8671,0.4396,1.0,52.6779,17.9266,10757.8384,235.0,200.0,52.6749,17.9248,10762.4143,235.0,200.0,52.6719,17.923,10761.5656,235.0,200.0,52.6689,17.9212,10760.9907,235.0,200.0,52.6659,17.9194,10758.3916,235.0,200.0,52.663,17.9176,10746.3847,235.0,200.0,52.66,17.9159,10742.7992,235.0,200.0,52.657,17.9141,10745.5013,235.0,200.0,52.654,17.9123,10739.7212,235.0,200.0,52.6511,17.9105,10736.3472,235.0,200.0,52.6481,17.9087,10735.9243,235.0,200.0,52.6451,17.9069,10731.4763,235.0,200.0,52.6421,17.9051,10731.8811,235.0,200.0,52.6391,17.9033,10733.6019,235.0,200.0,52.6362,17.9016,10737.5243,235.0,200.0,52.6332,17.8998,10743.445,235.0,200.0
55,440048,BAW893,United Kingdom,53.96212,14.97206,12010.9,250,60,0.0,0,1,smooth_drift,53.9621,14.9721,12010.9335,250.0,60.0,0.9826,0.04,-0.06,0.2869,0.2032,6.0,9.0,9.0,0.4,0.3873,1.0,53.4507,15.6273,12008.4489,250.0,60.0,53.477,15.5953,12009.2974,250.0,60.0,53.504,15.5621,12020.9964,250.0,60.0,53.5319,15.5278,12018.0147,250.0,60.0,53.5605,15.4923,12022.7829,250.0,60.0,53.5899,15.4557,12020.5023,250.0,60.0,53.62,15.418,12028.8103,250.0,60.0,53.6509,15.379,12022.0864,250.0,60.0,53.6826,15.339,12016.9948,250.0,60.0,53.7151,15.2977,12009.7709,250.0,60.0,53.7483,15.2554,12021.9117,250.0,60.0,53.7823,15.2119,12017.4493,250.0,60.0,53.8171,15.1672,12012.2453,250.0,60.0,53.8526,15.1214,12003.623,250.0,60.0,53.8889,15.0744,12009.9379,250.0,60.0,53.926,15.0263,12010.9335,250.0,60.0
55,4ac9b0,SAS2HK,Sweden,55.4169,17.25384,10530.5,220,120,0.0,0,0,,55.4169,17.2538,10530.5059,220.0,120.0,-0.4027,0.0212,0.2633,-0.0041,0.2773,8.0,9.0,9.0,0.943,0.3105,1.0,55.4392,17.1859,10507.1364,220.0,120.0,55.4377,17.1904,10507.8819,220.0,120.0,55.4362,17.195,10511.6506,220.0,120.0,55.4347,17.1995,10513.5585,220.0,120.0,55.4332,17.204,10515.4754,220.0,120.0,55.4317,17.2085,10515.0872,220.0,120.0,55.4303,17.2131,10507.8671,220.0,120.0,55.4288,17.2176,10507.7072,220.0,120.0,55.4273,17.2221,10514.0349,220.0,120.0,55.4258,17.2267,10508.5409,220.0,120.0,55.4243,17.2312,10509.4323,220.0,120.0,55.4228,17.2357,10514.7697,220.0,120.0,55.4213,17.2403,10522.8171,220.0,120.0,55.4199,17.2448,10524.6016,220.0,120.0,55.4184,17.2493,10523.4823,220.0,120.0,55.4169,17.2538,10530.5059,220.0,120.0
55,3917a3,AFR1219,France,51.72049,13.33399,10950.1,225,150,0.0,0,1,smooth_drift,51.7205,13.334,10950.1015,225.0,150.0,0.2078,0.04,-0.06,-0.1137,0.1693,6.0,9.0,9.0,0.4,0.4769,1.0,51.2738,14.0267,10955.9888,225.0,150.0,51.2958,13.9922,10951.2585,225.0,150.0,51.3185,13.9565,10951.4973,225.0,150.0,51.342,13.9197,10952.5095,225.0,150.0,51.3663,13.8818,10951.8708,225.0,150.0,51.3914,13.8427,10945.6594,225.0,150.0,51.4172,13.8024,10941.4757,225.0,150.0,51.4438,13.761,10942.7835,225.0,150.0,51.4712,13.7184,10948.7387,225.0,150.0,51.4993,13.6747,10934.3963,225.0,150.0,51.5282,13.6298,10938.7127,225.0,150.0,51.5579,13.5838,10942.7818,225.0,150.0,51.5884,13.5366,10940.0963,225.0,150.0,51.6196,13.4883,10944.1525,225.0,150.0,51.6516,13.4388,10953.6423,225.0,150.0,51.6843,13.3882,10950.1015,225.0,150.0
55,46b8c1,FIN6KP,Finland,55.84738,20.90086,9998.4,215,200,0.0,0,0,,55.8474,20.9009,9998.4249,215.0,200.0,0.505,-0.1125,0.248,0.1983,-0.098,8.0,9.0,9.0,0.9353,0.5739,1.0,55.8883,20.9274,9980.6618,215.0,200.0,55.8855,20.9256,9989.4666,215.0,200.0,55.8828,20.9238,9988.2964,215.0,200.0,55.8801,20.9221,9984.9086,215.0,200.0,55.8774,20.9203,9982.2477,215.0,200.0,55.8746,20.9185,9985.555,215.0,200.0,55.8719,20.9168,9983.5826,215.0,200.0,55.8692,20.915,9979.1161,215.0,200.0,55.8665,20.9132,9982.5116,215.0,200.0,55.8637,20.9115,9981.1543,215.0,200.0,55.861,20.9097,9981.7868,215.0,200.0,55.8583,20.9079,9992.5987,215.0,200.0,55.8556,20.9062,9987.7534,215.0,200.0,55.8528,20.9044,9991.1822,215.0,200.0,55.8501,20.9026,9997.7542,215.0,200.0,55.8474,20.9009,9998.4249,215.0,200.0
55,4ca8e0,RYR3LM,Ireland,53.61237,19.54389,11219.4,232,240,0.0,0,0,,53.6124,19.5439,11219.3669,232.0,240.0,-0.4466,0.053,-0.1162,-0.1292,-0.1249,8.0,9.0,9.0,0.8945,0.4878,1.0,53.6358,19.6124,11200.7347,232.0,240.0,53.6343,19.6079,11206.1107,232.0,240.0,53.6327,19.6033,11197.6053,232.0,240.0,53.6311,19.5987,11199.3095,232.0,240.0,53.6296,19.5942,11193.0316,232.0,240.0,53.628,19.5896,11200.1809,232.0,240.0,53.6264,19.585,11197.4845,232.0,240.0,53.6249,19.5804,11195.4195,232.0,240.0,53.6233,19.5759,11190.6292,232.0,240.0,53.6218,19.5713,11198.5634,232.0,240.0,53.6202,19.5667,11201.0479,232.0,240.0,53.6186,19.5622,11201.6816,232.0,240.0,53.6171,19.5576,11200.0937,232.0,240.0,53.6155,19.553,11208.6691,232.0,240.0,53.6139,19.5485,11213.3484,232.0,240.0,53.6124,19.5439,11219.3669,232.0,240.0
55,478129,WZZ2BV,Hungary,51.72885,22.23584,10809.2,220,280,0.0,0,0,,51.7289,22.2358,10809.2076,220.0,280.0,-0.2036,0.3953,0.1854,-0.1011,-0.002,8.0,9.0,9.0,0.9396,0.5006,1.0,51.7211,22.3066,10810.2152,220.0,280.0,51.7216,22.3019,10809.3313,220.0,280.0,51.7222,22.2972,10807.2519,220.0,280.0,51.7227,22.2925,10801.9822,220.0,280.0,51.7232,22.2877,10804.0775,220.0,280.0,51.7237,22.283,10806.1026,220.0,280.0,51.7242,22.2783,10800.9442,220.0,280.0,51.7247,22.2736,10804.3919,220.0,280.0,51.7252,22.2689,10801.0124,220.0,280.0,51.7258,22.2641,10790.3312,220.0,280.0,51.7263,22.2594,10794.1135,220.0,280.0,51.7268,22.2547,10797.6606,220.0,280.0,51.7273,22.25,10807.9286,220.0,280.0,51.7278,22.2453,10800.6679,220.0,280.0,51.7283,22.2406,10805.8856,220.0,280.0,51.7289,22.2358,10809.2076,220.0,280.0
55,4ba8c2,TAR9FX,Turkey,52.19999,23.19803,9501.4,245,270,0.0,0,0,,52.2,23.198,9501.4465,245.0,270.0,2.0175,-0.1471,-0.0316,-0.2658,0.2532,8.0,9.0,9.0,0.899,0.4197,1.0,52.2,23.2789,9519.8332,245.0,270.0,52.2,23.2735,9517.608,245.0,270.0,52.2,23.2681,9513.5716,245.0,270.0,52.2,23.2627,9509.3163,245.0,270.0,52.2,23.2573,9508.9981,245.0,270.0,52.2,23.252,9509.3873,245.0,270.0,52.2,23.2466,9508.1418,245.0,270.0,52.2,23.2412,9497.6217,245.0,270.0,52.2,23.2358,9495.6003,245.0,270.0,52.2,23.2304,9489.1228,245.0,270.0,52.2,23.225,9485.674,245.0,270.0,52.2,23.2196,9486.847,245.0,270.0,52.2,23.2142,9496.0598,245.0,270.0,52.2,23.2088,9491.6885,245.0,270.0,52.2,23.2034,9492.9973,245.0,270.0,52.2,23.198,9501.4465,245.0,270.0
55,4cab4c,EZY42AC,United Kingdom,54.56877,17.80554,11759.4,238,100,0.0,0,0,,54.5688,17.8055,11759.442,238.0,100.0,0.9736,0.3029,-0.2825,-0.1074,-0.2292,8.0,9.0,9.0,0.9314,0.5246,1.0,54.5771,17.7237,11788.9646,238.0,100.0,54.5766,17.7292,11787.2608,238.0,100.0,54.576,17.7346,11783.3283,238.0,100.0,54.5755,17.7401,11792.2378,238.0,100.0,54.5749,17.7455,11789.2078,238.0,100.0,54.5743,17.751,11787.1965,238.0,100.0,54.5738,17.7564,11780.5367,238.0,100.0,54.5732,17.7619,11772.5378,238.0,100.0,54.5727,17.7674,11773.0999,238.0,100.0,54.5721,17.7728,11770.4064,238.0,100.0,54.5716,17.7783,11767.6316,238.0,100.0,54.571,17.7837,11770.355,238.0,100.0,54.5704,17.7892,11764.7666,238.0,100.0,54.5699,17.7946,11765.9473,238.0,100.0,54.5693,17.8001,11760.7011,238.0,100.0,54.5688,17.8055,11759.442,238.0,100.0
56,4ca87b,RYR2KE,Ireland,54.39999,18.8038,10995.7,230,90,0.0,0,0,,54.4,18.8038,10995.7331,230.0,90.0,-0.2257,-0.0136,0.2122,-0.0247,-0.1222,8.0,9.0,9.0,0.9351,0.231,1.0,54.4,18.7239,10987.7273,230.0,90.0,54.4,18.7292,10978.3747,230.0,90.0,54.4,18.7345,10975.377,230.0,90.0,54.4,18.7398,10973.4881,230.0,90.0,54.4,18.7452,10974.0141,230.0,90.0,54.4,18.7505,10981.2034,230.0,90.0,54.4,18.7558,10982.0612,230.0,90.0,54.4,18.7612,10983.1959,230.0,90.0,54.4,18.7665,10983.0675,230.0,90.0,54.4,18.7718,10980.9021,230.0,90.0,54.4,18.7772,10973.2259,230.0,90.0,54.4,18.7825,10977.3328,230.0,90.0,54.4,18.7878,10990.1049,230.0,90.0,54.4,18.7931,10990.4109,230.0,90.0,54.4,18.7985,10994.1731,230.0,90.0,54.4,18.8038,10995.7331,230.0,90.0
56,471f8b,LOT283,Poland,52.62958,20.72111,9554.3,220,320,0.0,0,0,,52.6296,20.7211,9554.3316,220.0,320.0,-0.0312,0.0255,0.0439,0.0086,-0.0705,8.0,9.0,9.0,0.891,0.5478,1.0,52.5955,20.7682,9568.8491,220.0,320.0,52.5978,20.7651,9562.3122,220.0,320.0,52.6,20.762,9577.7022,220.0,320.0,52.6023,20.7588,9573.6519,220.0,320.0,52.6046,20.7557,9573.7105,220.0,320.0,52.6068,20.7525,9570.5057,220.0,320.0,52.6091,20.7494,9565.8088,220.0,320.0,52.6114,20.7463,9560.8559,220.0,320.0,52.6137,20.7431,9566.6724,220.0,320.0,52.6159,20.74,9557.2251,220.0,320.0,52.6182,20.7368,9554.4256,220.0,320.0,52.6205,20.7337,9556.2461,220.0,320.0,52.6228,20.7305,9554.8896,220.0,320.0,52.625,20.7274,9557.9726,220.0,320.0,52.6273,20.7243,9555.5804,220.0,320.0,52.6296,20.7211,9554.3316,220.0,320.0
56,3c6589,DLH4ZW,Germany,53.53204,14.80565,11500.2,240,80,0.0,0,0,,53.532,14.8056,11500.1657,240.0,80.0,0.3167,-0.3644,-0.2384,0.2964,-0.1114,8.0,9.0,9.0,0.9271,0.327,1.0,53.5236,14.7252,11513.2061,240.0,80.0,53.5242,14.7306,11512.4507,240.0,80.0,53.5247,14.7359,11502.6569,240.0,80.0,53.5253,14.7413,11499.5097,240.0,80.0,53.5259,14.7466,11493.467,240.0,80.0,53.5264,14.752,11489.3392,240.0,80.0,53.527,14.7574,11492.4619,240.0,80.0,53.5275,14.7627,11494.9351,240.0,80.0,53.5281,14.7681,11494.1773,240.0,80.0,53.5287,14.7735,11498.6287,240.0,80.0,53.5292,14.7788,11498.8764,240.0,80.0,53.5298,14.7842,11492.5772,240.0,80.0,53.5304,14.7896,11487.1701,240.0,80.0,53.5309,14.7949,11490.1219,240.0,80.0,53.5315,14.8003,11499.3684,240.0,80.0,53.532,14.8056,11500.1657,240.0,80.0
56,4b1805,SWR12X,Switzerland,52.6302,17.89798,10740.1,235,200,0.0,0,0,,52.6302,17.898,10740.072,235.0,200.0,0.1828,0.1109,-0.0863,-0.0941,-0.1827,8.0,9.0,9.0,0.9133,0.4347,1.0,52.6749,17.9248,10762.4143,235.0,200.0,52.6719,17.923,10761.5656,235.0,200.0,52.6689,17.9212,10760.9907,235.0,200.0,52.6659,17.9194,10758.3916,235.0,200.0,52.663,17.9176,10746.3847,235.0,200.0,52.66,17.9159,10742.7992,235.0,200.0,52.657,17.9141,10745.5013,235.0,200.0,52.654,17.9123,10739.7212,235.0,200.0,52.6511,17.9105,10736.3472,235.0,200.0,52.6481,17.9087,10735.9243,235.0,200.0,52.6451,17.9069,10731.4763,235.0,200.0,52.6421,17.9051,10731.8811,235.0,200.0,52.6391,17.9033,10733.6019,235.0,200.0,52.6362,17.9016,10737.5243,235.0,200.0,52.6332,17.8998,10743.445,235.0,200.0,52.6302,17.898,10740.072,235.0,200.0
56,440048,BAW893,United Kingdom,54.00072,14.92164,12011.9,250,60,0.0,0,1,smooth_drift,54.0007,14.9216,12011.9387,250.0,60.0,0.5943,0.04,-0.06,-0.15,-0.3044,6.0,9.0,9.0,0.4,0.3903,1.0,53.477,15.5953,12009.2974,250.0,60.0,53.504,15.5621,12020.9964,250.0,60.0,53.5319,15.5278,12018.0147,250.0,60.0,53.5605,15.4923,12022.7829,250.0,60.0,53.5899,15.4557,12020.5023,250.0,60.0,53.62,15.418,12028.8103,250.0,60.0,53.6509,15.379,12022.0864,250.0,60.0,53.6826,15.339,12016.9948,250.0,60.0,53.7151,15.2977,12009.7709,250.0,60.0,53.7483,15.2554,12021.9117,250.0,60.0,53.7823,15.2119,12017.4493,250.0,60.0,53.8171,15.1672,12012.2453,250.0,60.0,53.8526,15.1214,12003.623,250.0,60.0,53.8889,15.0744,12009.9379,250.0,60.0,53.926,15.0263,12010.9335,250.0,60.0,53.9638,14.977,12011.9387,250.0,60.0
56,4ac9b0,SAS2HK,Sweden,55.41541,17.25836,10536.1,220,120,0.0,0,0,,55.4154,17.2584,10536.108,220.0,120.0,0.2116,0.0613,-0.1478,-0.096,0.2583,8.0,9.0,9.0,0.9231,0.4046,1.0,55.4377,17.1904,10507.8819,220.0,120.0,55.4362,17.195,10511.6506,220.0,120.0,55.4347,17.1995,10513.5585,220.0,120.0,55.4332,17.204,10515.4754,220.0,120.0,55.4317,17.2085,10515.0872,220.0,120.0,55.4303,17.2131,10507.8671,220.0,120.0,55.4288,17.2176,10507.7072,220.0,120.0,55.4273,17.2221,10514.0349,220.0,120.0,55.4258,17.2267,10508.5409,220.0,120.0,55.4243,17.2312,10509.4323,220.0,120.0,55.4228,17.2357,10514.7697,220.0,120.0,55.4213,17.2403,10522.8171,220.0,120.0,55.4199,17.2448,10524.6016,220.0,120.0,55.4184,17.2493,10523.4823,220.0,120.0,55.4169,17.2538,10530.5059,220.0,120.0,55.4154,17.2584,10536.108,220.0,120.0
56,3917a3,AFR1219,France,51.75479,13.28105,10948.4,225,150,0.0,0,1,smooth_drift,51.7548,13.2811,10948.3556,225.0,150.0,1.6589,0.04,-0.06,0.3982,0.0686,6.0,9.0,9.0,0.4,0.4642,1.0,51.2958,13.9922,10951.2585,225.0,150.0,51.3185,13.9565,10951.4973,225.0,150.0,51.342,13.9197,10952.5095,225.0,150.0,51.3663,13.8818,10951.8708,225.0,150.0,51.3914,13.8427,10945.6594,225.0,150.0,51.4172,13.8024,10941.4757,225.0,150.0,51.4438,13.761,10942.7835,225.0,150.0,51.4712,13.7184,10948.7387,225.0,150.0,51.4993,13.6747,10934.3963,225.0,150.0,51.5282,13.6298,10938.7127,225.0,150.0,51.5579,13.5838,10942.7818,225.0,150.0,51.5884,13.5366,10940.0963,225.0,150.0,51.6196,13.4883,10944.1525,225.0,150.0,51.6516,13.4388,10953.6423,225.0,150.0,51.6843,13.3882,10950.1015,225.0,150.0,51.7179,13.3364,10948.3556,225.0,150.0
56,46b8c1,FIN6KP,Finland,55.84465,20.89909,10001.0,215,200,0.0,0,0,,55.8447,20.8991,10001.0136,215.0,200.0,-1.0465,-0.1293,-0.1663,-0.2928,-0.0673,8.0,9.0,9.0,0.9241,0.3942,1.0,55.8855,20.9256,9989.4666,215.0,200.0,55.8828,20.9238,9988.2964,215.0,200.0,55.8801,20.9221,9984.9086,215.0,200.0,55.8774,20.9203,9982.2477,215.0,200.0,55.8746,20.9185,9985.555,215.0,200.0,55.8719,20.9168,9983.5826,215.0,200.0,55.8692,20.915,9979.1161,215.0,200.0,55.8665,20.9132,9982.5116,215.0,200.0,55.8637,20.9115,9981.1543,215.0,200.0,55.861,20.9097,9981.7868,215.0,200.0,55.8583,20.9079,9992.5987,215.0,200.0,55.8556,20.9062,9987.7534,215.0,200.0,55.8528,20.9044,9991.1822,215.0,200.0,55.8501,20.9026,9997.7542,215.0,200.0,55.8474,20.9009,9998.4249,215.0,200.0,55.8447,20.8991,10001.0136,215.0,200.0
56,4ca8e0,RYR3LM,Ireland,53.6108,19.53932,11218.1,232,240,0.0,0,0,,53.6108,19.5393,11218.1329,232.0,240.0,-0.2462,0.2208,0.197,-0.1108,0.0112,8.0,9.0,9.0,0.9018,0.35,1.0,53.6343,19.6079,11206.1107,232.0,240.0,53.6327,19.6033,11197.6053,232.0,240.0,53.6311,19.5987,11199.3095,232.0,240.0,53.6296,19.5942,11193.0316,232.0,240.0,53.628,19.5896,11200.1809,232.0,240.0,53.6264,19.585,11197.4845,232.0,240.0,53.6249,19.5804,11195.4195,232.0,240.0,53.6233,19.5759,11190.6292,232.0,240.0,53.6218,19.5713,11198.5634,232.0,240.0,53.6202,19.5667,11201.0479,232.0,240.0,53.6186,19.5622,11201.6816,232.0,240.0,53.6171,19.5576,11200.0937,232.0,240.0,53.6155,19.553,11208.6691,232.0,240.0,53.6139,19.5485,11213.3484,232.0,240.0,53.6124,19.5439,11219.3669,232.0,240.0,53.6108,19.5393,11218.1329,232.0,240.0
56,478129,WZZ2BV,Hungary,51.72937,22.23112,10802.2,220,280,0.0,0,0,,51.7294,22.2311,10802.2005,220.0,280.0,-1.5868,-0.2541,-0.0958,0.1385,-0.2976,8.0,9.0,9.0,0.9043,0.3945,1.0,51.7216,22.3019,10809.3313,220.0,280.0,51.7222,22.2972,10807.2519,220.0,280.0,51.7227,22.2925,10801.9822,220.0,280.0,51.7232,22.2877,10804.0775,220.0,280.0,51.7237,22.283,10806.1026,220.0,280.0,51.7242,22.2783,10800.9442,220.0,280.0,51.7247,22.2736,10804.3919,220.0,280.0,51.7252,22.2689,10801.0124,220.0,280.0,51.7258,22.2641,10790.3312,220.0,280.0,51.7263,22.2594,10794.1135,220.0,280.0,51.7268,22.2547,10797.6606,220.0,280.0,51.7273,22.25,10807.9286,220.0,280.0,51.7278,22.2453,10800.6679,220.0,280.0,51.7283,22.2406,10805.8856,220.0,280.0,51.7289,22.2358,10809.2076,220.0,280.0,51.7294,22.2311,10802.2005,220.0,280.0
56,4ba8c2,TAR9FX,Turkey,52.19999,23.19264,9496.7,245,270,0.0,0,0,,52.2,23.1926,9496.6629,245.0,270.0,0.3207,0.2062,0.0898,-0.1331,0.1186,8.0,9.0,9.0,0.944,0.4552,1.0,52.2,23.2735,9517.608,245.0,270.0,52.2,23.2681,9513.5716,245.0,270.0,52.2,23.2627,9509.3163,245.0,270.0,52.2,23.2573,9508.9981,245.0,270.0,52.2,23.252,9509.3873,245.0,270.0,52.2,23.2466,9508.1418,245.0,270.0,52.2,23.2412,9497.6217,245.0,270.0,52.2,23.2358,9495.6003,245.0,270.0,52.2,23.2304,9489.1228,245.0,270.0,52.2,23.225,9485.674,245.0,270.0,52.2,23.2196,9486.847,245.0,270.0,52.2,23.2142,9496.0598,245.0,270.0,52.2,23.2088,9491.6885,245.0,270.0,52.2,23.2034,9492.9973,245.0,270.0,52.2,23.198,9501.4465,245.0,270.0,52.2,23.1926,9496.6629,245.0,270.0
56,4cab4c,EZY42AC,United Kingdom,54.56821,17.81099,11751.0,238,100,0.0,0,0,,54.5682,17.811,11751.0119,238.0,100.0,-1.5873,0.3768,0.0713,0.1677,0.2512,8.0,9.0,9.0,0.9483,0.4806,1.0,54.5766,17.7292,11787.2608,238.0,100.0,54.576,17.7346,11783.3283,238.0,100.0,54.5755,17.7401,11792.2378,238.0,100.0,54.5749,17.7455,11789.2078,238.0,100.0,54.5743,17.751,11787.1965,238.0,100.0,54.5738,17.7564,11780.5367,238.0,100.0,54.5732,17.7619,11772.5378,238.0,100.0,54.5727,17.7674,11773.0999,238.0,100.0,54.5721,17.7728,11770.4064,238.0,100.0,54.5716,17.7783,11767.6316,238.0,100.0,54.571,17.7837,11770.355,238.0,100.0,54.5704,17.7892,11764.7666,238.0,100.0,54.5699,17.7946,11765.9473,238.0,100.0,54.5693,17.8001,11760.7011,238.0,100.0,54.5688,17.8055,11759.442,238.0,100.0,54.5682,17.811,11751.0119,238.0,100.0
57,4ca87b,RYR2KE,Ireland,54.39999,18.80913,10990.0,230,90,0.0,0,0,,54.4,18.8091,10990.0034,230.0,90.0,-0.0987,0.1168,-0.1152,-0.2978,-0.2629,8.0,9.0,9.0,0.8516,0.3372,1.0,54.4,18.7292,10978.3747,230.0,90.0,54.4,18.7345,10975.377,230.0,90.0,54.4,18.7398,10973.4881,230.0,90.0,54.4,18.7452,10974.0141,230.0,90.0,54.4,18.7505,10981.2034,230.0,90.0,54.4,18.7558,10982.0612,230.0,90.0,54.4,18.7612,10983.1959,230.0,90.0,54.4,18.7665,10983.0675,230.0,90.0,54.4,18.7718,10980.9021,230.0,90.0,54.4,18.7772,10973.2259,230.0,90.0,54.4,18.7825,10977.3328,230.0,90.0,54.4,18.7878,10990.1049,230.0,90.0,54.4,18.7931,10990.4109,230.0,90.0,54.4,18.7985,10994.1731,230.0,90.0,54.4,18.8038,10995.7331,230.0,90.0,54.4,18.8091,10990.0034,230.0,90.0
57,471f8b,LOT283,Poland,52.63186,20.71797,9558.9,220,320,0.0,0,0,,52.6319,20.718,9558.8756,220.0,320.0,0.4194,-0.1622,0.4085,-0.0065,-0.1108,8.0,9.0,9.0,0.8992,0.3231,1.0,52.5978,20.7651,9562.3122,220.0,320.0,52.6,20.762,9577.7022,220.0,320.0,52.6023,20.7588,9573.6519,220.0,320.0,52.6046,20.7557,9573.7105,220.0,320.0,52.6068,20.7525,9570.5057,220.0,320.0,52.6091,20.7494,9565.8088,220.0,320.0,52.6114,20.7463,9560.8559,220.0,320.0,52.6137,20.7431,9566.6724,220.0,320.0,52.6159,20.74,9557.2251,220.0,320.0,52.6182,20.7368,9554.4256,220.0,320.0,52.6205,20.7337,9556.2461,220.0,320.0,52.6228,20.7305,9554.8896,220.0,320.0,52.625,20.7274,9557.9726,220.0,320.0,52.6273,20.7243,9555.5804,220.0,320.0,52.6296,20.7211,9554.3316,220.0,320.0,52.6319,20.718,9558.8756,220.0,320.0
57,3c6589,DLH4ZW,Germany,53.5326,14.81101,11497.0,240,80,0.0,0,0,,53.5326,14.811,11497.0158,240.0,80.0,-0.3472,0.1879,-0.2688,-0.2377,-0.105,8.0,9.0,9.0,0.936,0.3517,1.0,53.5242,14.7306,11512.4507,240.0,80.0,53.5247,14.7359,11502.6569,240.0,80.0,53.5253,14.7413,11499.5097,240.0,80.0,53.5259,14.7466,11493.467,240.0,80.0,53.5264,14.752,11489.3392,240.0,80.0,53.527,14.7574,11492.4619,240.0,80.0,53.5275,14.7627,11494.9351,240.0,80.0,53.5281,14.7681,11494.1773,240.0,80.0,53.5287,14.7735,11498.6287,240.0,80.0,53.5292,14.7788,11498.8764,240.0,80.0,53.5298,14.7842,11492.5772,240.0,80.0,53.5304,14.7896,11487.1701,240.0,80.0,53.5309,14.7949,11490.1219,240.0,80.0,53.5315,14.8003,11499.3684,240.0,80.0,53.532,14.8056,11500.1657,240.0,80.0,53.5326,14.811,11497.0158,240.0,80.0
57,4b1805,SWR12X,Switzerland,52.62722,17.8962,10744.1,235,200,0.0,0,0,,52.6272,17.8962,10744.1497,235.0,200.0,1.3796,-0.2891,0.1603,0.0117,0.1541,8.0,9.0,9.0,0.9143,0.4582,1.0,52.6719,17.923,10761.5656,235.0,200.0,52.6689,17.9212,10760.9907,235.0,200.0,52.6659,17.9194,10758.3916,235.0,200.0,52.663,17.9176,10746.3847,235.0,200.0,52.66,17.9159,10742.7992,235.0,200.0,52.657,17.9141,10745.5013,235.0,200.0,52.654,17.9123,10739.7212,235.0,200.0,52.6511,17.9105,10736.3472,235.0,200.0,52.6481,17.9087,10735.9243,235.0,200.0,52.6451,17.9069,10731.4763,235.0,200.0,52.6421,17.9051,10731.8811,235.0,200.0,52.6391,17.9033,10733.6019,235.0,200.0,52.6362,17.9016,10737.5243,235.0,200.0,52.6332,17.8998,10743.445,235.0,200.0,52.6302,17.898,10740.072,235.0,200.0,52.6272,17.8962,10744.1497,235.0,200.0
57,440048,BAW893,United Kingdom,54.0401,14.87007,12014.7,250,60,0.0,0,1,smooth_drift,54.0401,14.8701,12014.6586,250.0,60.0,-0.2762,0.04,-0.06,-0.1399,-0.0675,6.0,9.0,9.0,0.4,0.2895,1.0,53.504,15.5621,12020.9964,250.0,60.0,53.5319,15.5278,12018.0147,250.0,60.0,53.5605,15.4923,12022.7829,250.0,60.0,53.5899,15.4557,12020.5023,250.0,60.0,53.62,15.418,12028.8103,250.0,60.0,53.6509,15.379,12022.0864,250.0,60.0,53.6826,15.339,12016.9948,250.0,60.0,53.7151,15.2977,12009.7709,250.0,60.0,53.7483,15.2554,12021.9117,250.0,60.0,53.7823,15.2119,12017.4493,250.0,60.0,53.8171,15.1672,12012.2453,250.0,60.0,53.8526,15.1214,12003.623,250.0,60.0,53.8889,15.0744,12009.9379,250.0,60.0,53.926,15.0263,12010.9335,250.0,60.0,53.9638,14.977,12011.9387,250.0,60.0,54.0024,14.9266,12014.6586,250.0,60.0
57,4ac9b0,SAS2HK,Sweden,55.41393,17.26289,10532.9,220,120,0.0,0,0,,55.4139,17.2629,10532.9137,220.0,120.0,-0.454,0.4306,-0.154,-0.0487,0.0928,8.0,9.0,9.0,0.9287,0.3532,1.0,55.4362,17.195,10511.6506,220.0,120.0,55.4347,17.1995,10513.5585,220.0,120.0,55.4332,17.204,10515.4754,220.0,120.0,55.4317,17.2085,10515.0872,220.0,120.0,55.4303,17.2131,10507.8671,220.0,120.0,55.4288,17.2176,10507.7072,220.0,120.0,55.4273,17.2221,10514.0349,220.0,120.0,55.4258,17.2267,10508.5409,220.0,120.0,55.4243,17.2312,10509.4323,220.0,120.0,55.4228,17.2357,10514.7697,220.0,120.0,55.4213,17.2403,10522.8171,220.0,120.0,55.4199,17.2448,10524.6016,220.0,120.0,55.4184,17.2493,10523.4823,220.0,120.0,55.4169,17.2538,10530.5059,220.0,120.0,55.4154,17.2584,10536.108,220.0,120.0,55.4139,17.2629,10532.9137,220.0,120.0
57,3917a3,AFR1219,France,51.78985,13.22696,10951.6,225,150,0.0,0,1,smooth_drift,51.7898,13.227,10951.5841,225.0,150.0,-1.2312,0.04,-0.06,0.089,-0.0677,6.0,9.0,9.0,0.4,0.1679,1.0,51.3185,13.9565,10951.4973,225.0,150.0,51.342,13.9197,10952.5095,225.0,150.0,51.3663,13.8818,10951.8708,225.0,150.0,51.3914,13.8427,10945.6594,225.0,150.0,51.4172,13.8024,10941.4757,225.0,150.0,51.4438,13.761,10942.7835,225.0,150.0,51.4712,13.7184,10948.7387,225.0,150.0,51.4993,13.6747,10934.3963,225.0,150.0,51.5282,13.6298,10938.7127,225.0,150.0,51.5579,13.5838,10942.7818,225.0,150.0,51.5884,13.5366,10940.0963,225.0,150.0,51.6196,13.4883,10944.1525,225.0,150.0,51.6516,13.4388,10953.6423,225.0,150.0,51.6843,13.3882,10950.1015,225.0,150.0,51.7179,13.3364,10948.3556,225.0,150.0,51.7522,13.2835,10951.5841,225.0,150.0
57,46b8c1,FIN6KP,Finland,55.84193,20.89733,9997.9,215,200,0.0,0,0,,55.8419,20.8973,9997.9379,215.0,200.0,-0.0891,0.2036,0.1086,0.253,0.229,8.0,9.0,9.0,0.8983,0.391,1.0,55.8828,20.9238,9988.2964,215.0,200.0,55.8801,20.9221,9984.9086,215.0,200.0,55.8774,20.9203,9982.2477,215.0,200.0,55.8746,20.9185,9985.555,215.0,200.0,55.8719,20.9168,9983.5826,215.0,200.0,55.8692,20.915,9979.1161,215.0,200.0,55.8665,20.9132,9982.5116,215.0,200.0,55.8637,20.9115,9981.1543,215.0,200.0,55.861,20.9097,9981.7868,215.0,200.0,55.8583,20.9079,9992.5987,215.0,200.0,55.8556,20.9062,9987.7534,215.0,200.0,55.8528,20.9044,9991.1822,215.0,200.0,55.8501,20.9026,9997.7542,215.0,200.0,55.8474,20.9009,9998.4249,215.0,200.0,55.8447,20.8991,10001.0136,215.0,200.0,55.8419,20.8973,9997.9379,215.0,200.0
57,4ca8e0,RYR3LM,Ireland,53.60924,19.53476,11215.2,232,240,0.0,0,0,,53.6092,19.5348,11215.232,232.0,240.0,1.7497,-0.1371,0.3028,-0.0947,-0.1367,8.0,9.0,9.0,0.9329,0.4413,1.0,53.6327,19.6033,11197.6053,232.0,240.0,53.6311,19.5987,11199.3095,232.0,240.0,53.6296,19.5942,11193.0316,232.0,240.0,53.628,19.5896,11200.1809,232.0,240.0,53.6264,19.585,11197.4845,232.0,240.0,53.6249,19.5804,11195.4195,232.0,240.0,53.6233,19.5759,11190.6292,232.0,240.0,53.6218,19.5713,11198.5634,232.0,240.0,53.6202,19.5667,11201.0479,232.0,240.0,53.6186,19.5622,11201.6816,232.0,240.0,53.6171,19.5576,11200.0937,232.0,240.0,53.6155,19.553,11208.6691,232.0,240.0,53.6139,19.5485,11213.3484,232.0,240.0,53.6124,19.5439,11219.3669,232.0,240.0,53.6108,19.5393,11218.1329,232.0,240.0,53.6092,19.5348,11215.232,232.0,240.0
57,478129,WZZ2BV,Hungary,51.72988,22.2264,10801.8,220,280,0.0,0,0,,51.7299,22.2264,10801.7546,220.0,280.0,-2.5036,0.192,-0.1305,0.4116,0.0138,8.0,9.0,9.0,0.9296,0.2455,1.0,51.7222,22.2972,10807.2519,220.0,280.0,51.7227,22.2925,10801.9822,220.0,280.0,51.7232,22.2877,10804.0775,220.0,280.0,51.7237,22.283,10806.1026,220.0,280.0,51.7242,22.2783,10800.9442,220.0,280.0,51.7247,22.2736,10804.3919,220.0,280.0,51.7252,22.2689,10801.0124,220.0,280.0,51.7258,22.2641,10790.3312,220.0,280.0,51.7263,22.2594,10794.1135,220.0,280.0,51.7268,22.2547,10797.6606,220.0,280.0,51.7273,22.25,10807.9286,220.0,280.0,51.7278,22.2453,10800.6679,220.0,280.0,51.7283,22.2406,10805.8856,220.0,280.0,51.7289,22.2358,10809.2076,220.0,280.0,51.7294,22.2311,10802.2005,220.0,280.0,51.7299,22.2264,10801.7546,220.0,280.0
57,4ba8c2,TAR9FX,Turkey,52.19999,23.18724,9493.0,245,270,0.0,0,0,,52.2,23.1872,9492.9935,245.0,270.0,1.2315,-0.0443,0.0182,0.2281,-0.1831,8.0,9.0,9.0,0.9442,0.2727,1.0,52.2,23.2681,9513.5716,245.0,270.0,52.2,23.2627,9509.3163,245.0,270.0,52.2,23.2573,9508.9981,245.0,270.0,52.2,23.252,9509.3873,245.0,270.0,52.2,23.2466,9508.1418,245.0,270.0,52.2,23.2412,9497.6217,245.0,270.0,52.2,23.2358,9495.6003,245.0,270.0,52.2,23.2304,9489.1228,245.0,270.0,52.2,23.225,9485.674,245.0,270.0,52.2,23.2196,9486.847,245.0,270.0,52.2,23.2142,9496.0598,245.0,270.0,52.2,23.2088,9491.6885,245.0,270.0,52.2,23.2034,9492.9973,245.0,270.0,52.2,23.198,9501.4465,245.0,270.0,52.2,23.1926,9496.6629,245.0,270.0,52.2,23.1872,9492.9935,245.0,270.0
57,4cab4c,EZY42AC,United Kingdom,54.56766,17.81644,11753.7,238,100,0.0,0,0,,54.5677,17.8164,11753.7282,238.0,100.0,0.1133,-0.0144,0.1316,-0.0278,0.0721,8.0,9.0,9.0,0.9567,0.6459,1.0,54.576,17.7346,11783.3283,238.0,100.0,54.5755,17.7401,11792.2378,238.0,100.0,54.5749,17.7455,11789.2078,238.0,100.0,54.5743,17.751,11787.1965,238.0,100.0,54.5738,17.7564,11780.5367,238.0,100.0,54.5732,17.7619,11772.5378,238.0,100.0,54.5727,17.7674,11773.0999,238.0,100.0,54.5721,17.7728,11770.4064,238.0,100.0,54.5716,17.7783,11767.6316,238.0,100.0,54.571,17.7837,11770.355,238.0,100.0,54.5704,17.7892,11764.7666,238.0,100.0,54.5699,17.7946,11765.9473,238.0,100.0,54.5693,17.8001,11760.7011,238.0,100.0,54.5688,17.8055,11759.442,238.0,100.0,54.5682,17.811,11751.0119,238.0,100.0,54.5677,17.8164,11753.7282,238.0,100.0
58,4ca87b,RYR2KE,Ireland,54.39999,18.81446,10996.4,230,90,0.0,0,0,,54.4,18.8145,10996.4489,230.0,90.0,0.031,0.2557,-0.061,-0.0066,0.1314,8.0,9.0,9.0,0.9224,0.4237,1.0,54.4,18.7345,10975.377,230.0,90.0,54.4,18.7398,10973.4881,230.0,90.0,54.4,18.7452,10974.0141,230.0,90.0,54.4,18.7505,10981.2034,230.0,90.0,54.4,18.7558,10982.0612,230.0,90.0,54.4,18.7612,10983.1959,230.0,90.0,54.4,18.7665,10983.0675,230.0,90.0,54.4,18.7718,10980.9021,230.0,90.0,54.4,18.7772,10973.2259,230.0,90.0,54.4,18.7825,10977.3328,230.0,90.0,54.4,18.7878,10990.1049,230.0,90.0,54.4,18.7931,10990.4109,230.0,90.0,54.4,18.7985,10994.1731,230.0,90.0,54.4,18.8038,10995.7331,230.0,90.0,54.4,18.8091,10990.0034,230.0,90.0,54.4,18.8145,10996.4489,230.0,90.0
58,471f8b,LOT283,Poland,52.63413,20.71483,9559.1,220,320,0.0,0,0,,52.6341,20.7148,9559.0685,220.0,320.0,-0.1979,-0.1518,-0.1116,-0.2101,-0.0883,8.0,9.0,9.0,0.9405,0.3641,1.0,52.6,20.762,9577.7022,220.0,320.0,52.6023,20.7588,9573.6519,220.0,320.0,52.6046,20.7557,9573.7105,220.0,320.0,52.6068,20.7525,9570.5057,220.0,320.0,52.6091,20.7494,9565.8088,220.0,320.0,52.6114,20.7463,9560.8559,220.0,320.0,52.6137,20.7431,9566.6724,220.0,320.0,52.6159,20.74,9557.2251,220.0,320.0,52.6182,20.7368,9554.4256,220.0,320.0,52.6205,20.7337,9556.2461,220.0,320.0,52.6228,20.7305,9554.8896,220.0,320.0,52.625,20.7274,9557.9726,220.0,320.0,52.6273,20.7243,9555.5804,220.0,320.0,52.6296,20.7211,9554.3316,220.0,320.0,52.6319,20.718,9558.8756,220.0,320.0,52.6341,20.7148,9559.0685,220.0,320.0
58,3c6589,DLH4ZW,Germany,53.53316,14.81638,11497.2,240,80,0.0,0,0,,53.5332,14.8164,11497.166,240.0,80.0,0.4011,0.2548,-0.3714,0.3203,-0.0644,8.0,9.0,9.0,0.9684,0.528,1.0,53.5247,14.7359,11502.6569,240.0,80.0,53.5253,14.7413,11499.5097,240.0,80.0,53.5259,14.7466,11493.467,240.0,80.0,53.5264,14.752,11489.3392,240.0,80.0,53.527,14.7574,11492.4619,240.0,80.0,53.5275,14.7627,11494.9351,240.0,80.0,53.5281,14.7681,11494.1773,240.0,80.0,53.5287,14.7735,11498.6287,240.0,80.0,53.5292,14.7788,11498.8764,240.0,80.0,53.5298,14.7842,11492.5772,240.0,80.0,53.5304,14.7896,11487.1701,240.0,80.0,53.5309,14.7949,11490.1219,240.0,80.0,53.5315,14.8003,11499.3684,240.0,80.0,53.532,14.8056,11500.1657,240.0,80.0,53.5326,14.811,11497.0158,240.0,80.0,53.5332,14.8164,11497.166,240.0,80.0
58,4b1805,SWR12X,Switzerland,52.62424,17.89441,10736.7,235,200,0.0,0,0,,52.6242,17.8944,10736.7012,235.0,200.0,1.6157,0.0291,0.1603,0.2742,0.0162,8.0,9.0,9.0,0.9236,0.43,1.0,52.6689,17.9212,10760.9907,235.0,200.0,52.6659,17.9194,10758.3916,235.0,200.0,52.663,17.9176,10746.3847,235.0,200.0,52.66,17.9159,10742.7992,235.0,200.0,52.657,17.9141,10745.5013,235.0,200.0,52.654,17.9123,10739.7212,235.0,200.0,52.6511,17.9105,10736.3472,235.0,200.0,52.6481,17.9087,10735.9243,235.0,200.0,52.6451,17.9069,10731.4763,235.0,200.0,52.6421,17.9051,10731.8811,235.0,200.0,52.6391,17.9033,10733.6019,235.0,200.0,52.6362,17.9016,10737.5243,235.0,200.0,52.6332,17.8998,10743.445,235.0,200.0,52.6302,17.898,10740.072,235.0,200.0,52.6272,17.8962,10744.1497,235.0,200.0,52.6242,17.8944,10736.7012,235.0,200.0
58,440048,BAW893,United Kingdom,54.08025,14.81735,12018.3,250,60,0.0,0,1,smooth_drift,54.0803,14.8174,12018.2984,250.0,60.0,-0.3819,0.04,-0.06,-0.2708,0.3251,6.0,9.0,9.0,0.4,0.5084,1.0,53.5319,15.5278,12018.0147,250.0,60.0,53.5605,15.4923,12022.7829,250.0,60.0,53.5899,15.4557,12020.5023,250.0,60.0,53.62,15.418,12028.8103,250.0,60.0,53.6509,15.379,12022.0864,250.0,60.0,53.6826,15.339,12016.9948,250.0,60.0,53.7151,15.2977,12009.7709,250.0,60.0,53.7483,15.2554,12021.9117,250.0,60.0,53.7823,15.2119,12017.4493,250.0,60.0,53.8171,15.1672,12012.2453,250.0,60.0,53.8526,15.1214,12003.623,250.0,60.0,53.8889,15.0744,12009.9379,250.0,60.0,53.926,15.0263,12010.9335,250.0,60.0,53.9638,14.977,12011.9387,250.0,60.0,54.0024,14.9266,12014.6586,250.0,60.0,54.0418,14.875,12018.2984,250.0,60.0
58,4ac9b0,SAS2HK,Sweden,55.41245,17.26742,10529.6,220,120,0.0,0,0,,55.4124,17.2674,10529.631,220.0,120.0,-0.7859,0.1743,0.0732,-0.2861,0.1015,8.0,9.0,9.0,0.9145,0.3026,1.0,55.4347,17.1995,10513.5585,220.0,120.0,55.4332,17.204,10515.4754,220.0,120.0,55.4317,17.2085,10515.0872,220.0,120.0,55.4303,17.2131,10507.8671,220.0,120.0,55.4288,17.2176,10507.7072,220.0,120.0,55.4273,17.2221,10514.0349,220.0,120.0,55.4258,17.2267,10508.5409,220.0,120.0,55.4243,17.2312,10509.4323,220.0,120.0,55.4228,17.2357,10514.7697,220.0,120.0,55.4213,17.2403,10522.8171,220.0,120.0,55.4199,17.2448,10524.6016,220.0,120.0,55.4184,17.2493,10523.4823,220.0,120.0,55.4169,17.2538,10530.5059,220.0,120.0,55.4154,17.2584,10536.108,220.0,120.0,55.4139,17.2629,10532.9137,220.0,120.0,55.4124,17.2674,10529.631,220.0,120.0
58,3917a3,AFR1219,France,51.82568,13.17172,10952.0,225,150,0.0,0,1,smooth_drift,51.8257,13.1717,10951.9592,225.0,150.0,-0.2329,0.04,-0.06,-0.1455,0.0812,6.0,9.0,9.0,0.4,0.5443,1.0,51.342,13.9197,10952.5095,225.0,150.0,51.3663,13.8818,10951.8708,225.0,150.0,51.3914,13.8427,10945.6594,225.0,150.0,51.4172,13.8024,10941.4757,225.0,150.0,51.4438,13.761,10942.7835,225.0,150.0,51.4712,13.7184,10948.7387,225.0,150.0,51.4993,13.6747,10934.3963,225.0,150.0,51.5282,13.6298,10938.7127,225.0,150.0,51.5579,13.5838,10942.7818,225.0,150.0,51.5884,13.5366,10940.0963,225.0,150.0,51.6196,13.4883,10944.1525,225.0,150.0,51.6516,13.4388,10953.6423,225.0,150.0,51.6843,13.3882,10950.1015,225.0,150.0,51.7179,13.3364,10948.3556,225.0,150.0,51.7522,13.2835,10951.5841,225.0,150.0,51.7872,13.2294,10951.9592,225.0,150.0
58,46b8c1,FIN6KP,Finland,55.8392,20.89556,9990.9,215,200,0.0,0,0,,55.8392,20.8956,9990.8676,215.0,200.0,0.3829,0.1046,0.1128,-0.1538,-0.1718,8.0,9.0,9.0,0.9289,0.4798,1.0,55.8801,20.9221,9984.9086,215.0,200.0,55.8774,20.9203,9982.2477,215.0,200.0,55.8746,20.9185,9985.555,215.0,200.0,55.8719,20.9168,9983.5826,215.0,200.0,55.8692,20.915,9979.1161,215.0,200.0,55.8665,20.9132,9982.5116,215.0,200.0,55.8637,20.9115,9981.1543,215.0,200.0,55.861,20.9097,9981.7868,215.0,200.0,55.8583,20.9079,9992.5987,215.0,200.0,55.8556,20.9062,9987.7534,215.0,200.0,55.8528,20.9044,9991.1822,215.0,200.0,55.8501,20.9026,9997.7542,215.0,200.0,55.8474,20.9009,9998.4249,215.0,200.0,55.8447,20.8991,10001.0136,215.0,200.0,55.8419,20.8973,9997.9379,215.0,200.0,55.8392,20.8956,9990.8676,215.0,200.0
58,4ca8e0,RYR3LM,Ireland,53.60767,19.53019,11213.5,232,240,0.0,0,0,,53.6077,19.5302,11213.5388,232.0,240.0,-1.2183,0.1972,0.1702,0.1496,0.1443,8.0,9.0,9.0,0.9109,0.2846,1.0,53.6311,19.5987,11199.3095,232.0,240.0,53.6296,19.5942,11193.0316,232.0,240.0,53.628,19.5896,11200.1809,232.0,240.0,53.6264,19.585,11197.4845,232.0,240.0,53.6249,19.5804,11195.4195,232.0,240.0,53.6233,19.5759,11190.6292,232.0,240.0,53.6218,19.5713,11198.5634,232.0,240.0,53.6202,19.5667,11201.0479,232.0,240.0,53.6186,19.5622,11201.6816,232.0,240.0,53.6171,19.5576,11200.0937,232.0,240.0,53.6155,19.553,11208.6691,232.0,240.0,53.6139,19.5485,11213.3484,232.0,240.0,53.6124,19.5439,11219.3669,232.0,240.0,53.6108,19.5393,11218.1329,232.0,240.0,53.6092,19.5348,11215.232,232.0,240.0,53.6077,19.5302,11213.5388,232.0,240.0
58,478129,WZZ2BV,Hungary,51.7304,22.22168,10802.6,220,280,0.0,0,0,,51.7304,22.2217,10802.6282,220.0,280.0,0.9256,0.0105,0.0137,0.0924,-0.3843,8.0,9.0,9.0,0.9142,0.3569,1.0,51.7227,22.2925,10801.9822,220.0,280.0,51.7232,22.2877,10804.0775,220.0,280.0,51.7237,22.283,10806.1026,220.0,280.0,51.7242,22.2783,10800.9442,220.0,280.0,51.7247,22.2736,10804.3919,220.0,280.0,51.7252,22.2689,10801.0124,220.0,280.0,51.7258,22.2641,10790.3312,220.0,280.0,51.7263,22.2594,10794.1135,220.0,280.0,51.7268,22.2547,10797.6606,220.0,280.0,51.7273,22.25,10807.9286,220.0,280.0,51.7278,22.2453,10800.6679,220.0,280.0,51.7283,22.2406,10805.8856,220.0,280.0,51.7289,22.2358,10809.2076,220.0,280.0,51.7294,22.2311,10802.2005,220.0,280.0,51.7299,22.2264,10801.7546,220.0,280.0,51.7304,22.2217,10802.6282,220.0,280.0
58,4ba8c2,TAR9FX,Turkey,52.19999,23.18185,9492.6,245,270,0.0,0,0,,52.2,23.1819,9492.5959,245.0,270.0,1.3307,0.0096,0.0348,-0.2986,-0.1887,8.0,9.0,9.0,0.9223,0.2627,1.0,52.2,23.2627,9509.3163,245.0,270.0,52.2,23.2573,9508.9981,245.0,270.0,52.2,23.252,9509.3873,245.0,270.0,52.2,23.2466,9508.1418,245.0,270.0,52.2,23.2412,9497.6217,245.0,270.0,52.2,23.2358,9495.6003,245.0,270.0,52.2,23.2304,9489.1228,245.0,270.0,52.2,23.225,9485.674,245.0,270.0,52.2,23.2196,9486.847,245.0,270.0,52.2,23.2142,9496.0598,245.0,270.0,52.2,23.2088,9491.6885,245.0,270.0,52.2,23.2034,9492.9973,245.0,270.0,52.2,23.198,9501.4465,245.0,270.0,52.2,23.1926,9496.6629,245.0,270.0,52.2,23.1872,9492.9935,245.0,270.0,52.2,23.1819,9492.5959,245.0,270.0
58,4cab4c,EZY42AC,United Kingdom,54.5671,17.8219,11751.9,238,100,0.0,0,0,,54.5671,17.8219,11751.9498,238.0,100.0,-0.5217,-0.0291,-0.1549,-0.28,-0.1832,8.0,9.0,9.0,0.9176,0.3339,1.0,54.5755,17.7401,11792.2378,238.0,100.0,54.5749,17.7455,11789.2078,238.0,100.0,54.5743,17.751,11787.1965,238.0,100.0,54.5738,17.7564,11780.5367,238.0,100.0,54.5732,17.7619,11772.5378,238.0,100.0,54.5727,17.7674,11773.0999,238.0,100.0,54.5721,17.7728,11770.4064,238.0,100.0,54.5716,17.7783,11767.6316,238.0,100.0,54.571,17.7837,11770.355,238.0,100.0,54.5704,17.7892,11764.7666,238.0,100.0,54.5699,17.7946,11765.9473,238.0,100.0,54.5693,17.8001,11760.7011,238.0,100.0,54.5688,17.8055,11759.442,238.0,100.0,54.5682,17.811,11751.0119,238.0,100.0,54.5677,17.8164,11753.7282,238.0,100.0,54.5671,17.8219,11751.9498,238.0,100.0
59,4ca87b,RYR2KE,Ireland,54.39999,18.81979,10995.6,230,90,0.0,0,0,,54.4,18.8198,10995.6329,230.0,90.0,-1.3737,-0.0616,-0.0136,0.1311,0.4295,8.0,9.0,9.0,0.9198,0.4097,1.0,54.4,18.7398,10973.4881,230.0,90.0,54.4,18.7452,10974.0141,230.0,90.0,54.4,18.7505,10981.2034,230.0,90.0,54.4,18.7558,10982.0612,230.0,90.0,54.4,18.7612,10983.1959,230.0,90.0,54.4,18.7665,10983.0675,230.0,90.0,54.4,18.7718,10980.9021,230.0,90.0,54.4,18.7772,10973.2259,230.0,90.0,54.4,18.7825,10977.3328,230.0,90.0,54.4,18.7878,10990.1049,230.0,90.0,54.4,18.7931,10990.4109,230.0,90.0,54.4,18.7985,10994.1731,230.0,90.0,54.4,18.8038,10995.7331,230.0,90.0,54.4,18.8091,10990.0034,230.0,90.0,54.4,18.8145,10996.4489,230.0,90.0,54.4,18.8198,10995.6329,230.0,90.0
59,471f8b,LOT283,Poland,52.6364,20.71168,9557.4,220,320,0.0,0,0,,52.6364,20.7117,9557.4113,220.0,320.0,-0.8197,0.1657,0.4229,0.1478,0.3414,8.0,9.0,9.0,0.8842,0.3468,1.0,52.6023,20.7588,9573.6519,220.0,320.0,52.6046,20.7557,9573.7105,220.0,320.0,52.6068,20.7525,9570.5057,220.0,320.0,52.6091,20.7494,9565.8088,220.0,320.0,52.6114,20.7463,9560.8559,220.0,320.0,52.6137,20.7431,9566.6724,220.0,320.0,52.6159,20.74,9557.2251,220.0,320.0,52.6182,20.7368,9554.4256,220.0,320.0,52.6205,20.7337,9556.2461,220.0,320.0,52.6228,20.7305,9554.8896,220.0,320.0,52.625,20.7274,9557.9726,220.0,320.0,52.6273,20.7243,9555.5804,220.0,320.0,52.6296,20.7211,9554.3316,220.0,320.0,52.6319,20.718,9558.8756,220.0,320.0,52.6341,20.7148,9559.0685,220.0,320.0,52.6364,20.7117,9557.4113,220.0,320.0
59,3c6589,DLH4ZW,Germany,53.53372,14.82174,11492.5,240,80,0.0,0,0,,53.5337,14.8217,11492.4944,240.0,80.0,1.3511,-0.0861,0.1463,0.2085,0.149,8.0,9.0,9.0,0.9046,0.486,1.0,53.5253,14.7413,11499.5097,240.0,80.0,53.5259,14.7466,11493.467,240.0,80.0,53.5264,14.752,11489.3392,240.0,80.0,53.527,14.7574,11492.4619,240.0,80.0,53.5275,14.7627,11494.9351,240.0,80.0,53.5281,14.7681,11494.1773,240.0,80.0,53.5287,14.7735,11498.6287,240.0,80.0,53.5292,14.7788,11498.8764,240.0,80.0,53.5298,14.7842,11492.5772,240.0,80.0,53.5304,14.7896,11487.1701,240.0,80.0,53.5309,14.7949,11490.1219,240.0,80.0,53.5315,14.8003,11499.3684,240.0,80.0,53.532,14.8056,11500.1657,240.0,80.0,53.5326,14.811,11497.0158,240.0,80.0,53.5332,14.8164,11497.166,240.0,80.0,53.5337,14.8217,11492.4944,240.0,80.0
59,4b1805,SWR12X,Switzerland,52.62126,17.89262,10733.5,235,200,0.0,0,0,,52.6213,17.8926,10733.4955,235.0,200.0,-2.4998,0.3035,0.1962,0.3589,-0.2108,8.0,9.0,9.0,0.9227,0.3812,1.0,52.6659,17.9194,10758.3916,235.0,200.0,52.663,17.9176,10746.3847,235.0,200.0,52.66,17.9159,10742.7992,235.0,200.0,52.657,17.9141,10745.5013,235.0,200.0,52.654,17.9123,10739.7212,235.0,200.0,52.6511,17.9105,10736.3472,235.0,200.0,52.6481,17.9087,10735.9243,235.0,200.0,52.6451,17.9069,10731.4763,235.0,200.0,52.6421,17.9051,10731.8811,235.0,200.0,52.6391,17.9033,10733.6019,235.0,200.0,52.6362,17.9016,10737.5243,235.0,200.0,52.6332,17.8998,10743.445,235.0,200.0,52.6302,17.898,10740.072,235.0,200.0,52.6272,17.8962,10744.1497,235.0,200.0,52.6242,17.8944,10736.7012,235.0,200.0,52.6213,17.8926,10733.4955,235.0,200.0
59,440048,BAW893,United Kingdom,54.12117,14.76348,12014.9,250,60,0.0,0,1,smooth_drift,54.1212,14.7635,12014.8717,250.0,60.0,-0.559,0.04,-0.06,-0.1126,0.1146,6.0,9.0,9.0,0.4,0.5022,1.0,53.5605,15.4923,12022.7829,250.0,60.0,53.5899,15.4557,12020.5023,250.0,60.0,53.62,15.418,12028.8103,250.0,60.0,53.6509,15.379,12022.0864,250.0,60.0,53.6826,15.339,12016.9948,250.0,60.0,53.7151,15.2977,12009.7709,250.0,60.0,53.7483,15.2554,12021.9117,250.0,60.0,53.7823,15.2119,12017.4493,250.0,60.0,53.8171,15.1672,12012.2453,250.0,60.0,53.8526,15.1214,12003.623,250.0,60.0,53.8889,15.0744,12009.9379,250.0,60.0,53.926,15.0263,12010.9335,250.0,60.0,53.9638,14.977,12011.9387,250.0,60.0,54.0024,14.9266,12014.6586,250.0,60.0,54.0418,14.875,12018.2984,250.0,60.0,54.0819,14.8223,12014.8717,250.0,60.0
59,4ac9b0,SAS2HK,Sweden,55.41096,17.27195,10527.5,220,120,0.0,0,0,,55.411,17.2719,10527.5488,220.0,120.0,-0.2803,-0.1026,-0.3882,0.1943,-0.0812,8.0,9.0,9.0,0.9206,0.4174,1.0,55.4332,17.204,10515.4754,220.0,120.0,55.4317,17.2085,10515.0872,220.0,120.0,55.4303,17.2131,10507.8671,220.0,120.0,55.4288,17.2176,10507.7072,220.0,120.0,55.4273,17.2221,10514.0349,220.0,120.0,55.4258,17.2267,10508.5409,220.0,120.0,55.4243,17.2312,10509.4323,220.0,120.0,55.4228,17.2357,10514.7697,220.0,120.0,55.4213,17.2403,10522.8171,220.0,120.0,55.4199,17.2448,10524.6016,220.0,120.0,55.4184,17.2493,10523.4823,220.0,120.0,55.4169,17.2538,10530.5059,220.0,120.0,55.4154,17.2584,10536.108,220.0,120.0,55.4139,17.2629,10532.9137,220.0,120.0,55.4124,17.2674,10529.631,220.0,120.0,55.411,17.2719,10527.5488,220.0,120.0
59,3917a3,AFR1219,France,51.86228,13.11533,10949.9,225,150,0.0,0,1,smooth_drift,51.8623,13.1153,10949.8661,225.0,150.0,0.0545,0.04,-0.06,0.0958,-0.2918,6.0,9.0,9.0,0.4,0.4109,1.0,51.3663,13.8818,10951.8708,225.0,150.0,51.3914,13.8427,10945.6594,225.0,150.0,51.4172,13.8024,10941.4757,225.0,150.0,51.4438,13.761,10942.7835,225.0,150.0,51.4712,13.7184,10948.7387,225.0,150.0,51.4993,13.6747,10934.3963,225.0,150.0,51.5282,13.6298,10938.7127,225.0,150.0,51.5579,13.5838,10942.7818,225.0,150.0,51.5884,13.5366,10940.0963,225.0,150.0,51.6196,13.4883,10944.1525,225.0,150.0,51.6516,13.4388,10953.6423,225.0,150.0,51.6843,13.3882,10950.1015,225.0,150.0,51.7179,13.3364,10948.3556,225.0,150.0,51.7522,13.2835,10951.5841,225.0,150.0,51.7872,13.2294,10951.9592,225.0,150.0,51.8231,13.1742,10949.8661,225.0,150.0
59,46b8c1,FIN6KP,Finland,55.83648,20.89379,9989.0,215,200,0.0,0,0,,55.8365,20.8938,9989.0114,215.0,200.0,0.2267,0.0825,-0.1665,0.1567,0.1921,8.0,9.0,9.0,0.915,0.4815,1.0,55.8774,20.9203,9982.2477,215.0,200.0,55.8746,20.9185,9985.555,215.0,200.0,55.8719,20.9168,9983.5826,215.0,200.0,55.8692,20.915,9979.1161,215.0,200.0,55.8665,20.9132,9982.5116,215.0,200.0,55.8637,20.9115,9981.1543,215.0,200.0,55.861,20.9097,9981.7868,215.0,200.0,55.8583,20.9079,9992.5987,215.0,200.0,55.8556,20.9062,9987.7534,215.0,200.0,55.8528,20.9044,9991.1822,215.0,200.0,55.8501,20.9026,9997.7542,215.0,200.0,55.8474,20.9009,9998.4249,215.0,200.0,55.8447,20.8991,10001.0136,215.0,200.0,55.8419,20.8973,9997.9379,215.0,200.0,55.8392,20.8956,9990.8676,215.0,200.0,55.8365,20.8938,9989.0114,215.0,200.0
59,4ca8e0,RYR3LM,Ireland,53.60611,19.52562,11204.7,232,240,0.0,0,0,,53.6061,19.5256,11204.6638,232.0,240.0,0.1469,0.1424,0.0044,0.0354,0.0181,8.0,9.0,9.0,0.9196,0.5602,1.0,53.6296,19.5942,11193.0316,232.0,240.0,53.628,19.5896,11200.1809,232.0,240.0,53.6264,19.585,11197.4845,232.0,240.0,53.6249,19.5804,11195.4195,232.0,240.0,53.6233,19.5759,11190.6292,232.0,240.0,53.6218,19.5713,11198.5634,232.0,240.0,53.6202,19.5667,11201.0479,232.0,240.0,53.6186,19.5622,11201.6816,232.0,240.0,53.6171,19.5576,11200.0937,232.0,240.0,53.6155,19.553,11208.6691,232.0,240.0,53.6139,19.5485,11213.3484,232.0,240.0,53.6124,19.5439,11219.3669,232.0,240.0,53.6108,19.5393,11218.1329,232.0,240.0,53.6092,19.5348,11215.232,232.0,240.0,53.6077,19.5302,11213.5388,232.0,240.0,53.6061,19.5256,11204.6638,232.0,240.0
59,478129,WZZ2BV,Hungary,51.73092,22.21696,10806.7,220,280,0.0,0,0,,51.7309,22.217,10806.728,220.0,280.0,1.0624,-0.3115,-0.1461,-0.1129,0.3682,8.0,9.0,9.0,0.9203,0.3388,1.0,51.7232,22.2877,10804.0775,220.0,280.0,51.7237,22.283,10806.1026,220.0,280.0,51.7242,22.2783,10800.9442,220.0,280.0,51.7247,22.2736,10804.3919,220.0,280.0,51.7252,22.2689,10801.0124,220.0,280.0,51.7258,22.2641,10790.3312,220.0,280.0,51.7263,22.2594,10794.1135,220.0,280.0,51.7268,22.2547,10797.6606,220.0,280.0,51.7273,22.25,10807.9286,220.0,280.0,51.7278,22.2453,10800.6679,220.0,280.0,51.7283,22.2406,10805.8856,220.0,280.0,51.7289,22.2358,10809.2076,220.0,280.0,51.7294,22.2311,10802.2005,220.0,280.0,51.7299,22.2264,10801.7546,220.0,280.0,51.7304,22.2217,10802.6282,220.0,280.0,51.7309,22.217,10806.728,220.0,280.0
59,4ba8c2,TAR9FX,Turkey,52.19999,23.17646,9489.6,245,270,0.0,0,0,,52.2,23.1765,9489.6053,245.0,270.0,0.2335,-0.0657,-0.0444,0.0118,-0.1921,8.0,9.0,9.0,0.872,0.4961,1.0,52.2,23.2573,9508.9981,245.0,270.0,52.2,23.252,9509.3873,245.0,270.0,52.2,23.2466,9508.1418,245.0,270.0,52.2,23.2412,9497.6217,245.0,270.0,52.2,23.2358,9495.6003,245.0,270.0,52.2,23.2304,9489.1228,245.0,270.0,52.2,23.225,9485.674,245.0,270.0,52.2,23.2196,9486.847,245.0,270.0,52.2,23.2142,9496.0598,245.0,270.0,52.2,23.2088,9491.6885,245.0,270.0,52.2,23.2034,9492.9973,245.0,270.0,52.2,23.198,9501.4465,245.0,270.0,52.2,23.1926,9496.6629,245.0,270.0,52.2,23.1872,9492.9935,245.0,270.0,52.2,23.1819,9492.5959,245.0,270.0,52.2,23.1765,9489.6053,245.0,270.0
59,4cab4c,EZY42AC,United Kingdom,54.56654,17.82735,11752.8,238,100,0.0,0,0,,54.5665,17.8274,11752.7792,238.0,100.0,-1.4371,-0.1804,-0.0085,0.253,0.1248,8.0,9.0,9.0,0.9212,0.3603,1.0,54.5749,17.7455,11789.2078,238.0,100.0,54.5743,17.751,11787.1965,238.0,100.0,54.5738,17.7564,11780.5367,238.0,100.0,54.5732,17.7619,11772.5378,238.0,100.0,54.5727,17.7674,11773.0999,238.0,100.0,54.5721,17.7728,11770.4064,238.0,100.0,54.5716,17.7783,11767.6316,238.0,100.0,54.571,17.7837,11770.355,238.0,100.0,54.5704,17.7892,11764.7666,238.0,100.0,54.5699,17.7946,11765.9473,238.0,100.0,54.5693,17.8001,11760.7011,238.0,100.0,54.5688,17.8055,11759.442,238.0,100.0,54.5682,17.811,11751.0119,238.0,100.0,54.5677,17.8164,11753.7282,238.0,100.0,54.5671,17.8219,11751.9498,238.0,100.0,54.5665,17.8274,11752.7792,238.0,100.0
