tick,t_int,lat,lon,alt,heading,callsign,is_attack,n_sv,cn0_mean,cn0_std,cn0_min,cn0_max,doppler_std,pseudorange_std,error_flag_any,sqm_peak_mean,sqm_peak_std,sqm_asym_mean,sqm_asym_max,sqm_sec_peak_mean,sqm_sec_peak_max,sqm_left_5_mean,sqm_right_5_mean,power_2MHz,power_4MHz,power_8MHz,clock_error_m,clock_drift_mps,position_drift_m,speed_ecef,clock_error_d_dt,Carrier_Doppler_hz_ch0,Carrier_Doppler_hz_ch1,Carrier_Doppler_hz_ch2,Carrier_Doppler_hz_ch3,Carrier_Doppler_hz_ch4,Carrier_Doppler_hz_ch5,Carrier_Doppler_hz_ch6,Carrier_Doppler_hz_ch7,Pseudorange_m_ch0,Pseudorange_m_ch1,Pseudorange_m_ch2,Pseudorange_m_ch3,Pseudorange_m_ch4,Pseudorange_m_ch5,Pseudorange_m_ch6,Pseudorange_m_ch7,Carrier_phase_cycles_ch0,Carrier_phase_cycles_ch1,Carrier_phase_cycles_ch2,Carrier_phase_cycles_ch3,Carrier_phase_cycles_ch4,Carrier_phase_cycles_ch5,Carrier_phase_cycles_ch6,Carrier_phase_cycles_ch7,EC_ch0,EC_ch1,EC_ch2,EC_ch3,EC_ch4,EC_ch5,EC_ch6,EC_ch7,LC_ch0,LC_ch1,LC_ch2,LC_ch3,LC_ch4,LC_ch5,LC_ch6,LC_ch7,PC_ch0,PC_ch1,PC_ch2,PC_ch3,PC_ch4,PC_ch5,PC_ch6,PC_ch7,PIP_ch0,PIP_ch1,PIP_ch2,PIP_ch3,PIP_ch4,PIP_ch5,PIP_ch6,PIP_ch7,PQP_ch0,PQP_ch1,PQP_ch2,PQP_ch3,PQP_ch4,PQP_ch5,PQP_ch6,PQP_ch7,TCD_ch0,TCD_ch1,TCD_ch2,TCD_ch3,TCD_ch4,TCD_ch5,TCD_ch6,TCD_ch7,CN0_ch0,CN0_ch1,CN0_ch2,CN0_ch3,CN0_ch4,CN0_ch5,CN0_ch6,CN0_ch7
0,0,52.165,20.967,9500.0,327.0,LOT283,0,9.0,48.6964,2.487,43.1701,52.9414,57.4294,2.5808,0.0,0.9878,0.037,0.034,0.1413,0.5435,0.5454,0.3558,0.4074,-42.9993,-46.9437,-47.1375,5.2441,-0.2469,1.5219,223.5684,0.2448,-1345.2219,401.4818,-158.5054,-756.4686,784.2206,1611.1579,-2682.4655,1699.565,23851524.2433,23180415.5468,23380346.7146,25214693.0087,20068539.8727,22095151.1587,22682154.7925,22552764.6996,-336931.3942,-288172.3662,-185113.6226,-1088203.1947,387470.4884,-400888.2452,-421483.2981,2203905.008,649.3996,551.5794,1040.4198,830.7081,1004.1034,971.5426,718.3091,773.4468,765.3415,708.861,698.0932,820.6002,777.6902,848.3652,523.9327,810.6923,1370.563,1746.7871,1591.0083,1711.1411,1437.6882,1356.0042,1472.7924,1461.4174,1376.9054,1419.8374,1345.4946,1446.0451,1320.9155,1918.1366,1624.6267,1667.5089,-9.7609,39.2033,-283.1968,3.8007,-30.1059,503.3382,-172.1164,-273.0871,0.0743,-0.0294,-0.0528,-0.0303,0.0323,0.0483,0.056,-0.042,45.7495,41.4243,42.3052,43.9225,43.5873,46.4246,43.2894,46.5116
1,1,52.17612,20.95443,9520.0,327.0,LOT283,0,12.0,43.1112,2.2582,38.9724,47.2614,75.3992,1.8789,0.0,1.0011,0.0399,-0.0323,0.0812,0.4463,0.5958,0.4536,0.3901,-43.1651,-46.0089,-48.2178,-0.0567,-0.2543,2.4049,216.8163,-0.2939,-298.6931,-639.9614,-1078.5212,26.7678,-3001.9831,464.3948,-436.3695,-619.8028,21552865.5906,21524322.0485,23228415.6421,22946834.8997,22816642.5344,21342460.0293,21942884.1151,22224513.7355,-263400.5256,-1221859.1999,856964.1815,-54833.4359,-297832.4109,42141.5901,479817.179,-2001416.126,721.7682,941.5468,759.8322,817.9142,898.3304,944.1436,729.3396,688.4355,775.6468,788.9522,681.8195,901.069,890.8034,888.464,1059.2643,870.0343,1367.1903,1614.6275,1624.8399,1511.1196,1447.4667,1680.812,1555.5328,1598.5213,1824.772,1583.7005,1340.1568,1355.3434,1591.7626,1532.5425,1784.3242,1638.7378,-229.6367,154.0997,-368.5761,-150.6709,-10.7368,195.6484,-32.0323,137.3279,-0.0876,-0.1179,-0.0527,-0.0479,-0.0148,-0.021,-0.0527,0.106,48.6672,44.5368,44.3684,43.4992,42.1032,47.3505,47.6621,45.6119
2,2,52.18724,20.94186,9539.7,327.0,LOT283,0,12.0,45.8671,1.9018,40.9607,49.9344,77.1419,1.5846,0.0,0.9984,0.0389,0.0152,0.088,0.4559,0.533,0.4617,0.4021,-46.0175,-44.4863,-48.3652,-0.4417,-0.1599,2.1529,225.9342,0.2053,746.9204,1652.3608,-2912.6921,1982.3216,925.6817,1469.7033,-901.8896,2122.8613,25077770.8878,20391962.3171,22808867.9583,22321879.0899,23953661.3522,23386351.9704,21754636.8175,22301682.7236,-2186766.955,1159859.8579,439829.8774,-959332.7655,752045.3549,-44358.1919,-627701.9296,507622.0925,852.2353,729.779,844.1044,761.2711,896.1049,838.774,803.6578,704.5636,938.9723,693.0838,843.788,674.8456,670.9967,802.7374,840.3258,696.2384,1565.3793,1485.1325,1749.229,1438.1966,1664.3502,1456.3875,1315.827,1692.0071,1551.8099,1219.8629,1594.3603,1391.0682,1364.7078,1515.3704,1747.6611,1655.1303,313.545,390.7081,205.4019,-153.1548,-295.3669,404.7698,-36.2813,334.0029,-0.0603,0.0085,0.0686,0.0015,-0.0115,-0.0056,-0.0371,0.0223,43.4821,45.9496,45.2717,46.1322,46.827,46.1873,43.3513,45.3698
3,3,52.19836,20.9293,9559.1,327.0,LOT283,0,10.0,45.0286,2.3346,39.6147,50.7908,90.2284,2.2815,0.0,1.0098,0.0626,-0.0032,0.1622,0.4635,0.5708,0.4409,0.3973,-45.9707,-45.2079,-48.0942,-0.9065,0.0365,1.9906,221.8169,-0.2129,1083.0159,969.8257,-3866.7284,682.4708,-43.7779,68.989,-57.0822,-3643.065,22807920.5576,22247307.6948,21600985.8644,22094963.6095,23342093.9051,19392588.2413,19697720.6064,20485441.6336,-1531426.7723,-17299.0678,-70305.1933,-551511.2135,759662.7909,-902325.7714,-1350719.3869,540036.2471,832.9799,1073.3569,741.5091,727.3843,644.7015,702.2048,715.1169,885.6653,775.4373,854.0315,794.0991,796.7068,852.4672,687.201,759.4884,750.1919,1474.502,1329.9241,1638.1881,1369.4546,1280.6838,1191.1683,1637.2197,1289.7099,1541.7024,1065.7536,1128.3561,1696.4996,1473.9568,1532.0041,1567.7548,1569.4093,187.9092,104.1567,565.7723,-176.888,-130.5376,-209.9142,-360.6468,-173.6902,-0.0016,0.0785,-0.0124,-0.0206,0.0273,-0.014,0.0688,0.0243,46.1439,43.7347,47.9218,42.1571,45.6969,43.4275,45.1642,41.8841
4,4,52.20948,20.91673,9577.9,327.0,LOT283,0,12.0,45.1813,1.8307,40.13,49.9214,77.8164,1.2573,0.0,0.9786,0.0675,0.0049,0.1025,0.5187,0.5619,0.3796,0.4002,-45.1039,-47.4529,-47.5619,3.3689,0.1111,1.2632,223.9787,0.1427,-1025.2308,3975.6058,930.1793,-1334.5217,2819.5857,225.4248,-567.4205,639.9797,22075852.0384,23046785.3181,21022722.8764,24332644.7762,21853850.3727,22257460.3156,22444834.053,22568576.3484,1517752.8694,-709606.0523,-92158.9852,-2323376.1713,1085691.6081,677401.0849,-495252.3267,2134310.1598,865.4249,844.1926,846.6469,744.0126,989.0456,852.7888,869.0891,552.4261,774.1626,685.0224,889.1855,738.1544,860.7593,879.9853,883.1753,911.7818,1639.7574,1711.7619,1592.8893,1747.5575,1503.3006,1578.4205,1357.3428,1546.3854,1465.5988,1251.3579,1592.2684,1563.4518,1562.3136,1287.1471,1420.1646,1264.4889,-313.8211,91.2913,-83.2382,158.3709,147.5106,-95.0609,-239.3434,117.7075,0.0068,-0.0197,-0.0609,0.0248,-0.0329,-0.0043,-0.0367,-0.0333,44.0759,46.8356,46.3811,45.5654,49.6174,47.8513,42.802,46.1655
5,5,52.2206,20.90416,9595.9,327.0,LOT283,0,9.0,43.6497,2.1097,38.7298,48.3426,94.3898,2.6102,0.0,0.9947,0.0467,0.0151,0.1365,0.4232,0.5137,0.4217,0.4019,-42.1753,-47.4449,-50.0721,0.652,0.1768,2.976,215.6799,0.2407,838.7958,2052.1004,-520.562,-1391.8074,-57.4452,-813.817,104.3677,-1154.5626,23153842.2019,21637942.5914,22334718.0379,21288351.0236,24723301.9019,21723816.1768,22145784.5176,22277886.7175,-1257322.3044,722919.0971,355098.2161,-60818.6708,-790155.3827,-420947.6146,54712.3992,-308138.2904,656.4181,779.5085,808.724,841.3064,711.8299,974.1413,742.8281,785.5926,728.1568,762.4586,655.319,679.6752,794.672,703.8685,793.7599,748.7589,1322.2785,1584.1454,1659.3719,1284.8432,1471.5328,1664.4422,1716.2533,1370.3198,1778.6333,1762.8824,1126.9588,1543.1713,1705.3035,1705.3553,1618.4952,1362.8889,-18.0766,44.1141,-257.4316,-61.2665,-182.5301,-159.332,285.2057,-101.7581,-0.0821,0.0131,0.0332,-0.0577,0.0469,0.0076,-0.002,0.0673,46.1768,47.4132,44.1563,45.2485,44.6972,46.2448,48.2284,43.054
6,6,52.23172,20.89159,9612.9,327.0,LOT283,0,11.0,45.2301,3.4136,40.3759,49.3418,79.591,1.9422,0.0,1.0321,0.0356,-0.0043,0.08,0.3447,0.5463,0.4218,0.4323,-47.2016,-47.7083,-49.2795,2.2731,0.3421,1.1968,226.0497,0.1227,-1991.276,-408.7335,1069.2887,-554.2713,-1803.6075,-1395.2044,300.9859,-511.3218,22954326.5416,22627517.2439,21473624.5205,20776396.8083,21696698.8487,20477200.797,24672345.4706,23266344.8757,-811178.8599,336359.3504,-284088.5943,-317600.5054,1760800.2636,321614.3014,1990656.6744,297435.6403,860.5022,917.3456,791.4805,626.0822,888.7727,725.7702,744.0564,823.694,998.4199,850.7247,910.2835,884.7641,890.3867,695.0701,868.1732,849.0248,1546.3668,1316.6106,1494.1338,1752.9019,1542.0169,1203.7416,1319.694,1491.1794,1333.4936,1458.128,1536.7813,1166.3896,1498.8079,1479.3972,1599.8807,786.9053,344.5331,-13.3199,103.6454,397.3052,-279.6064,-306.771,-204.5846,-384.7363,-0.0169,0.012,-0.0062,0.0373,0.0285,-0.1123,-0.0045,-0.0123,43.9488,46.01,44.0351,45.8487,46.0433,41.5919,46.356,47.0901
7,7,52.24284,20.87903,9628.8,327.0,LOT283,0,9.0,44.4701,2.6723,38.591,50.348,91.7206,2.4172,0.0,1.0007,0.0388,0.061,0.1062,0.4654,0.544,0.3886,0.4462,-45.1489,-44.7452,-46.3985,3.3194,0.09,1.4,215.4601,0.1773,-528.0715,659.655,82.4448,-1593.4939,-494.3639,3560.3513,-229.001,-1302.7855,20343028.3068,21309289.1893,21322355.8781,21409621.5358,21667426.6185,24001692.0144,19154929.5619,24636768.2478,481496.0949,205749.1703,259535.6173,1485172.4468,787829.4564,547888.3289,-679397.068,570041.8665,907.6332,725.7983,900.3691,716.4878,770.8844,792.7337,797.1374,692.0994,772.3024,621.5784,808.795,786.2919,758.3114,857.0592,885.3441,972.3364,1450.3303,1360.3304,1677.1031,1624.6678,1726.8619,1557.998,1598.156,1424.0341,1780.716,1165.5719,1573.2608,1972.8715,1684.209,1747.7728,1607.4141,1640.9955,99.2013,-94.4548,141.2054,-270.6535,101.1904,-209.7826,316.9339,362.6314,0.1072,-0.0128,-0.0214,0.029,-0.0155,0.0156,-0.0648,0.0325,44.6179,45.9826,48.7245,40.7642,41.9121,41.4947,42.2041,44.1476
8,8,52.25396,20.86646,9643.5,327.0,LOT283,0,12.0,47.442,2.4599,41.7645,52.2123,65.7495,2.1966,0.0,1.0473,0.0494,0.0619,0.0635,0.475,0.5733,0.4412,0.3636,-44.924,-44.6872,-47.9512,3.678,-0.1149,1.3807,221.714,-0.1093,1197.3458,1160.7272,-48.2785,332.3429,-407.8443,-543.1995,2285.9509,577.1602,24529596.4535,20486819.5685,19685598.1164,21268243.376,22035099.1368,22402392.2528,22868331.3142,23192401.7291,-558513.9671,-41593.4776,-41814.7653,2278724.7885,-1165632.9382,-601577.1855,-165789.7916,226583.1199,709.0883,807.9728,771.1905,725.5537,780.3044,844.1128,896.8022,925.6125,741.8493,795.8345,694.382,790.3365,843.5782,744.4665,651.7042,805.3547,1599.7708,1557.0655,1559.4016,1355.4198,1294.9429,1460.2848,1537.9531,1479.6119,1119.9426,1380.4245,1595.1389,1688.3599,1111.5278,1536.9142,1466.5483,1823.4042,272.8833,194.6577,-58.3484,152.5182,300.4892,134.5198,-115.8035,35.7498,0.0568,-0.0188,0.0019,-0.1238,-0.0104,0.0161,0.0156,0.0462,47.7699,45.6799,44.7701,45.3305,42.4863,45.597,47.1745,46.8273
9,9,52.26509,20.85389,9656.7,327.0,LOT283,0,12.0,47.8183,2.314,42.8001,52.2187,85.6645,2.5324,0.0,0.9882,0.0429,0.0221,0.078,0.4517,0.493,0.3831,0.3911,-44.3903,-45.5789,-49.1537,6.5879,0.501,2.5207,221.1763,-0.0055,-1035.0853,1141.1064,1228.5793,-2095.3105,-2063.5306,-1929.4811,-1260.0154,1246.4048,24437248.1065,23511581.2136,19514530.3388,23176705.0984,20844913.1234,21010112.4407,22277206.0477,19989352.4281,-2356198.5062,-258726.9774,-350578.3862,106260.0412,-235362.8496,-1459162.8786,1235257.9245,-158807.9672,927.2483,661.4903,690.5641,878.6478,873.7332,627.6774,704.3475,763.7811,821.3902,1031.4026,924.2658,720.785,683.4,809.4118,968.0693,527.7598,1366.7285,1351.0606,1339.3518,1492.5945,1716.4413,1667.9105,1562.6046,1378.6034,1282.748,1551.4504,1614.6956,1378.6198,1457.1137,1239.1372,1679.8931,1640.3813,-53.3447,-108.4974,-95.0732,-34.0662,141.624,-128.7797,-27.7864,-36.8086,-0.0251,0.0072,0.033,-0.0721,-0.0041,-0.0715,0.0417,0.0176,45.1358,44.8706,46.3444,44.571,41.601,44.873,44.5339,43.9903
10,10,52.27621,20.84132,9668.3,327.0,LOT283,0,10.0,46.5624,2.7611,40.5778,52.3616,69.7819,1.5557,0.0,1.0189,0.0618,-0.0469,0.0999,0.4187,0.5159,0.3749,0.4513,-43.16,-47.576,-47.562,-6.6911,0.2153,1.177,218.8495,-0.2487,-430.7826,-2679.4064,2411.9535,1932.5855,-702.9449,1078.1981,1464.5017,-1272.277,22069735.2829,22429334.6878,21530806.4923,19375241.4366,20547485.4909,22181031.5401,21098361.1563,23405930.0267,183977.9067,-15984.4769,392671.8433,364917.1041,2111627.5531,125843.5826,-1564530.5107,655876.5788,903.3257,1011.9058,783.8469,763.9169,731.3048,659.027,819.0993,645.4957,891.6664,828.81,935.747,566.7803,816.771,895.2467,805.955,1059.3959,1431.756,1677.2672,1476.7562,1502.5179,1300.7747,1462.3269,1226.4293,1547.6569,1210.7066,1374.1029,1264.2935,1868.6672,1524.892,1384.713,1252.2303,1627.6269,-173.8459,103.6222,-74.4168,-268.6834,75.7264,-55.8869,-96.3211,77.2444,0.0697,-0.0002,-0.0223,-0.0202,0.0837,0.0039,0.0641,0.0242,46.9666,47.2046,44.932,42.5334,47.1416,45.4643,43.3443,45.0312
11,11,52.28733,20.82875,9678.2,327.0,LOT283,0,11.0,47.0141,2.2077,41.6592,51.1115,61.3981,1.7454,0.0,1.011,0.0403,-0.03,0.0544,0.4764,0.5899,0.3666,0.4347,-43.481,-47.2932,-49.9839,0.2896,-0.2179,2.5894,219.8811,0.1421,-792.6165,-413.7258,2442.7564,215.6482,338.5158,-150.7705,-303.8544,1699.9748,23113168.0402,19994938.7705,21297892.0427,23176919.3648,23524201.8875,20732899.334,20265751.8068,24067940.74,1078225.0252,-125740.3411,512599.87,-1007794.9789,-703232.6522,1640656.9945,-3195.4848,-85713.5615,552.9278,910.2022,750.6928,886.055,921.8095,827.1531,689.9991,1009.4849,857.6732,890.9633,857.9649,761.77,894.7046,847.1823,916.8883,800.2786,1531.4626,1523.2121,1454.0245,1653.3303,1397.2836,1296.1539,1457.8703,1285.9091,1390.9552,1570.4043,1069.6806,1304.9489,1316.7509,1906.4395,1812.8405,1333.159,45.171,-237.1428,-164.6703,177.9772,222.4572,-165.2408,-257.6743,-61.9544,0.0238,0.0085,-0.0017,0.0426,-0.0512,0.0685,0.0549,-0.0237,45.8062,42.4893,43.0792,44.4062,44.8178,43.9321,47.6205,45.925
12,12,52.29845,20.81619,9686.4,327.0,LOT283,0,9.0,45.1513,2.7061,40.2702,49.3048,77.6903,1.2419,0.0,0.9885,0.0628,0.0253,0.0582,0.4328,0.6404,0.3902,0.4504,-43.4675,-43.0161,-46.0561,-3.4541,0.1081,3.1077,216.4327,-0.0082,2325.9804,99.2976,-424.4954,947.7406,824.9583,169.8295,-1061.1727,-529.1457,22126414.6729,21964692.7859,21288150.2212,21811813.5577,21792313.1359,21542885.6891,22488665.3537,21880349.6991,1670258.2878,-842290.6822,-962369.8934,-491079.6702,-413965.6024,-1147127.3123,562664.1234,68388.5414,881.1833,791.5025,824.1535,936.9208,868.6732,930.963,1007.6666,889.0872,811.0773,854.3328,784.0241,568.34,837.3725,902.4282,808.5093,643.3641,1582.7026,1627.3633,1577.9215,1847.4598,1346.9491,1415.6752,1511.3784,1561.6415,1608.2017,1526.8309,1481.5924,1932.2935,1516.4419,1218.7499,1465.3642,1416.7438,-69.5705,-68.6753,55.0279,-333.5263,177.4221,-371.2927,-158.6726,11.0183,0.037,0.0656,-0.077,0.0402,0.0096,0.1173,0.0149,-0.0283,44.8943,43.6197,46.8068,43.0659,40.6831,44.8198,42.7478,45.2448
13,13,52.30957,20.80362,9692.7,327.0,LOT283,0,11.0,47.0021,2.5819,41.2701,52.4454,78.194,2.3837,0.0,0.9843,0.0444,0.0404,0.1224,0.4416,0.6025,0.3688,0.39,-44.7719,-45.8574,-48.618,0.1608,0.0728,1.3691,220.1586,-0.0509,-650.0796,2438.7627,486.6937,119.6179,1104.0472,-1489.376,126.0969,181.6704,21058331.2738,19487091.091,23782619.2747,21265536.785,23599508.173,21446804.1284,20663564.4968,23424159.2216,949471.0899,-948032.1891,-377258.3816,793955.3445,-279427.064,1928862.7591,-1882169.5662,1898390.818,852.526,824.2962,874.5626,825.5873,906.3221,793.7462,876.3741,588.5166,571.2199,886.3087,799.7849,739.2262,799.08,902.3914,773.0827,667.2657,1614.6613,1656.4779,1540.5153,1727.7991,1342.9625,1619.1452,1356.4746,1271.7233,1866.3759,1636.1919,1503.8914,1510.2714,1558.9901,1314.2119,1289.5732,1432.3931,-167.5795,4.4338,-238.8407,174.2181,-66.1378,-268.9499,-355.2924,30.3853,0.0276,0.0083,-0.0088,0.013,0.0594,-0.0514,0.0798,0.0686,45.9473,45.2338,47.6831,42.7569,42.9993,44.6921,39.6905,45.1265
14,14,52.32069,20.79105,9697.1,327.0,LOT283,0,11.0,47.1367,2.2499,42.1012,52.4861,80.2973,1.6677,0.0,1.0347,0.0458,0.0399,0.0936,0.4913,0.5214,0.3991,0.3737,-46.6653,-45.5796,-46.8147,0.9545,-0.0436,3.0444,223.2184,0.009,-1513.7239,140.0343,-872.7105,-375.13,-1420.2905,925.5065,1133.7519,-2845.8359,24601295.7123,21702418.8664,23242759.8286,19731032.2088,21335439.6469,22374994.1968,27025610.0348,22865878.6987,676604.5236,353969.215,-197366.0966,809004.4434,655648.0697,1068660.4997,350440.3733,467526.3601,712.8922,778.3736,716.869,762.2289,778.966,924.5914,935.7258,761.6398,802.5366,779.9763,764.5476,1022.4557,776.451,585.7433,869.0357,936.4648,1578.5917,1644.1882,1480.561,1067.169,1646.6743,1573.4938,1556.528,1871.7963,1638.5293,1464.9268,1682.6649,1664.261,1445.9433,1322.0506,1654.0924,1961.931,46.6073,-100.1852,239.1637,-170.6332,-43.6437,-129.5125,28.6084,-550.6927,-0.015,-0.0036,-0.0283,-0.0398,0.0842,-0.0905,-0.0151,-0.0377,44.308,43.5306,46.3113,43.5547,42.8803,43.2565,45.5652,44.4405
15,15,52.33181,20.77848,9699.5,327.0,LOT283,0,9.0,45.0358,2.4604,39.2075,50.5596,68.7578,1.3214,0.0,0.9743,0.0515,0.04,0.1088,0.4829,0.5606,0.4176,0.3827,-44.6111,-43.1209,-45.9535,0.7676,0.0267,0.9184,221.0225,-0.0444,-853.175,-1355.2908,-176.551,1320.4881,-1238.3793,-2148.5371,-760.6265,-1006.0364,21677789.3968,19753912.7238,20915728.3965,21885046.1905,20242036.8967,21453319.7507,21355734.0528,21025498.8854,-923257.8189,331906.4015,-1450394.3199,2588525.0203,-1347815.7266,-1169877.9892,-449405.5054,1134371.9518,788.3727,801.1349,756.1501,726.7935,879.043,864.5974,819.3451,818.1131,827.0597,804.7051,877.2846,786.8368,895.0991,847.9916,721.9847,943.6816,1796.0838,1520.4014,1361.1004,1367.1898,1320.8438,1565.0328,1420.285,1598.2373,1243.8464,1317.4653,1562.4705,1513.3484,1464.7053,1374.4792,1771.6319,1588.8984,-160.7738,-24.5622,-42.9007,40.4612,251.4291,-105.8796,351.8777,-10.8786,-0.1046,0.0981,-0.0789,-0.0999,0.0314,-0.0266,0.0011,-0.0126,45.1972,43.9911,47.5339,44.8721,42.8204,47.6287,43.3177,39.7124
16,16,52.34293,20.76591,9699.9,327.0,LOT283,0,10.0,44.7235,2.4864,40.7085,48.8709,54.0237,1.9642,0.0,0.955,0.0715,0.0203,0.1568,0.4097,0.5274,0.4009,0.3928,-45.2307,-47.8842,-48.4792,0.3552,0.4622,3.011,221.3698,0.1997,-355.1939,1634.4532,1073.4306,905.4819,1199.0267,549.6833,-390.7983,1223.2056,23183581.2641,22683894.8116,22518893.5423,19386357.8766,22114165.5727,21123852.9068,21300787.9779,19559071.9976,-395348.0644,400795.2092,-1103261.9384,-86223.0695,1002739.0045,336769.4408,-2364709.2307,357504.3928,635.283,771.7637,853.6612,868.3571,827.5848,832.7527,883.1783,731.0504,925.3715,1008.1677,823.0616,865.9288,809.1065,754.6775,693.353,808.1356,1469.4536,1655.5499,1647.2681,1710.79,1449.1397,1655.2593,1435.2158,1535.32,1204.4655,1145.0079,1388.8687,1579.276,1496.1935,1631.1399,1386.9683,1510.0286,-289.1531,-20.7912,29.9006,62.8992,19.5679,-81.4381,254.5154,-614.9283,0.028,-0.0324,0.0362,0.0144,-0.0166,0.0433,0.0591,-0.0169,46.594,46.9571,42.1133,43.727,43.9827,44.9556,45.7605,43.2227
17,17,52.35405,20.75335,9698.3,327.0,LOT283,0,12.0,42.6967,2.4966,37.6137,48.4859,77.2361,2.1027,0.0,1.0047,0.0422,0.0059,0.0956,0.4553,0.5596,0.3687,0.4078,-46.2779,-46.1212,-47.0766,3.0631,0.1107,1.7658,214.615,-0.3007,-1198.1403,949.8169,-852.4055,-2149.4987,2180.4145,-2267.7894,1149.0374,-2335.5909,21495755.4223,22122663.7373,21577214.2988,22766765.5175,24180709.7895,23492841.2648,24064951.258,19583976.9505,-132467.6919,-1898452.2054,-800157.4923,961223.9628,248131.8101,-12347.3778,1360285.0767,-821267.4168,754.8918,794.6507,835.5416,879.7621,789.5782,760.7635,750.8366,888.4903,710.5333,977.863,967.4785,593.0038,829.4816,917.3429,720.8578,751.7988,1485.0187,1655.9402,1332.7807,1251.7838,1421.4426,1434.1905,1230.9537,1451.9472,1429.2931,1593.2427,1295.5609,1581.5146,1564.8531,1214.8474,1333.7352,1217.4419,-22.3554,206.8013,-131.4803,25.1325,53.9404,265.3522,19.6347,78.4254,0.0297,0.0791,-0.0568,-0.0014,-0.0508,-0.0562,0.0981,-0.0768,45.7695,44.985,46.1068,43.7961,45.8401,45.3424,43.5702,40.2019
18,18,52.36517,20.74078,9694.8,327.0,LOT283,0,12.0,42.5405,3.0644,38.3043,48.5374,87.3608,2.4377,0.0,0.978,0.0449,0.0557,0.1011,0.4858,0.61,0.4589,0.4177,-45.2495,-45.6836,-47.8226,0.6577,-0.6696,0.9283,219.4452,0.0541,308.6464,1053.9322,-562.3498,126.4217,554.4184,-1172.4335,-1281.0611,-594.7538,21599979.5156,21146946.6781,20612620.0757,20949681.7504,19199807.462,20625054.0404,21395296.8958,22666895.5546,-983896.9838,48421.1785,-1584449.6207,435360.657,-589383.3633,554549.33,-85313.7807,1560.4191,851.0273,732.4623,830.0978,765.2024,721.9833,816.4728,754.0501,958.0778,733.0863,927.6965,968.6882,599.9817,631.1516,745.7306,623.6634,647.4384,1437.7794,1301.4659,1554.2166,1456.4417,1455.605,1550.8033,1692.3228,1566.2683,1508.3612,1476.9063,1713.2323,1340.4189,1576.8123,1523.9619,1755.6479,1364.9917,46.1389,-81.0212,-87.9128,460.1352,92.2076,109.6143,-214.3883,20.8852,-0.0023,0.002,0.0316,0.0002,-0.0179,-0.0957,-0.0504,0.0311,44.5532,41.4552,44.7845,46.144,43.7916,44.384,43.8518,45.2241
19,19,52.37629,20.72821,9689.3,327.0,LOT283,0,12.0,44.7969,2.5888,38.9162,49.2715,103.5239,1.4317,0.0,0.9792,0.0507,0.0023,0.0968,0.4518,0.5035,0.435,0.3719,-43.964,-45.0669,-46.6039,-2.0887,0.0733,1.4452,218.1817,-0.18,-1299.3813,-333.1827,1864.7473,1.9201,1279.3336,1038.6635,163.7933,754.8124,21097839.8129,21628660.6477,22656596.0712,24172039.8197,25882667.8225,23688457.4399,19428115.0429,21730486.7687,-93718.5832,-1321567.4207,-547633.2015,1215741.1264,1020898.504,828164.5611,283423.8655,-373594.4377,635.5311,864.4363,643.9214,714.3864,597.4432,612.871,727.8843,667.5736,765.6839,766.4382,808.5534,726.6842,721.3607,656.5161,674.1495,768.7176,1603.6869,1490.7649,1419.3136,1330.1842,1256.743,1471.6771,1439.3334,1418.781,1736.4828,1450.3303,1567.433,1525.0086,1659.3736,1556.07,1308.7097,1119.1557,-281.6884,90.4606,-242.641,-46.4912,450.4602,-76.5582,-97.2497,321.9532,0.0672,0.0545,-0.0116,0.0493,0.0465,0.0249,-0.0271,-0.0586,45.0939,46.6232,45.89,42.9,46.0205,45.4121,45.1431,44.4479
20,20,52.38741,20.71564,9681.9,327.0,LOT283,0,11.0,41.7723,2.4449,37.6261,47.4498,64.8802,1.7082,0.0,1.0165,0.0413,-0.0328,0.0451,0.4531,0.4843,0.3798,0.3952,-44.097,-43.9794,-46.0838,5.5518,-0.3265,1.2102,218.3613,-0.1357,3141.1134,-227.1261,1106.6463,-98.9833,188.9174,1672.0941,-2510.6014,-602.8606,22648879.4476,21344275.1458,22027835.8702,21625520.9501,22642155.0998,21422098.4676,21065470.2142,19609154.8828,-1848966.5292,515231.8924,1185740.2325,-483386.586,721598.2334,1227815.043,193868.741,-904506.4314,670.6184,872.9914,840.7801,752.0982,850.4618,728.0831,748.8741,779.3643,869.8719,840.191,705.7838,833.7992,744.7187,876.5767,864.2224,915.7787,1320.2894,1577.5925,1320.0341,1789.1139,1473.1465,1228.6034,1503.3629,1480.5106,1572.7235,1457.4156,1487.5433,1360.624,1711.6949,1177.2306,1309.2012,1441.9066,-50.0052,-122.5446,393.6307,448.5886,3.6213,0.3022,-31.5237,-126.8133,0.0279,0.1025,0.0266,0.0398,-0.0076,0.05,-0.027,0.0057,43.6562,42.5181,46.3479,44.5729,44.7354,46.4756,41.2305,46.6855
21,21,52.39853,20.70308,9672.6,327.0,LOT283,0,11.0,46.1057,2.5523,40.9768,50.6589,79.5092,2.3177,0.0,0.9801,0.0523,-0.0261,0.0828,0.4415,0.4382,0.399,0.4119,-45.8178,-45.9163,-47.3597,-0.2726,-0.5712,1.8647,221.0577,0.0524,2170.5829,-2846.0122,-238.0762,2530.5449,2633.0999,-1213.9046,-1655.882,593.549,20215256.2393,20849572.3706,20666532.1467,22423654.8306,21486672.3715,21519408.1741,21824523.5778,22799014.3261,989152.5722,10854.1588,583001.9848,449456.1459,884382.1992,122132.3944,-212711.4057,1035105.0142,803.9004,752.445,730.5447,644.7253,754.0352,1046.0307,683.9573,924.7708,813.8104,791.6325,721.9616,905.3939,710.7328,753.962,804.3603,692.2401,1406.2396,1468.9529,1598.441,1389.6842,1660.1838,1360.8503,1326.9778,1570.2474,1645.6448,1730.4784,1288.2044,923.6786,1303.3118,1602.6372,1627.638,1049.2901,-354.8158,267.4167,138.4939,-161.5503,25.968,305.0192,-533.8094,-202.6211,0.0493,-0.0113,0.0782,0.0235,-0.0106,-0.0653,0.0451,-0.0789,46.5076,49.0025,44.3709,41.3873,42.473,45.739,46.4542,42.8328
22,22,52.40965,20.69051,9661.7,327.0,LOT283,0,9.0,44.0245,2.3717,38.9766,49.3302,72.8824,2.3251,0.0,0.9952,0.0592,0.0137,0.1311,0.4739,0.5684,0.4074,0.4368,-43.0249,-46.4406,-48.9261,1.1557,0.2914,3.2466,217.5227,-0.0771,511.039,-1125.722,-2386.8958,-1398.6376,2361.9912,1526.515,3438.6271,-134.8823,21140494.2963,23241350.5161,23711012.3844,22406258.5183,23442795.5253,20831757.7174,20480779.6805,22831701.0325,-602661.0733,1031204.1497,38580.247,1831589.8107,-825210.8611,317265.9897,-467849.7079,480543.3085,874.334,872.6291,906.5802,832.326,836.2843,780.8836,854.3514,819.0656,898.3783,823.3013,687.9509,784.4435,740.3339,830.5338,728.0264,923.2116,1718.6401,1491.2871,1456.5853,1275.7963,1376.1569,1425.5191,1399.0836,1536.5151,1435.4037,1279.8091,1447.9369,1587.7769,1509.6539,1551.4222,1682.7972,1364.0693,49.3216,186.4169,135.0997,107.5431,154.4882,456.1509,315.2011,-132.7201,-0.0113,0.0001,0.0521,0.0562,-0.0322,0.0503,0.0158,0.0654,47.7501,44.0742,46.0357,45.4704,42.6964,47.2958,42.8589,44.12
23,23,52.42077,20.67794,9649.1,327.0,LOT283,0,11.0,45.7414,2.4643,40.7463,50.4395,59.3714,1.3854,0.0,0.9872,0.0601,0.0245,0.1239,0.5212,0.5169,0.3738,0.3913,-43.9017,-46.3472,-46.2981,-0.4554,-0.0686,0.561,217.1879,-0.3998,-3043.3305,217.7839,370.7922,-1087.5593,231.8634,259.872,-2970.2442,372.162,19818863.6201,21352759.4568,21866800.505,19517515.0377,21872417.2919,21283999.092,22202329.0893,22109185.5045,-964282.9233,2168589.1747,-374969.7262,523498.6822,-2039819.9198,-1136662.1806,-1749187.7499,486087.0041,745.3756,949.7623,801.0182,826.5255,850.2447,715.7875,752.9019,784.2076,727.9184,792.747,873.8472,702.2544,677.7308,776.4636,854.7446,878.0985,1460.1155,1685.364,1592.9888,1572.5676,1757.7009,1427.9876,1505.425,1760.1424,1713.7306,1357.1607,1465.3652,1052.8371,1691.7264,1531.6009,1253.0548,1308.4538,-428.3733,159.0628,-28.5315,139.1063,355.3367,-317.2301,-288.594,108.8575,0.0052,-0.0757,0.0146,-0.0584,-0.0552,-0.0188,-0.009,0.0294,44.5528,41.5976,42.9671,47.7444,46.0431,41.1279,45.2791,47.2407
24,24,52.43189,20.66537,9635.1,327.0,LOT283,0,10.0,46.7128,2.8093,41.4852,51.2345,75.5273,2.8041,0.0,1.0299,0.042,-0.0049,0.0806,0.5831,0.6215,0.4169,0.4138,-44.3088,-44.4319,-48.3421,-3.5095,0.1184,2.44,222.1983,0.1256,-1022.4748,-3310.8987,841.6024,877.0309,-2659.8683,1244.1756,-2769.383,-1240.9684,22505196.9039,22498687.856,21680917.1226,22374085.9534,22625326.9795,24461865.0321,21459794.6896,23841989.1088,1421248.5369,398568.6844,-1046102.6718,-793997.723,-2080787.1686,2453325.7377,1000707.2384,-183763.0172,869.3521,662.5205,787.0012,810.85,891.0369,730.9042,878.4191,702.9056,799.3112,946.3368,769.6311,944.3256,822.5798,787.2604,861.8663,887.5486,1542.8816,1662.3282,1465.2307,1304.4751,1337.8969,1561.4887,1469.5159,1697.4679,1733.1216,1317.135,1235.6579,1477.2289,1378.6719,1382.5726,1637.5055,1238.7792,-154.5317,62.8761,-148.8767,-30.2292,99.5055,-29.7188,-244.7275,60.2281,-0.0134,0.0614,-0.0758,0.0202,-0.0293,-0.055,-0.0204,-0.0052,46.0663,44.372,48.6509,43.7556,41.5727,44.1807,45.0304,45.2103
25,25,52.44302,20.6528,9619.7,327.0,LOT283,0,12.0,45.2139,3.1273,39.2835,50.3527,78.314,1.6548,0.0,0.9852,0.05,-0.0013,0.1272,0.4038,0.5877,0.4045,0.3964,-47.2818,-44.4204,-43.7293,0.125,0.2037,1.8307,216.5938,0.3854,-1672.3539,-1627.0342,992.2186,130.2931,-1487.6226,1468.9015,1181.865,-436.677,20830060.3826,23397598.1084,19954103.7392,22783631.2458,23057927.6957,20373946.8987,22918949.4448,19602046.7301,-882217.2097,-103141.9286,1420035.1017,-301308.2291,1076724.7689,-253387.7901,206845.5239,417770.4118,614.1174,826.1059,854.0188,1087.4556,868.6084,735.9027,762.4901,862.3354,765.6567,729.0648,765.217,554.3749,915.6017,722.905,904.2306,686.5217,1480.9706,1171.4554,1393.8514,1497.9623,1440.5601,1547.4894,1584.0333,1058.0051,1579.6014,1741.3796,1293.3174,1524.0454,1438.9442,1441.1737,1114.0635,1581.4948,-32.0915,-264.0508,197.6973,125.6842,55.7096,-78.3348,-427.1547,-161.5367,0.0398,0.0833,-0.0432,-0.0084,0.0158,0.0862,0.0439,-0.0227,46.622,43.762,42.0557,44.9684,44.9222,50.7549,46.5856,44.8206
26,26,52.45414,20.64024,9603.1,327.0,LOT283,0,9.0,42.642,2.6925,37.0822,48.5726,66.4449,2.0191,0.0,0.9844,0.0614,-0.0211,0.1206,0.5102,0.4993,0.4095,0.4309,-44.3433,-46.0796,-45.8973,0.3519,0.1764,2.4901,219.9459,0.1036,2112.2861,-677.9933,1733.4168,680.9713,-2467.0586,-630.2508,346.8994,1004.9433,19965462.751,23619078.8625,22459273.8282,21424067.7373,21491847.8495,22139413.0188,22511930.169,22574071.4743,-1466268.6843,-718219.5495,-187372.9691,251201.4132,-283360.4805,-1041444.4631,-753302.9511,1039882.3287,901.3365,671.2029,763.1154,858.286,747.3525,947.6928,753.1114,896.1394,718.9506,749.9523,1051.7363,761.8749,710.3225,771.4941,1058.5162,824.9748,1361.0264,1715.0525,1431.3987,1591.7471,1569.1303,1632.729,1575.7533,1599.6968,1788.5381,1468.4051,1531.2601,1574.9242,1516.2459,1573.6084,1345.4185,1523.9882,187.9719,-218.566,-198.9678,-240.259,434.0305,-61.5099,-23.8898,356.7585,0.0245,-0.0362,0.0127,-0.0971,0.0067,-0.0603,0.0223,-0.0128,44.9166,43.271,46.4855,44.5147,47.6069,45.352,46.9586,41.9186
27,27,52.46526,20.62767,9585.5,327.0,LOT283,0,12.0,48.5687,2.081,44.1973,53.6147,83.5905,2.8518,0.0,1.0278,0.0507,0.0387,0.0754,0.441,0.5821,0.445,0.3464,-45.4295,-47.0012,-46.7373,-5.5794,-0.439,2.8539,218.8404,0.1953,268.2239,-1538.914,511.7625,-2023.1076,-2232.7215,2202.3427,126.9068,107.642,23107494.8816,19575768.8956,22472252.7528,21724487.137,18165883.7321,21483896.2303,22509623.8819,27737175.2132,-1514088.9107,-2838845.5373,679608.2214,-2492707.0345,-1014488.488,2251461.9627,185781.6643,1495961.3595,680.5182,992.385,827.3436,747.118,793.3611,783.2179,790.6371,1106.869,887.9923,882.1134,793.4748,874.3218,758.4224,930.1604,882.8228,688.8101,1510.3763,1454.2536,1472.0084,1818.6757,1558.6022,1546.7594,1447.1249,1321.3359,1657.8722,1807.3134,1422.3507,1202.6233,1678.5768,1567.509,1395.3566,1571.4846,64.9922,-522.2022,11.1469,154.4267,266.653,-229.4847,-210.0107,-383.521,-0.0043,-0.0501,-0.1274,-0.0644,0.0235,0.0075,0.0051,0.0387,48.5082,46.7126,44.5282,45.3131,44.6754,44.0659,42.6376,43.68
28,28,52.47638,20.6151,9567.0,327.0,LOT283,0,10.0,45.8799,2.5731,41.8166,51.3665,66.2603,1.7326,0.0,1.0284,0.0446,0.0129,0.0965,0.385,0.588,0.3985,0.4051,-45.0685,-44.4132,-46.3228,1.1832,-0.0538,2.0492,216.1888,0.1861,-1909.1234,1139.4752,-392.6133,420.1758,982.83,882.5816,-865.1718,-3918.767,22866283.7145,22956362.384,20317533.3523,21667652.1314,22012779.4936,21322307.6067,19491103.9988,23460982.174,309395.1515,122763.6021,-329284.0775,571135.2684,-692922.0613,960380.7086,195077.9728,228930.8823,841.4304,862.8044,825.8679,841.6622,809.155,658.0226,722.0523,892.2344,700.3206,846.5861,791.7732,652.9402,725.7257,688.7746,819.1577,677.1501,1593.7773,1306.6034,1224.4752,1527.6824,1314.9548,1460.4663,1416.1235,1716.2919,1282.0934,2029.2292,1200.9518,1175.6088,1435.4997,1434.3657,1654.6464,1258.2464,-124.2158,71.6748,24.1641,-117.836,-106.3032,-97.1072,-226.1048,-113.991,-0.0085,-0.0608,-0.0361,-0.0098,0.0552,0.0461,0.0004,0.0313,47.5238,43.443,46.2801,45.4873,44.4464,45.4724,42.9437,49.1475
29,29,52.4875,20.60253,9547.8,327.0,LOT283,0,12.0,44.4509,2.7274,40.145,48.6647,106.6944,1.6823,0.0,1.0105,0.0611,0.0192,0.0948,0.4495,0.5753,0.4127,0.4072,-48.8043,-45.0042,-48.1543,-1.4062,-0.0623,1.1891,214.1602,-0.1713,1800.0921,1026.94,637.2904,-3044.002,1390.6459,-546.3568,-826.8329,-734.5678,21635747.6562,20708086.7908,21323806.1286,20298127.3098,20733586.9658,23751238.0151,19861483.943,22454696.7095,5470.385,183565.4826,80876.233,-239442.2184,-1536556.0446,1950670.7484,962908.0066,-1457167.0687,678.8304,689.145,754.0421,766.8514,695.0181,672.5315,794.8157,701.4754,831.9196,861.3886,739.9973,773.0533,936.5163,666.9239,678.4875,679.5582,1585.8608,1377.8793,1553.8214,1556.5721,1474.6494,1550.4682,1623.7065,1449.7323,1530.1804,1460.6979,1251.7198,1651.0536,1401.3611,1516.8982,1720.2321,1866.5222,-216.4657,-220.2289,-27.6497,-217.1503,-24.7751,357.0332,-10.652,-145.1173,0.0332,-0.0635,-0.0569,-0.0311,0.0377,0.0032,-0.077,0.0118,45.3715,46.0464,42.3717,42.7072,44.5812,47.024,45.2259,44.078
30,30,52.49862,20.58996,9528.2,327.0,LOT283,0,12.0,42.3074,3.0519,37.9337,46.7577,73.6771,1.665,0.0,0.993,0.0541,0.0079,0.0178,0.4712,0.6,0.3931,0.411,-45.5914,-45.0196,-49.3457,-3.0696,-0.2738,3.713,222.948,0.1438,-1463.4753,727.7216,-800.8977,-1141.9851,-377.4389,-848.9473,560.7955,-820.5523,19748060.5143,24296261.241,23900031.7482,23573929.57,23061718.2742,22952253.15,23492300.3748,21287145.3556,8291.2193,-61201.2857,-588633.9956,179818.391,2055979.5074,-1098518.481,272997.8908,-182007.3115,851.2073,760.9634,979.2455,790.594,745.3288,607.5337,672.9557,892.6502,901.8024,615.8647,607.6466,873.6853,695.7239,889.1504,850.6592,790.8146,1380.378,1588.9538,1545.3849,1496.8584,1334.8271,1737.7639,1579.0396,1295.0744,1497.0671,1116.71,987.1498,1781.0627,1330.3524,1339.8925,1701.3971,1596.1251,124.0696,20.7062,-25.15,-343.1427,-120.8846,289.2631,-239.537,144.3835,0.1119,0.0932,-0.0431,0.0551,0.0084,0.049,0.0677,-0.0122,44.0283,43.9307,46.5117,44.2047,41.7107,47.699,42.0329,47.4681
31,31,52.50974,20.5774,9508.3,327.0,LOT283,0,10.0,45.7899,1.9748,40.1876,50.3632,83.7585,1.6844,0.0,0.9979,0.0415,0.0473,0.1297,0.47,0.609,0.3917,0.4608,-46.5551,-45.609,-46.6833,0.4585,0.0129,1.4171,217.8185,0.1402,218.5011,1108.4042,1263.1929,-2420.683,-137.5275,-1570.1572,1911.0623,2164.7091,21372010.9598,19148819.3889,24076097.7643,20701842.1283,20237043.3969,22897293.1063,22801123.4926,20018317.5519,-109190.7102,-2061835.0403,-749588.0496,-567803.0293,-255052.7283,368573.5098,380678.3504,-398688.2779,808.2927,940.5556,782.7004,853.0975,673.3542,732.7578,943.7514,691.5861,648.0028,734.3118,854.5072,722.8912,918.8505,949.8092,838.5002,852.4414,1331.6753,1571.9933,1444.2309,1616.4621,1497.3128,1761.7888,1908.9836,1435.0401,1370.0904,1980.3468,1783.5781,1670.0646,1834.7811,1673.9099,1813.6823,1431.6537,-19.0012,172.4481,48.2248,-29.5485,-114.8938,-153.7254,18.3966,-21.0052,-0.0133,0.054,0.0002,0.0343,-0.0199,-0.0351,-0.0359,-0.0253,44.3125,47.5814,47.5098,45.2082,46.7233,42.48,41.4739,43.6383
32,32,52.52086,20.56483,9488.3,327.0,LOT283,0,9.0,48.3258,2.1499,44.2123,54.2597,79.9238,1.1122,0.0,0.9742,0.0517,0.0235,0.105,0.4324,0.5496,0.35,0.4116,-44.7103,-45.0686,-50.6685,2.4402,0.7137,2.1003,223.3023,0.0588,-287.1124,-600.8775,241.0036,1792.4082,-690.4398,878.0533,1861.7833,1213.4205,22157374.4933,19913005.1108,20725136.0766,20495319.2171,22691412.6147,23214663.8853,22229193.775,22623298.219,-970387.4906,280051.3409,-331190.2575,192795.8342,-980568.7451,-604392.919,-530922.1639,-398873.7188,676.5792,900.9604,841.827,725.4467,780.4155,826.5612,828.7965,837.4234,776.0979,778.2359,721.7875,619.0501,876.2951,752.8318,742.0985,762.4521,1551.2785,1561.1933,1605.1534,1392.3895,1317.4817,1602.9485,1619.7699,1288.4418,1511.9828,1322.7841,1315.7626,1468.9582,1743.6382,1578.6241,1492.1386,1521.0398,62.7205,-194.6514,-139.5828,13.2116,-165.2059,-353.9273,55.3467,254.3244,-0.1215,0.0328,0.0176,0.0586,-0.0953,-0.0253,0.0764,-0.0138,44.3046,43.0736,45.6239,47.842,44.7561,44.187,46.2419,43.2546
33,33,52.53198,20.55226,9468.5,327.0,LOT283,0,10.0,45.8985,2.5814,41.3124,50.627,74.3694,1.8275,0.0,0.9822,0.0384,0.002,0.1528,0.4339,0.5788,0.3906,0.4424,-45.2878,-44.8951,-50.361,-1.6777,-0.4723,1.2551,218.3065,-0.33,1816.4911,-1525.5221,-2496.8861,-483.5284,708.8546,2592.0622,1903.7863,1398.319,23551335.5067,20214997.8186,23369882.2561,20859277.6736,20301407.0082,21969139.5416,24923589.4371,23449895.0959,252835.7009,3001614.0792,-621375.8614,-26356.737,1118120.474,682705.4114,560827.738,-56261.3578,553.844,746.9892,858.0843,809.7011,785.6584,845.3905,897.536,718.1409,935.3151,991.5583,746.0801,856.43,909.5683,713.4532,814.0206,823.8444,1276.865,1290.6575,1545.7414,1492.6622,1588.5021,1551.5863,1438.8159,1475.6521,1504.6869,1216.6314,1489.8018,1594.0442,1390.6516,1562.3235,1405.6056,1420.6902,10.2337,240.4314,-69.5486,74.507,125.0802,-276.2998,-77.6969,-161.8618,-0.0286,0.0177,0.0408,-0.0164,-0.0028,0.1002,0.061,0.1335,45.6805,46.9712,46.5914,44.2366,46.6609,46.4203,44.0213,45.8097
34,34,52.5431,20.53969,9448.9,327.0,LOT283,0,11.0,43.6953,2.2338,39.3241,48.9793,76.5221,2.7323,0.0,0.9869,0.043,0.0014,0.1066,0.4458,0.6187,0.3881,0.4054,-42.5649,-44.4655,-47.7452,-4.0621,0.2332,2.0301,217.6488,0.2179,1390.194,3190.4402,3138.6263,-1374.1067,1456.9545,-1861.064,-1473.5019,663.4205,22415220.101,20737042.8975,22164034.9525,19263756.7254,23585069.5172,21574231.2892,20839675.9792,23513171.4507,-2026448.7257,-1483620.4667,-416179.4837,111781.5751,834514.7193,557476.1504,-31111.5601,-328852.9594,663.6496,611.5535,997.2569,892.8944,1045.1968,991.7086,735.459,745.9331,798.0796,732.6622,857.4639,691.921,819.0431,768.0905,792.6492,981.818,1562.8523,1527.0834,1557.2835,1400.0217,1400.7492,1557.1529,1472.8034,1589.0825,1474.4178,1899.5394,1330.5632,1519.4472,1752.2282,1243.9233,1628.7691,1643.5727,-120.6159,211.2289,-205.0651,-311.4345,29.2992,-76.0114,202.6493,-186.8477,-0.0685,0.0169,0.0677,-0.0406,-0.0052,0.0012,-0.0111,0.0826,42.9845,42.205,45.2599,48.0472,43.6771,45.9315,45.0624,43.0214
35,35,52.55422,20.52713,9429.8,327.0,LOT283,0,12.0,43.1744,2.4711,38.6078,48.6393,70.2871,2.2146,0.0,1.0409,0.0376,0.0257,0.1195,0.4001,0.5943,0.4287,0.4253,-44.6246,-44.8912,-45.7112,-1.5708,-0.009,1.9502,218.7152,0.0072,-831.7408,-901.2713,709.5273,-829.4451,749.5728,-69.9304,-1471.6498,298.1531,20673580.5147,21899688.3299,23045875.5051,22269564.8892,21470365.482,23598138.9092,22943855.7155,19469953.7722,-279856.3904,201671.4418,24170.4815,1454497.5023,85341.0565,-113952.8289,698261.1766,140007.459,607.8708,807.3106,903.1946,898.1816,802.2374,595.851,853.0697,809.9453,764.2353,666.2573,709.1756,572.2858,718.5978,584.0658,778.7801,753.5341,1511.8227,1391.646,1132.0624,1638.0722,1543.0865,1437.2493,1597.8533,1693.5331,1689.7387,1306.5552,1241.7717,1378.6938,1594.3349,1490.9932,1459.5851,1165.1581,-385.9342,71.8774,-25.9965,24.0701,358.1028,198.6867,-103.644,-647.3708,-0.0291,0.0937,0.1147,0.0478,-0.0523,0.003,0.0777,0.0065,44.4444,46.2843,46.149,42.4399,45.3588,44.1394,44.2615,47.2899
36,36,52.56534,20.51456,9411.5,327.0,LOT283,0,9.0,46.1989,2.2446,42.1792,51.9156,66.6543,2.4382,0.0,0.9992,0.0634,0.0684,0.1498,0.4796,0.5026,0.3995,0.3787,-44.6017,-46.1984,-49.4159,0.2297,0.0224,1.8781,217.0492,-0.241,-1545.5172,-798.1666,848.6939,495.3551,418.3912,-1524.9513,-264.9438,-1470.6944,21319155.6891,24242196.9146,21820219.5547,21929678.9002,19965109.6609,20102156.6768,20699902.0939,22465024.5928,-597295.889,-60619.4576,-1290078.7373,1704572.1702,1626504.3996,242299.2523,711210.0737,1298604.1906,752.5199,734.2333,824.7556,922.8763,918.0708,928.4657,911.6666,752.3928,834.3922,848.7058,644.5329,638.7066,864.9831,497.1796,724.143,606.5191,1492.4537,1319.1426,1612.6492,1460.2226,1599.6304,1265.1929,1401.6377,1747.8435,1246.6792,1270.1912,1926.033,1319.9737,1708.049,1793.2057,1684.8777,1770.4549,469.7116,272.4002,-139.2804,-318.7356,81.8099,439.5093,-199.2421,-227.9372,0.0545,-0.0112,0.0723,0.01,-0.0718,0.0726,0.0615,0.0011,44.2424,45.9402,45.5321,45.5373,44.4617,42.9198,47.9351,43.4856
37,37,52.57646,20.50199,9394.0,327.0,LOT283,0,10.0,46.8729,2.836,42.13,52.2321,64.0405,2.5918,0.0,1.042,0.0508,0.016,0.1094,0.5331,0.5281,0.3883,0.4236,-46.6144,-46.0098,-47.0495,0.7306,0.1424,1.979,219.9356,-0.0077,230.1404,903.278,1256.4345,494.6616,1240.1917,-1337.0699,4032.5251,-1531.379,21544685.6819,21689337.4634,21819616.3631,19788287.9363,19780423.1601,19715950.5331,22961869.502,22718173.0933,295937.3868,210240.1545,-2026228.7369,-159919.1514,30773.072,1537860.3693,492864.0891,1827533.8028,885.6442,959.6085,947.1531,581.0154,880.0144,875.899,980.7836,731.6745,734.655,937.0277,728.4747,821.3295,696.5309,836.4065,768.7785,1090.5668,1343.9469,1637.9004,1521.7943,1269.7885,1427.3138,1585.987,1193.6769,1443.2888,1537.2499,1734.9379,2110.4313,1606.228,1435.8577,1456.965,1362.0831,1567.9343,159.7005,-166.6548,136.3566,106.9252,53.6889,-164.2373,-172.8408,-84.6195,0.0455,0.0013,-0.0426,-0.0416,-0.0844,-0.0671,0.1429,0.1374,45.6638,45.9845,46.2079,41.2779,44.321,45.5912,45.6894,45.7762
38,38,52.58758,20.48942,9377.6,327.0,LOT283,0,12.0,46.468,2.6908,40.9633,51.4018,77.2318,1.3757,0.0,0.9936,0.0434,-0.0108,0.0897,0.3657,0.4788,0.4466,0.3982,-48.1824,-45.4453,-47.9325,0.0189,0.4193,2.2021,217.4351,-0.2471,-2277.7303,1691.6845,870.4925,-1014.8233,833.5095,352.8524,-1665.6946,94.9716,23206720.573,24767099.756,21463521.8573,23972509.4536,23975086.7257,21139129.3784,22579675.0953,21918685.3659,633406.8005,1314754.9461,1102590.1999,787431.1128,1296403.468,919233.6603,-1150595.9778,-1584525.2807,758.2395,918.7261,791.7339,714.0118,843.8316,753.3677,939.0798,696.6862,907.3777,814.0356,855.1492,672.1234,987.3336,765.6666,870.5732,761.0011,1916.3627,1675.0935,1645.8803,1766.7254,1292.658,1435.0382,1506.3646,1097.8884,1370.0149,1615.7109,1437.6726,1383.8911,1607.5174,1442.0492,1821.5508,1748.0603,-119.1537,254.3001,57.5765,45.2602,273.1674,-279.4822,12.4326,85.9163,0.0502,-0.0122,-0.0015,0.0236,0.0074,-0.0374,0.0503,0.0142,46.162,44.9047,45.684,46.0738,44.1126,45.3181,47.6234,43.4097
39,39,52.5987,20.47685,9362.4,327.0,LOT283,0,10.0,45.4175,2.3474,40.5978,49.8735,68.4419,1.0786,0.0,1.0185,0.0432,0.0342,0.14,0.4119,0.5689,0.3743,0.4238,-47.271,-43.9327,-49.5878,5.5534,0.0612,1.7944,219.128,0.0065,-696.1033,-1170.7676,-1673.4506,773.4314,-931.9784,168.5916,4549.1474,1530.967,20830856.5545,24491809.8561,22616771.0196,21251610.3856,22116987.5732,20577378.4859,21630657.7639,22232857.509,-335441.1535,1158371.5802,1397341.625,-1140954.9634,-949266.2867,1555668.2386,-1128934.9606,213716.985,881.4171,771.0868,759.5487,907.7154,669.5735,678.9431,896.0716,862.8233,630.069,741.3002,841.692,765.0457,865.19,813.6975,841.8414,827.3076,1145.2698,1654.2088,1501.5503,1545.1407,1463.7257,1547.7775,1383.7387,1385.707,1479.3011,1426.4534,1242.5894,2013.0794,1639.3426,1413.7578,1303.9025,1157.9928,-150.6468,-221.9726,354.1896,92.9454,-306.3289,-218.3741,-48.245,-90.1637,-0.0651,0.0623,-0.0634,-0.0123,0.0002,0.0064,0.0805,0.0187,43.6614,45.9557,47.1796,42.0137,46.034,43.6812,42.8296,43.7573
40,40,52.60982,20.46429,9348.6,327.0,LOT283,0,12.0,43.1403,2.4654,37.1602,48.6464,72.3781,1.937,0.0,1.0046,0.0514,0.0571,0.0877,0.5108,0.6053,0.4107,0.3827,-45.5969,-45.7053,-47.4849,2.1929,0.4228,1.7978,222.4446,0.0154,-2137.3593,3.7556,-557.4386,2023.9683,-2414.6281,290.1917,3059.8398,-331.2854,20995783.4062,22813281.8814,20170918.2334,20400746.9193,24726019.8257,19702745.2806,21846240.523,20953971.8082,745084.8385,259849.1581,-524687.0726,-1126443.82,-1357857.0807,307598.3008,-677746.8868,664694.5012,848.7769,784.6609,946.9962,769.6331,789.1206,857.832,880.6966,766.2482,946.2868,742.2794,704.158,775.8732,803.1202,826.8648,853.4353,724.7074,1471.0642,1347.8509,1589.8528,1512.465,1329.4817,1464.1978,1335.592,1537.9753,1454.5377,1138.8835,1809.0311,1551.5269,1457.9107,1627.7919,1705.2196,1697.7438,-20.5325,-112.9323,-194.8945,-317.5365,-315.6354,-317.5137,-87.6758,-90.3807,-0.056,0.0112,-0.011,-0.0348,0.0293,-0.0746,0.1575,-0.0167,44.9224,44.8943,46.1784,46.6621,44.6912,44.6728,44.3286,46.1025
41,41,52.62094,20.45172,9336.3,327.0,LOT283,0,9.0,43.578,2.6959,39.1817,49.0599,84.9865,2.4558,0.0,1.0039,0.06,-0.055,0.1022,0.509,0.4866,0.4258,0.4226,-46.491,-48.0723,-48.5962,2.6102,0.1119,1.6454,221.249,-0.1914,1375.779,11.4661,-2425.7027,-543.3138,285.6847,953.1591,447.7741,-1951.1779,22209786.3427,19457481.1928,22657450.8815,19402399.8015,22710074.0339,22657894.9693,22316747.5576,21140245.784,829488.9742,-303922.3768,450720.3967,-2434860.4178,-8238.4759,-153964.3656,-721945.6045,-1102326.0514,839.0588,882.9895,728.9553,873.8572,874.8922,866.7447,811.7637,824.7863,851.7802,716.9828,812.0694,867.4491,727.8507,829.3474,910.8823,758.4083,1583.8804,1195.3035,1551.6505,1471.509,1499.2517,1406.3707,1365.8361,1447.2291,1555.9178,1107.0324,1397.8345,1560.5287,1087.9954,1388.8728,1376.6568,1594.1018,-19.6851,-75.5374,-124.9496,-414.5592,115.29,138.3814,-513.7305,46.0163,-0.0044,-0.0181,0.0859,0.0065,0.0493,-0.0376,0.0518,-0.0105,40.0255,44.1649,41.5122,46.7507,45.5241,43.8972,49.3911,44.0287
42,42,52.63207,20.43915,9325.7,327.0,LOT283,0,11.0,47.0635,2.6935,41.5172,52.6428,79.689,1.4347,0.0,1.0242,0.0613,0.0224,0.0713,0.4981,0.5445,0.3923,0.4153,-43.4289,-49.5299,-50.9911,-0.5171,0.0729,2.0878,227.3311,-0.3078,484.5373,-745.6117,2131.3641,-2676.2638,1194.1534,1576.1221,2840.8105,-334.0067,20685790.6743,22156612.9738,21643160.1638,24742994.9022,20867495.0036,24827060.7687,18390846.0154,21723755.1378,78202.3009,-278402.2056,-948606.8837,150501.9546,-2517934.1599,1077583.2878,52351.2209,929645.4055,780.9399,718.0746,779.5109,794.4146,839.514,822.733,832.7457,841.6789,713.8809,745.1025,658.1598,710.8852,766.7566,847.8557,867.8412,903.2206,1343.992,1645.5717,1574.0138,1748.7984,1456.6128,1332.5078,1398.2792,1541.3925,1517.0677,1288.3496,1586.9193,1346.6809,1431.3573,1562.6112,1576.3271,1435.4286,-94.2621,-183.9957,95.734,-111.0259,-268.2951,-93.5484,131.977,-113.4038,-0.0542,-0.0146,0.0719,0.0212,-0.0195,0.0715,0.0235,0.0109,46.1033,42.7588,44.6383,44.2756,43.2572,41.9398,48.9086,44.1819
43,43,52.64319,20.42658,9316.8,327.0,LOT283,0,9.0,44.1113,2.0691,38.2097,49.1166,75.1898,2.3215,0.0,0.98,0.0547,-0.0344,0.1356,0.5576,0.6068,0.3674,0.4167,-43.5347,-46.7565,-50.0174,-1.6043,-0.4482,2.0932,220.1901,-0.2334,-207.8345,1375.8083,246.6632,1279.3924,703.0285,-546.5399,-221.2744,-2220.8007,22430093.1185,23157189.2043,25102972.1083,21934928.1136,22205934.6626,21156593.8716,20774414.7408,21646296.9532,130222.6551,532024.7793,-63712.133,1574935.4785,-219948.6399,787646.4294,-49666.1135,697638.9911,737.7833,653.0143,772.5005,751.8764,806.1498,652.9219,891.9383,872.7039,654.6635,820.9346,1013.9485,836.0676,826.1195,761.6927,765.1621,714.2143,1567.2767,1655.3296,1802.8319,1121.9089,1435.8594,1574.7975,1263.0051,1704.2698,1518.4088,1622.7626,1813.1254,1561.351,1831.4688,1663.8856,1624.1844,1507.4273,-81.5507,-76.2583,-343.6652,13.0106,-56.1007,-608.7694,96.3143,-329.4846,-0.0315,-0.0266,0.0056,0.0374,0.1329,0.0002,-0.0608,-0.0616,45.2777,44.8763,43.416,43.9186,46.8579,47.6028,44.7799,45.4965
44,44,52.65431,20.41402,9309.7,327.0,LOT283,0,11.0,44.1938,1.615,40.0464,48.6028,60.6946,2.3189,0.0,0.9677,0.0471,0.0134,0.0688,0.4755,0.4946,0.4079,0.4017,-42.502,-43.878,-46.0211,-1.9679,-0.4615,2.5978,218.7546,0.2501,-1612.8499,-1535.6355,-692.4922,-1044.9916,1834.156,477.6092,738.6951,1023.1662,20592063.8382,21124641.4028,21731814.9441,22008802.3239,21982146.5005,22784135.3677,19865206.0435,23052884.8522,-506931.3805,-996992.574,-1053214.9213,1073996.0171,589491.3827,175804.5864,-1080775.5582,-806027.5459,967.3387,899.2429,684.4906,853.7258,695.0874,754.1497,752.4626,906.3792,875.4462,895.609,786.0007,710.3092,920.4488,718.0089,732.3049,804.8915,1460.7315,1297.5044,1474.0305,1254.2367,1512.2631,1499.5861,1627.1691,1327.0138,1488.5209,1691.6936,1576.8838,1838.2077,1808.9709,1562.1892,1652.3318,1778.1459,65.088,-153.8635,-256.8381,-64.7194,-15.4382,-284.9515,-77.4532,327.3044,0.0289,-0.0811,-0.0454,-0.0012,0.0745,0.0361,-0.005,-0.0449,43.284,44.7992,47.6037,43.9514,45.4843,46.9645,48.1085,46.2492
45,45,52.66543,20.40145,9304.5,327.0,LOT283,0,11.0,47.0543,3.1029,42.847,52.2296,82.7659,1.6317,0.0,0.996,0.0481,-0.0049,0.1129,0.4465,0.567,0.4212,0.3804,-46.1797,-46.116,-46.9592,4.4692,-0.5272,1.9917,219.8112,0.1729,1111.757,-418.2125,-112.3841,-68.4953,1171.8157,1034.5649,2083.7244,1481.0819,22913759.4024,24503026.0276,19565061.6911,18298267.2565,23352531.4596,20871466.9881,18071196.341,23450890.4739,451588.5103,2326541.0037,144417.3671,101638.7089,406784.0199,-127534.126,-2252742.1443,-36732.7093,883.1165,764.1235,670.195,776.9533,837.337,693.2881,698.6757,945.5213,801.8422,893.946,769.9574,761.26,696.8821,808.5344,750.9086,680.3285,1760.7587,1919.9472,1560.6171,1320.3044,1705.9197,1291.0483,1443.0214,1264.1647,1596.7642,1459.3727,1093.1334,1561.2986,1598.4688,1466.5395,1273.2181,1513.5103,-120.8963,-63.7652,7.0781,34.7724,56.4098,-139.6289,19.7315,-242.1963,-0.0528,0.0079,-0.017,-0.0068,-0.0212,-0.109,-0.0265,-0.0167,42.4641,43.5663,44.2295,46.2273,42.6089,44.2656,49.2928,48.0529
46,46,52.67655,20.38888,9301.3,327.0,LOT283,0,12.0,43.0439,2.088,38.9491,48.2931,69.9853,1.8424,0.0,1.0429,0.0407,0.0311,0.1324,0.4706,0.4992,0.3522,0.4054,-47.2336,-45.9037,-49.1103,-1.5806,0.0371,1.2269,219.3655,-0.0306,953.1706,87.1933,362.5495,122.8142,187.4116,-264.0551,1024.1194,-1491.8837,24177450.7457,23667417.5817,19698699.2739,24298855.2908,22114552.977,21177160.6652,20505938.3532,23045289.2036,-436941.8202,-683187.1854,-1840085.956,1094951.2632,-474630.3141,2628755.3166,-637106.2686,160247.8807,598.966,798.5221,829.3063,648.1344,890.3392,745.4349,715.0415,883.84,755.2832,743.9335,798.8112,833.8106,724.8128,865.4289,973.7204,1037.6498,1717.6701,1597.7096,1376.241,1343.4116,1443.186,1407.5564,1325.976,1632.4061,1548.86,1618.6336,1466.4306,1671.6766,2058.7102,1698.8823,1561.9808,1506.6914,-130.9384,275.0312,-183.5602,9.3838,-258.3024,106.5809,-250.3173,-104.7742,-0.0031,-0.0078,0.0857,0.0827,0.0092,-0.0095,-0.0796,-0.0684,42.9244,43.6998,45.2274,43.5018,40.2764,47.3316,42.9835,45.2889
47,47,52.68767,20.37631,9300.0,327.0,LOT283,0,12.0,45.6428,1.9784,41.569,50.7845,74.9149,1.298,0.0,1.0014,0.0696,0.0042,0.1156,0.3832,0.5124,0.3956,0.4042,-48.6223,-46.3792,-48.134,-2.2826,-0.2671,2.3426,218.2446,-0.2627,-1384.526,-122.6249,1414.7309,1167.7368,249.2022,-329.6315,5276.4051,-600.3716,20834618.1215,20870066.8479,22605183.9503,22135758.7309,20100789.8317,21862889.2099,23825152.6474,22656905.8163,-418348.6068,1497424.6315,1195712.4429,159752.8827,1498430.2888,401438.136,-62012.7426,-506855.9021,653.6853,907.0805,651.1212,846.934,752.2082,762.5132,961.3434,870.4514,861.8629,744.9096,642.9872,733.8095,816.9664,971.8399,707.0082,903.1911,1448.626,1392.4662,1571.9119,1607.5982,1522.0875,1517.7419,1496.8992,1562.7188,1096.3575,1452.0279,1515.7604,1709.3106,1719.6571,1844.0264,1299.9829,1527.5374,-199.2239,267.7272,-340.3415,-72.8934,83.7034,-369.7594,-68.5254,-12.5711,0.0411,0.0014,0.0758,-0.0102,-0.0048,0.042,-0.0401,-0.0638,39.9004,45.051,45.2281,42.0142,45.2294,44.8261,42.6398,47.5551
48,48,52.69879,20.36374,9300.8,327.0,LOT283,0,9.0,45.3851,2.6718,40.7351,49.5287,86.4945,1.9919,0.0,1.0203,0.0705,0.0189,0.1164,0.3922,0.5449,0.3513,0.3662,-44.6127,-47.0361,-48.5702,1.1609,-0.0227,2.752,223.9188,-0.0939,187.603,-488.3365,-1825.3781,-716.3566,-90.3442,898.7024,887.5512,1351.4455,21705517.859,21175776.0836,22971406.4405,21591969.1242,22469477.4749,22463539.6809,25131561.3478,20623135.0908,1739985.8556,-51379.5284,1326034.6591,663233.9952,-906747.5809,123401.9878,-121560.3656,786590.5982,962.8597,919.3018,903.9626,1082.2307,785.4005,786.7503,792.6308,765.7663,869.4868,813.901,855.5352,741.7041,846.2886,794.968,656.1847,932.7744,1367.1472,1451.7333,1417.4448,1510.9732,1406.816,1643.1514,1521.5018,1812.3693,1296.3341,1774.8345,1232.7009,1788.9028,1757.4296,1371.7356,1605.9697,1527.7453,-163.6335,259.8755,111.0981,-349.3765,-253.9229,-109.8927,-20.1445,-97.1429,0.0558,0.028,-0.0137,0.0319,0.0448,0.0475,0.0365,-0.0007,47.3098,45.0663,47.3215,45.0166,44.7887,45.3454,46.8197,46.217
49,49,52.70991,20.35118,9303.5,327.0,LOT283,0,9.0,45.3908,2.5709,40.9032,51.3193,79.3265,1.4092,0.0,1.0019,0.0674,0.0116,0.0729,0.47,0.6502,0.4229,0.4304,-45.3668,-43.2035,-46.4889,-3.6349,0.5997,2.7949,224.5621,-0.049,2436.5758,1516.142,18.2045,2091.4976,-28.4264,1161.1941,-1956.7487,1059.64,23707139.3775,22353659.3127,21582668.1169,21854009.598,21949530.2169,22187724.8303,23446604.7243,21747182.5473,-201184.2019,780389.4771,1954047.3845,-1889718.8811,-217268.1884,105109.9251,-1244368.5645,203850.2883,746.5748,840.1414,829.421,828.8069,869.6528,822.6384,696.7767,794.7379,797.1763,824.9607,941.4681,769.3824,606.1934,719.2571,700.2817,797.8588,1516.5097,1446.8417,1414.033,1606.7545,1561.1655,1381.9654,1603.2819,1315.3834,1378.4469,1839.3991,1616.5444,1642.7773,1826.3667,1207.6528,1224.3197,1541.3179,111.977,-253.7762,64.9546,157.5022,248.5145,248.3513,202.5889,248.0595,-0.0121,0.0294,0.0871,-0.0079,-0.0025,0.0149,-0.0333,-0.0419,40.7063,45.9688,44.3252,46.2886,44.0572,39.0095,48.5646,48.6715
50,50,52.72103,20.33861,9308.2,327.0,LOT283,0,10.0,43.5921,2.7581,38.1187,48.7314,88.1746,1.9522,0.0,0.964,0.0576,0.0441,0.1419,0.4219,0.5561,0.3942,0.4281,-43.8742,-44.3092,-47.4359,-1.065,-0.4188,1.8942,221.1519,0.1039,-490.969,-22.921,-95.4036,3578.5877,-1344.8265,-649.3055,-2435.9879,-4507.4703,19675664.3514,21707505.1019,22977348.8981,25912506.0839,19265231.1266,23204165.5127,21023039.6723,20911274.2489,-714654.4586,734500.6982,271401.4175,989514.4399,-243658.9697,299740.3513,-1288490.9245,533311.5731,847.6475,880.3597,982.9629,827.1251,858.7139,788.284,904.7752,745.4296,877.4321,886.8543,909.3287,752.8685,951.2914,785.0862,921.9683,762.5805,1455.4002,1353.0283,1425.957,1833.0363,1382.9808,1463.2335,1698.0126,1731.2028,1294.3274,1407.2696,1527.2042,1559.0854,1599.0288,1464.8835,1501.9407,1595.5642,-119.3941,306.2806,52.2076,-152.5496,392.9019,151.961,247.8189,-297.582,-0.1118,-0.0523,-0.0116,0.0127,-0.1012,0.0655,0.0017,0.0939,46.0784,47.4071,43.5419,45.6423,45.2095,47.9064,44.9954,45.0794
51,51,52.73215,20.32604,9314.8,327.0,LOT283,0,9.0,44.4637,2.7589,39.1951,49.1833,85.9894,1.9986,0.0,0.9785,0.0626,0.0372,0.1255,0.4314,0.5283,0.3651,0.4029,-42.4932,-46.7725,-46.7067,-2.2811,0.1818,2.3853,220.0932,-0.094,-1696.6139,1440.89,2223.0143,-1182.6219,898.0705,-2525.4804,258.8854,-792.0116,22907661.7324,23730952.3663,24975695.6301,23807795.5287,21897638.8769,21922170.9386,21275704.7287,23535853.9981,-106926.6237,1356155.432,542279.7311,-1062823.466,-805408.925,425521.5322,-837983.9445,-538557.8332,962.2696,817.985,701.2334,871.4884,799.2574,760.4951,867.7655,902.5354,784.622,822.7237,881.1755,752.9741,810.9895,750.7904,716.311,932.2734,1582.1018,1407.9857,1263.9265,1459.9731,1942.7272,1482.4926,1310.1824,1237.1413,1346.0824,1804.946,1002.7986,1451.6935,1227.1998,1657.9461,1488.9074,1769.6707,278.4387,125.8507,185.2713,76.2243,-41.907,133.896,-150.7771,-154.2032,0.0064,0.0085,0.0534,0.0327,-0.0091,0.0368,0.0225,0.089,43.1375,42.5782,45.0188,45.4786,43.322,45.3077,46.2753,43.6285
52,52,52.74327,20.31347,9323.3,327.0,LOT283,0,12.0,45.284,3.0672,39.5291,50.5975,89.7909,2.4014,0.0,0.9918,0.0396,-0.0041,0.0692,0.4923,0.5539,0.3733,0.3738,-44.2789,-47.0253,-46.7661,-0.1127,0.3146,2.5815,225.0967,-0.2008,2070.9622,2194.9712,-77.1041,-1139.491,-502.4206,-998.9722,229.4577,1396.3292,20312498.9164,18920159.9577,23615091.193,22867347.3296,22776381.7987,25759544.7112,20591709.5073,21334353.1858,894034.2161,554846.3704,-226958.0917,1406166.2478,1083829.1768,1007853.0094,547887.1678,962708.4636,802.5197,774.7532,817.416,958.5983,914.705,887.0916,707.1334,703.6621,923.652,773.2313,858.2428,649.3911,945.2703,879.7095,878.1351,893.6826,1603.0944,1410.5754,1761.8866,1452.506,1753.2683,1613.6342,1354.0613,1493.2267,1782.5576,1614.2266,1669.1531,1685.5411,1134.4561,1763.8433,1443.7432,1712.8148,128.5547,258.664,-60.5319,-123.0778,340.8556,2.4611,-138.1192,52.8428,-0.0288,-0.049,-0.0106,0.0124,-0.0559,0.0678,-0.0303,-0.0651,47.4152,45.9706,44.4648,44.2604,44.7734,47.0686,46.1061,46.4529
53,53,52.75439,20.3009,9333.5,327.0,LOT283,0,10.0,45.9049,2.5469,40.5132,50.2672,77.6572,2.2991,0.0,0.9926,0.0592,-0.0158,0.0802,0.4734,0.511,0.3877,0.4276,-46.3939,-47.4172,-49.5124,4.1062,-0.3533,2.5121,214.6173,-0.2624,-226.2706,455.3969,-64.8379,-1738.0316,-1267.6734,-141.9132,1158.3618,-2088.3114,21624259.654,21418241.5059,23387174.6419,20829458.1548,19867956.0932,19897757.9047,21432752.0588,23298617.12,-515529.7313,-1042542.124,-215788.4314,-576106.1302,1006712.0582,-1907694.1066,-216060.1523,263056.0629,629.5038,903.4196,845.2213,825.0543,837.5914,883.6835,671.9584,771.0726,779.0016,863.9625,785.593,902.391,719.2374,604.0278,868.149,678.4651,1402.0559,1437.8842,1526.769,1567.3692,1748.5812,1604.6161,1393.8143,1534.1437,1447.699,1243.3854,1459.1373,1569.38,1386.9056,1596.9632,1685.3968,1409.8279,407.3913,-556.3766,-57.1185,-151.5011,76.4607,-129.6708,19.2605,93.3892,0.0019,0.0317,0.0535,0.0336,0.0238,0.0504,-0.002,-0.0165,44.7327,41.4287,44.6945,45.2531,45.095,44.42,45.7348,44.6446
54,54,52.76551,20.28834,9345.4,327.0,LOT283,0,10.0,43.8352,2.4552,38.0377,48.5266,67.3454,2.1821,0.0,0.9827,0.0397,-0.0046,0.0701,0.4059,0.5442,0.3867,0.3863,-43.9347,-42.3542,-48.7445,4.1887,-0.1086,2.354,223.3212,-0.0854,4.4435,695.1421,-2252.2224,105.2793,-619.6343,1499.9564,-717.898,3388.1268,22200039.202,22632176.1702,20237227.2103,22479397.5325,20475587.6533,20543253.5149,20541200.7863,21841579.975,1485057.2948,838269.7791,1072496.6786,1855197.4271,677743.9423,1094120.7575,67297.5206,639530.283,807.1422,699.714,734.5502,921.5813,858.4318,804.608,879.7868,983.1751,780.833,767.6614,883.1077,706.3099,727.9601,892.2505,930.4983,938.5549,1344.8025,1312.1305,1549.9367,1411.2887,1326.3011,1564.7767,1451.1257,1311.8881,1623.6281,1122.2232,1565.453,1406.863,1826.3405,1350.6764,1234.8001,1686.0045,-224.6815,-188.5501,263.88,-17.4973,-24.667,-306.8173,294.4838,-168.2071,0.0043,-0.0554,-0.0043,-0.0128,-0.0158,-0.0571,-0.012,0.0216,44.4031,44.0234,45.0773,46.7564,48.0351,44.312,42.5193,44.0328
55,55,52.77663,20.27577,9358.9,327.0,LOT283,0,12.0,45.5876,2.725,40.0845,50.6691,82.4518,2.1045,0.0,0.9702,0.0415,0.0011,0.1412,0.5033,0.5818,0.3828,0.3781,-45.1102,-45.2387,-47.3583,-0.2194,-0.3447,2.1063,227.0589,0.3125,-1218.3975,-723.3063,510.0895,-1704.3703,6.1995,750.2278,-3165.6109,-160.0301,19922575.8913,22922081.1572,20361540.3176,19185972.8659,20068555.7363,22226633.9744,20923117.3938,22478604.0036,385554.5037,-442730.7477,974711.1204,-460069.2998,356917.5839,601537.7072,-1473031.9474,1812588.6872,823.5752,806.8526,792.0177,600.5951,744.3779,733.2387,799.402,737.9805,719.0705,813.2042,745.8757,701.7457,940.578,869.4786,929.3631,821.2381,1666.4269,1453.1246,1543.6017,1632.7802,1240.4832,1231.1687,1577.441,1400.8707,1614.0639,1392.3199,1447.3819,1494.9287,1617.3976,1608.6401,1425.2926,1675.0029,-504.7488,77.5355,544.8508,208.0907,13.0392,28.3401,-171.4202,-53.6937,0.0406,0.0684,-0.0079,-0.0104,0.0537,0.0639,0.0044,0.0112,44.9295,42.7934,46.8818,46.5786,46.7787,45.0454,46.2275,44.7641
56,56,52.78775,20.2632,9373.7,327.0,LOT283,0,9.0,41.533,2.5215,36.6967,46.753,83.3936,2.691,0.0,0.9938,0.0505,0.0281,0.0619,0.4357,0.6621,0.444,0.4165,-46.0617,-49.0517,-45.7503,-1.6974,-0.1124,1.7775,224.3438,-0.245,-2364.1144,-437.1425,-975.0389,-333.055,940.5727,-4223.9977,1273.6623,-1361.2768,20098246.6316,22407507.7488,21707127.4373,20590128.1216,23317254.0436,22068680.3292,22948724.0096,22066400.3743,-612510.7739,-1184751.2643,987118.9067,138361.3349,-913444.529,-140891.3859,4051768.247,-1669459.7183,780.9633,887.7779,704.3095,802.0501,769.9279,943.388,804.3737,664.4243,893.3728,995.5227,627.5897,767.1057,915.2479,874.3416,780.829,1014.4429,1677.1324,1352.0396,1296.3736,1754.8588,1422.378,1614.8984,1651.2195,1688.482,1918.5714,1334.0817,1476.7538,1607.0965,1519.6559,1688.558,1435.6928,1709.5824,-74.7863,13.111,378.5,28.0106,111.6584,59.3965,7.2246,201.0581,0.0333,-0.019,-0.0376,0.0066,-0.0283,-0.0005,-0.066,-0.0908,43.6376,44.3567,46.773,44.1723,48.6415,44.0573,44.5807,38.2591
57,57,52.79887,20.25063,9389.9,327.0,LOT283,0,10.0,46.2237,2.6397,42.0499,50.3372,69.8348,1.4563,0.0,0.9628,0.0529,-0.0229,0.0748,0.4937,0.5732,0.3943,0.3618,-45.9871,-46.7975,-48.097,4.0699,0.5836,2.0962,221.2304,-0.0267,3371.0226,-2533.4658,344.0932,26.6148,1300.1423,589.2869,-3197.9037,-1293.3538,23455565.7252,22629878.2506,18402581.9435,24433643.0959,19596809.0787,20966915.5016,25366193.0911,22977329.9204,1798790.4112,237479.3073,182819.8033,401478.5962,107603.8387,-624304.3256,326098.3993,551663.145,778.9172,823.5978,879.918,915.3741,923.1581,779.3489,660.6371,800.9883,877.2269,823.6822,715.437,721.649,939.2515,807.0801,689.594,798.0405,1413.4494,1446.613,1776.0982,1387.1721,1764.5992,1399.6,1331.456,1617.7774,1520.3808,1785.2023,1243.2807,1679.1113,1590.145,1565.6746,1582.9904,1605.5655,39.936,70.264,2.9005,-137.9862,-317.2787,-203.1072,227.0169,-132.3314,-0.0654,-0.0485,-0.0081,0.0176,0.0386,0.0319,-0.014,0.0409,45.249,43.5137,46.6956,48.6533,45.8566,45.6091,44.7806,44.3252
58,58,52.80999,20.23807,9407.1,327.0,LOT283,0,9.0,42.2491,2.9908,38.1864,47.515,93.2677,1.701,0.0,1.0273,0.0419,0.0237,0.137,0.3439,0.6096,0.3968,0.399,-46.4904,-43.1261,-49.8696,0.9849,0.1066,2.105,216.9187,0.0126,-1639.0464,1666.1789,-1592.7931,-2988.9409,1033.1625,-684.0905,718.486,724.4861,22649414.9785,23594242.2593,24206745.5703,20533784.3389,22044887.1407,19041773.8341,21885975.5058,21457395.6428,238089.3319,1551595.3952,506813.4328,-827974.2443,1239788.3861,-1622391.8241,71475.8201,-1451435.5889,867.5344,909.1731,841.3942,832.0922,933.8264,800.9438,587.3846,882.6207,667.0024,874.3332,787.8807,766.9097,768.3055,993.1163,936.5169,753.2306,1478.2416,1539.3614,1726.5469,1478.5162,1478.0812,1439.0913,1442.6448,1514.2948,1281.2507,1164.1976,1565.6866,1485.6634,1761.1042,1560.771,1755.585,1749.1715,-128.2152,317.8827,75.6765,41.4345,6.5306,289.226,-22.512,-318.8792,-0.0756,0.071,-0.0242,-0.0867,-0.0712,-0.01,0.018,0.0081,47.2302,41.5493,46.349,42.9649,46.3589,41.807,46.3935,39.8489
59,59,52.82112,20.2255,9425.2,327.0,LOT283,0,10.0,47.4744,2.5192,42.7159,51.6647,76.5337,1.7152,0.0,1.0143,0.0488,-0.0278,0.0695,0.4734,0.5691,0.3651,0.4006,-43.4516,-44.1715,-46.8792,-1.3352,-0.1208,2.0066,215.6391,-0.0027,-2343.6861,-2085.2164,-1982.1597,998.2756,242.7176,-3084.1107,820.6633,-440.485,22223435.7283,21515615.2461,22887114.2719,20487449.3318,22935311.0055,21683328.4426,23557446.1647,21620794.3053,968086.4494,-161147.458,-459804.594,9048.2699,-1576625.0615,574291.7212,212651.2249,-1015548.2297,866.7103,865.738,712.2249,758.3956,703.0551,756.0679,732.3746,969.5913,653.9812,814.4872,928.8843,766.2324,844.7365,633.9347,888.9923,847.0974,1473.8898,1689.5913,1335.5942,1488.7909,1232.4234,1705.5707,1166.531,1724.1112,1183.0835,1456.1934,1502.8832,1493.8836,1542.1511,1393.0098,1585.1454,1804.2796,142.0358,-85.5045,178.5972,-104.7974,-317.3143,198.0012,-57.8534,642.2445,0.0415,-0.0223,0.0398,-0.0717,-0.0229,0.0044,0.0166,0.0662,46.9254,46.7624,44.5074,42.3914,43.0067,45.3221,43.6364,44.4463
60,60,52.83224,20.21293,9444.1,327.0,LOT283,0,9.0,46.508,2.6865,40.8862,51.8085,83.1381,2.2713,0.0,1.0166,0.0518,0.0395,0.1037,0.4271,0.4599,0.3625,0.359,-45.2125,-43.6509,-47.8027,1.2642,0.0555,2.6595,223.9449,-0.2977,1073.6031,2560.997,783.1094,-334.0251,147.4812,1533.9032,-1313.2951,1288.8064,21332251.8799,21758978.4737,23269433.9894,22907711.781,21979610.3891,23933304.172,23995040.2525,21953336.2333,2242124.029,780807.7391,-1565786.0988,2638744.5032,-1586734.6463,395281.2338,1004025.5161,948509.0642,902.1524,788.2348,856.7704,733.2908,970.4716,850.4877,898.0361,1003.4985,945.6812,928.4683,823.3703,807.8762,873.3865,588.4707,832.3633,817.1562,1572.6814,1776.2496,1539.2387,1704.0098,1690.2908,1456.7117,1386.1125,1411.825,1202.7557,1199.7839,1686.7993,1508.728,1496.6303,1424.9853,1259.9782,1830.5747,-310.7814,-106.6574,-73.6751,-328.9834,-160.5466,-259.1183,-1.576,-86.9214,0.0513,-0.0222,-0.058,-0.1148,0.026,-0.0336,-0.0645,-0.0392,44.247,45.809,46.9645,46.4411,45.058,43.0802,46.7211,45.3426
61,61,52.84336,20.20036,9463.6,327.0,LOT283,0,11.0,47.1862,2.5832,41.5834,51.623,95.8943,3.1344,0.0,1.0151,0.0439,0.002,0.1824,0.5572,0.5962,0.3599,0.4129,-43.9473,-45.7634,-48.3042,2.7187,-0.1268,0.9335,221.1743,-0.0592,1080.5404,1596.2368,-2739.367,119.8037,-551.7248,154.7197,147.7751,1112.7589,23544455.0313,21439212.507,23397320.7939,21312020.39,20229463.3745,20837630.2913,23379003.4388,21793064.3585,-237470.667,-40417.0828,-688478.9524,106154.4847,-12470.1437,-35197.2608,-719549.7309,815312.0999,894.326,945.5146,945.2047,774.1378,894.8664,615.2016,757.0677,825.64,855.2248,867.2498,733.3795,761.3501,724.7294,745.6991,681.0932,721.1731,1567.364,1456.0034,1549.6521,1843.1441,1250.8473,1409.0838,1469.7889,1567.0866,1609.3054,1351.5005,1588.4059,1840.7116,1237.157,1643.354,1399.9907,1447.9395,225.1623,-112.1024,103.889,264.0237,-17.7254,126.1399,-65.9893,82.6948,0.0099,0.0236,-0.0048,-0.0131,-0.0929,-0.1078,0.07,-0.0399,43.0593,48.3049,45.9599,46.1427,47.3934,45.2771,44.5113,43.7605
62,62,52.85448,20.18779,9483.4,327.0,LOT283,0,11.0,43.6862,2.4537,39.4947,48.0904,94.2728,2.6276,0.0,0.9977,0.0498,-0.0012,0.1045,0.3712,0.5766,0.3905,0.4318,-41.6998,-46.5207,-48.2682,-2.913,0.0186,2.2606,219.9055,-0.1384,1040.4642,1582.9389,-390.1836,-667.0586,1374.555,-3744.2836,-1630.1443,-2036.7263,20256223.442,20744370.3531,20635079.6496,21819741.0384,22069631.6995,21930710.5763,21396205.427,21942872.9551,2448117.5173,682133.516,-513588.1362,1093713.1786,314419.4125,1374321.4919,476753.4887,121184.739,638.8042,764.6576,669.2477,815.025,680.6251,687.8337,741.9731,952.1611,853.3789,912.6645,737.4116,917.9765,782.4949,771.1586,847.4076,819.0155,1214.7722,1221.3775,1545.7971,1500.1733,1591.7722,1435.2554,1669.194,1347.2701,1585.4727,1690.2912,1379.0152,1545.4695,1642.716,1976.6174,1246.2171,1205.1058,51.4934,-274.1572,34.1128,-295.3124,283.3239,-117.5145,52.1024,193.697,-0.0914,-0.0119,0.0124,0.0059,-0.0533,-0.0437,0.026,-0.0408,45.6358,46.0966,45.3407,49.9136,47.1589,43.5369,45.5538,45.0278
63,63,52.8656,20.17523,9503.4,327.0,LOT283,0,11.0,45.9008,2.4739,40.9455,50.2348,67.4263,1.7722,0.0,0.9606,0.0528,0.0039,0.0294,0.569,0.5039,0.4072,0.4029,-43.8597,-47.6679,-48.9877,-1.4017,0.0024,2.1535,219.4628,0.053,-2497.5785,3556.7446,1669.9066,722.1354,-702.7467,1946.4391,-194.588,-187.5,21699406.4002,23499144.4342,22359290.8259,21555757.9265,21812460.4076,22795044.4859,22301865.12,20848528.9884,-666238.6087,259432.9246,1415684.4679,1857766.1239,2290831.7565,-483290.3533,75557.5567,-324755.4764,807.9536,631.4272,834.6362,784.4466,775.7851,740.9513,816.3833,719.9809,724.6764,811.3418,915.5384,757.6255,905.8541,879.2708,698.6658,824.1283,1459.1417,1397.0558,1461.62,1794.4703,1330.7342,1389.6249,1596.2424,1496.6153,1315.5494,827.9331,1857.6701,1660.1866,1580.8678,1067.4649,1696.086,1743.6329,-45.6147,151.3728,-79.705,-169.4265,191.4227,-174.3754,-137.9421,259.8997,0.083,-0.0386,-0.0312,0.0243,0.033,-0.0376,-0.0876,0.0417,47.1662,45.2827,43.4173,44.8733,44.7263,45.5316,43.3848,44.2344
64,64,52.87672,20.16266,9523.3,327.0,LOT283,0,10.0,46.9285,2.5172,41.5894,52.0669,86.459,1.9487,0.0,0.9938,0.0564,-0.0423,0.0647,0.3886,0.5474,0.4105,0.4291,-44.092,-45.767,-47.5855,-2.3079,0.146,1.1611,219.6678,0.1638,-224.3955,-465.3592,2995.9711,-340.143,108.732,-1560.6497,-1953.3109,1141.6784,23027849.7026,20524119.9885,21743555.1169,23596927.0663,22026242.788,23998006.3777,20489256.0167,22632230.5673,565489.9234,-257611.6427,-1156494.6028,-581601.4056,1025952.3735,-205844.6186,-479353.0575,-826887.511,684.0447,964.0967,650.6194,779.6348,804.5453,875.7837,687.7106,761.631,852.1634,824.3005,793.0457,901.9329,785.7604,898.2959,600.0547,655.1098,1543.3506,1450.1708,1491.1297,1554.2654,1397.7016,1579.5855,1633.5554,1593.3417,1601.6174,1504.139,1441.3995,1586.5924,1243.4979,1190.2324,1361.2855,1090.7145,-319.7927,130.6548,-81.0794,-26.1197,-16.3333,-90.6428,1.0783,188.379,-0.007,-0.0174,0.0026,0.086,-0.0059,0.0113,0.0227,0.0608,45.4902,47.2674,44.3285,45.4735,42.8903,43.4285,42.2177,40.0454
65,65,52.88784,20.15009,9543.0,327.0,LOT283,0,9.0,43.6045,2.0688,38.0518,49.1618,70.6236,2.8002,0.0,0.9703,0.0404,-0.0168,0.0816,0.3784,0.4843,0.3874,0.3819,-45.8747,-47.4937,-49.3773,0.7266,-0.7177,2.6459,218.0708,0.2383,-1800.12,170.4129,485.0353,-409.5267,1680.3632,-553.85,-222.2841,-122.551,20797184.0214,22094497.5536,19084440.0364,22151912.6998,22714293.2914,19895993.5387,19466537.0874,23762066.7779,725138.38,1947229.1077,1926503.5958,-469163.1505,1299885.4316,-453694.1002,-280807.1457,-743074.3717,766.0179,764.2989,731.8841,826.2098,996.8504,830.5485,752.4313,854.5105,822.982,816.6741,889.651,888.7998,829.6436,937.4082,662.404,906.9378,992.45,1341.8658,1576.808,1519.3383,1283.1221,1287.0031,1575.1484,1583.1218,1546.8649,1600.3529,1482.8523,1998.8479,1263.7994,1685.3875,1638.2462,1582.3155,-5.1913,188.3687,186.2293,36.998,481.5435,-243.8513,-42.1383,-54.0431,0.0403,-0.0137,0.0179,-0.0155,0.0697,-0.1025,-0.0139,0.0929,45.5638,46.0153,43.502,41.1894,44.4031,50.2265,43.09,45.659
66,66,52.89896,20.13752,9562.3,327.0,LOT283,0,12.0,46.5478,2.2579,42.2904,50.6962,75.1579,2.3367,0.0,1.009,0.0747,0.0291,0.1186,0.4105,0.5642,0.4365,0.3371,-44.6144,-44.2082,-46.9884,-0.2704,-0.1128,2.886,217.5981,0.2494,-2115.6888,145.1702,473.9436,-2560.7658,-316.6625,158.5211,-2237.1191,-751.9664,22365528.6623,20569230.9772,23008670.3783,21121546.2649,21474918.6766,22227775.7425,21384743.1054,22897223.1768,-959610.426,-1340742.774,-901011.5052,244471.4613,270012.7384,61122.7316,620877.1785,-242288.683,721.6036,879.2398,701.5569,639.7278,694.5472,768.9048,662.2351,825.8773,737.6195,863.2239,833.1385,727.981,894.8063,855.2236,421.6856,718.5665,1375.5346,1454.0192,1514.9097,1288.7342,1646.43,1588.7627,1585.7546,1234.5298,1608.8638,1401.1261,1650.8777,1532.3544,1333.9285,1654.335,1660.0167,1488.5902,165.266,-239.9476,240.1194,20.2812,56.0098,-195.6825,19.7496,-2.5882,0.0853,-0.0192,-0.0629,0.0073,0.0348,0.0289,-0.1235,0.0032,47.4395,40.6735,43.2759,43.5475,45.097,46.0216,48.044,44.3394
67,67,52.91008,20.12495,9581.0,327.0,LOT283,0,11.0,44.3046,2.5371,38.3668,49.5533,94.3996,2.2672,0.0,0.9793,0.0458,0.0101,0.1475,0.5682,0.5248,0.4092,0.3623,-45.2119,-43.2609,-47.3644,-1.6096,-0.0087,2.4313,215.3817,-0.1946,-2575.5629,-38.4318,345.614,2376.8597,1997.5732,-510.0086,-62.073,-1129.9877,22706643.6061,22705519.6383,22540223.2355,20844996.6962,23433868.0585,23155051.0213,24291845.1469,23171529.2804,208585.8223,-822905.7295,667782.0283,-1241180.6219,-875681.2871,-86562.9545,-2837041.407,-1502322.9314,929.7624,820.2232,722.6489,812.718,857.1594,707.122,749.9552,867.6839,891.4258,722.2147,686.9736,866.1617,682.8782,849.6091,838.4278,680.3131,1471.5902,1656.4666,1568.4893,1486.8603,1821.5699,1167.498,1222.8295,1520.2695,1311.1079,1421.3769,1363.0418,1425.7599,1718.6637,1553.9532,1323.4834,1608.578,-67.5149,-144.921,-23.6957,72.9754,135.0791,-23.4675,374.4451,-57.2089,-0.0545,-0.0125,0.0275,-0.0245,0.0599,-0.0077,0.0537,0.0064,46.0228,44.7322,46.033,43.9994,43.8469,45.8661,42.4175,46.7629
68,68,52.9212,20.11239,9598.8,327.0,LOT283,0,12.0,46.7322,2.9156,41.2224,50.7835,85.6169,1.8071,0.0,0.9853,0.0548,0.021,0.108,0.5048,0.5148,0.3923,0.3729,-42.4528,-45.707,-49.3777,-0.9196,0.4667,1.9982,215.4117,-0.2284,-472.3836,-919.5554,-1978.7417,543.0284,-1720.1699,-1016.297,-215.949,-2032.8138,20900222.9907,23084072.1994,20625493.6902,21836837.1967,20838963.7072,23378866.1622,22946935.8081,23991022.901,-387565.9726,-669507.2775,-624348.1338,-240296.25,234485.4068,-2182423.7155,-1255404.5378,-1104102.5475,834.7189,694.9042,840.8183,840.6952,663.8681,888.5846,1039.0958,816.3451,958.3897,564.552,784.5152,974.8757,909.8617,1035.3648,804.0276,809.9397,1436.0682,1483.6943,1585.9638,1667.1258,1325.9301,1500.7049,1406.5893,1377.0506,1618.3109,1579.7943,1240.0282,1439.2722,1426.4583,1464.0028,1518.3391,1671.225,-99.4117,-156.959,205.7694,114.7147,91.5517,228.1345,-322.0177,-14.8494,0.0881,-0.0221,0.0057,-0.0512,0.0462,0.0166,-0.0173,-0.0661,44.2263,46.6764,46.2111,45.0082,42.2265,48.0214,44.6364,45.5301
69,69,52.93232,20.09982,9615.7,327.0,LOT283,0,9.0,46.2338,2.6001,41.9205,51.4326,80.365,2.5853,0.0,0.968,0.0402,-0.003,0.0985,0.4496,0.6097,0.3494,0.4148,-43.8838,-45.3939,-46.8746,4.3847,0.3205,2.483,223.4742,-0.267,-1034.7631,-1517.4749,-756.921,-346.8547,492.3444,-477.9867,870.8664,1979.4178,24535607.5876,20816060.5263,21964663.7183,22313718.6022,20574163.1326,23141863.9046,21557268.5167,22885237.3976,697906.2396,-948852.107,731362.4482,474443.3266,-1539848.8012,-420019.3791,-2283413.8141,-1523915.8428,802.8328,806.0871,723.7786,782.0575,766.3974,823.2346,803.372,842.2359,754.3559,750.7556,941.3515,727.3912,836.0552,771.5267,764.6622,813.5121,1564.1106,1502.2709,1656.0296,1623.3881,1246.9126,1479.509,1691.7635,1439.3786,879.7043,1305.9156,1793.6041,1756.1422,1631.5279,1684.693,1713.302,2140.0577,18.2258,-137.9383,129.454,-345.3995,-106.5,158.7945,-132.4373,-254.4645,-0.0039,-0.0644,-0.0738,0.0556,0.0362,-0.0078,0.0731,-0.0481,44.7748,46.4548,48.2753,47.9128,45.8593,41.0483,44.17,48.3461
70,70,52.94344,20.08725,9631.4,327.0,LOT283,0,11.0,44.8651,2.6568,39.5766,50.1769,88.3359,1.8542,0.0,1.0123,0.057,-0.0244,0.1377,0.4156,0.5022,0.436,0.4355,-44.2556,-47.0231,-48.8325,2.4118,0.2845,1.6576,220.3316,-0.0349,1222.8432,-322.5703,-152.8678,-1767.0926,1314.4529,794.4622,562.2398,-984.5223,22597822.2588,19144211.8333,24658363.6965,21366644.7984,23279789.2848,24097234.73,20121456.5812,24292435.7964,-922581.5095,672884.9477,-933663.1143,1088357.4115,-1148716.5615,78394.7624,1667860.1806,198976.1862,740.4521,842.2267,874.368,635.3476,1000.182,825.4948,742.8123,825.5435,820.1465,532.8456,756.9648,863.5577,821.5457,754.0586,691.1961,766.2538,1372.8097,1497.3352,1544.6986,1306.0872,1671.2815,1674.0263,1528.1838,1540.2457,1308.111,1401.8275,1542.3334,1890.5589,1825.9394,1751.2585,1424.9548,1232.6604,410.1288,36.9442,-187.2394,270.6299,-15.8406,-287.5367,-117.0739,67.8439,-0.0617,0.0628,0.0514,0.1468,0.0101,0.0241,-0.0163,-0.0764,42.76,39.8243,46.4477,45.6028,42.9599,47.2352,44.3828,46.2627
71,71,52.95456,20.07468,9645.8,327.0,LOT283,0,12.0,43.8539,3.0349,39.6994,49.7783,82.7461,2.0452,0.0,0.9974,0.0595,-0.0048,0.0559,0.4838,0.549,0.3612,0.3822,-44.9811,-48.5099,-47.0572,3.4929,0.0143,2.598,219.1362,-0.2595,2958.6463,-1995.8043,2636.2879,1523.0027,1021.2306,15.4643,172.8622,-1274.5321,21459139.636,21388419.7896,24796025.3876,24841932.6278,20012537.6913,20798992.8639,22380735.8595,22206424.7019,-231777.5692,937330.4737,-1364689.0608,1488471.347,744053.5802,2262179.3226,651406.9297,1959494.297,873.1229,978.7176,857.5876,824.4492,719.4512,981.0576,717.5847,873.2185,844.5398,811.0727,623.8344,846.5963,783.6065,662.9085,650.1372,814.6684,1566.0087,1541.3496,1597.9394,1372.148,1047.0829,1393.9689,1175.5504,1713.1094,1719.6376,1230.7909,1240.6808,1557.5186,1534.4727,1685.7999,1349.5272,1495.7296,-205.8802,260.4972,-140.8126,106.4334,108.0588,-313.0133,-197.7891,137.7621,-0.0248,-0.0439,-0.0432,-0.0231,-0.0847,0.0027,0.0279,-0.087,46.5299,46.4603,45.8631,45.304,43.0822,45.0814,43.0061,44.7893
72,72,52.96568,20.06212,9658.7,327.0,LOT283,0,9.0,47.8746,2.3811,43.6631,53.3754,83.6737,1.8411,0.0,1.0137,0.0407,0.0079,0.1009,0.454,0.5569,0.4003,0.3877,-47.8311,-44.9596,-48.0758,5.2287,-0.6404,2.3174,215.8252,-0.038,2885.8439,1117.9922,-658.1944,-1690.3997,1717.467,931.2974,-912.0279,883.1746,21374067.7869,23136327.0668,22092592.9976,22092438.9541,24832273.983,22120985.6365,23802928.8465,22864377.6851,71587.4391,331089.355,570624.1381,-571300.5802,-582074.419,-1331242.6815,1096729.0806,-327413.2861,844.0836,554.856,839.1817,730.188,786.8828,789.7516,853.361,629.8297,736.1537,830.3111,830.1004,657.9681,941.7774,827.3126,737.0761,836.8681,1479.2303,1586.1567,1777.7435,1234.3347,1403.4985,1441.9052,1800.8025,1710.7444,1321.6626,1434.3168,1674.7211,1602.3361,1504.5746,1760.8168,2090.2369,1548.3764,-322.043,-169.7384,-249.8709,-138.2596,-237.4405,-282.9179,-55.2129,-216.6247,0.0192,-0.0532,0.029,-0.0447,-0.0717,0.0147,-0.0242,-0.0519,42.8624,46.9897,44.4909,41.5075,41.6091,45.9893,42.7225,41.9852
73,73,52.9768,20.04955,9670.1,327.0,LOT283,0,9.0,46.5058,3.0295,41.4682,52.2272,53.1923,2.5741,0.0,0.9749,0.0585,0.0146,0.1604,0.5083,0.5448,0.4172,0.3942,-44.1707,-44.8958,-51.7853,6.7427,0.1054,3.1051,217.3455,-0.442,-1956.1587,-2446.2147,692.3316,-459.7955,1592.9343,-24.318,2380.7957,-2180.0391,22921290.4809,22102073.4504,20974688.617,20264617.2989,24310315.667,22854271.7868,20229205.2071,21948609.0059,76278.7947,-753695.7508,-4070904.8939,-859933.4222,-1725694.2957,-786174.5186,-1259180.3619,1721571.9266,876.906,687.8492,925.6638,825.9348,645.2387,787.1671,833.8896,844.0408,808.3727,899.6799,659.0025,818.5495,800.9374,673.2363,1005.3472,801.2245,1314.0613,1588.3836,1367.0672,1447.5166,1377.3047,1612.204,1486.9121,1474.9783,1269.7715,1059.7191,1452.361,1432.5604,1473.9058,1541.7953,1769.5335,1282.855,108.2099,207.2909,388.5733,-10.4578,0.2074,302.1872,-403.5733,-133.6808,0.0334,-0.0669,-0.0419,-0.061,0.026,0.0613,-0.0471,0.0191,45.4806,49.4177,47.8718,48.0245,45.8831,43.4664,44.3102,43.8191
74,74,52.98792,20.03698,9679.7,327.0,LOT283,0,10.0,44.7416,1.6139,39.1004,48.7653,72.2218,2.2211,0.0,0.9776,0.0373,-0.0108,0.1458,0.4978,0.6156,0.4302,0.3526,-47.6123,-45.6079,-48.5229,0.2165,-0.4005,0.4959,214.4291,-0.3577,-2352.3087,177.1788,2533.4645,-1022.954,155.6923,1095.1373,24.2363,-1026.809,21054743.4967,23828204.3882,21849360.1797,21936238.4281,23031217.1456,21125987.082,23697820.8565,20923033.2243,-366168.918,651597.6442,587652.117,300839.5302,442273.8717,679611.1,651141.011,1608124.4256,670.0001,938.3305,845.4798,985.543,567.9282,878.4213,759.2864,835.7876,815.4646,752.7006,917.1164,801.9471,808.2162,776.9633,749.5821,869.0907,1447.6789,1643.9894,1347.5499,1721.6461,1166.4903,1314.6974,1570.1807,1483.2378,1557.1171,1485.8547,1168.2939,1703.0243,1584.146,1661.4209,1812.9652,1502.4504,64.3952,-283.9538,-156.5806,-36.5783,98.6478,51.6237,-141.2851,139.4057,0.0482,-0.007,0.077,-0.0134,0.0578,-0.0753,-0.0063,0.0605,48.213,49.6364,44.1928,44.507,44.5107,44.2237,44.2643,45.9783
75,75,52.99905,20.02441,9687.6,327.0,LOT283,0,10.0,45.1005,2.5024,40.6722,49.1173,84.3796,1.6527,0.0,0.9964,0.0622,0.0138,0.1162,0.4197,0.5868,0.3805,0.4103,-46.8176,-44.1154,-46.6611,2.9862,0.0204,2.0958,221.4765,-0.0548,1068.1771,-3214.4827,1102.3415,2059.7986,2014.8814,234.4825,1650.6832,45.3162,20708312.1901,23982900.0573,23349791.5277,23564340.748,22479254.7925,20998337.3981,22307066.7479,21608159.5089,-1747863.5437,178389.4622,-831501.472,1111682.0769,67030.4437,-393062.852,546183.0263,214126.0206,789.8764,846.7825,930.0522,986.1706,880.8345,758.8048,711.0327,720.5132,827.2677,657.1815,773.0947,948.8687,964.7095,704.7857,1054.0015,836.4726,1653.5894,1746.9221,1678.7486,1503.1895,1097.0986,1557.3235,1506.7218,1627.4443,1376.3878,1451.335,1480.0973,1639.6983,1496.6125,1336.5747,1803.1548,1561.967,-73.0718,67.6049,-100.6152,159.1408,215.8807,-470.3453,-121.8539,376.0212,-0.0064,-0.0323,-0.0881,-0.1229,-0.0302,0.049,-0.0386,0.0537,49.9902,43.2425,49.0584,45.888,44.255,42.1735,43.6432,47.6211
76,76,53.01017,20.01184,9693.6,327.0,LOT283,0,12.0,44.2974,2.3959,39.4377,49.1745,76.4342,1.5257,0.0,0.9556,0.0611,-0.0073,0.1363,0.4474,0.5069,0.4051,0.3874,-45.6708,-46.4337,-46.9698,-1.7261,-0.1326,1.6033,225.4721,-0.0581,-1625.1759,-2654.2318,1309.1733,470.7337,-2565.8712,745.1002,198.5605,110.098,23090954.556,22818381.5781,20709563.6715,20366390.9258,21627077.8855,23113898.1016,22261194.4581,22572399.5405,-1125158.4078,1196122.6796,1650115.2257,588854.4986,-544302.3151,-1944270.5712,-967191.0683,-809819.2701,820.7812,829.2506,690.202,622.8379,815.1668,809.7834,716.4922,856.4106,705.2091,674.9965,911.0815,787.5733,802.4824,880.5037,806.1732,829.8279,1246.1384,1741.9339,1776.5158,1472.1127,1340.1212,1588.71,1396.3904,1711.302,1377.7271,1607.7862,1519.0653,1571.5142,1686.6869,1146.5078,1453.5863,1568.0008,-250.9339,-230.9128,70.6773,-14.3563,-199.9301,199.2194,-223.8419,355.6715,-0.057,-0.0162,-0.0173,-0.0671,-0.0163,0.007,0.0183,-0.044,46.3319,41.5847,45.1339,44.6655,46.1776,46.8791,46.4072,45.5372
77,77,53.02129,19.99928,9697.6,327.0,LOT283,0,11.0,46.3728,2.0086,40.8044,50.5433,80.865,1.5526,0.0,0.9944,0.0509,-0.0008,0.1082,0.5859,0.5271,0.4117,0.3504,-46.1488,-44.731,-47.3125,1.6162,-0.0268,2.5577,221.5764,0.1054,-1898.9784,-1741.2316,807.0355,-124.0973,1980.2308,198.1412,117.2507,-1864.779,23735420.1973,23251675.9694,19394740.7218,20005480.5573,23006964.0527,21392916.8982,20378690.7984,21923424.7137,219578.5417,-645480.8045,783517.4292,130482.8529,-23200.3796,-2033489.1099,-553379.2599,-1077372.8911,690.7329,744.5013,622.2524,698.9287,947.0656,862.7617,839.7546,905.9565,824.1775,678.4247,802.9103,717.4,798.4869,838.4092,787.5645,794.9481,1477.3308,1546.633,1465.5193,1594.9863,1372.5299,1643.5723,1496.5173,1641.3481,1173.9116,1416.0541,1396.847,1592.0575,1337.1922,1303.3539,1465.619,1790.8913,-113.3829,15.3231,-88.0202,-387.7465,-168.5614,-237.458,187.6377,-53.74,0.0531,-0.0088,0.0444,-0.0448,0.0734,-0.0378,-0.0602,0.001,43.5384,43.4239,45.3339,44.8381,49.5045,47.1252,44.864,44.8985
78,78,53.03241,19.98671,9699.7,327.0,LOT283,0,10.0,46.6124,2.29,41.0118,51.0189,81.1459,2.4679,0.0,1.0104,0.0516,0.0383,0.0854,0.4115,0.4698,0.4047,0.4078,-45.0431,-45.964,-46.522,3.5193,-0.6884,0.8414,217.762,-0.0635,2118.6929,-889.3097,377.9961,675.7354,1772.3592,-1375.9562,1094.4167,395.6464,22639565.0558,22146520.3385,19933661.9872,22667058.4553,19179261.2158,21384473.8822,21469362.6812,20157513.6067,-830073.9582,329328.849,-1289346.6452,1024152.052,856433.1282,-709065.6902,1540350.3895,-762298.052,633.4818,909.1612,831.1441,855.4539,809.4581,1060.6637,761.9156,844.2542,978.9312,853.9738,662.6499,766.2912,801.8923,829.5942,786.9507,811.5705,1582.351,1212.393,1719.7641,1458.314,1720.6705,1326.4086,1377.536,1462.3418,1495.5656,1264.691,1487.5783,1385.35,1672.8306,1650.0009,2031.7935,1637.0452,-129.6477,-141.9471,-8.9162,169.9573,-113.9408,27.2855,35.9199,-584.968,0.0419,0.0084,-0.0231,-0.034,-0.0669,0.0802,0.0052,-0.0176,45.9145,48.7512,47.3463,44.9032,45.8057,43.402,43.5762,47.2294
79,79,53.04353,19.97414,9699.8,327.0,LOT283,0,12.0,44.293,2.9163,40.0031,50.2758,73.8443,1.6014,0.0,1.0281,0.0434,0.0418,0.1099,0.4796,0.5124,0.3768,0.4409,-46.1416,-46.257,-48.9549,-2.1515,-0.2137,1.4111,209.6534,0.1767,365.5424,784.0704,111.4588,1487.6551,-1404.8335,1658.0788,-816.2493,-558.8862,21970504.6572,20034532.9152,23761989.4127,18987098.5914,22120656.0277,25567135.9692,25181680.4072,21792765.1982,-533049.5727,-374025.034,-232976.7655,-1136227.4605,2761017.922,688340.5574,307312.994,671833.4965,770.4897,732.2071,853.7769,971.7385,780.1679,826.2782,889.8944,805.95,850.7871,787.3807,681.1546,850.5442,828.6636,729.8294,1002.7365,788.3846,1367.2485,1275.7019,1509.1418,1631.9934,1162.2877,1485.5082,1451.6482,1467.3089,1311.7657,1853.5771,1522.0109,1652.9521,1642.5402,1579.7524,1520.5712,1202.6657,-115.4077,354.7561,-361.8104,426.4824,63.6488,-147.1064,39.9833,-350.7467,-0.04,-0.1081,-0.0017,0.0004,0.0098,0.0132,0.0015,-0.0189,46.3587,43.4172,44.192,47.9226,44.1984,43.7269,46.4584,46.6719
80,80,53.05465,19.96157,9697.9,327.0,LOT283,0,9.0,43.2912,2.0889,37.2954,47.6086,78.9075,2.4456,0.0,0.9673,0.0509,-0.0068,0.1206,0.4911,0.5315,0.3946,0.3479,-44.9086,-46.8662,-46.2027,3.1315,-0.0496,2.865,217.5765,0.2448,1065.5377,428.7951,89.1661,-3967.6322,-1961.5768,178.4266,-832.0537,1091.263,23043123.2924,21948713.5067,22750260.6398,21537657.7979,19705548.6943,23473203.2725,22358612.838,22874194.6434,1468171.3731,1207006.9716,-960892.6106,38644.4876,-706487.7709,387273.4643,-662425.8982,-1519367.0369,787.6379,756.3766,783.2888,810.5092,839.763,874.1336,729.6264,670.7579,711.9709,758.7447,738.0335,812.0683,786.1469,735.0823,784.2157,778.4329,1374.2739,1555.3205,1590.9833,1524.5619,1533.709,1595.9366,1656.5011,1588.2881,1531.3286,1757.0959,1764.8092,1164.3098,1493.7522,1488.3673,1652.1646,1476.2549,-339.8409,55.0219,-185.8706,190.4236,-271.5497,-106.186,-13.3541,227.5913,0.0344,-0.0043,-0.0179,-0.0154,0.0337,-0.0042,0.065,-0.0192,48.1365,44.9361,43.8072,44.294,43.6005,48.2566,46.3104,44.3033
81,81,53.06577,19.94901,9694.0,327.0,LOT283,0,12.0,43.774,2.3136,38.1724,49.2687,79.1609,1.9944,0.0,0.973,0.025,0.0337,0.128,0.4511,0.5282,0.4004,0.3673,-40.3407,-44.282,-49.7234,2.882,-0.3078,1.681,213.3321,-0.1365,141.4401,-2043.2787,515.3805,420.3608,919.4846,-1401.4524,2390.9338,-67.4169,20829734.3034,20400889.9755,21289794.8449,21311090.2272,20317607.7022,25069216.6202,22507779.3499,22278166.7847,-484949.0652,710667.9538,-17615.8021,-173138.2834,-936799.2631,460249.5905,308806.266,-155080.7418,778.3112,871.881,722.4458,775.792,679.1154,676.5047,821.996,784.1814,835.7022,832.5672,843.1345,737.8488,716.3067,760.571,800.9518,750.8804,1857.6297,1543.246,1589.6172,1471.3276,1378.06,1700.4508,1307.4093,1434.7497,1404.4905,1481.4131,1589.1276,1541.6916,1111.6764,1420.2679,1468.871,1221.8415,194.4802,-189.0659,-191.9797,211.9082,-93.3972,42.3936,185.4505,210.0715,-0.0132,0.0208,-0.0154,0.0037,-0.0219,0.0377,-0.0248,-0.0549,47.4823,43.7569,44.8874,45.8517,45.56,44.3595,43.598,43.528
82,82,53.07689,19.93644,9688.1,327.0,LOT283,0,9.0,44.4696,2.2967,39.0096,50.4603,73.449,1.7295,0.0,1.0132,0.0493,0.0174,0.0829,0.5141,0.5746,0.4548,0.4056,-45.5825,-47.5946,-48.7359,2.7349,-0.5241,3.0181,213.7078,-0.0716,-35.5009,-478.2482,1042.8703,226.086,-145.0665,866.6629,-480.1961,-1297.7643,21538139.6053,20861744.7955,18301326.111,24085489.1725,21871182.3243,21428704.3594,23181341.88,22611370.7698,-1018092.1915,-975233.5154,1097933.4481,-957593.6644,-963586.6986,-228142.5586,-299937.8758,-460782.1348,749.6575,634.5576,794.133,993.3619,764.0572,747.6911,862.3158,674.8151,714.439,736.63,738.031,672.8213,870.1613,679.4535,700.7605,793.9219,1434.0119,1420.7273,1464.0459,1457.5031,1613.3226,1339.3116,1537.0848,1733.1294,1330.6812,1418.1644,1661.8254,1215.3232,1062.2633,1051.9019,1579.4502,1166.4405,-114.8121,70.5805,267.8167,-225.5159,-477.0231,341.1795,-128.1521,-328.7384,-0.0358,-0.0207,-0.0729,-0.0502,0.0242,-0.0229,0.043,0.0779,45.4402,42.9505,45.7414,43.339,44.1442,48.5898,44.2937,44.5004
83,83,53.08801,19.92387,9680.4,327.0,LOT283,0,10.0,44.2124,2.7641,38.2983,49.2342,89.9451,2.279,0.0,0.9958,0.0532,-0.0018,0.1289,0.471,0.6195,0.4166,0.3697,-47.677,-46.7433,-48.2172,3.6868,-0.2698,1.9321,222.7114,-0.2011,-175.8166,313.8048,-551.4748,859.2116,2403.4733,1441.1023,-1568.8114,-1574.6522,21283022.1986,22454764.6988,23268424.2648,23166972.0953,21405899.4494,22778417.4155,23081286.5713,22471939.0155,754521.1159,-170930.6161,-658929.6781,951576.6973,-1472002.3102,-768766.6245,376773.4802,-2794669.1043,841.7735,777.2812,762.771,744.1183,801.9908,918.4329,800.6757,689.111,849.1375,807.2963,840.1905,758.6912,788.8418,631.0044,785.0605,822.6793,1675.7388,1197.953,1474.9945,1260.5273,1282.3669,1525.8319,1448.4135,1326.9488,1208.2225,1691.7686,1592.1783,1479.1181,1394.8163,1431.8905,1562.0409,1573.1272,102.8791,136.276,-64.1104,4.2412,67.2902,128.2764,321.5204,321.7779,-0.0323,0.0287,-0.0341,0.0392,0.0651,0.0173,-0.0216,0.0206,45.1056,41.7529,45.684,45.3176,41.9962,44.8365,45.3853,43.7591
84,84,53.09913,19.9113,9670.9,327.0,LOT283,0,9.0,45.1814,1.7959,39.7357,50.1381,86.8924,2.5613,0.0,0.9953,0.0489,-0.0283,0.1146,0.3704,0.5686,0.4404,0.4039,-43.28,-44.8913,-46.8076,-0.7541,-0.0973,1.0515,223.9607,-0.0127,534.7063,195.5667,2188.3976,-767.0659,-3230.2881,1514.5056,91.9562,647.2413,21367471.641,20014913.9183,24392307.6481,21488316.3981,22532677.7703,23489419.8068,21994781.6422,20830727.5875,-1175341.9042,-260829.0135,-836125.8736,-85680.1091,433209.5322,-18461.9765,172945.6135,-1174749.6464,697.3273,841.0581,716.4638,809.0575,797.0698,1013.6276,928.3721,574.4952,778.2118,766.0888,728.4945,593.7332,711.2064,695.2818,867.1413,616.2068,1265.008,1262.2085,1493.5244,1572.8171,1603.5526,1476.4846,1401.5941,1400.7514,1293.0567,1453.8128,1482.8465,1729.9854,1849.8126,1570.4237,1301.5284,1196.1423,-84.448,-30.9535,259.0599,285.8346,-20.4957,-559.5267,17.2447,317.8257,-0.0368,0.0747,0.0752,0.0328,0.0684,0.0084,0.009,0.0046,43.5081,48.3648,46.3249,43.3558,44.6507,43.0807,44.7658,45.7806
85,85,53.11025,19.89873,9659.7,327.0,LOT283,0,10.0,45.443,2.4602,40.7785,50.7976,84.3016,2.0294,0.0,0.9845,0.0534,0.0184,0.0942,0.3872,0.5832,0.3785,0.4188,-45.9294,-48.1166,-49.9293,0.3293,0.2029,1.0674,221.2816,0.0667,-1808.1049,-14.0519,170.7461,1859.4468,1315.6767,2189.6567,12.7424,459.1754,23709531.3012,23392053.0803,23531046.4424,21499074.6194,19447928.6413,20547862.124,24386566.1521,24143037.641,134581.6613,379615.8569,-1033228.4672,-449311.8062,-128585.45,-74408.4185,-796271.6712,624865.7056,780.8198,755.1227,782.83,1056.9118,832.1923,804.6586,796.08,858.185,668.9564,1013.6281,976.2285,900.7069,731.1423,944.7386,740.7022,900.5921,1457.324,1504.7399,1334.5919,1828.8846,1569.5238,1825.3993,1407.264,1586.4668,1234.475,1748.6123,1423.0551,1213.8899,1627.1419,2034.14,1358.0708,1814.9391,-315.7201,-53.9934,-97.5108,-146.2434,133.0924,-562.2478,262.7237,14.1522,-0.0095,0.0569,-0.0718,0.0495,0.0209,-0.123,0.0625,0.0061,43.609,48.0691,44.9483,44.1462,44.7418,42.0508,44.4838,43.1399
86,86,53.12137,19.88617,9646.9,327.0,LOT283,0,10.0,44.7126,1.8678,39.0336,50.4542,71.5554,2.6956,0.0,1.0302,0.057,-0.0118,0.0493,0.3922,0.5182,0.4211,0.3846,-46.1449,-45.9716,-50.6632,3.3728,0.0782,1.4697,218.2063,0.2117,63.3022,2303.475,-1804.932,886.6191,-1595.952,1651.9493,-1250.3369,887.0077,22999908.8977,23093217.4907,20733901.5696,20534338.2258,21250201.2466,21621999.3335,24707752.9049,21813387.6476,920718.2352,-476296.8386,159152.5923,29694.2012,-1495374.7099,-606529.1984,149279.3607,-510565.879,858.3931,721.7341,689.5921,708.8685,832.9247,777.2286,856.0802,832.3765,857.8353,941.5018,710.4228,684.1488,890.7121,971.2329,767.5255,796.6367,1678.8526,1438.0476,1529.0245,1573.3279,1489.8553,1331.2867,1442.246,1508.6778,1337.6688,1381.2418,1618.9648,1728.3339,1652.1166,1301.7672,1224.9393,1777.7655,-193.3351,89.0571,279.3921,219.1638,-46.7972,46.1794,-107.2509,-46.4682,-0.0437,0.0373,-0.0207,0.036,0.0288,-0.0741,-0.0339,0.0018,47.5882,41.9323,44.8113,47.7367,46.378,47.9192,46.2336,45.4787
87,87,53.13249,19.8736,9632.6,327.0,LOT283,0,10.0,42.2571,3.0007,37.6946,47.1931,98.8082,2.0349,0.0,1.0338,0.052,-0.0155,0.0816,0.3527,0.596,0.3965,0.394,-43.6782,-48.8528,-49.0232,2.0633,-0.3917,1.8106,228.6474,-0.0735,-1138.9305,946.2892,-434.9709,-187.5429,883.9853,-1019.6871,342.2657,948.7499,22304923.963,20833068.8222,20845515.1682,20566193.1558,23265333.3522,22557010.1741,24369880.1446,21501885.3374,-448298.8093,355410.7717,-499832.0996,588383.9335,2587780.0544,426192.0438,1359744.868,-412031.2964,968.1064,917.4151,659.2351,869.5593,959.3745,889.0834,865.1156,950.5112,854.4564,771.6774,691.5213,798.2304,875.4939,613.9544,975.0624,708.4994,1823.5501,1428.9914,1267.6066,1591.2038,1556.6853,1488.1292,1552.0633,1487.3912,1694.1792,1548.467,1548.1415,1744.4345,1448.0813,1093.3526,1556.9632,1212.4749,-193.7941,-366.7769,-161.0698,-78.3969,-5.7984,196.0877,-64.3617,-164.8875,-0.0227,0.0418,0.0337,0.1106,0.0333,-0.0024,-0.0012,0.0299,45.6866,42.977,47.4924,44.4574,41.7591,48.8436,42.1926,41.8536
88,88,53.14361,19.86103,9617.0,327.0,LOT283,0,10.0,45.6837,2.1136,39.9218,51.1347,90.9542,1.5599,0.0,0.9875,0.0383,-0.0163,0.0639,0.3701,0.5396,0.4013,0.3948,-46.9225,-45.0713,-46.9886,2.0216,0.6748,1.8348,216.582,0.0146,126.2773,-190.2325,1587.8377,2702.9904,-421.2975,466.2235,-947.1961,-524.0215,23468356.5854,21571916.6142,22215277.5737,20261771.3708,20719239.8169,23838580.2127,21789454.3582,21642447.3761,-536569.0363,639560.7807,-1044956.4832,-1298181.137,-732482.7748,280602.0855,-707038.9281,589934.9388,784.2477,795.977,728.9243,737.2141,861.0201,1085.9539,905.8669,772.8443,760.7683,789.9018,784.3026,735.7556,624.1198,760.9532,867.9503,759.3234,1404.9289,1358.1997,1333.4244,1562.265,1436.3455,1322.1057,1559.4184,1621.1804,1508.8363,1181.9431,1725.8407,1598.845,1638.3777,1404.1311,1139.0151,1503.4021,138.0084,270.7886,116.7241,-116.5462,-208.5391,10.3253,-153.8578,371.6654,0.0,0.0888,0.0047,-0.0425,-0.1091,0.065,-0.0003,-0.0325,43.5838,45.4759,46.4303,43.0346,43.0328,44.4095,46.5467,45.7561
89,89,53.15473,19.84846,9600.2,327.0,LOT283,0,11.0,44.1248,2.5168,38.9447,48.333,81.6896,2.185,0.0,1.0375,0.0482,-0.0124,0.068,0.4263,0.5156,0.3836,0.4252,-43.9392,-44.8212,-47.7541,-2.165,0.4097,2.2245,222.3996,0.0015,-3569.8065,-515.3733,-1059.6841,3492.5609,1388.3075,2475.6425,-1010.0285,-1013.9557,22015569.6597,21526683.2582,18881013.4289,23363555.1056,22271696.8956,23981713.2772,22332192.2085,20109278.1526,-169712.584,522270.6597,451375.1519,-903460.9975,-365963.3506,2325232.5262,255517.9345,-1086327.6888,751.024,787.0428,939.8661,796.2751,674.7365,749.2759,880.9659,824.9075,894.7362,858.5197,821.1221,812.6353,877.6206,716.8723,666.2791,727.1083,1399.8605,1197.2565,1575.355,1482.0411,1453.3293,1395.1415,1384.2475,1441.5107,1542.0322,1527.7304,1389.1295,1708.2002,1338.5188,1676.4575,1610.226,1444.1945,321.2715,274.4124,372.1352,-185.2946,-207.6162,10.4177,117.4228,356.239,0.0548,0.0115,0.0026,-0.0467,-0.0213,-0.0181,-0.0245,0.0922,44.2997,47.2669,46.0576,44.4769,47.6612,44.2105,41.6028,44.024
90,90,53.16585,19.83589,9582.4,327.0,LOT283,0,12.0,42.0294,2.0173,37.7813,46.9829,81.7876,3.5831,0.0,1.0034,0.0205,-0.0202,0.1035,0.5173,0.462,0.432,0.4176,-47.0962,-43.0629,-47.5075,0.2641,0.165,3.4015,217.1148,-0.1482,-1563.1464,55.9238,-2641.7697,-780.7693,920.0532,-904.592,1682.0331,-1323.8212,24224915.7134,22527094.649,20646917.7622,21795723.1578,22523918.5006,20613976.3872,19609877.9948,22051712.8284,986946.5163,1470308.9593,-638104.625,-218983.4269,-769655.8171,850332.6904,264538.6615,1218130.6313,844.0882,754.9244,698.6112,898.5286,724.9195,933.8608,873.6458,775.0461,910.2451,776.3201,740.2039,807.0731,881.1877,768.3239,927.8986,911.4712,1443.7392,1446.0013,1447.7534,1360.4629,1426.2126,1152.7936,1399.6988,1531.5422,1687.9466,1129.5793,1155.1426,1449.5174,1398.5288,1525.2228,1760.3762,1466.7069,-275.4875,-62.3416,225.7977,54.1759,85.5321,-161.9154,-192.7586,-5.0908,0.079,0.0552,0.0124,0.0577,0.047,-0.0426,-0.0185,0.0277,44.1289,45.9183,44.0285,41.1143,42.0267,49.6337,46.5573,44.4906
91,91,53.17697,19.82333,9563.8,327.0,LOT283,0,9.0,44.8334,2.0292,39.9986,50.7998,92.278,1.8223,0.0,0.9701,0.062,-0.0347,0.101,0.3364,0.5405,0.4408,0.4149,-43.5234,-46.9515,-47.8199,2.9713,-0.0094,2.2133,223.2528,0.2073,1710.5647,-1085.4439,215.8623,1985.2668,1969.053,-852.747,732.7858,1090.5228,21694855.7717,21741613.2995,24721082.1682,22813762.1664,21326233.5184,21514097.4345,20761233.3674,18621898.272,306260.8972,546605.0509,-1365991.6098,-1936372.2922,513647.957,639397.6952,659006.2581,195985.6533,818.7685,744.5323,807.3068,805.6816,774.2098,932.718,791.3665,690.3578,719.9308,738.715,756.1995,800.3293,838.5232,747.9295,775.0906,664.0491,1266.4121,1478.6709,1587.5112,1416.9139,1534.0791,1255.9519,1367.8803,1452.1225,1444.4839,1432.0203,1068.4622,1518.5624,1435.0319,1399.5392,1514.9639,1432.3718,120.7294,72.8854,-82.0611,87.4176,95.9143,-46.2276,249.5344,-231.8884,-0.0402,-0.053,0.0013,0.0777,-0.0585,0.0354,0.0246,0.0266,44.1503,43.3932,44.9709,46.1954,42.5543,45.2331,41.3175,42.2058
92,92,53.1881,19.81076,9544.6,327.0,LOT283,0,11.0,44.6967,2.9574,39.485,50.6891,73.4138,1.5682,0.0,0.9944,0.0366,-0.0536,0.0744,0.4979,0.4811,0.3466,0.3941,-48.5449,-43.4649,-51.3853,-7.6119,-0.3958,1.5144,225.3534,-0.347,386.4159,1768.6533,-676.6349,2.1551,-1868.7196,2655.0643,-164.0023,2643.3633,20886676.9061,21857309.2313,20871325.0695,26031959.1259,19802769.4555,19999817.3566,22296002.4716,22615373.5239,-1043097.6332,-221905.1568,1425835.0774,258630.7095,675153.6588,2085474.1722,-1515812.7336,1363067.0073,836.7009,847.1303,799.5296,718.0056,767.0116,804.8462,1028.9019,771.233,916.3506,918.6528,956.7125,899.5356,682.6678,705.9539,903.3571,768.5606,1440.931,1549.7318,1462.2115,1415.3363,1541.2864,1399.6279,1182.4602,1437.4246,1409.4441,1726.7029,1824.0037,1432.5925,1553.1398,1674.7986,1592.5244,1765.9468,-89.2226,-70.4402,-101.5933,-114.8254,-26.3481,-314.5801,280.3263,51.8102,-0.0913,-0.0535,0.0893,-0.0372,-0.0202,-0.0587,-0.0157,0.0334,44.0188,45.4301,44.9584,47.8505,43.7994,45.9961,45.9529,44.5965
93,93,53.19922,19.79819,9524.9,327.0,LOT283,0,9.0,42.5739,2.5757,36.9002,47.4739,85.3339,2.5217,0.0,0.9734,0.0428,0.0267,0.1333,0.5113,0.5225,0.426,0.4401,-44.4843,-47.9069,-48.3372,-3.8163,0.2854,1.7092,221.3956,0.2337,-135.9034,-487.4791,1870.1506,-3035.232,-2217.8532,-2296.6222,-1588.7309,462.6524,20411142.5739,22540437.599,22797360.7821,20203600.0072,23807473.3581,20912025.2822,23902923.9534,24000382.1549,-941280.7948,664045.2995,622603.7188,836755.4019,-702306.3611,227593.546,1500014.9522,-445127.2592,794.2032,776.3865,875.6213,1001.9803,808.3154,748.7817,685.9204,818.6476,784.2142,766.9577,683.4692,855.4798,755.0408,807.5419,948.1725,788.3069,1287.7065,1489.2316,1590.5916,1515.4749,1681.6694,1286.9596,1489.1297,1233.5673,1477.0127,1286.7746,1325.2541,1495.624,1362.6382,1486.7548,1143.6869,1560.7369,110.0997,-350.7845,-180.4823,1.0184,284.0401,57.6893,156.5318,8.6597,0.0485,0.066,0.0131,0.0367,0.0362,-0.0171,0.0786,0.0401,49.1087,44.937,47.3311,45.4869,44.7152,45.2211,47.2846,45.5463
94,94,53.21034,19.78562,9505.0,327.0,LOT283,0,12.0,43.8709,2.8048,38.3882,48.601,92.9933,2.5622,0.0,1.0002,0.0635,0.001,0.1012,0.4498,0.4469,0.4075,0.3634,-45.0421,-45.3647,-48.2789,1.2411,0.1095,1.2539,218.3885,0.3203,-588.2824,2669.8066,-1415.077,1583.847,201.4443,1276.1237,2136.5633,1511.5977,21854730.9546,23016435.1526,22483224.9298,21362404.3842,20711312.4985,21827392.5067,21870138.2237,20723585.5064,1515086.6547,593697.6298,510757.4529,16476.9417,-2199870.5469,151154.8545,-264717.3284,-776905.9591,598.1686,834.8569,907.3225,715.8687,918.4854,871.4116,849.0723,865.615,764.4964,690.822,863.2694,764.6656,925.3406,734.0554,679.2557,889.7952,1380.9104,1353.3965,1680.2489,1445.9321,1629.7531,1470.6427,1279.2515,1266.7111,1364.6962,1641.5243,1336.3417,1529.7924,1574.2621,1530.1763,1493.1899,1405.6433,377.3871,-262.1973,-113.2042,-453.5172,264.9882,40.8771,-62.6873,201.212,0.0244,-0.0064,0.03,0.0529,0.0099,-0.1078,0.0156,0.049,46.3686,42.7372,43.8451,39.4584,43.3998,44.7453,48.0589,47.394
95,95,53.22146,19.77306,9485.0,327.0,LOT283,0,11.0,44.9331,2.5388,40.8812,50.0429,59.9752,2.409,0.0,0.9806,0.0448,0.0091,0.1342,0.4401,0.5749,0.3843,0.4228,-45.9652,-48.3811,-48.7212,-0.6364,0.3869,2.3296,219.6457,-0.1228,-179.3899,629.5589,365.3112,2023.5848,-806.3829,-2591.4761,-232.1023,117.0426,21206584.0279,22493443.5799,22923052.1828,22300055.8223,23010926.0381,22466100.2056,21678933.2706,21861630.2166,-518060.4998,-1964876.9257,2335519.7132,1866729.0998,609455.7916,917243.6421,-1317482.2428,1044412.2901,636.3996,676.9014,714.2109,864.8593,756.1604,830.5437,680.56,788.2665,553.697,616.6054,767.7424,817.8309,774.9596,826.5733,810.9171,841.6662,1382.8117,1596.7514,1626.5802,1412.7394,1458.4775,1382.0517,1598.5572,1898.3138,1386.5504,1668.338,1553.7045,1225.0355,1689.0929,1561.0296,1378.8946,1549.0231,-116.4865,-87.8365,315.5692,122.9642,-5.6757,-143.385,17.3537,-147.7977,-0.017,-0.0351,0.0689,0.0225,-0.0429,-0.024,0.0082,0.0017,45.1056,46.5543,49.0554,45.2215,44.6266,43.5536,43.0909,46.5635
96,96,53.23258,19.76049,9465.1,327.0,LOT283,0,11.0,46.7757,2.4688,42.0936,51.2991,72.5992,1.1808,0.0,1.0005,0.0489,0.0175,0.0596,0.4443,0.5262,0.3923,0.4457,-45.9389,-50.0382,-47.8717,-1.0416,-0.4407,1.8638,213.5753,0.1838,-1046.9617,-1353.2655,1289.0979,-1192.9229,1908.7412,-418.0612,-3282.0477,-2914.0013,21965584.8909,22276666.9016,22107889.3814,20661199.8737,22848659.2798,22660947.4115,21827207.9249,20314356.694,656751.1172,1791827.7607,502148.9996,154552.4659,-946719.6453,646706.7722,-39047.8123,-1069921.2799,852.2329,843.5837,785.0535,777.6017,750.84,742.6512,829.5354,789.3374,750.9718,802.2964,802.1429,835.2429,805.3104,959.8996,683.3083,866.2178,1471.7736,1577.5195,1643.4693,1553.5364,1411.6402,1536.1591,1743.777,1325.9733,1554.461,1606.4597,1629.0679,1651.3324,1836.9128,1504.2692,1629.4898,1173.1294,373.8071,63.5575,-142.9751,50.1321,-77.9974,-127.8488,-13.4191,147.7923,0.0523,-0.0475,0.0791,-0.0202,0.0133,-0.0209,-0.0575,0.0338,46.3005,41.234,46.0984,44.4593,46.6826,44.7168,41.3389,43.7597
97,97,53.2437,19.74792,9445.6,327.0,LOT283,0,11.0,44.677,2.6409,38.7027,49.06,88.12,1.8934,0.0,0.9905,0.0365,0.0125,0.0827,0.3983,0.5614,0.3605,0.3951,-42.6614,-48.1692,-50.1784,-0.334,0.0221,1.9289,222.6457,0.3891,-947.0761,926.9323,942.9197,-366.3366,623.1943,925.7757,1184.4034,133.4846,21114650.4536,22473047.9938,21194375.0112,21407665.7564,21179798.2121,21904194.6692,22027405.3548,23689303.4255,-459281.2309,1237459.5069,-1319844.3253,256220.5557,-1916114.3389,-1284298.1523,-519951.1634,-1101747.8421,730.7642,635.0783,913.493,556.0577,694.4731,751.7496,899.3991,702.4855,836.0494,823.6428,749.3314,817.3467,1028.337,917.6315,1012.5808,852.7601,1710.1412,1392.4677,1517.0037,1408.7761,1269.0198,1585.4972,1446.1188,1766.2583,1313.4387,1453.8895,1419.3505,1552.1632,1403.7427,1397.2338,1227.1184,1340.9302,98.2213,-102.2907,-231.966,237.0122,-154.5443,-196.958,234.9191,31.0005,0.0468,0.0151,0.0749,-0.0405,-0.0101,-0.0325,0.0132,0.0073,45.5334,44.0061,43.6665,44.67,46.9708,44.6064,45.6668,47.0395
98,98,53.25482,19.73535,9426.7,327.0,LOT283,0,11.0,45.5316,2.0501,40.8118,49.7937,71.3315,1.6516,0.0,1.0121,0.0637,0.0027,0.0928,0.4607,0.5236,0.3917,0.4048,-47.1975,-48.0056,-48.949,4.101,-0.234,1.9315,222.0139,0.0811,589.4595,-1887.9752,-421.2493,-1212.3925,1101.7495,-2591.6428,-3666.7347,-175.1764,20022437.6752,21391094.3533,22845722.0095,22620531.4312,23516745.8448,20702576.1633,22955627.6153,19106736.4604,1184426.777,-38029.976,726012.6558,1280574.8717,-596354.9529,3350030.0385,148384.7582,439361.2045,893.4506,818.5823,864.6271,851.9615,895.0811,688.213,725.4855,868.1715,936.4054,928.6732,756.1531,874.7301,833.9806,769.2387,868.2421,624.4695,1621.5307,1674.4912,1443.2511,1510.6253,1678.867,1732.13,1529.8187,1641.2592,1586.1104,1601.4849,1510.7919,1354.2107,1669.2849,1397.4612,1697.4051,1729.1239,92.6254,-102.9696,-341.6144,47.7517,-133.3129,334.3176,-12.0196,-102.3643,-0.0226,-0.0911,0.0515,0.0094,0.0133,0.023,0.0835,-0.0218,47.4187,48.8742,41.5727,45.9628,45.0827,42.6791,46.5141,46.9517
99,99,53.26594,19.72278,9408.5,327.0,LOT283,0,12.0,47.1115,2.4648,41.4876,51.4859,82.0148,1.5959,0.0,0.9827,0.0484,0.0297,0.0934,0.483,0.5589,0.3748,0.4232,-41.7962,-48.8052,-48.725,-1.7453,-0.316,0.7747,223.7054,-0.1468,964.7795,1874.7395,-1403.5176,-802.4609,299.9076,3256.9293,901.2507,4215.3354,22141267.4796,22348082.2602,24421565.5926,21384992.3148,23494395.7092,22281385.0834,22909439.4877,22740660.9773,1647421.5564,325787.1586,1763053.8787,1238417.6165,-935920.1079,-383971.1708,224652.5722,-426463.1776,753.7396,860.3728,800.6535,722.2087,799.1412,726.3774,721.18,860.5256,908.2394,686.9193,1025.9107,833.6267,806.9164,982.8791,756.3147,798.414,1758.6932,1493.7464,1588.7122,1422.4356,1228.9214,1139.735,1302.7664,1253.0177,1449.1405,1560.0211,1624.9692,1563.1642,1258.2151,1576.4999,1573.791,1320.3318,-89.9917,14.2169,-18.5772,48.9656,201.5859,275.7488,-241.8572,27.845,-0.0306,-0.0213,0.0452,-0.071,-0.0231,0.0497,0.0328,0.0461,46.0937,46.6709,47.1509,45.4022,46.6038,43.1769,41.7848,43.6831
100,100,53.27706,19.71022,9391.2,327.0,LOT283,1,10.0,45.1255,2.6518,39.6229,50.4313,88.4649,1.6381,0.0,1.0191,0.0566,-0.0109,0.0787,0.4774,0.6137,0.3689,0.395,-45.9335,-49.0964,-50.0051,-1.0839,-0.2243,2.2558,224.9087,0.3571,1064.4432,-698.0765,676.4694,-1454.1402,-65.5032,1444.7018,-1660.4134,-1988.1405,22549500.1518,20254116.4039,20819626.2726,23649505.1061,24480996.1155,23343400.1139,22655270.1312,22469618.6754,-226359.8381,-970993.7398,-2244985.7503,1644705.8581,826163.904,-1614399.0043,1269274.864,555257.0299,763.3899,817.5167,788.8678,719.8158,909.203,764.0465,948.3105,658.4092,716.5214,604.3964,833.2581,910.0576,865.216,753.7348,831.943,775.002,1530.5106,1486.7633,1718.4927,1561.6692,1319.6266,1469.0524,1571.0847,1410.4188,1569.0047,1363.619,1546.4207,1764.7617,1550.4496,1834.3606,1468.7075,1961.7443,48.7232,61.197,21.1105,-252.6307,-23.5282,183.1929,-33.465,137.9122,0.0539,-0.0048,0.0671,-0.0495,0.1054,0.047,-0.1362,-0.0017,45.5467,46.2725,44.2799,46.4197,46.1047,42.5021,44.2186,48.1452
101,101,53.28818,19.69765,9375.0,327.0,LOT283,1,9.0,45.2891,2.8481,39.6442,49.4776,74.1179,2.7444,0.0,0.9692,0.0524,-0.0174,0.1126,0.4583,0.5443,0.3438,0.3755,-44.5471,-44.4257,-48.7904,4.7621,0.2326,2.3907,218.4604,0.1066,-1377.9767,-1250.2407,-110.0969,-2210.4034,1471.3196,-1245.2775,-1377.5048,993.6076,20963231.6451,20340303.4488,22799971.541,21436725.4355,22441962.9911,21603404.0866,23202367.9846,25819655.0546,286163.0461,-548243.26,-487905.8755,970562.7922,-1392657.3655,376658.9598,1555525.6735,2004884.6225,602.1144,770.9943,781.2361,955.6465,883.1726,720.67,826.6995,686.1802,853.5797,838.8657,785.3945,754.7442,741.0868,882.4406,541.0197,843.9106,1484.3514,1344.3676,1386.0558,1508.3882,1251.5366,1045.7592,1734.0688,1502.5017,1735.8669,1347.4701,1208.3211,1215.4867,1684.3798,1558.4558,1543.0676,1580.3316,-175.1033,-70.1133,-101.3837,-361.8164,-134.8413,-255.7176,272.6713,177.6293,-0.0015,0.0162,0.0543,-0.0714,-0.0204,0.0069,0.1206,-0.0512,43.1051,46.9365,45.2484,46.9433,44.1652,44.7783,48.3391,42.5044
102,102,53.2993,19.68508,9360.0,327.0,LOT283,1,9.0,45.2575,2.6037,40.1487,49.1561,88.6308,2.5933,0.0,1.0375,0.0537,0.0156,0.0877,0.5115,0.6326,0.3798,0.3696,-45.9585,-43.2446,-46.813,-0.2296,0.6711,2.8413,219.9051,0.3796,-930.0364,2794.4917,-408.2169,993.1979,-1166.2696,-669.1195,-1420.8318,357.7944,23757784.3108,22184976.3914,22345765.7237,22940315.7203,23272913.0235,23009958.614,21371324.4211,22671568.3755,510631.9422,215281.9975,-1269101.3001,1273870.5779,-216485.5622,67331.8702,-600393.5653,1301397.2206,853.9443,895.1832,970.9206,750.013,823.9529,909.482,650.9382,658.1512,777.6574,769.2653,759.3128,767.2104,878.3011,764.5963,750.8591,742.0786,1363.0403,1485.837,1616.0529,1458.8596,1542.3007,1553.206,1502.9887,1469.0274,1558.8786,1499.716,1505.8809,1476.4856,1454.3212,1462.3262,1372.9972,1355.9003,179.1296,48.8092,151.2317,-164.8489,-153.0391,190.6771,-358.8649,-394.7205,0.0229,-0.0438,0.0408,-0.0111,0.018,-0.0183,-0.0394,0.042,45.8714,43.4373,44.9069,42.7065,44.5983,42.0588,46.2651,42.223
103,103,53.31042,19.67251,9346.5,327.0,LOT283,1,12.0,45.0828,2.6823,39.0093,49.9989,86.7671,2.7495,0.0,1.0058,0.0598,-0.0249,0.1885,0.4645,0.5623,0.4054,0.3806,-44.0259,-46.4468,-46.5657,3.9244,-0.0453,6.5134,221.7194,0.3088,-4167.8301,-197.0172,784.4791,-3931.7521,2673.1225,-2408.6125,789.2715,-2316.84,22950174.2694,20931065.9759,23067342.4746,19943756.7037,23883465.5774,21483640.7713,22137014.9618,19346232.9748,618294.732,-11464.1317,-512555.7617,-242013.2437,-406684.9664,-452682.7214,76360.8238,988173.6496,782.4903,702.1211,957.9683,893.7314,1045.3347,705.5827,918.671,844.7462,809.6119,873.8906,883.2012,821.2163,871.6462,783.2104,724.2799,736.1069,1432.1127,1469.0137,1458.0276,1435.8491,1602.2409,1683.7881,1471.4356,1578.084,1454.3201,1395.0196,1850.7481,1640.7611,1909.6541,1572.2456,1371.7959,1192.5923,275.3888,-177.5077,-0.1075,307.1287,-42.3253,38.0269,-83.2607,-150.3847,0.0288,0.0294,0.0068,-0.0361,-0.0139,0.015,0.0495,-0.0254,46.4772,43.9255,44.6882,44.8359,41.7614,42.8657,43.2046,46.5701
104,104,53.32154,19.65994,9334.4,327.0,LOT283,1,11.0,43.5452,2.2418,38.0825,47.8558,92.4015,2.4724,0.0,0.9752,0.0641,0.0072,0.1674,0.4982,0.5108,0.3966,0.3727,-42.4889,-47.5891,-45.012,1.2479,0.8362,6.2802,225.4652,-0.1533,-166.572,877.6745,1088.9099,-364.9337,-850.4283,-2356.91,1326.8138,-1072.2994,24146177.5199,23001477.6068,23027638.9353,25088399.8471,21950366.7412,23059427.9893,19366446.1146,21691507.0927,864616.9072,-2632249.4846,140396.9969,695372.1943,-702210.1653,439666.7631,-165012.4485,71209.6003,782.0307,814.5891,764.0212,691.9249,828.1445,805.5603,733.4241,982.5536,622.3324,570.8787,672.2099,854.282,645.4619,813.8705,791.7044,834.8327,1666.9944,1515.277,1522.2023,1543.2541,1599.3111,1679.8427,1578.0951,1451.3466,1570.5967,1416.3703,1824.6749,1561.9578,1603.2394,1714.5241,1753.6762,1221.8936,153.0188,-178.7346,143.6368,246.9666,41.7661,-160.3584,-261.437,-31.4932,0.0111,-0.1208,-0.0365,-0.0449,0.0272,0.0104,-0.053,-0.0394,46.8215,45.8515,43.2871,48.9254,46.0111,43.0667,45.3322,46.3856
105,105,53.33266,19.64738,9324.1,327.0,LOT283,1,11.0,45.9063,2.409,40.4242,51.3899,96.572,3.4489,0.0,0.9466,0.0632,0.0641,0.1667,0.4193,0.5577,0.3298,0.3853,-40.9507,-45.8864,-47.7654,2.0525,0.3997,6.8112,222.7656,0.4109,-1118.3777,-2626.9464,733.0713,312.6861,3441.2722,2237.833,-933.8235,260.2332,19200774.4101,22198835.0982,22689551.4702,20423184.1196,23822253.3427,19675814.764,23375364.7646,22721989.6673,-153908.0528,-820349.1863,342037.8715,585932.638,-762318.3093,-421465.2802,901778.7991,-796877.9435,960.3534,825.2148,665.4671,702.1051,742.4231,710.7532,871.0192,684.4906,844.8023,816.3641,812.0819,820.4192,1011.8636,842.2326,969.5675,721.6935,1542.1056,1490.5238,1523.5693,1377.9575,1591.4337,1494.0807,1329.5197,1765.2907,1577.0076,1959.9147,1263.3817,1551.2657,1373.6519,1511.3551,1701.8041,1270.5704,161.876,20.8742,322.6615,259.726,-107.8963,31.1641,160.0231,120.6909,0.0226,0.0724,-0.0875,0.0958,-0.0355,-0.0383,0.0364,-0.0578,44.1535,48.0272,46.8836,45.3925,43.1807,50.4866,44.0335,46.3174
106,106,53.34378,19.63481,9315.4,327.0,LOT283,1,12.0,48.1078,2.4688,41.4435,52.6216,89.5801,3.758,0.0,0.9712,0.0736,0.0661,0.1068,0.4772,0.6183,0.3747,0.4144,-43.5221,-43.6813,-49.3188,2.49,0.6492,9.0256,220.393,0.3209,2024.4057,657.2291,757.1166,1170.2946,87.2699,1457.1823,670.2625,193.9508,22202997.2497,16056199.3933,23133464.628,22209730.9896,19580946.392,21447890.9441,19350593.5257,22202777.5461,2338814.5717,-327974.0405,29899.5157,-223747.6252,124783.7828,-428560.7892,648032.0377,-1903585.7658,824.0169,624.3878,863.9394,777.8485,702.593,813.6494,901.9835,873.0195,760.245,1010.6525,799.5459,918.6872,744.6332,763.4537,744.4554,522.8349,1377.3255,1740.9417,1612.22,1444.2917,1278.5539,1359.714,1558.7483,1353.6533,1482.1839,2020.939,1603.0464,1489.9707,1776.6389,1417.9387,1252.5603,1827.8591,-154.5708,-43.1912,-181.3004,-55.7406,122.4465,-138.5104,58.6632,-72.9825,-0.0424,0.0525,-0.0231,-0.034,-0.0274,-0.0229,-0.0126,-0.0435,43.808,43.7824,46.9109,42.528,44.0095,46.3646,47.3715,40.0142
107,107,53.3549,19.62224,9308.7,327.0,LOT283,1,10.0,47.3774,2.0048,41.7562,52.4994,88.0723,4.1158,0.0,0.9529,0.0721,0.0808,0.1841,0.4977,0.5399,0.405,0.4128,-43.6374,-44.668,-48.0043,0.5532,0.0373,9.5794,221.1929,0.404,2846.2408,-246.9646,-1845.4753,2340.4418,-838.4252,2442.8972,-388.0105,-424.5162,19708334.8819,21600038.5644,21269777.0437,21657027.4609,22821672.4494,21957833.6775,20337031.9408,21508229.8504,-485920.3247,187640.354,47913.8701,-20325.916,-1245750.9208,1556784.32,563755.2165,598463.3769,980.786,715.4157,668.3237,686.841,614.9645,742.6992,662.15,834.0857,559.7272,918.6181,751.8453,813.1857,689.2617,848.2669,717.3602,769.59,1513.8826,1455.955,1434.9804,1277.2447,1774.8255,1559.2932,1380.4058,1407.0335,1290.1501,1526.0454,1515.0957,1620.4173,1288.5557,1381.2776,1589.6537,1831.5106,162.8055,329.6286,-133.1316,516.5553,-116.803,52.7023,44.7448,148.6848,0.0082,0.0266,0.0295,0.0138,0.0086,-0.0246,0.022,-0.0201,45.7154,43.6968,44.4504,43.6822,46.5964,47.8559,44.1563,47.5558
108,108,53.36603,19.60967,9303.8,327.0,LOT283,1,12.0,45.005,1.6485,40.1158,48.9325,76.6155,5.2606,0.0,0.9437,0.093,0.051,0.1965,0.4725,0.557,0.3199,0.4303,-42.8423,-44.7242,-45.7469,7.1656,1.0649,12.1207,215.0302,0.4049,-1026.9422,-1032.6718,696.4842,1764.0335,1443.9172,-2674.3307,181.6328,-3244.817,23970190.9582,21218078.3042,20582806.9489,22862994.6943,22325275.4416,21292922.8995,22670318.3856,20695738.9298,679722.655,445798.9396,-588158.1059,-1028249.4237,817527.798,-270558.1745,449823.3762,-592933.7345,716.2648,879.0543,928.0074,889.1065,783.4573,804.238,720.2489,860.8179,959.4099,811.8736,867.0943,715.2413,800.89,844.7346,699.3061,840.4113,1399.9548,1246.9024,1403.767,1706.738,1573.4229,1962.4009,1442.4656,1634.2375,1612.7264,1728.8808,1538.55,1235.7571,1303.8251,1682.2263,1197.7262,1286.6428,68.8109,-36.935,-78.907,-45.9514,166.9065,-109.9704,95.4213,244.4219,-0.0806,-0.1184,0.0161,-0.0002,0.1111,0.0369,0.0313,0.0689,46.2129,49.0648,44.6348,44.733,44.5266,44.6106,45.037,45.1509
109,109,53.37715,19.59711,9300.9,327.0,LOT283,1,12.0,42.4421,2.4625,36.1764,45.8231,75.7233,4.7389,0.0,0.9521,0.0764,0.075,0.2094,0.4832,0.5584,0.4357,0.4349,-43.8282,-44.5657,-44.6252,3.4146,1.0973,11.7287,216.4575,0.3271,-2415.4114,907.4715,-581.6767,509.3046,-1437.0101,213.756,-2279.0214,1523.0612,20757568.13,22848453.6485,20303089.4823,22944350.2988,25427637.3804,23960293.7887,22569941.6985,20592434.8238,-808851.2194,315254.7467,1359077.2562,-429217.7425,1256489.2415,246454.8692,-114206.2306,-1333895.954,582.126,727.7954,811.4044,834.0123,955.255,781.6478,778.9387,702.3435,853.4102,730.6751,879.6588,861.3471,818.2594,702.5122,822.1234,1135.7325,1454.1326,1757.8531,1466.2911,1515.5189,1659.5968,1450.8157,1270.7915,1232.3762,1512.3683,1512.1956,1691.8105,1410.3403,1776.1716,1458.5917,1644.6201,1473.2467,-0.7007,85.0567,-175.0847,252.704,-68.6556,112.9783,429.1118,316.9927,0.0495,0.0863,-0.0185,-0.0852,-0.0339,-0.0579,-0.0995,-0.0123,45.5218,46.0538,47.7586,47.0979,43.3294,46.6856,42.7332,46.9979
110,110,53.38827,19.58454,9300.0,327.0,LOT283,1,9.0,47.1449,1.7565,42.0939,51.3379,90.5541,4.9153,0.0,0.9036,0.0772,0.0665,0.1529,0.5528,0.569,0.3719,0.3954,-41.7256,-45.3892,-46.525,5.7497,0.7975,18.5073,214.9509,0.6006,-409.9171,-3185.3671,-1102.1603,1365.5667,1150.4948,-333.0005,1730.4624,360.3473,23418348.8211,21022513.8102,21567814.5383,20582366.3255,22166474.6541,20686724.8582,22073519.8198,23834873.1885,-401395.0959,1345112.8418,633003.8767,690184.5953,1989781.9412,-1843863.4949,-738861.1639,622546.1352,1153.0756,812.6935,850.2005,920.6585,714.0483,799.9508,834.1301,928.6108,773.521,826.3911,871.4114,840.4083,796.9075,883.5732,932.552,804.7867,1645.7766,1449.421,1520.0271,1427.0431,1644.8458,1607.3621,1820.4326,1718.634,1528.7222,1280.2757,1679.9058,1926.5895,1612.2901,1713.436,1462.7235,1829.6238,-188.6468,-94.9073,65.6563,-233.3516,-82.076,72.2389,-160.3171,28.6538,-0.1014,0.0145,-0.058,-0.0242,-0.0031,-0.0535,-0.0011,-0.0007,46.3809,43.9238,43.2518,43.8506,44.4121,48.5329,45.8442,44.7637
111,111,53.39939,19.57197,9301.1,327.0,LOT283,1,10.0,45.0021,2.233,38.2548,50.1146,97.6842,4.9993,0.0,0.9246,0.0656,0.09,0.1846,0.4559,0.5749,0.4021,0.3706,-45.2485,-42.5549,-44.8756,8.109,0.6112,14.8817,223.8231,0.7429,48.5994,-1660.7958,4405.4209,-1168.0521,2131.0429,26.5328,326.017,139.6644,23209613.0682,24383250.0452,21645360.6548,23226629.0274,23011947.2293,22217634.791,21104474.1989,19684142.2473,398966.4404,-228595.1028,-823182.8595,320415.9135,-215496.8632,-1036792.7092,-431953.9026,-1330760.9607,917.1317,887.2497,635.6852,822.903,957.6916,847.1536,784.8346,861.4769,543.4416,603.6162,593.0809,773.2415,505.5941,884.5619,773.4145,782.1844,1471.9921,1218.5801,1415.0492,1291.4759,1570.9509,1655.0054,1810.2625,1821.5592,1435.6261,1458.9521,1471.5713,1451.579,1388.964,1459.4517,1233.0483,1632.744,47.3195,-124.9998,46.0604,-114.9032,-334.5902,175.053,206.7765,-49.8335,-0.0111,-0.0262,-0.0079,-0.0223,0.0145,-0.0138,-0.0229,0.008,48.9854,45.6515,45.8394,48.6132,44.6566,45.3954,43.8309,48.2491
112,112,53.41051,19.5594,9304.2,327.0,LOT283,1,10.0,47.1426,1.598,40.9977,51.5166,121.6742,5.523,0.0,0.9247,0.0905,0.0675,0.2092,0.4809,0.6142,0.422,0.4148,-43.2424,-45.4534,-43.1838,5.5334,0.9275,18.3704,222.7675,0.8949,-1050.226,2324.9358,237.169,-650.3274,597.2613,-163.4999,-402.5197,75.6878,22002698.6697,21011459.2264,21406576.5683,20591078.2187,23207489.9091,22685970.3239,19291840.6199,23160496.1127,616753.422,-80417.7875,-1242865.2559,868866.5445,1282939.6413,-539369.0226,-945566.6534,-492063.9682,842.0923,784.8229,855.5651,1029.6018,1043.7275,802.1414,805.8281,643.7606,1015.856,925.7526,917.487,675.106,784.4691,743.921,740.1388,750.7242,1550.3211,1600.1808,1545.049,1490.3734,1520.0003,1505.0645,1547.8843,1655.5209,1420.0823,1468.5104,1060.7089,1445.0584,1884.7771,996.4272,1517.9926,1539.0783,-77.266,252.9495,179.8133,-508.599,-384.6246,294.9879,180.4183,-105.5343,0.0052,0.1002,0.004,0.1062,0.0698,0.0083,-0.0476,0.0785,44.0918,44.4634,42.5238,44.4316,43.5407,44.6221,43.8199,45.7835
113,113,53.42163,19.54683,9309.2,327.0,LOT283,1,9.0,46.841,2.3829,39.5964,50.3475,95.1173,4.1513,0.0,0.9046,0.0937,0.0738,0.2282,0.5058,0.6051,0.4419,0.4,-40.8594,-45.2458,-44.5816,7.5018,0.8432,19.0752,218.6608,0.8203,-1360.3706,1643.3131,396.6964,-721.1915,313.4147,-2054.2116,3226.4255,2027.7814,21095664.8745,21074133.5012,20966373.1812,22088748.8462,20845372.1703,23764315.4492,19944405.8236,22859611.6713,291515.6073,-1295217.627,-1556894.9966,788553.7893,-281866.6345,976053.3614,796078.8392,-42291.7863,946.6936,729.3782,714.3827,824.2296,878.0466,753.1887,734.9572,816.3138,676.773,918.2609,944.5665,729.5988,938.0497,748.8458,865.2238,920.84,1496.2499,1648.4384,1515.6746,1586.627,1708.3894,1414.4592,1465.1578,1501.0374,1372.4915,1617.1284,1601.9895,1462.7852,1600.3394,1816.6406,1821.126,1138.9251,-67.2034,170.3404,96.9081,293.8158,487.8017,81.8906,-11.3217,-14.9788,-0.032,0.0521,0.0834,-0.1108,0.0452,0.0082,-0.08,-0.0104,43.7963,44.693,45.0919,47.3322,43.9527,46.5814,42.5323,42.3401
114,114,53.43275,19.53427,9316.1,327.0,LOT283,1,9.0,47.1803,1.7216,40.6492,50.992,93.0875,5.464,0.0,0.895,0.0853,0.179,0.309,0.5383,0.7489,0.4515,0.394,-41.5131,-40.8764,-44.867,4.6953,0.4465,18.6626,220.4053,0.7916,5.2647,1996.9789,-1239.8757,-1536.3274,2980.7437,4142.8884,-136.8273,-230.072,20343536.4756,22259386.8597,22535749.5839,20664444.7786,21218898.13,21078924.9169,22581647.1374,20760528.9278,340852.174,1318004.9216,-1781581.6027,1687665.7157,1762263.7938,1992422.3049,-1694442.5457,880217.8419,872.434,758.6475,841.5369,875.578,727.6621,870.7552,713.8564,799.9315,669.043,878.7331,583.7592,1114.2052,977.5582,915.5767,653.3337,876.6003,1690.5144,1427.6073,1680.2574,1459.4775,1490.7798,1647.4318,1372.1291,1618.7306,1583.9184,1830.2251,1390.1092,1310.06,1502.1621,1372.3349,1698.3569,1665.8546,-122.6074,98.7517,-5.0531,194.2263,532.0596,-19.2838,188.0874,-222.7203,0.034,-0.0082,0.0463,-0.0023,0.065,0.0383,-0.0354,0.0178,42.7109,49.8577,46.4302,45.3224,43.9465,46.3089,44.5176,44.1685
115,115,53.44387,19.5217,9324.9,327.0,LOT283,1,11.0,48.3983,1.2093,41.7061,52.3972,112.196,5.4657,0.0,0.8666,0.0837,0.1179,0.2429,0.5037,0.725,0.3493,0.4092,-42.2573,-42.6803,-43.9529,5.684,1.2002,15.3567,220.4696,1.3228,937.7916,960.6669,-2899.4648,-189.6737,-621.04,-2543.8702,-1973.8521,-2532.1205,22741102.2822,19957732.3496,22898114.9128,22437610.8616,22327987.5723,21534918.232,20966300.0053,24170291.6866,-963101.0883,1356156.5932,892497.5004,-1109810.0544,1137348.1,-1639432.9466,1808880.9971,48586.3142,850.598,867.9852,965.1744,814.9575,662.0652,751.4451,798.5671,551.9033,787.2227,852.2261,754.9941,787.1507,846.5792,903.0548,861.568,701.1877,1690.1541,1673.5869,1642.8406,1356.2804,1459.1779,1388.9342,1181.6714,1406.2928,1243.9125,1309.9135,1790.9291,1959.7798,1509.5219,1643.7189,1451.0828,1453.2908,174.9102,-788.7585,-223.9793,-198.7539,-227.4531,-134.9151,-378.9184,250.2587,-0.0303,0.0588,0.0249,-0.0326,-0.0257,-0.0413,-0.017,-0.0096,44.8158,43.5367,45.4972,47.6926,43.3746,46.7606,44.3707,45.9285
116,116,53.45499,19.50913,9335.4,327.0,LOT283,1,11.0,45.8,2.1036,40.6029,49.6911,130.2497,6.0695,0.0,0.8806,0.094,0.1088,0.2375,0.5077,0.6501,0.4107,0.3847,-40.1618,-42.2688,-46.9291,6.3605,1.3856,24.0614,223.051,0.9782,-575.8159,966.8388,2589.9419,-1438.4201,547.3437,-883.8305,-1422.7656,-427.2462,22204531.5277,19731701.3299,22230931.8739,21008376.3131,20911172.3288,22472795.1138,25529836.2825,20585611.9183,-1745220.361,-1038356.9524,292832.9843,-1469209.5474,900308.2702,-522582.6722,1912620.3527,261496.8262,569.5047,774.9528,968.5346,638.3651,819.4418,605.6433,863.5024,748.3074,811.4718,919.688,728.274,649.4347,705.6888,838.1867,523.4854,925.6957,1563.4733,1791.7871,1695.5555,1434.7098,1605.3183,1309.4143,1616.5978,1535.098,1530.4615,1383.8542,1603.0577,1651.5169,1574.8074,1581.5965,1544.7767,1587.4385,-285.9954,90.8798,172.0023,78.4357,25.0667,144.5182,96.3344,39.8977,0.0288,0.0252,0.0057,-0.0586,0.0448,0.0783,-0.0704,0.0553,45.1575,45.3907,47.4382,45.223,45.7088,41.9504,48.4617,46.271
117,117,53.46611,19.49656,9347.6,327.0,LOT283,1,10.0,46.2605,1.8565,40.6508,49.0838,124.9733,8.3798,0.0,0.8626,0.1052,0.14,0.2487,0.5939,0.6408,0.3536,0.4099,-39.0771,-42.272,-43.8561,4.505,1.3817,21.079,225.7005,1.1847,579.2681,-2529.1641,3284.63,-234.1629,964.7462,-2759.6671,-3710.6747,-292.935,23905529.1822,21477113.4086,24736900.0739,20471255.818,22850504.7301,19595209.6148,22358903.2602,21040374.4239,1451736.0785,-498797.8821,-345464.7917,17732.7389,-2377467.0393,-561146.9461,-56127.257,497641.1632,899.5256,700.3137,804.8403,911.5394,852.983,696.5926,800.6058,624.1744,882.1117,946.5011,800.3424,837.3439,474.4282,732.3152,777.418,739.5889,1421.1585,1449.3972,1481.3982,1422.9351,1568.8025,1636.7773,1552.9239,1346.5848,1738.5023,1567.5258,1537.5404,1315.6716,1620.0478,1346.7748,1582.9452,1313.2465,-58.8772,179.8199,6.8464,-28.3053,131.9324,156.0005,329.7488,422.2587,0.0216,-0.0761,-0.0436,-0.0395,0.0619,-0.0924,0.0459,-0.0108,46.7648,41.5286,47.3086,45.9306,45.4037,43.2992,44.1713,45.7301
118,118,53.47723,19.48399,9361.3,327.0,LOT283,1,11.0,45.6377,1.5035,39.4386,49.5026,96.9982,6.2706,0.0,0.9075,0.0814,0.1013,0.2502,0.6179,0.7459,0.389,0.4297,-40.0542,-40.6011,-42.6565,11.6225,0.7297,25.5968,220.2681,1.1682,-1305.8406,-3328.8401,-1418.1644,-1016.886,-1768.1506,-2388.7639,610.8554,-285.5752,23698064.6752,22388373.3001,19001735.3392,21434407.5602,21771560.3479,22808893.9593,22094658.9983,19529779.4639,456499.5762,105965.8769,312089.6201,53072.1675,448045.1513,232638.3473,-112759.6453,-455790.5271,751.9235,686.0076,826.8875,713.5735,764.7257,634.1432,692.941,889.4892,767.651,706.9394,738.4691,830.4166,992.9827,635.8464,867.1695,793.6519,1658.263,1514.3545,1341.3322,1702.0308,1216.5186,1602.6239,1400.4709,1552.5133,1549.755,1171.7602,1322.5244,1848.2407,1668.9225,1364.8228,1500.2239,1493.7907,91.3851,150.7384,-189.3489,114.13,-246.8889,-369.7775,-71.4874,-178.2157,-0.1138,0.0845,0.0073,-0.0483,0.0141,0.0,-0.0047,0.0932,46.3362,45.9839,43.1141,46.6704,40.2515,42.9858,48.5344,46.7465
119,119,53.48835,19.47143,9376.4,327.0,LOT283,1,11.0,47.1215,1.8877,41.0569,49.7578,101.5664,6.4912,0.0,0.8592,0.1412,0.2006,0.2705,0.5444,0.7525,0.4307,0.3794,-40.9821,-39.6002,-43.3897,9.465,1.3819,22.5657,211.9945,0.818,-660.7879,-212.3742,-697.1854,792.6202,1722.1226,-2416.1804,2440.5112,-1944.7073,22000072.0924,21793415.3179,21873779.1613,22086676.9667,25099395.9867,21881290.9877,23750802.8954,22123807.1918,-387336.3324,567689.7798,1029968.9928,-560875.3531,-591535.0463,-237757.6933,430810.6019,1656385.5531,731.4098,753.9822,893.6377,626.0962,823.1738,816.5511,758.9753,782.6414,731.9389,927.0816,735.2986,909.5472,846.6286,751.6559,805.56,777.4468,1201.2915,1577.0264,1575.211,1465.7945,1583.4455,1683.0118,1191.6741,1127.1604,1195.3174,1568.2095,1488.4826,1186.8891,1051.9545,1697.2354,1492.9363,2001.0933,-25.6682,82.7966,122.9314,168.1391,203.7438,-78.7445,113.4902,41.652,-0.0427,-0.0164,-0.0262,-0.0062,0.0264,-0.0414,-0.0276,0.0296,42.5858,45.0905,45.3978,44.2901,45.5821,45.5367,45.1046,41.0867
120,120,53.49947,19.45886,9392.7,327.0,LOT283,1,10.0,46.0713,1.8065,39.483,49.2005,87.9934,7.3449,0.0,0.8902,0.1129,0.0622,0.209,0.5967,0.691,0.3804,0.4263,-39.0431,-42.2092,-44.8012,7.6317,1.4588,28.9553,222.4015,1.8758,1888.5976,568.1216,559.5512,654.4019,-1918.2717,-650.3727,1737.7907,481.5974,18991286.5917,23459431.5309,23069412.8352,23453421.525,21567516.1365,19927049.6974,22231507.0564,22100453.5854,1354547.8329,661178.8697,365565.5656,-99091.055,1456932.7154,-233533.0009,-1447006.1392,24767.1207,845.7755,542.121,889.3668,1015.1623,729.568,681.1284,799.4569,692.235,700.782,652.8336,674.6558,801.0817,676.1698,792.2293,809.1708,851.8159,1446.008,1474.4873,1388.2526,1354.345,1408.8733,1813.7072,1282.4611,1574.588,1239.0594,1420.33,1709.2241,1425.5255,1470.9266,1588.832,1294.5993,1312.2788,-339.0916,-5.5279,-93.0013,264.1241,204.5191,221.559,82.9106,91.8042,0.0062,-0.0548,0.002,-0.0223,-0.0602,-0.0497,0.0415,-0.0255,49.5097,44.7495,43.1327,43.5848,44.0156,47.7052,44.5484,46.8797
121,121,53.51059,19.44629,9410.1,327.0,LOT283,1,12.0,44.2571,1.3589,37.5039,46.6941,104.5034,8.6646,0.0,0.8891,0.1377,0.111,0.3559,0.7001,0.8224,0.3916,0.4118,-43.0658,-45.4816,-44.9345,9.2996,1.2561,29.4604,214.364,1.0349,916.409,-1198.0094,-145.0215,-2218.1305,1035.7561,-223.2255,3526.2506,-1411.4924,20768419.7233,22318164.6451,24629817.62,21230582.4237,19907701.4363,22961030.5896,21116203.917,23039637.2733,894693.1634,-1423523.0488,-1122558.8414,625359.5976,140935.6804,-411973.4606,941200.5167,7621.995,703.1539,853.0036,615.9843,668.6142,992.56,692.4101,866.5996,845.6454,916.203,686.4264,666.2449,711.2348,658.4559,736.8056,804.726,880.7469,1362.9882,1675.3301,1557.5077,1690.2631,1610.9302,1552.8168,1700.434,1725.2611,1373.306,1387.9851,1415.5627,1220.8488,1412.1172,1284.3166,1239.6081,1545.0803,-25.208,-319.8332,-110.3564,87.3356,-443.3354,118.1904,-262.7747,82.3578,-0.0511,-0.0321,0.0143,0.0164,-0.0859,0.023,-0.0063,0.0612,43.7758,43.5577,42.5784,45.6019,43.1798,45.2822,46.6325,44.8688
122,122,53.52171,19.43372,9428.4,327.0,LOT283,1,9.0,47.7477,1.4464,40.4924,49.9086,96.8253,9.0997,0.0,0.8151,0.1077,0.2032,0.3206,0.5137,0.7084,0.4183,0.4309,-40.2513,-41.5604,-43.2857,12.7944,1.6924,33.5443,218.3865,0.789,-674.664,-1525.4596,-317.9224,-2101.1046,1010.1705,-2086.229,192.2322,-1671.9964,22842646.7417,21162813.7628,22804302.3778,23226836.1873,20656025.5965,21551458.1275,21663415.6276,21978672.919,1065415.4506,748527.5278,-642884.2943,-261208.9774,142450.038,709393.3173,-1955978.3779,1586124.4909,956.5915,630.6778,988.4765,760.4379,863.0831,796.9573,894.2651,665.7752,500.3522,867.8223,915.5863,867.8855,810.6992,746.8287,769.2448,835.053,1487.6431,1392.8371,1411.1248,1402.966,1261.4609,1599.8477,1714.8093,1364.7912,1561.3405,1262.4182,1395.6296,1912.8035,1739.5175,1197.311,1632.4063,1147.1981,410.8072,81.847,-280.1416,172.4675,225.5082,-45.2618,-80.4319,431.5943,0.0058,0.0092,0.0153,0.0129,-0.0457,-0.0355,-0.0001,0.0111,46.4273,44.9568,45.8074,43.7713,43.5369,45.4115,46.694,46.0678
123,123,53.53283,19.42116,9447.4,327.0,LOT283,1,10.0,48.5539,1.2298,41.5887,51.8499,96.6317,8.0842,0.0,0.8996,0.1263,0.1026,0.247,0.5983,0.7471,0.3954,0.4159,-39.3241,-39.4847,-45.5582,7.2456,1.3855,27.5117,221.2076,1.5345,-991.1467,-961.1846,-3428.4038,3803.9286,-528.6728,-1715.65,-1756.3837,-2492.8179,23772584.3657,21263672.7902,19425085.4698,21009089.9625,21519263.3284,24719451.6826,20845561.1946,22078079.6805,-1746939.986,-336058.985,568487.6177,729833.8654,-1014192.1202,-779127.4998,859658.2382,2142287.0127,712.8637,684.7121,725.9927,758.9692,629.6192,813.9392,840.5773,890.8484,855.0954,872.0943,778.8366,909.642,820.7853,911.4587,806.7085,910.991,1598.3081,1470.992,1613.7273,1573.3935,1692.4565,1388.2973,1443.9051,1346.7588,1453.4078,1441.3485,1455.4617,1674.4616,1271.4911,1477.1947,1440.5432,1237.9387,475.7641,-89.269,138.8685,281.5661,-309.9167,174.0352,171.2912,-468.9131,-0.0137,-0.0011,-0.0786,-0.0376,-0.0359,-0.0353,0.1314,-0.0198,40.1792,47.1547,43.8899,45.4553,45.3609,43.1323,45.9982,42.7715
124,124,53.54395,19.40859,9466.9,327.0,LOT283,1,11.0,48.2216,1.5186,39.9779,50.2031,116.7449,6.3303,0.0,0.8716,0.1416,0.2793,0.2998,0.6171,0.7352,0.4204,0.4318,-36.8194,-41.6677,-43.4002,11.7722,1.4845,26.4127,219.3345,1.6066,2088.9049,1638.5622,1425.4051,617.6356,1943.8572,-1127.0405,1534.7888,1515.3415,22511993.3983,19588092.103,23503380.1669,23274828.8818,25062977.7377,19902386.948,21260948.5293,23238191.3659,947234.3813,1035078.3146,-312565.0683,273681.3907,-1380081.2801,-912527.8294,20040.8886,397746.1834,867.2585,790.4248,755.6646,858.7654,918.7527,643.6175,745.0011,721.1553,578.1476,867.0231,691.8596,515.949,862.3116,732.57,964.3491,678.7153,1217.5683,1603.7598,1472.4264,1540.5831,1424.9824,1404.2541,1516.7719,1608.6172,1583.6914,1950.6508,1107.7379,1984.053,1184.6803,1699.4525,1534.6024,1882.9042,475.7212,82.968,-107.9097,60.7581,-34.0686,269.365,293.4407,-231.0226,0.0397,0.0017,-0.0997,-0.055,-0.0342,0.0168,-0.0747,0.0525,41.2408,49.673,45.7109,45.5908,46.8689,40.0954,44.5259,44.4031
125,125,53.55508,19.39602,9486.7,327.0,LOT283,1,9.0,49.9854,1.1959,42.7206,51.956,104.405,9.9763,0.0,0.8495,0.1249,0.1639,0.3352,0.711,0.7446,0.3975,0.4097,-37.3915,-40.0982,-42.5511,15.4058,2.0888,29.9327,225.5654,1.3848,1350.0327,-2637.1822,-902.8295,-2126.413,1532.1066,-314.6475,3351.8593,-1693.8347,22867869.1897,20528491.82,21742080.964,23439913.9186,22150695.8548,21019218.5833,23596866.2908,23263985.9648,-231585.9351,1428943.0703,-10299.282,426862.381,455758.1109,641560.7879,-811362.1395,-717416.1897,746.2359,833.7348,863.6617,665.6462,861.1369,814.4163,699.0251,725.0768,730.1817,839.2304,763.3225,865.6371,816.0424,745.3826,869.3428,832.9568,1414.2029,1630.3733,1412.5857,1490.9744,1407.321,1492.3624,1668.8425,1746.7904,1509.9307,1607.5921,1297.3635,1520.3723,1521.8579,1456.6251,1052.4224,1718.8301,-88.0104,63.6818,-14.1125,-73.7925,-221.5766,246.2502,67.0571,-62.1089,-0.0436,-0.0481,0.0055,0.0398,0.0114,0.0702,-0.0088,-0.1047,43.8128,43.0269,39.8476,47.081,42.3081,43.6275,41.7171,47.639
126,126,53.5662,19.38345,9506.7,327.0,LOT283,1,10.0,48.5664,1.0373,40.6335,49.9908,98.213,9.4296,0.0,0.8112,0.1134,0.0929,0.2854,0.5646,0.7706,0.3938,0.3872,-37.1846,-37.978,-45.4836,15.2275,1.337,33.0869,217.6223,1.6228,-628.1435,-724.8514,-2631.1549,1343.8066,-717.8709,-940.8921,862.4374,3228.3386,21463939.2948,24192295.5537,21048849.8555,23831540.2493,20364834.4771,20292094.6186,21560029.7216,21085612.9209,-185160.5826,-846030.1532,166083.7249,-372309.1571,1215118.5802,-400220.6887,-2147331.0264,-596372.2777,838.183,816.9516,785.8409,682.958,844.6344,839.5727,959.705,876.7859,988.1377,775.5335,800.3104,743.4037,651.9407,698.0826,732.3511,893.0857,1487.4563,1759.9985,1393.2247,1489.7779,1926.9951,1338.586,1216.6278,1405.5081,1623.5035,1398.7855,1083.8662,1250.4769,1320.1,1519.1802,1573.6862,1596.3846,51.7192,29.9259,-21.9532,42.4241,-61.6685,-70.8681,-158.2675,-305.1757,0.0395,0.0421,0.0676,0.0167,-0.0275,0.0155,0.0307,-0.064,48.6502,45.3291,42.4486,45.658,45.6531,45.3495,46.4053,44.9409
127,127,53.57732,19.37088,9526.6,327.0,LOT283,1,9.0,47.5325,0.9368,40.7937,49.4534,127.5117,12.9944,0.0,0.8084,0.0975,0.1708,0.3842,0.6951,0.8026,0.3873,0.4211,-37.3042,-35.5416,-40.1142,13.9228,1.3591,33.9856,213.6539,2.3323,-910.25,-1528.3553,1114.4284,1455.5367,-3699.3851,-2830.1615,32.3974,243.3668,20795540.5806,25006399.6704,20779796.6,23312053.7401,22004006.7038,21579581.3418,24467588.0824,22744731.7954,-1908.0861,-351946.6104,245104.1117,-923622.5098,-330244.7017,-2188550.8603,-1643504.0807,1511482.6013,659.6453,860.2337,808.5824,541.0389,901.7707,831.3027,898.0327,735.6903,1009.4282,970.0322,705.675,904.2127,821.8646,867.0942,600.2474,871.7563,1609.6367,1553.5343,1093.793,1241.8597,1307.6642,1032.7861,1321.6001,1266.107,1379.6514,1445.4224,1515.1405,1745.3387,1067.0655,1083.4324,1785.6444,1649.0434,0.9462,-116.3111,261.9817,-3.396,-156.2845,-102.6268,45.2542,183.2807,-0.0082,-0.0097,-0.0339,0.006,-0.0345,-0.0453,-0.0195,-0.0567,47.9089,48.9937,45.8143,42.9225,43.8664,43.0082,46.6924,45.126
128,128,53.58844,19.35832,9546.3,327.0,LOT283,1,11.0,46.7264,1.1014,38.5427,48.2167,112.7031,9.9801,0.0,0.8077,0.1005,0.2283,0.3413,0.6328,0.7696,0.3903,0.3689,-40.3071,-37.8485,-41.8977,12.1409,2.0846,40.3628,223.6621,2.1562,896.7687,-2471.2599,3783.5367,-262.239,-251.0679,-2880.5551,1822.8074,55.3499,23122240.3709,22219692.089,21140791.5702,22321544.2673,22012065.8245,19842647.5961,23669437.5623,23327093.9005,-345691.8849,-807399.0827,-489146.267,-72849.4178,-696958.4455,-589035.8053,733149.5096,-1685382.2641,738.4481,685.7619,628.3337,606.8801,711.6237,945.1812,604.5815,844.9036,713.9257,739.0292,841.427,754.9363,910.7673,736.398,857.8461,938.0407,1695.5712,1213.8763,1637.9566,1339.2344,1439.6445,1512.0246,1547.6793,1461.2504,1389.7769,1775.3192,1770.8847,1174.3252,1357.4726,1389.3301,1535.1197,1345.7933,-146.2678,-39.5988,153.3522,-185.6438,-128.1012,-279.216,99.6253,41.429,-0.0292,-0.0203,0.0012,-0.024,-0.0772,0.0573,-0.0512,0.0677,42.1386,45.1002,46.0509,45.1983,45.2247,42.2226,46.0767,45.0923
129,129,53.59956,19.34575,9565.5,327.0,LOT283,1,11.0,45.8423,1.2179,36.5112,47.0377,130.789,11.4451,0.0,0.7834,0.1281,0.1609,0.4765,0.6509,0.7337,0.3474,0.3931,-39.1727,-40.3619,-41.9254,17.6721,2.1827,27.0194,228.6586,1.2857,1041.7572,-968.7158,865.1377,-619.5169,503.1978,-2110.6947,1241.586,2669.421,21310384.4498,24121001.6764,21252975.5501,23098667.4555,21487763.0341,21711087.6125,19857509.9724,22362343.9691,-340504.1585,1438785.1614,797389.0661,269106.3415,-889783.8,-1200113.7936,719331.2524,436891.6806,661.5893,655.7964,695.1683,755.2998,874.8757,587.2914,879.8549,1074.6868,898.5586,799.3312,724.3379,766.0311,719.4522,912.5413,891.2626,529.0415,1659.1108,1661.311,1147.7879,1677.7943,1518.2605,1351.4158,1404.6558,1557.4513,1735.3336,1643.474,1703.4375,1748.4545,1557.6396,1333.9304,1135.0921,1390.7023,-294.8225,-162.5807,161.8479,-56.2565,-298.7053,-323.7533,-76.003,-139.7328,0.0312,0.0048,0.068,-0.0412,-0.0842,0.0132,-0.0776,-0.042,47.7586,41.132,44.724,45.0188,43.9897,46.4732,41.6006,46.1478
130,130,53.61068,19.33318,9584.0,327.0,LOT283,1,11.0,48.2386,1.0332,41.1013,49.5327,121.1892,11.0873,0.0,0.7999,0.1436,0.2982,0.4852,0.6765,0.8398,0.3983,0.4001,-37.8616,-41.6106,-43.6187,17.2535,1.2762,38.3933,223.5905,1.2546,-207.8822,-177.5928,-1740.3038,-2485.0922,540.049,2387.9091,1881.147,-1004.4583,20729460.3685,21858593.8577,19014246.9043,21443410.6346,23883710.2408,21315167.3684,23259839.7962,23348224.9481,-909545.0984,1394039.7857,-609219.0414,-702551.5422,-1759160.6118,-379221.5898,-526263.4237,-1016664.7356,975.1405,901.8256,683.1416,851.7051,824.2777,762.2035,877.9209,726.2581,1017.3504,782.4969,820.2629,723.5502,771.4336,750.9499,892.6099,776.4943,1560.8189,1438.786,1392.1927,1531.6822,1349.9911,1389.7177,1688.133,1583.3589,1194.6371,1777.2775,1724.5903,1869.5937,1815.6479,1412.4693,1275.4598,1478.8783,-218.8108,435.4378,282.3003,430.9013,189.2886,-265.5211,59.8945,-99.1669,0.0751,0.055,-0.0815,-0.0491,-0.0937,0.0547,0.0877,0.0242,46.2874,41.7763,44.5017,43.7282,49.1919,47.022,42.8145,51.0721
131,131,53.6218,19.32061,9601.7,327.0,LOT283,1,11.0,52.0251,0.9963,43.7494,54.2237,122.8464,5.1744,0.0,0.7761,0.1254,0.2493,0.4443,0.6376,0.7494,0.399,0.3889,-38.7932,-40.6323,-46.5178,16.1303,1.9034,36.4401,220.7345,1.5562,3941.0036,1611.3021,874.3591,-3104.9121,1520.7715,651.0703,-869.6937,1414.3543,20896447.4821,21508624.5344,21058489.262,25065330.6112,19979534.8151,21177246.9256,18597395.047,22258124.5339,1171635.5913,1045963.527,-250225.957,-398923.5392,851034.6369,-1007731.8448,702676.7283,-963774.4962,660.989,664.5508,808.7542,889.2012,847.8582,698.8078,720.7066,608.886,685.2041,713.4933,759.3649,668.4884,971.5305,773.5705,784.3615,798.5737,1649.8086,1689.0256,1259.6263,1476.1174,1638.6086,1738.4702,1632.4219,1339.2453,1291.1759,1584.3307,1778.4496,1524.2739,1379.1623,1505.8404,1539.3604,1779.4842,357.3062,260.2068,-325.0311,-153.2188,-216.6366,-55.9913,-35.56,-104.8973,-0.005,0.0048,0.028,-0.0263,0.0543,-0.0237,0.0187,-0.0681,48.3781,47.7448,46.2309,47.8826,45.2951,48.8044,42.388,44.7378
132,132,53.63292,19.30805,9618.4,327.0,LOT283,1,11.0,46.4181,0.8569,39.4524,48.1715,106.3969,9.0138,0.0,0.7985,0.1317,0.0875,0.3431,0.6492,0.786,0.4396,0.4082,-39.122,-41.0805,-42.0531,11.6085,1.9184,41.9783,221.3215,2.0591,-536.2689,-964.1079,841.0455,148.4108,-524.0443,1842.5478,3495.8632,-664.759,19401248.8843,24720928.3721,21309361.096,21910393.7897,23683102.7715,21669414.2667,21795011.8233,24182540.3526,793988.0072,418787.9492,-845409.9929,-1102995.741,-89267.0938,-667980.7195,599262.6057,2225115.6482,539.6905,850.7747,826.9773,841.8136,746.2191,682.6229,814.8879,710.1575,670.1497,679.62,798.8348,879.2879,706.2111,759.8868,883.7296,855.5807,1375.4821,1400.4796,1528.1049,1534.1331,1596.8898,1858.4737,1446.4899,1380.444,1299.4153,1380.8663,1424.6438,1469.106,1372.7257,1184.5098,1570.8806,1354.7624,350.1188,-93.8389,92.7414,-0.6448,3.6289,70.7975,169.1488,-111.7926,-0.0406,0.0552,-0.0296,0.0096,-0.0461,0.023,0.0431,0.0919,43.9549,45.3272,46.1321,42.4955,42.9644,43.0502,45.7399,43.9532
133,133,53.64404,19.29548,9633.9,327.0,LOT283,1,9.0,47.1174,0.9626,38.3921,49.8793,105.9106,10.1479,0.0,0.7723,0.1754,0.2019,0.4354,0.6765,0.7918,0.4028,0.4273,-37.0522,-39.2564,-40.1503,18.3258,1.3493,41.1743,221.4815,2.506,-1375.6866,1673.8974,-1272.711,1221.748,1922.5025,-1027.4479,994.9407,42.4962,22426025.3901,23188842.7361,20989902.5025,21255500.9324,21248942.6534,22508942.075,22402003.1118,23123697.9285,218857.0145,-351438.2717,-1192559.6682,1335632.3055,-1182500.6199,810382.5416,-1162633.7528,425372.1058,766.7732,649.874,951.8862,735.8425,791.4195,800.0605,751.8958,991.3924,783.1224,845.1552,969.9999,918.9993,835.0034,846.1104,722.6864,832.183,1524.7553,1328.6148,1453.1807,1261.1476,1433.6553,1449.8824,1559.6564,1524.7324,1627.6142,1560.2571,1456.2419,1715.766,1172.5452,1663.9146,1327.4463,1456.0837,211.5612,-111.2791,-161.0736,-386.7438,-220.6457,190.167,-221.8442,-117.952,-0.0111,-0.0001,-0.043,-0.061,-0.0339,0.0009,-0.0638,0.0012,47.5007,48.0181,46.1185,44.4185,43.4788,45.4163,45.8308,42.4551
134,134,53.65516,19.28291,9648.1,327.0,LOT283,1,11.0,46.5561,1.1834,37.5915,47.6776,110.5866,9.0909,0.0,0.786,0.1866,0.2421,0.4231,0.5691,0.7724,0.4163,0.4426,-36.9299,-38.4123,-43.2356,12.8292,2.104,34.364,220.422,1.7212,-2177.9617,-163.2039,1854.4693,854.5081,2169.1773,3341.7758,2248.5394,-1888.043,22450386.0242,21044439.9346,22631295.0366,22309276.3945,19699047.417,22641920.1381,22293649.1253,20553453.2683,-548612.5428,446846.2538,394066.5588,411047.8178,2445152.4389,-300354.9321,846299.1137,2525833.5159,886.1315,946.5427,867.1679,867.5916,993.124,890.7515,915.144,730.7646,777.0012,777.3279,802.1853,864.0271,701.1757,795.1368,796.5172,869.0884,1581.6682,1375.7911,1510.5589,1511.4528,1507.3968,1453.6436,1347.6012,1764.4062,1594.9939,1071.4231,1301.8544,1182.4917,1412.0574,1499.2459,1280.0514,1154.3298,82.1667,-260.033,80.3963,-25.0934,18.3898,-443.0408,-291.2595,503.5053,0.0329,-0.0469,-0.1048,-0.0183,0.0148,0.0097,-0.0231,-0.0346,43.7753,44.3112,45.4413,46.3296,46.1022,47.1391,47.5127,41.8512
135,135,53.66628,19.27034,9660.8,327.0,LOT283,1,9.0,48.6316,1.0368,41.1309,50.1082,100.0445,10.9422,0.0,0.8334,0.133,0.2236,0.2381,0.739,0.7749,0.423,0.4003,-37.6688,-37.2018,-42.3548,17.0548,2.2585,38.3994,216.57,1.8987,1615.1069,948.1605,323.0237,-3324.312,864.5779,-1171.0694,1343.4045,-590.7426,20184046.3271,23249865.6612,24329369.6626,20238512.6155,21180498.9635,21833526.4333,21521949.4976,21441912.2578,-705471.891,-137839.9458,277903.4846,148248.279,-602104.1341,-971994.0749,-431731.7607,-262617.3369,852.146,834.4435,744.3985,745.2714,896.1138,761.703,922.1393,907.1402,791.4595,826.1272,770.092,875.8165,883.1875,721.3854,771.0323,830.2879,1899.7066,1629.6799,1597.511,1475.7577,1396.6043,1473.2549,1548.9122,1492.8063,1580.0671,1534.7053,1456.2503,1738.4015,1494.2505,1933.3626,1579.3663,1753.9834,-146.5018,-161.5497,243.43,-14.0549,134.7186,-194.226,-117.1272,-581.1538,0.0114,0.0017,0.0634,-0.1031,0.0134,-0.0535,0.0841,-0.025,42.9631,42.2757,42.4385,47.7311,46.7074,43.7094,44.8587,46.8162
136,136,53.6774,19.25777,9671.8,327.0,LOT283,1,9.0,45.494,0.8919,37.258,48.1209,130.2595,10.3221,0.0,0.779,0.1478,0.3223,0.3501,0.5946,0.8671,0.3827,0.4402,-35.9466,-40.1266,-39.3283,7.5107,2.179,38.4459,214.5947,1.3285,144.5578,-2087.5309,332.915,1546.212,-347.0429,1247.5058,3259.6353,-881.0526,22855515.571,21958053.5475,25446233.1295,21071636.8295,21350879.2273,22241176.5339,20661084.2249,23280019.6524,-788540.9736,968524.8016,-187224.0014,-1099407.2184,349797.7236,-438468.8664,-1086857.3226,-1300181.0176,955.6224,928.8093,829.771,584.3409,703.6954,923.1855,857.9091,844.0248,985.8488,910.7341,887.0668,816.9922,671.8324,843.3586,760.4992,825.9991,1392.95,1457.3184,1567.9091,1504.7646,1320.5745,1180.5653,1349.3985,1458.4569,1889.6721,1138.0489,1879.2217,1436.4314,1752.7806,1366.5208,1393.4162,1121.225,45.6757,-260.9626,191.1171,258.5444,-96.147,-6.6573,-244.6153,241.19,0.107,0.0599,-0.0126,-0.0508,0.0247,0.0536,0.0442,0.0016,48.6674,41.2845,44.303,43.3685,40.8155,45.8355,43.8104,45.4435
137,137,53.68852,19.24521,9681.2,327.0,LOT283,1,12.0,46.9267,0.8845,38.9316,48.3201,127.9244,10.9226,0.0,0.7834,0.0804,0.1407,0.4763,0.6348,0.8582,0.4096,0.4193,-37.7555,-40.9458,-41.7131,8.5093,2.0825,31.8182,219.4627,3.108,272.8108,-1735.2718,-988.4945,3176.134,885.3001,-1297.9288,478.088,866.7116,21181702.158,21699701.6647,21052597.399,23625226.8503,22689478.8298,23133377.0718,21656518.6762,21048421.6827,-285425.7956,-535630.547,-1590734.9906,-2837951.4136,996476.1789,245038.9802,-1724752.6518,468672.508,851.7915,804.5799,937.8125,841.3344,939.8943,864.548,873.5948,699.9073,915.6832,745.2738,661.4602,786.9329,961.3976,731.2021,840.1326,665.471,1643.6567,1517.8701,1812.8929,1784.1976,1567.7456,1438.7957,1380.7064,1321.8193,1644.2804,1255.8361,1321.0488,1561.741,1133.0968,1791.2276,2011.2883,1607.9757,-239.8677,191.1053,123.3686,95.1784,-292.8428,-60.1705,80.9389,-298.9718,-0.0533,0.0443,0.0174,-0.034,0.0051,-0.0467,-0.0289,0.0495,42.7498,43.7774,45.7652,43.5638,46.4936,46.8239,47.6362,43.2967
138,138,53.69964,19.23264,9688.7,327.0,LOT283,1,11.0,50.0175,0.9647,41.973,52.1797,96.1578,11.142,0.0,0.8001,0.1128,0.2405,0.3853,0.667,0.7595,0.4003,0.4128,-39.5682,-39.0105,-39.9339,10.5129,2.45,35.2021,227.0677,2.4934,-1259.6785,3834.1314,2637.2495,2812.3543,-153.4886,-2344.8095,-2765.8901,1872.1652,21998698.7089,24101258.8548,20487668.3815,23852726.5178,22362841.6895,21133263.5952,23934533.4871,23083904.7473,328715.4113,-41728.4385,-184158.3988,-1617968.2275,-46293.9453,1158294.3399,-496458.8348,1360016.1077,827.3237,759.136,779.3278,892.5551,1041.8959,826.19,649.0043,746.054,992.6237,731.5268,762.9038,717.0163,877.1885,783.9363,760.8956,732.2451,1087.5064,1444.2389,1456.374,1509.9293,1601.2391,1645.8616,1202.0458,1521.0745,1501.079,1456.8895,1355.9465,1421.5675,1417.6137,1466.2018,1682.5943,1325.8125,124.3277,286.8425,-82.7597,188.7538,-372.6039,18.8029,-99.7678,-537.819,-0.0159,-0.0511,-0.0951,-0.0079,0.0461,0.02,0.0073,0.0325,44.555,48.9368,45.0133,47.0734,44.0321,48.97,47.0091,44.5001
139,139,53.71076,19.22007,9694.4,327.0,LOT283,1,12.0,50.3582,0.8324,41.3877,52.1038,114.1517,8.2907,0.0,0.8334,0.1255,0.1622,0.3785,0.6004,0.9787,0.4398,0.379,-36.812,-36.6541,-41.4451,14.0172,1.9952,42.029,218.018,2.1736,-2099.1009,-951.98,722.7632,-873.1324,-580.7268,-58.6602,-1895.6526,1313.9433,23062713.8434,25540568.3737,19151030.7298,20894751.0726,23180622.0841,22307022.5671,22195141.7788,21326879.9117,1099975.8029,-2538940.8839,-890393.5906,1237326.8453,78159.947,1709543.5987,-1572311.7867,-556479.5543,672.4941,776.8088,749.42,899.6636,888.0555,934.7976,788.5293,705.5848,752.674,834.0384,727.3237,747.5413,784.3851,934.3001,841.0944,730.8124,1661.465,1580.4227,1522.6283,1557.9529,1396.1936,1414.7657,1251.2209,1617.8474,1457.6419,1748.6251,1501.9117,1159.9392,1522.7703,1379.8586,1599.5023,1405.2221,154.9064,-139.0915,-28.9676,-523.883,-179.9309,-30.8726,401.1025,-29.1384,0.0276,0.0228,-0.0361,0.0422,-0.049,-0.0771,-0.0184,0.0209,47.0837,43.9736,44.5325,45.3881,43.5567,43.0212,44.6201,43.8313
140,140,53.72188,19.2075,9698.1,327.0,LOT283,1,12.0,46.228,0.9315,37.728,47.6379,106.7452,11.4403,0.0,0.8743,0.146,0.1966,0.4301,0.6022,0.8626,0.3631,0.3681,-37.8497,-40.7262,-41.5964,9.5873,2.2161,35.4906,218.5218,1.0234,3128.3107,-2191.0801,69.964,2116.6122,-693.5174,2628.9663,-1152.9809,-1525.7545,23683668.2231,22806709.3031,24775793.8145,21376223.5291,20573943.5584,22906188.3063,19975727.718,25031903.1905,-977319.4437,685107.1318,1284031.7728,-363694.8226,668140.9056,1890256.2242,1640148.1342,-765184.5188,720.2257,837.063,820.4501,806.6904,728.0167,641.4778,689.5558,935.7169,674.6573,850.7422,836.2378,959.2235,904.5692,794.5278,790.2754,754.7282,1670.2466,1531.0817,1664.344,1440.887,1577.2993,1314.7964,1359.648,1650.7269,1314.3428,985.2364,1476.2634,1455.8635,1773.9613,1267.8892,1694.5004,1464.1026,110.7119,-107.6531,-129.5852,21.3102,-143.5346,111.1368,-326.1509,16.8559,0.0134,0.0034,-0.08,-0.0672,-0.1021,-0.1043,0.0381,0.0658,46.7874,43.027,46.8343,46.2903,44.5756,43.5088,43.4785,44.4468
141,141,53.73301,19.19493,9699.9,327.0,LOT283,1,12.0,49.0159,0.922,42.2624,52.2504,118.4636,8.7358,0.0,0.8342,0.1433,0.2875,0.3647,0.5947,0.811,0.4485,0.368,-38.3953,-41.1198,-42.022,18.8627,2.1325,33.7726,218.6046,2.48,1377.481,-526.3825,1218.9208,-1621.0907,2273.5326,1077.0957,-518.0104,3.5224,24271495.5129,23989911.6415,23742094.3836,20446353.8813,21938529.2147,22596529.0291,22052320.9075,22814046.1802,1485352.6634,68235.4524,-1000002.5573,1271140.5514,-258255.0363,1215878.0618,772653.0604,-859199.9606,882.7583,877.2546,692.9213,600.5719,784.3211,816.8844,749.6155,768.1612,861.0119,914.2235,974.8085,789.7802,934.2575,785.1417,750.5793,822.204,1305.7344,1120.442,1501.0828,1746.3068,1470.9292,1418.5759,1487.1962,1589.2881,1763.487,1304.4581,1783.0251,1695.3414,1532.9459,1657.7379,1540.5143,1766.5844,187.3276,-275.6397,-97.0296,-202.6994,-13.6107,17.8556,-71.5791,-45.4284,-0.06,0.0177,0.0062,0.1009,0.0283,-0.0564,-0.0027,0.0374,41.8189,47.437,45.6222,43.7684,45.2261,41.2776,46.6608,43.9704
142,142,53.74413,19.18237,9699.6,327.0,LOT283,1,10.0,49.4909,0.674,41.401,51.6268,133.3211,7.7695,0.0,0.8004,0.15,0.2387,0.4225,0.6912,0.8138,0.3942,0.4119,-35.5039,-38.8428,-39.7428,15.491,2.2911,43.7043,217.4132,1.2654,1230.0096,-1072.7668,-346.6394,-2372.2854,-280.2361,-2644.4873,-423.9418,2349.9354,22544214.6112,21400200.4733,20759819.7311,21649761.517,24228801.2542,21077000.0464,20768036.676,21704801.6949,-199583.1714,-893623.2396,-411403.5222,631291.3628,-1162046.116,597670.1582,951408.2825,-220329.7719,846.2815,773.4483,882.6297,773.926,742.79,864.907,808.1755,844.9158,741.7833,915.7921,894.5704,841.2082,719.2783,800.161,697.475,957.8812,1587.9876,1304.3641,1547.0826,1600.913,1663.1002,1543.662,1590.6158,1746.0839,1851.0984,1634.0178,1494.0441,1456.9626,1431.2443,1457.8084,1692.1354,1744.7757,365.1821,245.2712,-25.1925,-101.7099,51.9692,-238.958,-247.1739,-409.094,-0.0706,-0.0185,0.044,-0.0371,0.0127,0.038,0.0349,-0.0066,48.8631,45.817,42.6272,42.6778,47.6922,44.7862,45.5048,49.3422
143,143,53.75525,19.1698,9697.4,327.0,LOT283,1,9.0,50.8711,0.6257,43.4171,52.7144,110.9066,5.5597,0.0,0.8193,0.1341,0.188,0.4286,0.6329,0.7976,0.351,0.4122,-35.5422,-41.0512,-38.7023,10.4344,1.9752,33.4708,219.2031,2.2843,2148.1425,475.5191,-105.4369,-2351.8597,420.4374,-2569.0326,1465.4247,-1620.4816,23663154.2218,24581305.9704,23754590.3417,22149106.2781,20953743.6764,22091047.2153,22925863.4679,22844208.0384,44458.9204,442916.8167,328910.3615,309687.9478,2133600.294,-504452.9468,-491236.5992,-2005796.1569,667.07,662.9167,793.0567,862.1703,672.388,905.0244,698.7841,754.4195,862.7832,852.4838,658.822,713.2322,872.8214,865.2874,813.7832,924.692,1140.2306,1556.323,1390.2071,1168.9697,1616.0163,1574.634,1476.9791,1298.1223,1770.3337,1223.1755,1745.1005,1702.8076,1441.1346,1651.6947,1646.0182,1623.8559,-108.3818,279.8233,-208.3947,-393.9869,118.8435,-44.644,40.6908,222.0748,-0.0289,0.0317,0.0457,-0.0576,-0.0391,-0.0459,-0.0062,0.0653,46.5956,41.2679,45.8165,45.5871,44.2039,41.667,46.0385,44.9866
144,144,53.76637,19.15723,9693.1,327.0,LOT283,1,12.0,49.0308,1.2162,42.3675,51.9908,147.5802,9.704,0.0,0.779,0.1354,0.1828,0.3076,0.6774,0.7928,0.4143,0.3853,-37.7216,-36.0023,-43.7572,20.9008,2.0691,39.5299,220.869,2.0767,-1154.2832,165.9957,-1156.5474,774.6115,-82.8788,1233.9044,259.0883,36.4875,22435086.3378,22809682.8127,22609695.7916,22138501.6954,23998854.0095,21474795.5967,19662263.227,21222440.747,257367.7026,6222.554,331569.0442,-747809.9622,245757.7571,1241221.6055,-2584674.512,21941.2594,751.6354,861.2296,592.3794,869.9206,782.5456,767.7511,785.8465,720.4551,967.9444,671.9263,741.7314,755.4727,796.1743,728.9127,697.6164,820.751,1574.8784,1542.7097,1376.4544,1510.8928,1531.353,1639.7475,1300.572,1400.3959,1578.0824,1713.6575,1199.9695,1370.1463,1572.3954,1209.4553,1093.7794,1545.1364,-303.8208,-298.3069,201.3692,103.2417,44.9007,-283.6814,-114.2722,-359.0476,-0.0559,0.0353,0.0845,-0.0318,0.0144,0.0098,0.0142,-0.0802,44.7773,47.7022,47.3107,46.6832,47.3929,45.6679,47.8001,44.3718
145,145,53.77749,19.14466,9687.0,327.0,LOT283,1,10.0,48.3423,0.9836,39.1966,49.9966,107.6421,9.7349,0.0,0.7535,0.135,0.1709,0.4638,0.7085,0.768,0.3581,0.3695,-36.8217,-38.8499,-40.705,20.7272,1.9559,37.8984,217.6935,1.9918,1563.7503,-371.7518,2485.7744,-142.5585,2384.7497,1046.0195,821.602,2596.7194,21264492.181,20917635.0359,21953774.1572,23077029.8173,20747952.9101,22938459.4571,20517247.3215,21692626.9145,117573.1626,2360400.6713,277173.3832,149814.7429,-420004.8938,-634250.3018,-123588.1365,614381.9424,690.6729,810.5764,728.2814,696.6784,862.0456,810.5498,837.9147,730.8018,732.8859,799.2472,953.599,601.7931,768.9925,881.5048,823.7357,710.1443,1580.0898,1431.8946,1244.179,1396.171,1344.9433,1394.3696,1546.4952,1653.4361,1457.7039,1538.1001,1504.3585,1806.6752,1454.2564,1554.401,1482.3224,1477.7308,-139.6152,-19.1192,51.8792,111.001,154.8296,66.4389,-276.3925,-406.1439,0.0182,0.0188,-0.012,0.0629,0.0056,0.0379,0.0631,0.0277,44.9068,45.6292,49.5826,45.5145,47.6347,46.7217,43.7075,44.4044
146,146,53.78861,19.1321,9679.0,327.0,LOT283,1,11.0,47.3966,1.0274,40.3114,50.6958,99.6174,10.6365,0.0,0.8433,0.1106,0.2456,0.5563,0.6426,0.7755,0.4193,0.4605,-36.6288,-35.5359,-40.7628,17.1657,1.9336,37.1265,224.0374,1.7426,1073.4657,-889.1445,290.851,-1438.2343,1177.8737,345.1672,889.4859,1542.2998,21376637.1443,21679658.0276,21858472.1844,21095454.2994,20586769.7664,22683872.1432,21412382.5978,22337211.5777,-786763.4924,641574.7131,551932.7925,-550291.5958,-1215597.4709,612079.0477,-1790356.1495,1865498.6723,725.16,758.2087,767.8227,601.4908,620.3147,850.8923,837.9641,721.8278,775.7772,959.4325,820.7023,696.6523,878.022,939.7365,892.5342,799.9655,1565.0944,1582.8893,1295.2814,1554.2101,1332.3587,1591.2795,1674.6023,1479.6932,1395.1344,1388.0819,1567.2652,1644.3417,1655.9741,1353.5308,1735.4344,1469.1654,-230.2625,22.4687,-183.6339,-198.7256,181.0532,-141.9893,4.6738,-205.3526,0.035,-0.0533,0.0019,-0.005,-0.1271,-0.0186,-0.0759,0.0002,45.4607,45.4052,46.742,47.1167,46.7817,50.3669,46.1844,45.601
147,147,53.79973,19.11953,9669.1,327.0,LOT283,1,12.0,49.2812,0.9348,40.976,52.5279,128.2257,7.2803,0.0,0.8275,0.0756,0.2041,0.3064,0.6101,0.7679,0.4494,0.3855,-36.9654,-41.6801,-40.0708,16.1613,1.7339,38.7366,214.011,1.6703,-1051.2965,-3039.5101,349.1815,882.0699,-3689.925,-1023.3388,-690.4587,577.167,24270631.5829,22551306.0136,21808970.8285,21688293.5744,23487634.6648,23815106.355,24844785.755,21155504.347,-595804.5559,138431.3415,1084500.0733,-1190438.6566,-476340.2663,-7859.27,-412100.5804,2150798.4196,774.5514,642.1472,643.9513,591.2264,854.1296,677.3137,924.3642,768.9099,779.8067,797.3254,664.8137,817.958,579.948,923.9375,662.8578,726.0721,1686.604,1708.666,1616.4763,1642.3935,1579.237,1292.0454,1513.4475,1596.769,1224.1807,1398.8998,1826.8407,1657.6291,1494.5979,1439.0243,1569.0008,1715.0958,-254.1503,286.2715,-161.7805,-117.7059,58.9386,-126.9205,54.989,290.8221,-0.0245,0.0554,-0.0279,-0.0409,0.0168,0.028,-0.0086,0.046,45.9772,45.6202,47.4772,48.7736,43.989,44.1952,47.2975,46.3635
148,148,53.81085,19.10696,9657.7,327.0,LOT283,1,11.0,51.2763,1.1055,42.8525,54.4267,120.1513,13.1894,0.0,0.8169,0.1335,0.1786,0.3624,0.6478,0.7872,0.3563,0.345,-39.5983,-37.3269,-43.4652,15.4052,2.6835,40.0027,226.3369,1.7069,609.3946,-2643.8471,-347.7965,85.1739,808.1172,1122.3626,-1282.5707,815.1104,19081694.0623,20607432.4957,22067079.6425,22323785.8327,24913155.076,21079478.4514,21950123.1613,21982407.5977,-269892.064,-1311009.9228,838940.07,-160619.6287,112955.8885,-1165185.5209,-767789.1546,705231.1261,1017.671,759.2371,706.9885,928.8187,788.4526,676.0373,819.4503,778.3288,874.1676,693.9449,872.8052,835.7061,739.4109,808.3518,942.8648,798.4539,1492.0983,1521.5745,1314.3,1335.251,1315.7664,1463.5985,1579.9387,1519.0479,1501.0963,1707.4239,1708.4938,1428.7846,1548.8284,1436.427,1460.6561,1539.458,66.9239,349.4401,49.8454,28.6317,347.4818,-95.8886,-169.5534,325.0767,0.1016,0.1019,-0.0434,-0.0929,-0.0074,-0.1081,0.0224,0.0237,48.1997,43.531,43.2408,46.0313,43.2058,46.4112,44.8158,44.8486
149,149,53.82197,19.09439,9644.6,327.0,LOT283,1,10.0,49.5688,1.0539,41.0051,51.1232,106.3883,8.8737,0.0,0.8433,0.131,0.1677,0.4416,0.6643,0.8136,0.4077,0.4355,-38.0266,-39.3918,-40.354,23.0434,1.4252,41.6565,223.9139,2.2832,3132.3565,-1443.2261,437.8457,3024.2641,2947.5667,-1398.49,-2369.1378,873.2051,21235465.5176,21631675.5994,21626274.0853,18673565.4045,21555503.8502,20141428.3932,20838095.9515,24028922.207,-384797.1286,1090919.4885,1324404.199,866592.644,1138195.4167,1077957.1542,270450.7918,1520125.6551,723.1401,790.9087,945.1029,838.3984,989.4867,661.0168,916.1181,950.0233,649.7947,885.3782,950.411,890.8401,692.4699,744.2863,801.9821,633.9057,1551.2414,1545.4314,1380.8588,1841.8318,1350.1955,1468.1431,1486.0975,1495.622,1538.3017,1533.1104,1460.754,1944.0701,1704.2954,1064.4661,1057.1712,1482.9537,101.1898,15.6657,-29.8941,-23.1102,-254.3307,166.9061,-119.4175,-16.3705,0.0283,0.0485,0.0013,-0.0743,0.0282,0.0317,0.0336,-0.0965,45.7516,46.6337,47.0303,43.3095,45.8576,44.4948,44.6734,44.1758
150,150,53.83309,19.08182,9630.1,327.0,LOT283,1,9.0,50.2234,0.8152,43.061,52.745,113.8423,9.3359,0.0,0.8032,0.1341,0.1314,0.4094,0.6045,0.6802,0.393,0.3997,-37.9461,-40.8242,-41.9073,12.8377,2.0082,38.1764,224.2244,1.8774,-1217.3814,-368.174,98.6862,1126.3595,987.2011,-3824.9175,288.3715,616.6414,21336142.867,22295119.8597,21420218.015,22230707.6487,21673899.0359,20375990.0542,22246229.4713,21143291.4799,-706693.1546,-1252684.4009,929489.0951,-478166.6401,334572.1885,218054.9395,-309726.2775,1938365.1792,919.9775,845.1613,653.0033,725.318,843.1961,734.1566,858.9586,859.3122,722.0319,746.5795,686.4032,909.7539,760.8714,914.8872,781.1369,638.2768,1608.8193,1688.0392,1739.603,1713.2861,1314.0929,1501.4677,1285.9029,1752.8002,1640.5912,1658.4356,1625.4194,1172.9492,1684.6035,1272.485,1295.046,1634.4247,-7.4483,-111.1481,97.7151,-231.9645,209.0978,-12.2229,152.9381,107.1823,0.0182,-0.0282,-0.0218,-0.0665,0.0548,0.0067,0.1942,-0.0756,45.9922,45.8198,42.8861,42.5144,47.7626,45.7416,46.0604,45.0252
151,151,53.84421,19.06926,9614.2,327.0,LOT283,1,10.0,47.3415,1.102,40.0641,48.9687,99.8552,13.4089,0.0,0.7775,0.1088,0.1373,0.5487,0.7099,0.8044,0.378,0.3661,-37.2805,-39.8294,-42.2188,12.6556,1.9951,33.0564,217.3594,1.8501,-472.4807,1621.8597,-1307.5875,2407.3765,765.1251,-228.5079,1271.5583,9.7468,23576959.3476,19149634.4715,22763396.5933,22327128.9914,18967669.8176,19848410.1342,20210168.7143,23330633.0378,-491878.8481,-343158.5198,-492255.7341,294440.8209,59176.9928,470380.7585,313252.4642,470069.608,803.184,687.7312,791.9897,871.3401,782.8724,784.6532,914.2212,760.8876,668.8643,840.9326,821.1914,848.9456,692.53,664.2828,771.4823,754.3444,1338.0962,1674.1773,1321.2606,1612.7167,1574.8276,1539.6405,1498.8567,1510.9872,1638.5106,1653.3842,1641.5131,1659.0719,1703.3151,1806.0634,1384.3294,1707.0535,-468.6359,-63.9,56.4306,70.2616,-37.5937,-153.9956,-64.7472,-89.8094,-0.0225,0.1121,-0.0297,-0.0457,-0.0751,0.0223,0.1038,0.0218,46.7936,45.0575,44.3801,42.1089,41.4744,47.1449,44.9754,41.9811
152,152,53.85533,19.05669,9597.3,327.0,LOT283,1,9.0,48.3594,1.0978,40.3223,50.1766,110.9527,11.1178,0.0,0.8279,0.1444,0.2764,0.4331,0.6684,0.7474,0.3943,0.3884,-38.4417,-39.4244,-40.2786,23.488,2.0634,39.9362,217.8664,1.7808,-350.6742,703.1152,674.6556,384.7891,230.7198,-1338.4739,-667.8134,-1367.5246,21866416.0645,24027186.6314,19713659.3041,21154000.9349,22208530.0419,23416721.0706,23520101.5904,23110182.3561,-900235.6528,-1036823.2625,2075552.2933,-1907143.9382,1053947.7673,-851186.4467,-1084945.2907,756982.5866,925.7172,597.1136,773.1436,692.8261,633.5323,714.6037,910.0472,727.8508,879.0957,921.4039,784.6837,826.7642,775.3769,623.0316,793.0786,760.3265,1560.8208,1475.9,1429.7856,1379.1482,1270.3527,1434.7792,1736.1956,1601.4377,1163.3029,1748.9779,1609.1394,1539.2473,1460.1038,1499.1279,1485.145,1147.8181,27.5058,-255.0288,-159.6582,-12.8946,100.5129,514.2121,-12.4249,106.0222,0.0155,-0.0455,0.0075,-0.0079,0.0041,0.1224,0.0096,0.0255,44.0639,46.7347,47.9227,48.3613,45.0072,43.9643,45.8373,45.1595
153,153,53.86645,19.04412,9579.3,327.0,LOT283,1,12.0,50.3448,0.9983,41.9394,51.7474,121.2453,9.0516,0.0,0.8173,0.1575,0.1999,0.4376,0.67,0.8541,0.386,0.3915,-35.5814,-39.0902,-41.7843,16.9064,1.8924,40.8295,218.7542,1.3231,73.0114,813.0241,-2522.2376,-2376.0615,1054.8028,287.2933,520.1963,2284.5501,18705193.1381,22607881.0104,19615894.2299,21167894.4817,20905080.6893,21896734.2363,23299688.9061,19845315.964,37961.9326,-17818.3168,-855876.2268,-331333.7849,-555443.1815,712451.4272,-1006378.8596,1098944.9787,655.1498,661.0616,712.1873,778.6645,886.8474,852.0228,889.5854,649.4548,772.9461,869.2734,790.3753,795.3267,535.1148,808.2175,918.8858,784.1627,1596.07,1050.1207,1267.6939,1290.8541,1599.0451,1290.0992,1428.8929,1254.7826,1138.7388,1462.9918,1318.0978,1414.3079,1533.3395,1743.8819,1973.0434,1430.7279,-443.516,131.7487,393.0351,-309.9123,416.8768,83.9924,158.4476,-278.3305,0.0268,0.0332,0.0054,-0.0507,-0.0016,0.0097,-0.0116,0.039,45.4478,46.5295,46.1706,42.4172,45.6095,43.492,42.6501,42.5498
154,154,53.87757,19.03155,9560.6,327.0,LOT283,1,10.0,47.3218,0.7755,38.0624,48.7328,107.476,10.7367,0.0,0.8077,0.1359,0.1409,0.3911,0.6911,0.8515,0.3891,0.4024,-36.8131,-39.0333,-41.0371,20.4357,1.7364,31.2707,227.4464,1.8739,3280.762,-1229.2522,570.7586,-70.1225,871.7966,-13.1324,-1032.3949,3453.6073,21804227.7552,21641531.8283,20144424.4902,22374786.8817,21967984.5066,20381327.128,23058116.6275,22077714.0648,-2500234.4492,1585858.6236,490876.9408,1182046.4947,13272.0035,-953005.8023,-2488737.9788,642653.6793,819.0105,583.3712,910.7626,628.2787,894.9616,865.2192,834.8086,865.6372,906.7032,823.5036,824.4386,948.8095,805.246,743.3423,872.988,623.5481,1278.8478,1596.6349,1452.4072,1983.5121,1252.8765,1537.2069,1349.4839,1632.3365,1355.1116,1209.1886,1637.1644,1600.6701,1742.8479,1415.2367,1276.4804,1556.959,107.358,-157.4107,-270.6753,134.633,-190.9223,197.3373,167.5347,-226.236,0.0227,-0.0047,0.0302,-0.0055,-0.0455,0.0105,-0.0353,-0.0681,44.868,43.7792,46.2709,44.515,42.8762,46.9123,43.27,46.4868
155,155,53.88869,19.01898,9541.3,327.0,LOT283,1,12.0,45.9689,1.0174,37.4969,48.7162,119.9546,13.0832,0.0,0.8926,0.1316,0.1834,0.3749,0.7426,0.8317,0.4129,0.4003,-36.1114,-37.0029,-42.5206,23.9426,1.5967,46.4838,217.8274,2.6473,1358.6945,-633.4769,-1157.0603,-140.0301,1817.4592,-1159.5544,211.759,115.5069,20834259.782,22702408.4627,19352707.7317,23127659.0936,20957908.9782,22279409.9142,22708953.5948,22589825.5888,955658.9711,-286834.2014,1640361.7909,1004737.9003,998882.391,-1425519.6913,-1184153.7133,918140.0716,698.7377,840.8803,763.3062,773.1564,654.4215,758.5142,647.001,951.5422,1055.3269,866.6951,665.3647,917.3614,875.8379,929.5363,684.8491,786.5612,1397.8575,1654.0856,1683.6005,1656.838,1651.535,1413.1673,1382.2279,1492.96,1199.9891,1305.7134,1917.3682,1582.3533,1254.093,1465.3408,1492.1911,1696.5158,219.2336,-146.2626,-136.6795,215.7784,-159.0162,163.0999,53.5967,314.3524,0.0354,-0.0243,-0.0446,-0.0248,-0.0359,0.0143,0.0248,-0.0407,47.5367,42.4445,49.5812,48.2021,45.2875,48.5884,42.9921,43.83
156,156,53.89981,19.00642,9521.6,327.0,LOT283,1,9.0,49.4508,0.9886,41.1142,52.355,100.9474,11.3326,0.0,0.7948,0.1359,0.2101,0.3693,0.6437,0.8436,0.3336,0.3899,-36.7742,-38.8366,-42.1958,18.6575,1.6637,37.3141,221.4073,1.1821,14.5538,-466.7766,2536.5817,2898.3078,1642.7676,750.408,1065.6476,-1507.4054,21941181.187,25427141.6658,24953673.1006,19130473.2049,22945822.039,23007884.2992,23754160.0358,20061381.4873,432288.3285,142455.8457,-511193.961,1839579.5206,8936.7405,-2026402.9778,855051.8159,-254159.3449,659.7552,803.7898,735.9823,889.0424,789.1591,787.4168,897.4632,785.941,713.9488,505.1215,839.5932,862.8001,752.2783,704.5674,671.1246,788.0742,1407.8312,1812.56,1299.8479,1541.5425,1316.6915,1562.6074,1312.4494,1536.1596,1474.0179,1606.6445,1314.6418,1184.5658,1188.8032,1421.6548,1010.0334,1713.172,97.4606,438.4135,-129.1553,118.3622,30.2076,73.9596,-206.3365,-62.4439,0.0762,-0.034,-0.0947,-0.051,-0.0356,-0.0028,0.0616,-0.0447,42.5083,45.6293,46.4386,44.1479,44.2988,47.1864,44.9659,47.5207
157,157,53.91093,18.99385,9501.6,327.0,LOT283,1,12.0,47.9112,1.0568,40.1221,49.7454,102.6933,8.8996,0.0,0.725,0.1218,0.1829,0.4476,0.6537,0.7703,0.398,0.3549,-37.3641,-37.8418,-41.2998,14.6494,1.747,42.6324,225.2728,1.7631,-1453.8954,-5.3969,-1024.7681,-640.2177,-2546.0671,-187.6508,992.5081,-2833.0996,23501705.8188,24700227.938,24287989.7844,22010199.0177,20859664.8077,21927675.873,21792264.4922,21143898.6447,141668.6394,155955.8199,-1762738.0838,593226.782,277487.5373,786502.6803,486170.7699,208351.4872,802.4206,843.9456,813.5445,749.3244,890.7819,931.8965,873.7124,768.9631,706.0732,781.9608,805.0273,761.9826,1017.6095,783.7137,783.2014,979.832,1405.1757,1468.9655,1330.3618,1578.3592,1791.8616,1559.8165,1547.5768,1283.8026,1466.1031,990.3691,1320.3237,1601.9891,1697.0152,1445.2813,1457.7355,1534.4974,158.6713,20.216,-105.788,-281.4407,3.1599,172.6877,172.1207,70.6929,-0.0928,-0.0215,0.0122,0.1136,-0.0496,0.0115,-0.0244,-0.0046,46.6135,45.733,49.0871,43.7625,47.2681,45.5201,48.1882,43.9892
158,158,53.92206,18.98128,9481.6,327.0,LOT283,1,9.0,50.5833,1.2307,43.0286,51.2179,110.5561,8.222,0.0,0.8249,0.1005,0.1157,0.3215,0.6626,0.7676,0.353,0.4175,-36.749,-35.1699,-40.4776,17.4568,2.254,39.851,221.5621,1.9357,-183.5019,-1207.1313,-89.5623,-346.6361,2404.1075,727.0679,516.1657,-3760.6097,19696442.0807,21201042.4341,22106630.8326,25241495.2301,23089945.6902,18352422.5986,20502481.1159,21053670.2901,-332421.9032,472263.001,934657.2412,-797172.6568,-248328.5229,695491.2093,-1525280.9682,1254599.8662,978.1803,736.7098,729.8789,817.1709,750.683,945.8014,924.6788,833.077,628.5062,572.0937,757.7596,820.2685,861.6159,741.8337,730.2472,680.6027,1340.5561,1726.1566,1390.3287,1372.235,1651.4441,1529.4429,1588.3127,1654.1185,1330.5112,1424.2408,1426.0326,1509.0387,1424.2967,1391.8921,1295.7313,1786.1515,159.8264,-206.5994,70.758,-170.1614,-139.2713,-119.8192,219.8425,-258.4779,-0.003,-0.0231,-0.0287,0.0397,0.0129,-0.04,0.0766,-0.1095,44.1033,48.0385,44.129,46.6601,47.033,45.8871,46.2547,45.9364
159,159,53.93318,18.96871,9461.8,327.0,LOT283,1,10.0,46.0725,0.8806,37.9839,47.4016,118.2868,9.8737,0.0,0.7978,0.1304,0.0901,0.2934,0.6737,0.8882,0.424,0.412,-39.348,-39.7388,-42.8197,19.5232,2.0959,40.2144,217.3468,2.2005,423.4836,-61.6942,1220.2213,1071.537,330.7064,580.0666,-90.8089,445.2282,21579618.3455,20952464.6248,22367526.7879,23086618.6132,23884320.7212,21626995.3116,20928420.8971,20101447.242,686107.8348,-603790.7958,1468757.7583,-220757.8813,324656.5749,-231856.1073,-2120701.5563,-652369.7627,859.8391,812.999,945.0309,580.2677,655.7407,884.9288,746.9322,769.7441,809.838,879.1911,932.8937,994.0794,889.4431,848.1303,914.7365,895.0593,1720.7556,1428.7465,1422.2926,1243.6044,1431.2145,1438.3651,1633.6321,1538.3955,1239.3772,1667.0186,1186.5603,1515.6272,1252.82,1632.8164,1485.1144,1010.1892,118.0231,-4.2792,169.2068,1.9674,140.4576,-111.9452,-69.5229,99.5085,0.0177,-0.0813,0.0486,-0.0717,0.0392,0.0756,0.0483,-0.0532,46.1118,41.2458,44.1826,45.8404,46.7322,46.259,44.5329,46.9715
160,160,53.9443,18.95615,9442.4,327.0,LOT283,1,9.0,46.184,1.0683,39.6161,48.7057,120.8768,10.7557,0.0,0.7342,0.1557,0.1366,0.4925,0.7132,0.8353,0.385,0.419,-35.4384,-40.0304,-42.967,19.1512,1.8545,36.6662,216.3468,2.1573,-392.4511,554.5879,1062.3506,326.8632,-236.1391,-2219.8104,411.1605,1538.2588,20608546.5783,24300386.0369,23142881.9877,19550116.4605,22663467.2618,20514210.5522,22521892.3051,23771673.2698,-1096340.3964,-255069.9876,-1401819.2777,2620240.4292,268522.7295,967359.1562,-2148752.8745,961796.5352,736.1629,721.0079,897.7565,982.4894,728.0274,813.3044,845.4261,991.388,707.4886,751.5113,945.5174,678.341,687.6115,739.0053,743.801,698.8483,1516.3516,1552.0625,1564.5741,1341.3688,1477.9616,1452.1473,1458.9546,1403.8096,1687.9059,1512.2063,1464.5991,1435.0079,1535.9252,1550.8362,1142.5305,1560.735,395.7861,-110.7546,-13.7788,293.8223,152.5567,-83.2,327.5872,-140.1952,-0.026,0.035,-0.0629,-0.0728,0.0442,0.0618,0.016,0.1048,46.5105,46.6167,44.4112,44.276,48.5387,47.2711,46.0673,47.8496
161,161,53.95542,18.94358,9423.6,327.0,LOT283,1,12.0,46.429,1.0725,38.8404,49.0433,108.1543,8.0813,0.0,0.7549,0.1033,0.1869,0.3173,0.6938,0.7654,0.381,0.4193,-36.1876,-38.9888,-41.9586,21.6982,2.4692,26.9799,224.1389,2.1456,-33.3423,1724.686,1793.1962,1944.5761,1286.2066,785.3769,974.5068,1185.9953,23623043.3141,21553209.0682,21631199.2491,21549051.3607,24182457.2118,21479822.6159,21821463.433,21200885.8635,-194573.1707,-1027676.7759,-13859.0871,96228.768,554850.4422,-178698.0191,-923209.8076,-2581222.8092,678.7729,746.7617,797.0312,696.1088,706.7956,795.1773,707.9813,875.8392,796.2353,702.8226,835.9339,825.6769,585.1957,769.5214,792.0752,686.4848,1480.3052,1386.5742,1405.4025,1388.9398,1379.9321,1538.5133,1730.1555,1457.507,1270.4191,1774.3555,1756.9452,1342.344,1828.7523,1586.3937,1402.609,1386.202,-168.9552,-9.4721,-20.7224,-265.5693,82.8377,80.2052,-68.9715,338.1018,0.0236,0.087,-0.0387,0.0886,0.0448,0.0499,-0.017,-0.0239,45.1921,45.4099,44.32,50.6462,48.1237,45.4839,48.5475,46.3053
162,162,53.96654,18.93101,9405.5,327.0,LOT283,1,12.0,48.1608,0.7556,39.749,50.6164,128.6987,8.7488,0.0,0.7274,0.0972,0.1808,0.3433,0.6348,0.8988,0.3923,0.4341,-33.304,-40.5863,-40.7008,20.9301,1.6213,43.2367,221.5417,2.1532,667.8322,-698.4266,-425.8976,-451.8605,-71.8574,1523.3533,856.2852,-1907.1442,23350179.1822,24172256.45,21995181.4133,22102861.9891,23753646.524,22736840.006,22937811.2768,21339731.3008,-549985.3063,697777.6109,-525704.4075,-593265.5637,398992.6073,1148528.2253,-817143.6511,-2498356.4148,759.8788,813.8775,846.4264,778.5745,918.6061,875.8559,727.0824,700.9398,645.789,859.1857,741.0342,938.4652,914.0056,831.6865,788.0874,805.7988,1554.4403,1343.6721,1441.038,1387.314,1552.7574,1587.0812,1500.3677,1318.9793,1803.0706,1480.8799,1615.2214,1411.2475,1330.5511,1535.7994,1445.7948,1532.5485,104.3467,-38.6939,-141.5909,-38.3354,8.2299,196.7106,-94.1295,-168.0349,-0.0039,-0.0421,0.0271,-0.0116,-0.0219,0.0172,0.0432,-0.0561,47.7178,44.6677,49.0846,42.3829,42.386,44.4728,46.7185,46.5677
163,163,53.97766,18.91844,9388.4,327.0,LOT283,1,10.0,49.2485,1.2868,41.9702,50.9694,135.9158,10.9148,0.0,0.815,0.1744,0.2292,0.4654,0.7028,0.7669,0.3846,0.3621,-39.1605,-38.6535,-39.8198,15.9415,1.4872,28.5155,221.4014,2.4731,-173.2216,-1715.0001,1745.5472,386.5279,3208.5676,-1083.9051,-1943.5639,1832.1712,23056788.4252,20691519.8717,23063975.5251,23866796.1187,23489206.7296,24543673.3783,23137717.3389,22610198.5525,-967592.3704,-428638.2381,-303779.4309,-2880683.2351,-540916.9659,1315872.0649,-632067.5997,-537158.348,842.6623,858.4312,685.1231,947.6445,1098.3744,802.6217,833.6325,911.7143,635.7531,874.815,769.3285,764.805,644.5289,918.7981,691.8066,714.7163,1615.3856,1649.853,1438.567,1408.7741,1725.5479,1379.5308,1178.7743,1496.7522,1440.1575,1304.8774,1058.7017,1281.8497,1570.7635,1466.7658,1733.2165,1857.3448,130.5574,-61.636,87.9122,350.5161,116.5854,239.8691,-20.8565,-231.9245,-0.0405,0.0285,0.0054,0.0024,-0.0111,-0.0954,0.0137,-0.0041,47.3207,45.28,49.78,43.3724,45.387,42.7935,47.4761,46.2157
164,164,53.98878,18.90587,9372.4,327.0,LOT283,1,9.0,48.8351,0.7897,38.8073,50.7099,149.5358,9.4999,0.0,0.7412,0.1133,0.1614,0.417,0.6816,0.8155,0.4406,0.4034,-35.8394,-39.7252,-43.4281,21.2925,1.6046,28.9748,225.761,2.0621,1445.9691,-321.4661,57.4606,1083.5733,-1415.5439,1433.3804,239.7594,-1516.852,23673225.7955,21013169.477,19463375.4781,23102301.2742,22948730.6905,23456362.7049,19149117.0702,21071155.2928,-1859521.484,306895.0152,-301742.7526,-467839.1078,124286.1118,-530088.7665,-1362759.183,801793.2375,944.0284,924.2989,683.733,764.9908,999.8495,728.2801,902.5318,795.0171,761.5767,733.9435,989.2935,756.436,912.3327,855.9867,681.9026,918.4779,1703.4061,1316.5947,1491.7977,1645.4775,1440.4834,1583.1633,1416.6104,1569.0558,1751.6087,1131.2139,1623.588,1552.2824,1573.7516,1658.1455,954.534,1565.7562,94.467,-54.9628,-304.1128,67.2064,114.9513,-139.4657,-103.5161,35.3982,-0.0022,-0.0364,0.0009,-0.0112,0.0316,0.0128,0.0423,-0.0687,44.2281,43.3139,48.0891,44.1847,44.4915,43.6785,46.6844,43.121
165,165,53.9999,18.89331,9357.6,327.0,LOT283,1,10.0,48.4479,1.1613,41.3011,51.6257,131.3334,9.5705,0.0,0.7692,0.1248,0.2262,0.3418,0.5855,0.8209,0.4182,0.4317,-34.7214,-40.3124,-41.2915,20.2475,1.4367,48.6115,221.2488,1.819,-143.1557,83.7296,-624.736,1169.9665,-1931.4084,835.1341,1701.1443,-814.0935,24298111.9056,21481780.7938,22852470.3413,22085740.5957,23183969.2809,22877545.8165,20053308.8633,19641406.0658,-943723.8004,1447822.3999,354536.8973,989295.0991,-1043895.3984,5436.6154,434369.0407,-1195864.4527,731.398,898.335,637.3998,752.4277,963.4498,795.7177,908.3039,733.8158,871.9811,901.1773,792.765,852.3887,835.7017,899.6681,769.7307,941.8743,1490.9829,1428.8244,1674.5303,1455.7654,1400.743,1374.5215,1457.9164,1458.4283,1061.2042,1342.782,1694.6423,1459.2063,1676.1381,1356.9918,1569.5077,1620.7007,-65.5407,272.1561,91.8625,-105.47,69.8532,-36.9203,124.4671,-197.3426,-0.0189,-0.0262,-0.0225,-0.0307,-0.0381,-0.0737,-0.0781,-0.0373,48.675,43.8918,43.7347,45.4041,46.0744,46.8416,44.3988,45.3678
166,166,54.01102,18.88074,9344.3,327.0,LOT283,1,9.0,46.5236,0.8298,39.3705,48.9702,142.0085,8.5043,0.0,0.7915,0.1305,0.2081,0.4842,0.6946,0.8995,0.3751,0.3868,-36.0007,-41.0931,-41.6202,14.4868,1.7566,49.0949,210.8892,2.0145,-1209.4376,2302.8501,232.1335,645.9747,2861.0362,2176.759,-456.0588,-1192.0019,20918217.8122,22735636.6434,20938709.8257,25129788.2125,20654851.2206,19868571.2123,22619176.7195,23993216.4136,608654.3992,700190.4199,187386.3174,1000446.0154,-1660901.4516,1172585.7199,247628.5174,-415765.2754,623.2487,922.0802,863.9319,755.3559,793.0648,568.6302,1037.9965,877.4356,846.8533,796.5432,750.8133,776.3902,731.4659,855.3138,807.3499,936.1925,1649.6549,1566.1265,1256.4628,1202.9124,1750.6213,1616.8718,1343.8262,1632.3527,1729.4185,1262.0102,1451.5909,1570.8658,1185.8364,1247.956,1683.6005,1351.9439,-157.9216,-209.1357,84.5846,502.5208,-153.7578,279.9371,192.1439,158.4661,-0.0659,0.0154,0.0082,0.0426,-0.0256,-0.0076,0.0792,-0.0285,44.6347,44.5814,45.5047,47.2122,47.8829,45.6794,45.2917,45.8935
167,167,54.02214,18.86817,9332.6,327.0,LOT283,1,10.0,45.5462,1.0315,38.2517,47.975,120.6989,10.1985,0.0,0.8711,0.1308,0.2922,0.3261,0.6594,0.8924,0.3525,0.4093,-34.4175,-39.692,-43.2029,17.8766,2.1954,40.6886,220.037,1.5993,1121.3542,313.8934,-802.2092,-746.0026,304.1413,505.4107,1457.9728,-756.8506,22400929.7065,19535378.3423,20868223.899,21431459.515,21698913.8,23357562.3385,19664942.9107,18315902.9653,1078669.9797,156287.5438,1563750.8328,-135399.5656,405517.0945,-546498.2226,-192470.188,211281.8003,762.86,747.7945,777.5633,659.1341,548.0139,683.1331,671.722,808.7306,785.4357,536.1202,887.0011,851.4368,741.6862,717.4733,727.1228,741.29,1402.8357,1583.6925,1337.5111,1574.6209,1272.2521,1483.9708,1212.0268,1458.5128,1306.6833,1444.051,1389.6641,1628.8971,1687.5716,1796.6064,1279.5114,1851.6392,-22.5876,-1.9801,-78.3034,-110.4926,1.2329,-129.312,68.6704,-123.9283,0.0332,0.1249,0.0277,0.0872,-0.0094,-0.0261,-0.0287,0.0331,42.8207,47.6823,46.5945,45.6008,49.4618,42.2176,44.0663,44.9322
168,168,54.03326,18.8556,9322.5,327.0,LOT283,1,9.0,48.2171,1.0336,39.325,49.8658,117.9923,9.4026,0.0,0.8143,0.1587,0.1886,0.4804,0.6475,0.8651,0.3723,0.4021,-36.3858,-37.0097,-41.3342,8.0123,1.9569,37.0703,217.4071,2.5148,1092.0502,-220.5812,5.5774,-1893.9329,1916.0988,-2304.8009,27.5564,1957.6835,23830141.9638,21272947.2665,21441617.1817,24690466.0868,20594175.1216,23940322.6637,22470956.7779,20451528.7998,-555201.3262,234651.8921,1012706.3036,-748735.4814,-304837.8337,1389387.3021,-1431895.1087,-667470.2681,805.952,755.8437,844.5879,769.3273,964.9521,876.0456,806.5955,879.3176,784.5134,874.8832,740.3352,861.6062,745.204,874.5148,786.8063,823.7195,1566.6878,1615.4295,1721.4646,1596.9197,1589.5516,1390.0334,1881.2138,1385.3013,1842.2484,1267.7468,1336.5123,1441.8095,1715.7105,1459.4704,1911.8864,1626.786,27.0325,14.7218,-7.3181,81.5713,1.3371,61.1731,-50.5093,371.1607,0.0503,-0.0286,0.0618,0.0002,0.1071,0.0138,-0.0311,0.0856,44.8256,45.2002,47.5093,46.5963,44.9439,44.4449,42.5761,46.1747
169,169,54.04438,18.84304,9314.2,327.0,LOT283,1,12.0,47.8054,0.968,40.127,50.2018,114.6194,10.2836,0.0,0.7837,0.0885,0.2218,0.2805,0.6124,0.8285,0.3336,0.4621,-39.0181,-43.469,-39.716,8.1154,2.1217,35.7767,215.5977,2.2973,-1555.3571,-389.7785,490.6485,-644.4549,-223.4477,-505.6901,1580.9805,64.4306,21780526.3832,21995170.2455,22263795.6275,21605221.1794,21029674.5099,22938559.0531,23049339.3914,21329136.4547,464116.463,163463.4117,665059.0058,193165.674,180187.2557,-757823.8256,-48555.6173,-1095242.0338,821.599,794.2711,1003.3569,819.5479,691.2893,753.2627,790.5041,796.8581,871.1095,664.8678,945.4319,773.3141,946.8383,610.7792,657.69,826.5518,1531.9362,1534.1984,1652.1583,1731.9734,1330.1034,1231.8437,1904.6332,1539.665,1551.5748,1361.1799,1779.4425,1336.2521,1514.7857,1482.8845,1490.2377,1225.7482,51.1666,30.5938,-128.3756,-108.637,-321.5213,27.8299,71.2115,158.7721,-0.0504,-0.0771,-0.0312,0.0335,0.0186,0.0154,0.0069,0.0457,46.4957,45.9894,46.6664,49.3436,49.4329,47.4581,46.5727,41.5739
170,170,54.0555,18.83047,9307.7,327.0,LOT283,1,10.0,49.9853,0.7582,41.4533,52.128,128.0753,11.9064,0.0,0.8374,0.1333,0.2099,0.329,0.6252,0.7891,0.4038,0.3751,-37.8994,-38.5202,-40.5064,12.3321,2.353,37.5656,222.6935,1.5625,-190.0922,648.4858,1640.4159,756.6227,-3180.6362,-854.1937,1124.4764,2460.2395,22358674.4038,25471930.0077,23941290.3368,22636921.0296,19981541.716,20360412.9052,22938205.0694,22670812.7814,673403.5227,271655.0886,261003.0754,-517117.9003,-313961.3862,-597205.569,-2002153.5413,-1247861.5801,636.3353,782.1038,944.8734,668.5031,691.061,807.2029,832.017,555.1192,876.2398,795.5471,751.0423,553.1069,774.1989,794.9666,705.819,859.4153,1479.7462,1557.3087,1655.2572,1231.6502,1468.7763,1716.8888,1557.7006,1713.2243,1577.5522,1214.039,1710.5793,1000.0843,1734.1496,1385.4536,1396.5123,1330.7923,-156.4073,255.6059,49.121,-192.4879,120.1524,-5.5626,113.701,-158.3753,0.073,-0.0571,0.0532,0.1052,0.0208,0.0578,-0.0767,-0.0363,45.8243,43.6215,49.2938,47.5477,43.1732,45.2599,44.0151,47.3154
171,171,54.06662,18.8179,9303.2,327.0,LOT283,1,9.0,45.3213,0.8978,37.542,46.8211,114.5409,10.186,0.0,0.7873,0.1113,0.1697,0.4272,0.6668,0.9292,0.3665,0.3934,-36.8788,-38.1008,-40.7106,5.575,1.9894,35.1093,220.6609,1.7391,2264.8574,472.6491,-1396.4764,963.1522,-1697.3081,724.0244,-2430.8208,563.0517,22362576.339,23926648.3949,20779676.8962,20645246.7679,23476300.4409,21197809.4608,22729788.1966,24574688.5618,-675567.3797,-147043.2455,211552.8265,-1366667.0392,-392389.9358,1697761.3869,-885168.7633,167700.4265,825.106,812.96,866.0953,844.7786,870.7017,832.8263,703.6767,826.1351,845.9734,638.4079,768.6095,732.7512,692.6244,654.9833,693.3105,876.4979,1497.5421,1383.4094,1361.8506,1564.1647,1701.2773,1454.7071,1337.1372,1285.8163,1597.1574,1532.883,1236.5605,1426.9807,1659.5916,1717.7091,1632.2939,1418.4258,454.1688,233.8897,-26.3551,-482.4488,69.2461,-163.8957,288.7233,-182.922,-0.0643,0.006,-0.0444,0.0124,0.0318,-0.077,-0.0246,-0.0666,47.5014,46.3266,46.2949,44.4135,44.3187,47.6011,44.6564,46.6289
172,172,54.07774,18.80533,9300.6,327.0,LOT283,1,12.0,47.4333,0.8431,39.105,49.5794,125.0354,9.0871,0.0,0.7826,0.1181,0.2113,0.4264,0.5832,0.9339,0.424,0.3617,-37.978,-38.4567,-40.5013,15.9233,2.169,36.0986,217.2105,1.5273,-1049.218,814.7643,-2531.2907,1385.8826,-510.7316,142.477,-2517.8106,-1696.238,24069076.9494,23239989.0604,18647140.8703,23272675.9609,20819482.3464,24065300.0569,23451283.2973,23725118.6302,-1567717.4928,-213121.7071,-1962499.2768,-521830.6224,-1517673.5356,771050.425,-1144743.4765,838341.5242,622.6168,714.1593,841.2785,709.1318,978.2536,908.7522,780.4952,610.2833,921.6521,811.2399,939.4538,646.4237,598.2356,602.9122,817.1729,755.6176,1306.3113,1704.7594,1666.3525,1097.7196,1648.1073,1734.6849,1371.7266,1406.5747,1201.579,1463.2104,1218.6828,1455.0075,1612.0079,1846.4613,1443.1961,1697.1322,43.1339,205.3446,-136.5059,79.5826,62.6039,-121.4367,-63.9964,-51.1876,-0.0265,-0.0224,-0.0321,0.0381,-0.0138,0.0006,0.0899,-0.0417,48.9299,42.8771,45.1176,40.6755,43.8868,46.2287,42.9618,42.6334
173,173,54.08886,18.79276,9300.0,327.0,LOT283,1,12.0,46.0339,1.0062,38.5965,48.5649,137.1195,12.7473,0.0,0.7952,0.1312,0.1156,0.3495,0.6426,0.6263,0.3783,0.3749,-38.1917,-38.3029,-44.7787,12.9924,2.1805,38.4031,218.4476,1.4092,-1586.6332,-468.7982,-2064.8295,-1151.0162,849.4867,1982.9504,-690.2214,1304.3507,20803329.3325,22636825.0868,22581993.6387,25342967.6117,21509726.9115,21856617.7548,19859745.9027,21526585.1528,-186295.1743,-1290844.6243,1426711.537,179651.9044,-568570.968,1483676.8393,-1407804.7673,794974.958,532.6856,751.7367,826.8631,728.9066,716.4816,980.2402,882.2653,771.369,792.6419,869.0748,851.5297,907.1416,700.4863,783.7064,739.1886,881.1935,1356.8977,1583.9422,1598.1233,1305.0146,1317.7361,1414.8833,1441.3148,1442.3988,1471.8423,1334.4328,1328.0741,1386.4946,1400.4451,1428.2193,1809.8541,1615.2208,-253.8543,-4.5284,-17.7983,78.5143,274.7873,-19.7643,63.5577,-40.6489,-0.0212,0.0068,-0.0043,0.0153,0.0515,-0.0455,-0.0324,0.0182,46.0326,45.9794,42.7859,43.2057,43.6219,44.8511,46.9546,47.2722
174,174,54.09998,18.7802,9301.5,327.0,LOT283,1,12.0,45.6729,0.7407,38.3331,48.1325,140.8234,9.4625,0.0,0.8418,0.1542,0.0679,0.4284,0.6044,0.8545,0.3353,0.434,-34.5289,-36.5149,-41.6005,11.6394,2.0052,43.2926,217.9299,2.0738,1478.1306,-1814.1496,1279.207,-209.984,1204.0876,-1041.213,-2368.5555,743.3,19166306.3948,19045948.6616,20857720.5634,24872983.8455,21093758.6862,21757615.0232,22182194.57,23571725.9968,934451.1448,613711.2938,445276.4261,-42255.065,801542.7405,141161.0093,2305963.8463,-576490.0555,917.8489,671.3704,849.504,778.9635,685.8662,729.3822,785.2589,856.2747,835.0822,1029.4745,696.1414,906.4225,564.9061,903.6694,927.4483,899.3332,1206.2118,1493.9538,1470.654,1595.1895,1467.1014,1634.034,1558.5549,1198.3191,1820.8371,1245.9717,1799.3728,1080.2944,1315.3534,1375.6428,1837.7425,1524.0324,-23.0575,-138.667,-174.5355,212.1907,29.6282,-29.4878,-561.9709,195.3857,0.0106,0.0204,0.0024,-0.0079,0.0689,0.0251,0.0135,-0.02,46.6536,46.1753,44.8308,46.1662,44.8483,45.1701,46.8476,47.4297
175,175,54.11111,18.76763,9304.9,327.0,LOT283,1,12.0,47.794,0.8191,38.762,48.6081,117.9868,8.4376,0.0,0.7834,0.1475,0.1684,0.3695,0.6161,0.726,0.3987,0.4234,-36.8545,-37.3749,-38.7788,14.9779,1.6654,37.3676,225.5533,2.5846,1870.7787,-4138.591,313.8155,109.8918,447.9481,-1361.4445,1205.2549,87.3733,22365031.3002,23018211.9786,19276913.0907,21476192.8722,20362705.7699,23017153.1691,23769141.6504,20436228.4994,1121509.734,1008373.4563,-901151.6793,748885.2522,527962.6612,-259947.4824,-1234386.6205,1789003.1326,777.2483,814.4135,880.5639,928.6139,1017.418,658.3097,773.9524,929.0705,714.6648,861.3037,739.3071,855.8365,859.7607,771.3242,777.2929,749.1065,1315.2545,1379.8315,1478.0312,1351.1299,1295.1031,1460.9204,1596.9866,1481.4932,1489.7561,1277.0072,1689.6636,1533.3393,1561.5139,1741.257,1640.1174,1819.0922,-79.1255,-201.1595,112.318,101.4923,114.0115,88.9027,106.5845,158.1762,-0.0247,0.0509,0.0063,-0.078,0.0682,0.0506,0.0488,-0.0274,46.9951,44.4007,41.8553,47.4062,47.8466,45.6068,45.6058,43.7598
176,176,54.12223,18.75506,9310.2,327.0,LOT283,1,11.0,48.7105,0.9704,41.9342,51.983,150.0029,12.646,0.0,0.7321,0.1248,0.1229,0.423,0.7772,0.8903,0.3973,0.379,-38.6158,-36.9496,-41.6097,2.4372,2.0075,35.8672,223.6231,2.7927,3624.1909,903.286,-1283.8436,-447.3486,-886.9078,2553.5852,-1911.6559,-1685.8984,24300034.2063,22655774.8346,22783678.2002,21762065.743,22585777.6312,19331638.3468,21714080.1643,21657484.5514,872106.2991,-1537230.507,-184206.7904,819107.8998,-1389403.3826,-258915.375,1957088.4901,284424.3027,974.4426,746.8474,911.0367,719.6587,877.4367,771.1313,798.8668,810.3092,863.6478,759.2481,641.3045,926.4316,751.7254,646.4317,747.3658,786.2968,1645.4827,1444.3716,1496.1508,1449.8895,1468.1837,1511.8086,1801.4318,1560.8865,1486.1636,1703.4026,1735.2691,1146.348,1478.4253,1244.2904,1697.0513,1670.1818,238.7101,286.8091,50.1055,-99.7616,-86.0356,-19.1281,-78.4238,187.4432,0.0119,-0.0724,-0.0725,-0.0159,-0.0114,-0.1025,-0.0211,0.1295,43.9125,43.9944,44.1836,46.2098,40.9407,46.3726,45.4706,44.1915
177,177,54.13335,18.74249,9317.5,327.0,LOT283,1,11.0,48.367,1.0905,41.0255,49.9371,131.1998,10.4698,0.0,0.8402,0.1128,0.237,0.4207,0.6814,0.8069,0.4138,0.3547,-38.0338,-39.4805,-40.4144,14.5316,1.5227,34.992,215.4026,2.6829,-1984.6784,-240.3772,755.9149,3279.0787,1637.1687,-2104.1072,3101.7222,2517.543,21151408.411,22391230.5359,21668090.5774,25067860.7636,23227074.0792,22695679.8828,19562108.6569,21378533.3581,-1205867.822,301897.3032,-971051.5553,-1304148.2768,1622696.0172,446835.4492,-591824.7733,-345202.7811,778.5798,694.4728,1046.6687,742.0857,745.2255,839.3529,834.3522,806.9918,675.6661,726.6485,765.7079,812.6362,639.4829,775.4318,814.1832,866.3075,1511.4737,1484.5992,1630.4683,1799.0494,1381.5501,1439.6417,1857.9342,1359.0357,1812.2324,1547.6299,1462.1344,1411.9941,1719.9612,1443.1865,1425.1667,1460.767,-79.8536,142.1575,-291.1673,129.9224,360.7207,199.5168,187.2622,-259.3774,-0.0602,0.0059,-0.0229,-0.0274,-0.0944,-0.02,-0.0293,-0.0656,42.4638,43.546,44.7358,45.7891,42.9291,45.9037,44.3004,45.0966
178,178,54.14447,18.72992,9326.6,327.0,LOT283,1,9.0,48.0293,1.1042,39.3642,49.2221,124.5696,11.4759,0.0,0.7959,0.1828,0.2517,0.3569,0.6946,0.7728,0.4452,0.4032,-34.5334,-42.2074,-42.1741,12.3493,1.2103,38.8333,214.0135,2.1316,1527.4654,754.3664,-2151.3058,-406.9291,-939.4546,2073.9587,782.6445,-4480.7094,21238199.1964,19954360.4553,23397403.1596,21752058.9486,22973687.3769,22522866.8164,22948191.7278,22168982.6713,1040036.7071,-245754.7333,-770893.4437,237739.4201,-1353763.9736,670601.7571,-982751.9688,-946466.5503,757.7778,752.9333,841.7476,963.0148,833.3187,655.9896,970.4017,875.5753,930.8981,789.8429,989.8682,902.0229,839.55,581.7965,827.9114,1028.1513,1584.8074,1652.0847,1741.238,1480.7719,1330.712,1463.5646,1596.8658,1559.726,1559.3009,1789.4939,1472.2615,1841.493,1666.0898,1670.9023,1767.914,1632.1984,82.9834,133.3649,277.0292,20.6012,-31.1776,35.9809,296.5777,-55.9852,0.0557,0.0532,-0.0118,-0.0112,-0.0243,-0.0316,0.0888,-0.0308,46.6556,43.9715,44.1164,38.0814,44.3496,47.4033,47.5452,45.2875
179,179,54.15559,18.71736,9337.4,327.0,LOT283,1,10.0,46.3461,0.7308,37.0739,47.5962,122.116,6.4813,0.0,0.7087,0.1423,0.1505,0.5052,0.6469,0.8486,0.3894,0.4,-37.2634,-39.9804,-42.067,16.34,2.1379,29.5407,222.0,2.5077,91.7026,-2295.099,485.4036,1261.8803,-165.371,434.7318,1286.1981,2426.5966,21770322.2333,18852692.6956,21103287.48,19226439.2721,22720163.164,24630565.9487,23878779.2079,19122285.1197,581589.7236,808990.7126,1304610.9224,-2026197.8109,-170560.3424,138831.2878,-338070.2961,173837.2102,685.0131,781.1143,678.2927,760.029,661.3065,732.1697,781.1767,886.6903,635.4528,742.3853,770.9943,816.1407,735.4107,806.268,707.6722,744.1435,1511.0374,1560.6932,1579.3426,1299.5287,1586.5863,1397.3598,1387.3898,1367.7247,1910.1494,1796.0389,1547.4693,1845.2115,1351.7135,1404.0008,1214.1697,1480.8393,88.3948,51.7683,-88.816,327.2986,-25.4653,144.2115,-77.8655,14.2492,-0.013,-0.0369,0.0022,-0.0285,0.0362,-0.038,0.0006,-0.0721,45.7399,42.547,41.7676,45.5133,46.3015,42.4682,42.3328,43.8309
180,180,54.16671,18.70479,9349.8,327.0,LOT283,1,12.0,48.9382,1.4459,41.9369,51.5239,117.4722,9.9931,0.0,0.7568,0.1222,0.2291,0.2909,0.6702,0.6929,0.4265,0.3723,-37.5453,-40.0351,-39.4005,18.2437,1.4733,34.3195,220.9355,1.9995,256.3747,-317.7622,-2033.3585,-287.4631,-642.1212,490.7153,-82.9911,462.4818,20676305.645,22174914.7977,22233754.3842,20868914.6449,20775786.6264,21878060.3035,23428143.5158,21841559.4348,2693535.6691,580919.3198,-1304777.6716,-1099293.3403,800979.4762,832646.1575,1118027.3256,-659757.5331,595.0649,840.9248,738.5385,882.8236,649.8631,651.5395,930.2099,818.9788,731.9601,827.5584,702.0573,887.9065,621.0933,661.8377,800.6915,817.9163,1669.7259,1497.7091,1495.9742,1653.8281,1635.7936,1573.3345,1511.1997,1402.0127,1768.4342,1635.0802,1515.5641,1341.9427,1843.5987,1408.9286,1473.818,1396.612,-116.4832,31.8958,-117.3712,-44.7868,-150.6672,83.7533,-119.968,17.4692,-0.0989,0.077,0.0838,-0.0158,0.0042,0.0156,-0.0085,-0.0308,41.7986,43.949,41.8959,40.498,44.0761,45.9683,42.4005,44.2983
181,181,54.17783,18.69222,9363.7,327.0,LOT283,1,10.0,45.6262,1.2804,37.2286,48.9823,105.8838,7.812,0.0,0.7993,0.13,0.1926,0.3191,0.6955,0.8201,0.4329,0.4104,-35.2949,-37.1439,-41.9381,15.3106,2.4318,40.3064,218.6944,1.0034,2329.6693,-753.6011,661.5649,23.8715,-323.4382,755.424,-313.2983,-1107.4439,23053164.6429,22980629.7606,23926643.5121,23127646.0304,20454111.1673,20841731.5918,23954385.2447,18936524.6253,-351097.7607,51134.1671,-160056.034,451015.5243,994822.7142,-622953.3477,-877881.3155,-53497.7885,848.2216,731.6137,696.3985,902.74,941.5706,935.4689,867.9835,755.6673,948.592,797.9657,787.2006,833.2189,818.5095,748.7926,855.6405,726.1062,1263.3771,1580.0528,1345.4849,1499.4578,1529.1704,1715.7921,1339.7578,1648.8788,1636.5789,1442.9354,1761.8589,1583.3463,1470.6199,1159.5588,1561.6671,1630.3312,221.9586,-218.5718,127.5947,49.4278,127.388,-74.0887,188.599,190.3795,0.0151,-0.0087,0.0227,-0.0775,0.0401,0.0724,-0.0386,-0.0153,45.8336,45.0872,47.1518,45.0586,44.4868,43.9885,47.2751,46.8705
182,182,54.18895,18.67965,9379.0,327.0,LOT283,1,12.0,50.4428,0.832,42.4736,53.5776,130.7004,9.6947,0.0,0.7456,0.1192,0.2052,0.3624,0.5784,0.8145,0.3699,0.3963,-37.2898,-40.036,-42.0488,15.4951,2.5516,42.8642,224.1403,1.6416,-1286.0023,-846.1577,332.7261,1110.5167,693.1273,-1310.5216,-3334.0203,-458.3409,23797782.0433,19172634.1811,21540904.9701,21128761.547,21128079.7301,19878758.4543,19533492.4727,21106011.2212,-1233405.3152,-663225.7753,-590400.8416,-1980345.6896,312516.9308,992654.8401,291305.4596,-1391414.6607,713.8212,668.4418,730.4631,671.9342,656.9359,753.2201,872.1269,814.2448,656.3589,852.9189,906.4783,791.7517,1018.5578,672.6649,951.4538,893.0869,1478.0354,1717.8494,1551.6013,1672.8561,1496.8928,1516.6462,1036.9421,1646.6707,1514.1325,1618.6962,1597.2151,1494.5338,1310.295,1491.1831,1569.2997,1448.3765,125.0526,-542.337,218.4157,249.101,-85.87,-324.2156,178.676,-116.5115,-0.0603,-0.0534,-0.0148,-0.0595,-0.0521,-0.0923,-0.0172,0.0857,46.0461,43.0919,44.2167,43.4911,41.8649,44.7014,50.5027,41.6787
183,183,54.20007,18.66709,9395.5,327.0,LOT283,1,9.0,49.009,1.1051,40.8569,50.5935,134.305,10.3051,0.0,0.8111,0.0864,0.1482,0.4262,0.6959,0.7447,0.4299,0.4432,-35.8729,-38.6283,-39.7191,14.6278,2.4217,30.3232,222.7522,1.9205,1009.5794,1639.4356,700.4515,1671.0251,-853.2394,-362.5715,-789.7262,-103.3975,23169945.905,18914050.6442,21039024.4416,21503283.2374,22221695.7283,20579762.1656,25172581.056,20432303.4899,-1080776.9897,146781.8383,-971653.2529,1034748.4013,-286066.9011,-989313.3274,-1692390.9692,-928835.06,826.6103,807.6899,938.9494,821.871,825.99,809.6163,667.6809,897.7109,714.3801,795.2706,982.0407,807.4924,755.8377,831.1694,868.2798,892.5199,1498.8293,1414.4848,1222.5926,1518.8904,1700.1477,1498.978,1310.2509,1422.2855,1354.5126,1800.1147,1077.6107,1592.4472,1967.4642,1261.672,1881.5662,1789.5625,-233.1555,-3.1446,-252.2217,416.392,261.2001,-52.1213,-263.46,277.2437,-0.0102,0.0018,-0.0014,-0.0726,0.0895,-0.0072,-0.0285,-0.0268,41.9552,42.8363,46.3341,44.1242,44.2476,43.7516,46.6202,48.6152
184,184,54.21119,18.65452,9413.1,327.0,LOT283,1,11.0,45.8979,0.9792,39.7639,49.7558,122.0043,9.8418,0.0,0.8713,0.1143,0.1885,0.4625,0.7416,0.747,0.4339,0.3507,-36.0031,-40.9673,-43.0141,26.7492,2.594,35.2596,219.1193,2.0534,-1018.9467,-443.5895,1951.4115,3231.6202,-1233.2522,-1043.1644,-188.9979,106.4912,22661496.8268,19219024.0017,21997150.9507,19482361.0773,21889062.2769,21263413.7027,22490531.6125,22141805.9792,-138511.1149,-688903.3316,82246.4224,920768.2739,-1467899.9254,1569570.2457,-110131.4831,1783219.8542,904.4782,869.0381,762.4109,746.1061,745.4395,864.2259,912.3002,750.9804,768.8702,532.5836,835.7079,800.5367,675.5368,717.1372,877.6537,733.9858,1520.3859,1419.3896,1556.9375,1522.1067,1418.6511,1495.0663,1376.2865,1516.952,1402.9335,1546.9968,1547.8229,1453.2803,1073.2859,1487.3678,1589.5353,1497.5096,64.6679,407.3755,100.6824,187.3035,-5.2407,383.0727,-59.3969,-45.3104,0.0179,0.071,-0.1052,0.0712,0.075,0.0215,0.1111,-0.014,44.0431,47.9205,41.6605,43.0273,43.0147,43.0769,46.8902,47.8535
185,185,54.22231,18.64195,9431.5,327.0,LOT283,1,11.0,46.5176,1.3911,39.1079,49.9059,142.3667,10.624,0.0,0.803,0.1491,0.1641,0.4633,0.5199,0.77,0.4043,0.3844,-38.0838,-39.319,-40.4269,28.1308,1.7496,36.4634,219.8746,2.578,2659.3528,318.2453,236.7009,963.2063,463.791,262.0098,1332.0447,752.5006,23999099.807,21960203.6416,22070538.0882,20058582.3015,19655368.237,24729389.7035,24950545.3666,23436556.4626,-954852.1741,1295391.6084,-570293.8723,276813.3039,2155017.8767,-71545.7397,-398651.1997,1434448.7745,767.334,941.5504,712.0764,845.5324,763.1127,963.3113,704.8549,795.2757,866.294,706.0081,862.3609,772.2327,665.4788,720.4478,922.4441,717.6288,1471.2455,1606.0199,1563.0773,1446.41,1771.1642,1629.654,1339.7939,1361.3357,1560.0991,1199.6401,1348.0462,1677.7312,1603.2896,1578.8071,1404.7004,1597.7129,-126.2152,27.0848,-157.7167,-180.9301,-85.7285,-169.3977,232.0919,-326.0934,0.0174,0.0446,0.0034,-0.0212,0.0574,0.0509,-0.0263,0.0721,44.3547,45.6278,45.3821,42.878,42.582,44.3807,45.6989,46.2437
186,186,54.23343,18.62938,9450.6,327.0,LOT283,1,10.0,49.4391,1.038,40.084,51.1825,120.8611,12.4742,0.0,0.7916,0.1004,0.1815,0.3417,0.7002,0.7583,0.3759,0.4079,-34.5579,-40.0054,-37.8012,10.1988,1.8029,38.1866,217.3583,1.9233,-393.9768,1432.6466,297.9541,-977.7737,328.1797,1524.9611,1552.1082,976.3756,23235512.4525,23389409.63,20572134.6469,20212121.6041,23378902.4564,22633356.8815,21784357.9595,22075772.4728,505009.1475,-864814.9336,579581.7521,356944.4598,575526.174,1563285.3686,383707.2645,19748.4884,819.9614,719.2578,936.5094,815.5338,746.0636,733.4848,665.4001,810.8767,746.5624,871.6738,691.448,747.9454,842.3263,673.7947,599.9477,806.1438,1386.8399,1604.8002,1379.2311,1521.0684,1602.7124,1297.3035,1637.9921,1494.0384,1594.4041,1579.7243,1303.4676,1628.2084,1566.34,1490.1676,1186.6185,1518.9508,-14.2298,88.9279,-128.9596,342.7022,-195.1677,-208.0206,-94.3087,-95.958,0.0224,0.0095,0.0017,-0.0701,-0.0588,0.0488,0.0639,0.0076,45.0944,49.2753,46.9965,45.9271,45.3738,42.5972,43.8066,43.9984
187,187,54.24455,18.61681,9470.2,327.0,LOT283,1,9.0,46.8768,1.0028,40.3632,50.2778,117.3069,10.0138,0.0,0.7396,0.1537,0.1086,0.4056,0.7059,0.8116,0.3483,0.4325,-38.5887,-40.3995,-41.4083,19.9608,2.5847,32.4686,221.2502,1.9323,-727.7319,-1534.5392,-1322.7405,562.3339,-1629.641,889.103,198.6554,2340.5978,18915997.0791,20134010.1938,22407654.4559,20315085.1256,21217014.1939,22768867.0266,24515736.3758,21083615.0873,1490925.6006,112314.8243,-1289907.4072,252273.7989,-858776.7485,-1084704.9792,634519.5842,-1453322.1128,945.6769,914.8857,719.0733,882.129,744.9617,675.9127,835.1203,699.1707,664.3498,694.0301,704.2439,768.9126,746.8255,978.4049,917.7,681.0095,1321.8362,1479.6273,1543.4748,1579.2816,1610.7628,1721.3051,1450.781,1831.4726,1476.0159,1612.716,1397.9742,1746.4349,1395.6988,1213.609,1133.0182,1156.6867,-45.2506,-231.2645,131.9101,-65.9694,-15.3378,136.2903,-9.5906,321.6893,0.0767,-0.0223,0.0866,-0.0185,0.0184,0.0317,-0.0673,-0.0508,48.3599,43.7815,46.0702,43.7271,46.0644,47.7251,43.7733,43.0259
188,188,54.25567,18.60425,9490.1,327.0,LOT283,1,10.0,50.5947,0.9108,41.8149,52.3386,113.5477,8.5525,0.0,0.7584,0.1215,0.2085,0.3432,0.5955,0.7477,0.4175,0.3564,-37.4302,-36.4562,-41.3373,13.7199,2.9282,35.9594,222.222,1.1761,892.0804,-125.4037,3783.8435,823.3656,506.2029,-2427.1296,531.2453,1630.9973,23286529.0052,22955786.0008,23627356.6148,21268470.0567,21671159.6004,22172407.9622,20832466.2027,20645237.2962,-652500.4007,-475588.1683,1008174.2161,58236.7458,118382.3082,1499866.9249,-521921.0332,209439.6163,829.4387,728.3626,688.2378,786.6059,794.3668,685.93,731.4026,694.7711,808.6554,817.7023,694.3793,863.7656,925.1068,795.0543,820.8627,793.5963,1352.3041,1569.8648,1576.9364,1526.8045,1628.2256,1646.8792,1484.4311,1450.0238,1116.6593,1479.0591,1496.8424,1314.1351,1205.4672,1587.6232,1363.7385,1407.3075,61.8942,107.1843,-230.723,174.8251,191.8577,-60.5695,168.7274,-248.9275,0.1299,0.0133,-0.0897,0.001,0.0537,0.0226,-0.0141,0.0249,46.7232,42.578,44.6174,43.6142,49.7844,43.7805,48.7534,43.535
189,189,54.26679,18.59168,9510.1,327.0,LOT283,1,9.0,49.1372,0.9836,41.1054,50.2509,103.8387,9.9332,0.0,0.8037,0.1348,0.1233,0.4444,0.7214,0.7519,0.4458,0.4031,-36.6065,-37.2795,-43.5874,21.872,1.6538,41.3966,224.0761,3.1181,88.2524,1385.8456,766.7314,-1396.6843,2728.41,3189.2639,-545.6726,1862.3085,20998251.0516,22478288.8173,21972362.5353,21503607.111,20646787.2924,22014799.4374,23649257.7521,20085237.3283,-236903.347,2450654.19,-305575.5525,-819288.7609,-126085.435,217157.6405,259993.7735,-1806698.2943,856.773,996.6295,966.4138,808.6785,843.158,743.465,922.1973,870.4681,979.4346,785.4333,877.5025,837.6182,864.6573,956.2149,495.1546,867.7218,1338.8115,1451.235,1691.8689,1546.2327,1595.3539,1290.2246,1462.4172,1487.7154,1473.8903,1730.1363,1307.4853,1080.1415,1359.2148,1308.2952,1667.9256,1538.6006,108.6474,124.2248,-94.3401,352.2176,-216.2662,-233.473,44.4269,-62.7643,0.0269,-0.0009,0.032,0.0141,-0.0349,0.0582,-0.0548,-0.0407,46.2016,47.9078,47.6343,46.9172,43.8055,46.2903,46.2784,47.7206
190,190,54.27791,18.57911,9530.0,327.0,LOT283,1,9.0,53.0632,0.9714,45.0034,54.2394,97.0778,12.2984,0.0,0.8345,0.1647,0.2099,0.4517,0.5951,0.6977,0.3949,0.3786,-35.0809,-39.3995,-44.7562,19.0009,1.8744,42.7558,222.7541,1.9439,801.5876,-194.8547,-3717.529,-1091.262,1095.7472,1159.5976,-867.2948,-1065.6093,23328060.1457,21175430.5373,21251024.7493,23982867.2873,20252412.8857,23479352.2473,22036879.7808,19556645.5569,139554.1363,1171636.9842,-1075473.845,-797677.3782,-781761.0114,-1050565.9822,74916.1334,1021330.0154,765.5688,777.7401,697.2257,719.1338,787.3987,898.4484,865.9979,580.6732,862.0244,617.0919,916.8861,873.6784,874.747,742.7142,894.8497,775.5033,1717.8979,1591.2099,1647.1392,1587.681,1515.4344,1496.1014,1526.4127,1489.6017,1828.7109,1505.1129,1228.6827,1186.0988,1675.9655,1488.7132,1269.6919,1373.6034,157.7278,364.8687,-244.4065,-306.7043,19.2069,-134.9258,36.2659,-303.5023,-0.016,-0.0294,0.0131,0.0559,0.0895,0.0092,-0.133,0.0298,45.335,47.6711,46.7515,44.8633,43.272,45.3812,42.599,43.7229
191,191,54.28904,18.56654,9549.6,327.0,LOT283,1,11.0,48.9134,0.8554,41.6328,50.0801,115.0833,10.9865,0.0,0.7578,0.1143,0.1846,0.4414,0.6286,0.7502,0.3983,0.3751,-38.0709,-37.3558,-43.6544,14.7399,1.5528,34.9807,222.2552,1.817,873.3987,1321.1536,143.675,285.1263,2481.9536,1676.0727,1223.5592,-2341.1446,20986631.3881,23688729.0975,20358968.5691,22450326.7635,19424676.4758,24406903.8291,21688448.656,22821084.6964,62882.4602,40770.6822,-148414.4895,288914.4505,482156.6726,-347933.6716,136209.5363,696287.1694,801.3581,840.6541,912.2723,884.7242,791.0786,649.8355,675.5746,976.887,904.5654,840.7424,688.8386,813.1576,860.6202,876.5165,862.4396,789.1916,1410.8443,1703.0544,1629.9003,1607.6837,1585.0924,1469.4064,1344.8019,1377.173,1586.4714,1380.9216,1432.2939,1355.0416,1166.3355,1514.1839,1544.4249,1534.6233,163.5968,63.0403,122.3348,5.8094,58.8969,-96.5437,64.2859,-52.2675,-0.0465,0.1023,0.0455,0.0665,0.0482,0.0169,0.0239,-0.065,41.8536,48.2661,43.8237,41.957,46.8069,44.1247,44.9027,45.3665
192,192,54.30016,18.55397,9568.7,327.0,LOT283,1,12.0,47.7862,0.5837,39.8848,48.9195,118.9066,11.794,0.0,0.8155,0.107,0.287,0.4616,0.6372,0.6549,0.3706,0.4623,-37.7086,-41.509,-40.3339,19.1796,1.4873,37.5657,215.4564,2.0561,-3075.6327,345.5743,-126.678,49.1521,-558.5027,870.2649,-148.5437,1657.3523,22845130.3671,20928106.5104,21604263.534,20247208.5695,20149496.1852,18943382.5177,21651706.7846,22844270.3939,388344.801,-291092.5649,-631989.7533,-1148506.3115,444457.1404,1692800.1371,-40921.7984,-226692.2855,742.9855,647.3776,925.9931,731.791,766.6759,840.3238,828.0955,681.247,839.1951,864.3498,571.0157,922.5672,792.9985,698.257,891.3608,801.9613,1497.5032,1525.4608,1678.6986,1758.7915,1417.4154,1497.2324,1353.933,1597.112,1367.9281,1715.1064,1242.9062,1647.7692,1556.0106,1427.7586,1709.238,1365.6239,333.2529,-229.1132,42.01,-266.8753,-9.721,-173.804,172.578,466.6254,-0.0715,0.0503,0.104,0.0484,-0.1154,0.0449,0.1239,0.0394,49.0878,42.3998,43.6574,45.7298,43.2805,46.1255,43.1691,45.0623
193,193,54.31128,18.54141,9587.1,327.0,LOT283,1,9.0,48.3143,1.094,39.6655,50.4013,122.5455,11.4159,0.0,0.7582,0.1175,0.2905,0.4204,0.6196,0.8045,0.3897,0.4026,-39.354,-39.3758,-45.1938,10.5524,2.4979,37.2489,222.8453,1.7714,207.4191,1318.4941,2860.3236,-1876.4249,-2138.4403,-530.2081,1894.8375,1308.2669,24276520.3401,22016460.8836,23112542.0121,20905968.6538,22985581.6993,22263371.7095,22079903.9875,20061975.4731,-335690.5528,1500988.0162,-156882.4374,-856416.3736,-70406.7456,-1515831.4355,-152228.6148,-1402168.113,768.7702,739.6604,816.0438,831.6935,752.8091,796.0929,706.213,729.76,864.3348,790.4713,660.7046,874.6983,753.6858,795.6415,732.4765,795.4941,1437.7943,1518.4963,1742.048,1260.0098,1487.4954,1410.9495,1373.1661,1207.773,1508.9447,1479.8433,1389.3175,1711.4028,1376.5448,1489.4246,1334.9705,1329.1722,145.9889,153.3032,-107.6867,-230.1977,-110.5876,-29.1032,322.7681,-323.2024,0.0801,-0.0239,-0.1,0.0279,0.019,0.0164,-0.013,-0.011,44.2818,47.7998,45.8199,44.2707,44.8513,44.6171,43.194,45.5325
194,194,54.3224,18.52884,9604.6,327.0,LOT283,1,12.0,48.2956,0.7785,40.2189,50.7662,102.979,11.2891,0.0,0.7657,0.0986,0.2973,0.3276,0.6463,0.7275,0.4084,0.3977,-33.4661,-39.2734,-42.1821,11.2538,2.2637,40.3402,220.1238,2.003,-3765.838,-1635.2828,-418.1927,-1612.4386,-593.8819,1793.7333,-1159.3834,-1011.5947,19499101.8078,21922014.9365,21653948.703,21818455.915,21968545.4948,21003948.9007,19345995.5539,20860528.1771,844805.9214,437049.4326,753088.2606,400208.0679,-330039.8955,277503.2877,-1214265.8136,-1521663.068,965.7844,758.818,841.5708,816.4996,892.5154,751.4273,768.5501,902.6618,894.3964,573.7666,776.8388,860.0007,811.7145,719.619,549.565,922.3257,1643.7118,1664.0166,1382.2749,1516.3838,1279.9665,1513.5664,1495.706,1715.6145,1714.65,1235.5983,1461.8288,1597.3148,1148.8037,1867.1902,1229.8311,1649.2616,552.675,-231.6107,176.7208,18.9885,512.9557,170.4702,-163.1297,-210.1035,-0.0344,0.0994,0.0275,0.0254,0.074,0.0013,-0.0044,0.1464,43.3107,47.0169,45.5185,42.9595,44.5071,42.7347,46.7827,43.8233
195,195,54.33352,18.51627,9621.1,327.0,LOT283,1,12.0,48.4516,0.9244,38.8453,50.6714,125.3845,10.785,0.0,0.8157,0.128,0.2074,0.4488,0.6324,0.7502,0.3938,0.4239,-40.8206,-39.8445,-41.5576,14.1975,2.1228,41.4419,219.736,1.3484,411.7844,1391.3945,3565.2184,-153.9801,171.8482,2340.7805,4265.4886,297.88,20348504.9003,20867989.2587,19953246.2815,24068546.2343,23186973.6614,22571835.7706,21360227.5706,23297694.6045,905366.1986,463471.8458,990244.072,1414470.0075,-398207.6738,-451095.9989,1290815.9468,-68681.551,858.3621,823.5049,716.5915,705.7873,863.6539,621.3733,763.9396,835.8219,789.1478,864.825,796.9666,692.8143,740.8722,862.8152,971.113,506.1409,1547.2429,1537.2228,1486.5874,1346.9598,1657.769,1348.6859,1473.4615,1537.7945,1045.2857,1456.1027,1908.1077,1230.6996,1796.9829,1673.9769,1749.6598,1662.3539,371.9122,38.1976,29.3619,-134.8368,132.0751,-18.6999,21.4106,137.2324,0.1011,0.0683,0.0121,0.0696,-0.0122,0.0578,0.0689,0.0368,46.3905,47.2839,46.2566,43.3978,44.65,42.3761,45.2481,45.1954
196,196,54.34464,18.5037,9636.4,327.0,LOT283,1,10.0,47.4918,0.9693,40.8841,50.0092,103.8083,8.6124,0.0,0.7595,0.1435,0.1926,0.4281,0.6624,0.7317,0.4226,0.4579,-34.5593,-37.4873,-43.1105,10.5065,2.3926,36.1721,221.7084,1.6,-421.0589,-311.4341,-535.5335,1559.9511,1067.2524,450.439,169.096,-1361.4212,23177064.5966,21340173.456,22499529.0208,20947450.7901,23854448.8881,22454367.2971,21946008.0409,23007509.6354,-449824.6848,-274134.5868,190190.7096,-434751.4256,953017.6851,884400.239,232041.265,928281.4062,815.5875,942.8945,815.0214,1018.2841,711.9675,685.7936,653.1906,853.9297,745.9541,781.7402,823.2644,827.2597,757.8127,785.5543,772.864,763.1276,1497.1606,1779.4469,1546.8371,1689.6795,1551.4329,1414.8371,1480.5141,1508.5522,1350.5631,1571.7032,1713.0199,1433.7482,1644.6064,1734.3788,1675.3303,1372.9114,220.7488,-25.1997,-27.5994,-163.0535,49.2977,-77.5612,75.6979,67.822,0.0149,-0.0168,0.0119,-0.0274,0.0321,0.0142,-0.0404,0.0465,48.6521,43.3784,45.0121,45.7936,45.2862,46.6855,42.8628,47.2501
197,197,54.35576,18.49114,9650.3,327.0,LOT283,1,10.0,45.2097,0.9441,37.0473,47.5522,108.9694,9.4946,0.0,0.6314,0.1393,0.1421,0.4585,0.6048,0.7868,0.4222,0.4199,-35.0947,-36.228,-41.3739,19.7354,1.1563,38.2043,220.5437,2.5992,-896.704,3264.981,-8.6802,1844.2574,1542.7919,-3112.4446,1632.7195,-2769.6429,21681370.7755,22341779.1273,27264474.9777,22766977.6547,21895901.6775,18776001.7231,21803912.9911,21384565.0868,1131749.525,417837.442,1120944.7526,-79938.0656,-763025.4673,-221081.3322,-805354.1345,-66912.2878,806.0431,650.2362,706.5531,730.3249,725.0498,747.0141,783.8999,867.7118,714.4524,677.6079,963.3217,861.2104,905.3899,783.5845,802.609,849.6113,1455.2821,1357.5319,1581.1972,1506.2069,1677.0697,1531.5899,1496.5229,1328.9777,1891.7952,1751.7978,1280.7049,1539.9145,1676.3465,1765.5965,1388.5125,1690.399,-125.8857,-53.4479,122.0345,124.2967,-347.8275,223.7789,-210.4438,22.8935,-0.0045,0.0426,0.0075,0.0448,0.065,-0.0146,-0.0163,0.088,46.1529,45.4734,46.8504,46.0525,46.3618,44.6019,45.4753,47.9191
198,198,54.36688,18.47857,9662.7,327.0,LOT283,1,9.0,50.5903,0.7863,42.6264,52.4309,93.6262,11.1236,0.0,0.721,0.1108,0.1877,0.3557,0.6131,0.7282,0.3878,0.3396,-39.3119,-39.998,-41.4286,13.9119,1.9567,25.5078,216.203,2.2738,-1440.6137,-644.6313,-163.6603,-738.4083,-55.178,724.7325,1124.5508,-2474.1405,21261369.1355,22161067.7985,18864771.5448,21794573.6543,22218140.8551,21674229.2527,24940863.3129,21995481.1357,-3862827.07,332403.814,342095.2833,-800106.3696,800624.9983,950290.7021,-1214825.1679,789049.6388,775.9053,907.157,877.3175,701.066,772.9766,879.9936,863.3517,731.4419,880.0056,914.5092,631.3067,788.7288,751.3073,928.6904,955.2326,714.2452,1605.4651,1698.7882,1745.9813,1486.0049,1353.4289,1458.9453,1462.5763,1435.8628,1460.0293,1598.2877,1515.7929,1292.2584,1623.9968,1569.9986,1651.997,1604.8866,439.719,-256.2028,54.8966,-102.8048,-256.2672,-206.8164,-180.1164,-18.5107,-0.0497,0.0819,-0.0125,-0.0319,0.0926,0.0266,0.0041,-0.0444,43.2605,43.0535,43.3609,45.2888,44.811,46.0947,45.1171,44.7846
199,199,54.378,18.466,9673.5,327.0,LOT283,1,11.0,48.9436,0.9551,41.1594,50.5052,99.7046,8.626,0.0,0.8102,0.1326,0.1676,0.3911,0.697,0.9302,0.3715,0.3939,-37.4099,-40.1787,-42.5342,14.8163,2.2029,34.5331,221.6351,2.5126,1627.1975,-3613.2327,1443.6071,1872.4465,2003.8713,2570.1553,-2034.3334,1875.2054,21564099.268,20806942.5642,21583699.2504,22715357.2239,21879654.135,22011145.06,20558881.427,22882520.9669,-293109.2322,-488725.6236,-506963.6371,-1666235.4454,-1329881.3756,-250624.9766,-1279540.0938,-823112.57,682.4554,586.2419,797.5981,802.4653,928.6818,886.3624,739.2162,743.8201,828.0011,882.9301,823.479,756.3689,919.5251,860.0689,851.6377,806.8329,1331.2093,1354.6791,1340.7654,1441.622,1417.3391,1607.5688,1697.4036,1433.9694,1421.1056,1635.8379,1481.3395,1351.4929,1829.5008,1368.6785,1540.1225,1408.7073,409.1393,-438.8047,-48.7335,235.2436,47.3756,15.8723,-140.0005,-117.3744,0.0414,0.0257,-0.0431,0.0075,0.0078,-0.1124,0.0318,0.0548,44.8942,45.876,43.3187,40.4338,44.8803,47.3091,41.2915,44.1301
